split,reason,image_path,label,source,file,FileName
feeding/test1,same_session,data/images/bimby2024/68Dxllirdq.jpg,F,bimby_collection,,68Dxllirdq.jpg
feeding/test1,same_session,data/images/bimby2024/esR4jtAvxb.jpg,F,bimby_collection,,esR4jtAvxb.jpg
feeding/test1,same_session,data/images/bimby2024/hm7H0EPpUq.jpg,F,bimby_collection,,hm7H0EPpUq.jpg
feeding/test1,same_session,data/images/bimby2024/NALL3X6ZZE.jpg,F,bimby_collection,,NALL3X6ZZE.jpg
feeding/test1,missing_image,data/images/bimby2024/nqXJhBLhUv.jpg.jpeg,NF,inat_2024,,nqXJhBLhUv.jpg.jpeg
feeding/test1,missing_image,data/images/bimby2024/4bKi1WNVxq.jpg,F,bimby_collection,,4bKi1WNVxq.jpg
feeding/test1,missing_image,data/images/bimby2024/BimbyNewImageUrls.csv,F,bimby_collection,,BimbyNewImageUrls.csv
feeding/test1,in_dev_pool,data/images/bimby2024/03o2Vm6k49.jpg,F,bimby_collection,,03o2Vm6k49.jpg
feeding/test1,in_dev_pool,data/images/bimby2024/06wUxwgKEH.jpg,F,bimby_collection,,06wUxwgKEH.jpg
feeding/test1,in_dev_pool,data/images/bimby2024/0A5g9CDtGA.jpg,F,bimby_collection,,0A5g9CDtGA.jpg
feeding/test1,in_dev_pool,data/images/bimby2024/0BI0IGWhHd.jpg,F,bimby_collection,,0BI0IGWhHd.jpg
feeding/test1,in_dev_pool,data/images/bimby2024/0bvLxG55x5.jpg,F,bimby_collection,,0bvLxG55x5.jpg
feeding/test1,in_dev_pool,data/images/bimby2024/0DeCUTS4oE.jpg,F,bimby_collection,,0DeCUTS4oE.jpg
feeding/test1,in_dev_pool,data/images/bimby2024/0DrP0jAArJ.jpg,F,bimby_collection,,0DrP0jAArJ.jpg
feeding/test1,in_dev_pool,data/images/bimby2024/0G7WFATUO3.jpg,F,bimby_collection,,0G7WFATUO3.jpg
feeding/test1,in_dev_pool,data/images/bimby2024/0goyvvcfD9.jpg,F,bimby_collection,,0goyvvcfD9.jpg
feeding/test1,in_dev_pool,data/images/bimby2024/0HmTkV3BmG.jpg,F,bimby_collection,,0HmTkV3BmG.jpg
feeding/test1,in_dev_pool,data/images/bimby2024/0in8NTPAxv.jpg,F,bimby_collection,,0in8NTPAxv.jpg
feeding/test1,in_dev_pool,data/images/bimby2024/0LzqFwM3vI.jpg,F,bimby_collection,,0LzqFwM3vI.jpg
feeding/test1,in_dev_pool,data/images/bimby2024/0MljARXQpc.jpg,F,bimby_collection,,0MljARXQpc.jpg
feeding/test1,in_dev_pool,data/images/bimby2024/0ngOJNQn2E.jpg,F,bimby_collection,,0ngOJNQn2E.jpg
feeding/test1,in_dev_pool,data/images/bimby2024/0NHgwugR2R.jpg,F,bimby_collection,,0NHgwugR2R.jpg
feeding/test1,in_dev_pool,data/images/bimby2024/0NuFKC9h22.jpg,F,bimby_collection,,0NuFKC9h22.jpg
feeding/test1,in_dev_pool,data/images/bimby2024/0NxfemUwKB.jpg,F,bimby_collection,,0NxfemUwKB.jpg
feeding/test1,in_dev_pool,data/images/bimby2024/0osoyc0SX5.jpg,F,bimby_collection,,0osoyc0SX5.jpg
feeding/test1,in_dev_pool,data/images/bimby2024/0OyeXFUAPE.jpg,F,bimby_collection,,0OyeXFUAPE.jpg
feeding/test1,in_dev_pool,data/images/bimby2024/0QAF6AZyzh.jpg,F,bimby_collection,,0QAF6AZyzh.jpg
feeding/test1,in_dev_pool,data/images/bimby2024/0R8ciOr30d.jpg,F,bimby_collection,,0R8ciOr30d.jpg
feeding/test1,in_dev_pool,data/images/bimby2024/0RurbEWhrP.jpg,F,bimby_collection,,0RurbEWhrP.jpg
feeding/test1,in_dev_pool,data/images/bimby2024/0SESl9BJ8b.jpg,F,bimby_collection,,0SESl9BJ8b.jpg
feeding/test1,in_dev_pool,data/images/bimby2024/0SkffDvNf1.jpg,F,bimby_collection,,0SkffDvNf1.jpg
feeding/test1,in_dev_pool,data/images/bimby2024/0T8AEufjUy.jpg,F,bimby_collection,,0T8AEufjUy.jpg
feeding/test1,in_dev_pool,data/images/bimby2024/0tabQbY7G9.jpg,F,bimby_collection,,0tabQbY7G9.jpg
feeding/test1,in_dev_pool,data/images/bimby2024/0Ts1yJfZjt.jpg,F,bimby_collection,,0Ts1yJfZjt.jpg
feeding/test1,in_dev_pool,data/images/bimby2024/0UpMsCpPp5.jpg,F,bimby_collection,,0UpMsCpPp5.jpg
feeding/test1,in_dev_pool,data/images/bimby2024/0Z76WMK5zV.jpg,F,bimby_collection,,0Z76WMK5zV.jpg
feeding/test1,in_dev_pool,data/images/bimby2024/0zL6IiOlA3.jpg,F,bimby_collection,,0zL6IiOlA3.jpg
feeding/test1,in_dev_pool,data/images/bimby2024/10zYfpQlmv.jpg,F,bimby_collection,,10zYfpQlmv.jpg
feeding/test1,in_dev_pool,data/images/bimby2024/16K1SArWlj.jpg,F,bimby_collection,,16K1SArWlj.jpg
feeding/test1,in_dev_pool,data/images/bimby2024/17gzpsqHD6.jpg,F,bimby_collection,,17gzpsqHD6.jpg
feeding/test1,in_dev_pool,data/images/bimby2024/1bsKaCNUJU.jpg,F,bimby_collection,,1bsKaCNUJU.jpg
feeding/test1,in_dev_pool,data/images/bimby2024/1cOgzgU0gG.jpg,F,bimby_collection,,1cOgzgU0gG.jpg
feeding/test1,in_dev_pool,data/images/bimby2024/1d2Eh13RmH.jpg,F,bimby_collection,,1d2Eh13RmH.jpg
feeding/test1,in_dev_pool,data/images/bimby2024/1dNkTla4ha.jpg,F,bimby_collection,,1dNkTla4ha.jpg
feeding/test1,in_dev_pool,data/images/bimby2024/1ebyIDlcYM.jpg,F,bimby_collection,,1ebyIDlcYM.jpg
feeding/test1,in_dev_pool,data/images/bimby2024/1gGuvIrVsK.jpg,F,bimby_collection,,1gGuvIrVsK.jpg
feeding/test1,in_dev_pool,data/images/bimby2024/1I0gfbQzZk.jpg,F,bimby_collection,,1I0gfbQzZk.jpg
feeding/test1,in_dev_pool,data/images/bimby2024/1N0gfmj77t.jpg,F,bimby_collection,,1N0gfmj77t.jpg
feeding/test1,in_dev_pool,data/images/bimby2024/1O3I9KizhA.jpg,F,bimby_collection,,1O3I9KizhA.jpg
feeding/test1,in_dev_pool,data/images/bimby2024/1pVKPe4nJZ.jpg,F,bimby_collection,,1pVKPe4nJZ.jpg
feeding/test1,in_dev_pool,data/images/bimby2024/1qppme406U.jpg,F,bimby_collection,,1qppme406U.jpg
feeding/test1,in_dev_pool,data/images/bimby2024/1uUNaK4tgb.jpg,F,bimby_collection,,1uUNaK4tgb.jpg
feeding/test1,in_dev_pool,data/images/bimby2024/1v93fdZUah.jpg,F,bimby_collection,,1v93fdZUah.jpg
feeding/test1,in_dev_pool,data/images/bimby2024/1W5hfPyzD6.jpg,F,bimby_collection,,1W5hfPyzD6.jpg
feeding/test1,in_dev_pool,data/images/bimby2024/1XjarPhbhN.jpg,F,bimby_collection,,1XjarPhbhN.jpg
feeding/test1,in_dev_pool,data/images/bimby2024/1XvGtA7O2h.jpg,F,bimby_collection,,1XvGtA7O2h.jpg
feeding/test1,in_dev_pool,data/images/bimby2024/1YAkmyKwX0.jpg,F,bimby_collection,,1YAkmyKwX0.jpg
feeding/test1,in_dev_pool,data/images/bimby2024/1ZES9CPjSn.jpg,F,bimby_collection,,1ZES9CPjSn.jpg
feeding/test1,in_dev_pool,data/images/bimby2024/251B3xpgwi.jpg,F,bimby_collection,,251B3xpgwi.jpg
feeding/test1,in_dev_pool,data/images/bimby2024/25Mqtt9DwE.jpg,F,bimby_collection,,25Mqtt9DwE.jpg
feeding/test1,in_dev_pool,data/images/bimby2024/26CsRP0mza.jpg,F,bimby_collection,,26CsRP0mza.jpg
feeding/test1,in_dev_pool,data/images/bimby2024/26Y3uLqU1w.jpg,F,bimby_collection,,26Y3uLqU1w.jpg
feeding/test1,in_dev_pool,data/images/bimby2024/29cNVymY1x.jpg,F,bimby_collection,,29cNVymY1x.jpg
feeding/test1,in_dev_pool,data/images/bimby2024/2cWVw74P5X.jpg,F,bimby_collection,,2cWVw74P5X.jpg
feeding/test1,in_dev_pool,data/images/bimby2024/2DM1mPMRIk.jpg,F,bimby_collection,,2DM1mPMRIk.jpg
feeding/test1,in_dev_pool,data/images/bimby2024/2erd7Ae6Hh.jpg,F,bimby_collection,,2erd7Ae6Hh.jpg
feeding/test1,in_dev_pool,data/images/bimby2024/2gcyV8Cewh.jpg,F,bimby_collection,,2gcyV8Cewh.jpg
feeding/test1,in_dev_pool,data/images/bimby2024/2GsToAVukU.jpg,F,bimby_collection,,2GsToAVukU.jpg
feeding/test1,in_dev_pool,data/images/bimby2024/2h1sA3dQwH.jpg,F,bimby_collection,,2h1sA3dQwH.jpg
feeding/test1,in_dev_pool,data/images/bimby2024/2hi5RjjPFI.jpg,F,bimby_collection,,2hi5RjjPFI.jpg
feeding/test1,in_dev_pool,data/images/bimby2024/2i4vCVDuCg.jpg,F,bimby_collection,,2i4vCVDuCg.jpg
feeding/test1,in_dev_pool,data/images/bimby2024/2INwHPskgO.jpg,F,bimby_collection,,2INwHPskgO.jpg
feeding/test1,in_dev_pool,data/images/bimby2024/2L1sXWw5Fu.jpg,F,bimby_collection,,2L1sXWw5Fu.jpg
feeding/test1,in_dev_pool,data/images/bimby2024/2LtDJ1zWNC.jpg,F,bimby_collection,,2LtDJ1zWNC.jpg
feeding/test1,in_dev_pool,data/images/bimby2024/2nit3jr53u.jpg,F,bimby_collection,,2nit3jr53u.jpg
feeding/test1,in_dev_pool,data/images/bimby2024/2NygPJ4var.jpg,F,bimby_collection,,2NygPJ4var.jpg
feeding/test1,in_dev_pool,data/images/bimby2024/2qBYh10Om3.jpg,F,bimby_collection,,2qBYh10Om3.jpg
feeding/test1,in_dev_pool,data/images/bimby2024/2rCpo9htSf.jpg,F,bimby_collection,,2rCpo9htSf.jpg
feeding/test1,in_dev_pool,data/images/bimby2024/2RRjw18sh3.jpg,F,bimby_collection,,2RRjw18sh3.jpg
feeding/test1,in_dev_pool,data/images/bimby2024/2SR7JnNHw4.jpg,F,bimby_collection,,2SR7JnNHw4.jpg
feeding/test1,in_dev_pool,data/images/bimby2024/2t5FAVH44a.jpg,F,bimby_collection,,2t5FAVH44a.jpg
feeding/test1,in_dev_pool,data/images/bimby2024/2UJOiiLwLi.jpg,F,bimby_collection,,2UJOiiLwLi.jpg
feeding/test1,in_dev_pool,data/images/bimby2024/2uQKWwW1uY.jpg,F,bimby_collection,,2uQKWwW1uY.jpg
feeding/test1,in_dev_pool,data/images/bimby2024/2UsAQfvNwd.jpg,F,bimby_collection,,2UsAQfvNwd.jpg
feeding/test1,in_dev_pool,data/images/bimby2024/2w4oEo10SQ.jpg,F,bimby_collection,,2w4oEo10SQ.jpg
feeding/test1,in_dev_pool,data/images/bimby2024/2WPOfWlhDJ.jpg,F,bimby_collection,,2WPOfWlhDJ.jpg
feeding/test1,in_dev_pool,data/images/bimby2024/35AdZk3gR5.jpg,F,bimby_collection,,35AdZk3gR5.jpg
feeding/test1,in_dev_pool,data/images/bimby2024/36CuccyL25.jpg,F,bimby_collection,,36CuccyL25.jpg
feeding/test1,in_dev_pool,data/images/bimby2024/36nWEvVAk1.jpg,F,bimby_collection,,36nWEvVAk1.jpg
feeding/test1,in_dev_pool,data/images/bimby2024/37jSpUHo7m.jpg,F,bimby_collection,,37jSpUHo7m.jpg
feeding/test1,in_dev_pool,data/images/bimby2024/38a4Og6Qei.jpg,F,bimby_collection,,38a4Og6Qei.jpg
feeding/test1,in_dev_pool,data/images/bimby2024/3941oET5sq.jpg,F,bimby_collection,,3941oET5sq.jpg
feeding/test1,in_dev_pool,data/images/bimby2024/39sYKvelu3.jpg,F,bimby_collection,,39sYKvelu3.jpg
feeding/test1,in_dev_pool,data/images/bimby2024/3Blo8KgDpp.jpg,F,bimby_collection,,3Blo8KgDpp.jpg
feeding/test1,in_dev_pool,data/images/bimby2024/3CF3J8w2FV.jpg,F,bimby_collection,,3CF3J8w2FV.jpg
feeding/test1,in_dev_pool,data/images/bimby2024/3cLLDa91HT.jpg,F,bimby_collection,,3cLLDa91HT.jpg
feeding/test1,in_dev_pool,data/images/bimby2024/3Crnc0WNhX.jpg,F,bimby_collection,,3Crnc0WNhX.jpg
feeding/test1,in_dev_pool,data/images/bimby2024/3DIYffMgMk.jpg,F,bimby_collection,,3DIYffMgMk.jpg
feeding/test1,in_dev_pool,data/images/bimby2024/3dkOXFcb0h.jpg,F,bimby_collection,,3dkOXFcb0h.jpg
feeding/test1,in_dev_pool,data/images/bimby2024/3FhVMYwoCW.jpg,F,bimby_collection,,3FhVMYwoCW.jpg
feeding/test1,in_dev_pool,data/images/bimby2024/3GCpgdtCrf.jpg,F,bimby_collection,,3GCpgdtCrf.jpg
feeding/test1,in_dev_pool,data/images/bimby2024/3gydIpHPkm.jpg,F,bimby_collection,,3gydIpHPkm.jpg
feeding/test1,in_dev_pool,data/images/bimby2024/3jR5Lfav7w.jpg,F,bimby_collection,,3jR5Lfav7w.jpg
feeding/test1,in_dev_pool,data/images/bimby2024/3L5jqsr5wO.jpg,F,bimby_collection,,3L5jqsr5wO.jpg
feeding/test1,in_dev_pool,data/images/bimby2024/3LEvpdY5La.jpg,F,bimby_collection,,3LEvpdY5La.jpg
feeding/test1,in_dev_pool,data/images/bimby2024/3mjTOGhVKI.jpg,F,bimby_collection,,3mjTOGhVKI.jpg
feeding/test1,in_dev_pool,data/images/bimby2024/3oCgosSSaq.jpg,F,bimby_collection,,3oCgosSSaq.jpg
feeding/test1,in_dev_pool,data/images/bimby2024/3P8DHzlAb5.jpg,F,bimby_collection,,3P8DHzlAb5.jpg
feeding/test1,in_dev_pool,data/images/bimby2024/3Q8dWgywZC.jpg,F,bimby_collection,,3Q8dWgywZC.jpg
feeding/test1,in_dev_pool,data/images/bimby2024/3Qrzf53Bq1.jpg,F,bimby_collection,,3Qrzf53Bq1.jpg
feeding/test1,in_dev_pool,data/images/bimby2024/3sEZ3pkIlV.jpg,F,bimby_collection,,3sEZ3pkIlV.jpg
feeding/test1,in_dev_pool,data/images/bimby2024/3T0tKgnnPT.jpg,F,bimby_collection,,3T0tKgnnPT.jpg
feeding/test1,in_dev_pool,data/images/bimby2024/3TMmLUMZ2C.jpg,F,bimby_collection,,3TMmLUMZ2C.jpg
feeding/test1,in_dev_pool,data/images/bimby2024/3TtCwTb8CM.jpg,F,bimby_collection,,3TtCwTb8CM.jpg
feeding/test1,in_dev_pool,data/images/bimby2024/3tZMPmpKEq.jpg,F,bimby_collection,,3tZMPmpKEq.jpg
feeding/test1,in_dev_pool,data/images/bimby2024/3UIeUiVwSZ.jpg,F,bimby_collection,,3UIeUiVwSZ.jpg
feeding/test1,in_dev_pool,data/images/bimby2024/3VogHnehf1.jpg,F,bimby_collection,,3VogHnehf1.jpg
feeding/test1,in_dev_pool,data/images/bimby2024/3xHnaYSKIe.jpg,F,bimby_collection,,3xHnaYSKIe.jpg
feeding/test1,in_dev_pool,data/images/bimby2024/3xPJPqbkdH.jpg,F,bimby_collection,,3xPJPqbkdH.jpg
feeding/test1,in_dev_pool,data/images/bimby2024/3xRgqOgJtW.jpg,F,bimby_collection,,3xRgqOgJtW.jpg
feeding/test1,in_dev_pool,data/images/bimby2024/3yK686cJq9.jpg,F,bimby_collection,,3yK686cJq9.jpg
feeding/test1,in_dev_pool,data/images/bimby2024/3ZKYIIDkBL.jpg,F,bimby_collection,,3ZKYIIDkBL.jpg
feeding/test1,in_dev_pool,data/images/bimby2024/422a3rOppc.jpg,F,bimby_collection,,422a3rOppc.jpg
feeding/test1,in_dev_pool,data/images/bimby2024/48JsPr3Svw.jpg,F,bimby_collection,,48JsPr3Svw.jpg
feeding/test1,in_dev_pool,data/images/bimby2024/48TM2lOplS.jpg,F,bimby_collection,,48TM2lOplS.jpg
feeding/test1,in_dev_pool,data/images/bimby2024/4CSkDFreI0.jpg,F,bimby_collection,,4CSkDFreI0.jpg
feeding/test1,in_dev_pool,data/images/bimby2024/4FJmXFQat4.jpg,F,bimby_collection,,4FJmXFQat4.jpg
feeding/test1,in_dev_pool,data/images/bimby2024/4h1kQbPQJG.jpg,F,bimby_collection,,4h1kQbPQJG.jpg
feeding/test1,in_dev_pool,data/images/bimby2024/4HMljjD9N3.jpg,F,bimby_collection,,4HMljjD9N3.jpg
feeding/test1,in_dev_pool,data/images/bimby2024/4HnHHTryUE.jpg,F,bimby_collection,,4HnHHTryUE.jpg
feeding/test1,in_dev_pool,data/images/bimby2024/4JBVCTXJ4k.jpg,F,bimby_collection,,4JBVCTXJ4k.jpg
feeding/test1,in_dev_pool,data/images/bimby2024/4KYujDHw1t.jpg,F,bimby_collection,,4KYujDHw1t.jpg
feeding/test1,in_dev_pool,data/images/bimby2024/4MllrWaGiM.jpg,F,bimby_collection,,4MllrWaGiM.jpg
feeding/test1,in_dev_pool,data/images/bimby2024/4nGLYEfj8Z.jpg,F,bimby_collection,,4nGLYEfj8Z.jpg
feeding/test1,in_dev_pool,data/images/bimby2024/4NqAOURjwY.jpg,F,bimby_collection,,4NqAOURjwY.jpg
feeding/test1,in_dev_pool,data/images/bimby2024/4P8m6C9uQH.jpg,F,bimby_collection,,4P8m6C9uQH.jpg
feeding/test1,in_dev_pool,data/images/bimby2024/4QGx24LAna.jpg,F,bimby_collection,,4QGx24LAna.jpg
feeding/test1,in_dev_pool,data/images/bimby2024/4tN6FVtvyJ.jpg,F,bimby_collection,,4tN6FVtvyJ.jpg
feeding/test1,in_dev_pool,data/images/bimby2024/4W3XVzEzJz.jpg,F,bimby_collection,,4W3XVzEzJz.jpg
feeding/test1,in_dev_pool,data/images/bimby2024/4XSetDTj5r.jpg,F,bimby_collection,,4XSetDTj5r.jpg
feeding/test1,in_dev_pool,data/images/bimby2024/4ZNZUV5cF3.jpg,F,bimby_collection,,4ZNZUV5cF3.jpg
feeding/test1,in_dev_pool,data/images/bimby2024/4zo1tQoK6g.jpg,F,bimby_collection,,4zo1tQoK6g.jpg
feeding/test1,in_dev_pool,data/images/bimby2024/514EjmuLUB.jpg,F,bimby_collection,,514EjmuLUB.jpg
feeding/test1,in_dev_pool,data/images/bimby2024/53e8tty19U.jpg,F,bimby_collection,,53e8tty19U.jpg
feeding/test1,in_dev_pool,data/images/bimby2024/57prGTR6r8.jpg,F,bimby_collection,,57prGTR6r8.jpg
feeding/test1,in_dev_pool,data/images/bimby2024/5a8vjb9LiI.jpg,F,bimby_collection,,5a8vjb9LiI.jpg
feeding/test1,in_dev_pool,data/images/bimby2024/5dYRpnDJrv.jpg,F,bimby_collection,,5dYRpnDJrv.jpg
feeding/test1,in_dev_pool,data/images/bimby2024/5eDxzwLtWn.jpg,F,bimby_collection,,5eDxzwLtWn.jpg
feeding/test1,in_dev_pool,data/images/bimby2024/5eitHv07L0.jpg,F,bimby_collection,,5eitHv07L0.jpg
feeding/test1,in_dev_pool,data/images/bimby2024/5EsqWYZdSi.jpg,F,bimby_collection,,5EsqWYZdSi.jpg
feeding/test1,in_dev_pool,data/images/bimby2024/5GDWsc253b.jpg,F,bimby_collection,,5GDWsc253b.jpg
feeding/test1,in_dev_pool,data/images/bimby2024/5Gfc2eXRnw.jpg,F,bimby_collection,,5Gfc2eXRnw.jpg
feeding/test1,in_dev_pool,data/images/bimby2024/5ilAzqyaOP.jpg,F,bimby_collection,,5ilAzqyaOP.jpg
feeding/test1,in_dev_pool,data/images/bimby2024/5JMUf0sFTF.jpg,F,bimby_collection,,5JMUf0sFTF.jpg
feeding/test1,in_dev_pool,data/images/bimby2024/5jyC4FanCc.jpg,F,bimby_collection,,5jyC4FanCc.jpg
feeding/test1,in_dev_pool,data/images/bimby2024/5LGjqVd7O0.jpg,F,bimby_collection,,5LGjqVd7O0.jpg
feeding/test1,in_dev_pool,data/images/bimby2024/5ly3NsmWBU.jpg,F,bimby_collection,,5ly3NsmWBU.jpg
feeding/test1,in_dev_pool,data/images/bimby2024/5MuG71SBL8.jpg,F,bimby_collection,,5MuG71SBL8.jpg
feeding/test1,in_dev_pool,data/images/bimby2024/5neLhZLZj0.jpg,F,bimby_collection,,5neLhZLZj0.jpg
feeding/test1,in_dev_pool,data/images/bimby2024/5QAMilJ1oJ.jpg,F,bimby_collection,,5QAMilJ1oJ.jpg
feeding/test1,in_dev_pool,data/images/bimby2024/5qvqOsLidO.jpg,F,bimby_collection,,5qvqOsLidO.jpg
feeding/test1,in_dev_pool,data/images/bimby2024/5r6URlp3FL.jpg,F,bimby_collection,,5r6URlp3FL.jpg
feeding/test1,in_dev_pool,data/images/bimby2024/5RmPbYGVMZ.jpg,F,bimby_collection,,5RmPbYGVMZ.jpg
feeding/test1,in_dev_pool,data/images/bimby2024/5UEwo1KgEw.jpg,F,bimby_collection,,5UEwo1KgEw.jpg
feeding/test1,in_dev_pool,data/images/bimby2024/5V2sk8to6z.jpg,F,bimby_collection,,5V2sk8to6z.jpg
feeding/test1,in_dev_pool,data/images/bimby2024/5vEpFfPpE7.jpg,F,bimby_collection,,5vEpFfPpE7.jpg
feeding/test1,in_dev_pool,data/images/bimby2024/5vlJncOt03.jpg,F,bimby_collection,,5vlJncOt03.jpg
feeding/test1,in_dev_pool,data/images/bimby2024/5W0uyoEctu.jpg,F,bimby_collection,,5W0uyoEctu.jpg
feeding/test1,in_dev_pool,data/images/bimby2024/5w2iojAdW1.jpg,F,bimby_collection,,5w2iojAdW1.jpg
feeding/test1,in_dev_pool,data/images/bimby2024/5wHDsSkzDW.jpg,F,bimby_collection,,5wHDsSkzDW.jpg
feeding/test1,in_dev_pool,data/images/bimby2024/5WnO3Tx0iF.jpg,F,bimby_collection,,5WnO3Tx0iF.jpg
feeding/test1,in_dev_pool,data/images/bimby2024/5WUXRCoFjb.jpg,F,bimby_collection,,5WUXRCoFjb.jpg
feeding/test1,in_dev_pool,data/images/bimby2024/5XXfm8vnUd.jpg,F,bimby_collection,,5XXfm8vnUd.jpg
feeding/test1,in_dev_pool,data/images/bimby2024/5y6ePlq1Y9.jpg,F,bimby_collection,,5y6ePlq1Y9.jpg
feeding/test1,in_dev_pool,data/images/bimby2024/5YMoOunGog.jpg,F,bimby_collection,,5YMoOunGog.jpg
feeding/test1,in_dev_pool,data/images/bimby2024/5yYfI5udcV.jpg,F,bimby_collection,,5yYfI5udcV.jpg
feeding/test1,in_dev_pool,data/images/bimby2024/5zshoMOSBn.jpg,F,bimby_collection,,5zshoMOSBn.jpg
feeding/test1,in_dev_pool,data/images/bimby2024/61O0OVXrtL.jpg,F,bimby_collection,,61O0OVXrtL.jpg
feeding/test1,in_dev_pool,data/images/bimby2024/63Tx04s4VV.jpg,F,bimby_collection,,63Tx04s4VV.jpg
feeding/test1,in_dev_pool,data/images/bimby2024/65iERgu0x5.jpg,F,bimby_collection,,65iERgu0x5.jpg
feeding/test1,in_dev_pool,data/images/bimby2024/67Wqak0CYA.jpg,F,bimby_collection,,67Wqak0CYA.jpg
feeding/test1,in_dev_pool,data/images/bimby2024/69lgnQyNTO.jpg,F,bimby_collection,,69lgnQyNTO.jpg
feeding/test1,in_dev_pool,data/images/bimby2024/6a806kepKZ.jpg,F,bimby_collection,,6a806kepKZ.jpg
feeding/test1,in_dev_pool,data/images/bimby2024/6aqBcXBviV.jpg,F,bimby_collection,,6aqBcXBviV.jpg
feeding/test1,in_dev_pool,data/images/bimby2024/6bxe6Yozdz.jpg,F,bimby_collection,,6bxe6Yozdz.jpg
feeding/test1,in_dev_pool,data/images/bimby2024/6dLyLaLRa5.jpg,F,bimby_collection,,6dLyLaLRa5.jpg
feeding/test1,in_dev_pool,data/images/bimby2024/6E6bpDLfla.jpg,F,bimby_collection,,6E6bpDLfla.jpg
feeding/test1,in_dev_pool,data/images/bimby2024/6fAMGA7gvr.jpg,F,bimby_collection,,6fAMGA7gvr.jpg
feeding/test1,in_dev_pool,data/images/bimby2024/6HNBJx0Ey1.jpg,F,bimby_collection,,6HNBJx0Ey1.jpg
feeding/test1,in_dev_pool,data/images/bimby2024/6I2VEQuClh.jpg,F,bimby_collection,,6I2VEQuClh.jpg
feeding/test1,in_dev_pool,data/images/bimby2024/6I6wk9En5J.jpg,F,bimby_collection,,6I6wk9En5J.jpg
feeding/test1,in_dev_pool,data/images/bimby2024/6izTUpswZ7.jpg,F,bimby_collection,,6izTUpswZ7.jpg
feeding/test1,in_dev_pool,data/images/bimby2024/6jhzY47vrJ.jpg,F,bimby_collection,,6jhzY47vrJ.jpg
feeding/test1,in_dev_pool,data/images/bimby2024/6JUDXGYwId.jpg,F,bimby_collection,,6JUDXGYwId.jpg
feeding/test1,in_dev_pool,data/images/bimby2024/6KpEzsa02i.jpg,F,bimby_collection,,6KpEzsa02i.jpg
feeding/test1,in_dev_pool,data/images/bimby2024/6Lv7IGbWnq.jpg,F,bimby_collection,,6Lv7IGbWnq.jpg
feeding/test1,in_dev_pool,data/images/bimby2024/6nUIKJ8sFX.jpg,F,bimby_collection,,6nUIKJ8sFX.jpg
feeding/test1,in_dev_pool,data/images/bimby2024/6Osw2Uq4xi.jpg,F,bimby_collection,,6Osw2Uq4xi.jpg
feeding/test1,in_dev_pool,data/images/bimby2024/6OUKWixbc5.jpg,F,bimby_collection,,6OUKWixbc5.jpg
feeding/test1,in_dev_pool,data/images/bimby2024/6PgEfK20DT.jpg,F,bimby_collection,,6PgEfK20DT.jpg
feeding/test1,in_dev_pool,data/images/bimby2024/6PO4hwZtAE.jpg,F,bimby_collection,,6PO4hwZtAE.jpg
feeding/test1,in_dev_pool,data/images/bimby2024/6q15BMTqSm.jpg,F,bimby_collection,,6q15BMTqSm.jpg
feeding/test1,in_dev_pool,data/images/bimby2024/6rx46763Qu.jpg,F,bimby_collection,,6rx46763Qu.jpg
feeding/test1,in_dev_pool,data/images/bimby2024/6sGLGGvznB.jpg,F,bimby_collection,,6sGLGGvznB.jpg
feeding/test1,in_dev_pool,data/images/bimby2024/6tqg6Q8lHJ.jpg,F,bimby_collection,,6tqg6Q8lHJ.jpg
feeding/test1,in_dev_pool,data/images/bimby2024/6uBiDUoApR.jpg,F,bimby_collection,,6uBiDUoApR.jpg
feeding/test1,in_dev_pool,data/images/bimby2024/6uLyBIbVqH.jpg,F,bimby_collection,,6uLyBIbVqH.jpg
feeding/test1,in_dev_pool,data/images/bimby2024/6vHh7lU3To.jpg,F,bimby_collection,,6vHh7lU3To.jpg
feeding/test1,in_dev_pool,data/images/bimby2024/6yWmYBYgG4.jpg,F,bimby_collection,,6yWmYBYgG4.jpg
feeding/test1,in_dev_pool,data/images/bimby2024/6zI08dHOCS.jpg,F,bimby_collection,,6zI08dHOCS.jpg
feeding/test1,in_dev_pool,data/images/bimby2024/6ZwnIed8Ru.jpg,F,bimby_collection,,6ZwnIed8Ru.jpg
feeding/test1,in_dev_pool,data/images/bimby2024/71bd1Ej2em.jpg,F,bimby_collection,,71bd1Ej2em.jpg
feeding/test1,in_dev_pool,data/images/bimby2024/74gMyxNFkn.jpg,F,bimby_collection,,74gMyxNFkn.jpg
feeding/test1,in_dev_pool,data/images/bimby2024/74HlbthlTZ.jpg,F,bimby_collection,,74HlbthlTZ.jpg
feeding/test1,in_dev_pool,data/images/bimby2024/77BCEvtwQd.jpg,F,bimby_collection,,77BCEvtwQd.jpg
feeding/test1,in_dev_pool,data/images/bimby2024/77RXzk4hi9.jpg,F,bimby_collection,,77RXzk4hi9.jpg
feeding/test1,in_dev_pool,data/images/bimby2024/7ctXl2xxcH.jpg,F,bimby_collection,,7ctXl2xxcH.jpg
feeding/test1,in_dev_pool,data/images/bimby2024/7dVmjyR0H9.jpg,F,bimby_collection,,7dVmjyR0H9.jpg
feeding/test1,in_dev_pool,data/images/bimby2024/7EtGmqFJhc.jpg,F,bimby_collection,,7EtGmqFJhc.jpg
feeding/test1,in_dev_pool,data/images/bimby2024/7EWEvZrQUN.jpg,F,bimby_collection,,7EWEvZrQUN.jpg
feeding/test1,in_dev_pool,data/images/bimby2024/7gVLqhCPyc.jpg,F,bimby_collection,,7gVLqhCPyc.jpg
feeding/test1,in_dev_pool,data/images/bimby2024/7I3GVEiK4Z.jpg,F,bimby_collection,,7I3GVEiK4Z.jpg
feeding/test1,in_dev_pool,data/images/bimby2024/7I4NyD58Nk.jpg,F,bimby_collection,,7I4NyD58Nk.jpg
feeding/test1,in_dev_pool,data/images/bimby2024/7Izoezfok3.jpg,F,bimby_collection,,7Izoezfok3.jpg
feeding/test1,in_dev_pool,data/images/bimby2024/7lDfN3i02O.jpg,F,bimby_collection,,7lDfN3i02O.jpg
feeding/test1,in_dev_pool,data/images/bimby2024/7LxWZJAAki.jpg,F,bimby_collection,,7LxWZJAAki.jpg
feeding/test1,in_dev_pool,data/images/bimby2024/7mJ3gMpRMd.jpg,F,bimby_collection,,7mJ3gMpRMd.jpg
feeding/test1,in_dev_pool,data/images/bimby2024/7PjohTgnkT.jpg,F,bimby_collection,,7PjohTgnkT.jpg
feeding/test1,in_dev_pool,data/images/bimby2024/7qgENARDPH.jpg,F,bimby_collection,,7qgENARDPH.jpg
feeding/test1,in_dev_pool,data/images/bimby2024/7S79JWWCkO.jpg,F,bimby_collection,,7S79JWWCkO.jpg
feeding/test1,in_dev_pool,data/images/bimby2024/7SUH7lutUu.jpg,F,bimby_collection,,7SUH7lutUu.jpg
feeding/test1,in_dev_pool,data/images/bimby2024/7tE4KHGJ1Z.jpg,F,bimby_collection,,7tE4KHGJ1Z.jpg
feeding/test1,in_dev_pool,data/images/bimby2024/7tGu2TgVlA.jpg,F,bimby_collection,,7tGu2TgVlA.jpg
feeding/test1,in_dev_pool,data/images/bimby2024/7ukyfsbEQq.jpg,F,bimby_collection,,7ukyfsbEQq.jpg
feeding/test1,in_dev_pool,data/images/bimby2024/7VA7OGgg2T.jpg,F,bimby_collection,,7VA7OGgg2T.jpg
feeding/test1,in_dev_pool,data/images/bimby2024/7VeL9IBbE0.jpg,F,bimby_collection,,7VeL9IBbE0.jpg
feeding/test1,in_dev_pool,data/images/bimby2024/7VssO3cpzk.jpg,F,bimby_collection,,7VssO3cpzk.jpg
feeding/test1,in_dev_pool,data/images/bimby2024/7woqdRqfyD.jpg,F,bimby_collection,,7woqdRqfyD.jpg
feeding/test1,in_dev_pool,data/images/bimby2024/7ZblmRerZl.jpg,F,bimby_collection,,7ZblmRerZl.jpg
feeding/test1,in_dev_pool,data/images/bimby2024/7zsoL6wOAL.jpg,F,bimby_collection,,7zsoL6wOAL.jpg
feeding/test1,in_dev_pool,data/images/bimby2024/84r9fL47wU.jpg,F,bimby_collection,,84r9fL47wU.jpg
feeding/test1,in_dev_pool,data/images/bimby2024/86O9MmeU0p.jpg,F,bimby_collection,,86O9MmeU0p.jpg
feeding/test1,in_dev_pool,data/images/bimby2024/896p7S6Nlu.jpg,F,bimby_collection,,896p7S6Nlu.jpg
feeding/test1,in_dev_pool,data/images/bimby2024/89XvIz2Vxb.jpg,F,bimby_collection,,89XvIz2Vxb.jpg
feeding/test1,in_dev_pool,data/images/bimby2024/8aaIG2hHB6.jpg,F,bimby_collection,,8aaIG2hHB6.jpg
feeding/test1,in_dev_pool,data/images/bimby2024/8BxrvUMKMc.jpg,F,bimby_collection,,8BxrvUMKMc.jpg
feeding/test1,in_dev_pool,data/images/bimby2024/8dPuezmCFk.jpg,F,bimby_collection,,8dPuezmCFk.jpg
feeding/test1,in_dev_pool,data/images/bimby2024/8Dq1SUl6ck.jpg,F,bimby_collection,,8Dq1SUl6ck.jpg
feeding/test1,in_dev_pool,data/images/bimby2024/8E2BqLMrTw.jpg,F,bimby_collection,,8E2BqLMrTw.jpg
feeding/test1,in_dev_pool,data/images/bimby2024/8G7PPu98kq.jpg,F,bimby_collection,,8G7PPu98kq.jpg
feeding/test1,in_dev_pool,data/images/bimby2024/8HEV8Lx3J1.jpg,F,bimby_collection,,8HEV8Lx3J1.jpg
feeding/test1,in_dev_pool,data/images/bimby2024/8ht2WN2S5O.jpg,F,bimby_collection,,8ht2WN2S5O.jpg
feeding/test1,in_dev_pool,data/images/bimby2024/8JODzAjESk.jpg,F,bimby_collection,,8JODzAjESk.jpg
feeding/test1,in_dev_pool,data/images/bimby2024/8k4BC0u2du.jpg,F,bimby_collection,,8k4BC0u2du.jpg
feeding/test1,in_dev_pool,data/images/bimby2024/8kf7o6wWjG.jpg,F,bimby_collection,,8kf7o6wWjG.jpg
feeding/test1,in_dev_pool,data/images/bimby2024/8KP1j1Seol.jpg,F,bimby_collection,,8KP1j1Seol.jpg
feeding/test1,in_dev_pool,data/images/bimby2024/8LoAdclrf9.jpg,F,bimby_collection,,8LoAdclrf9.jpg
feeding/test1,in_dev_pool,data/images/bimby2024/8mcGkQ1g8x.jpg,F,bimby_collection,,8mcGkQ1g8x.jpg
feeding/test1,in_dev_pool,data/images/bimby2024/8oTMrUWWIw.jpg,F,bimby_collection,,8oTMrUWWIw.jpg
feeding/test1,in_dev_pool,data/images/bimby2024/8rc7q0Vmsg.jpg,F,bimby_collection,,8rc7q0Vmsg.jpg
feeding/test1,in_dev_pool,data/images/bimby2024/8S3gEskzSl.jpg,F,bimby_collection,,8S3gEskzSl.jpg
feeding/test1,in_dev_pool,data/images/bimby2024/8so2ZvF2y2.jpg,F,bimby_collection,,8so2ZvF2y2.jpg
feeding/test1,in_dev_pool,data/images/bimby2024/8sqwzcbUx8.jpg,F,bimby_collection,,8sqwzcbUx8.jpg
feeding/test1,in_dev_pool,data/images/bimby2024/8tLLn3vyzP.jpg,F,bimby_collection,,8tLLn3vyzP.jpg
feeding/test1,in_dev_pool,data/images/bimby2024/8Tmxd9sVOT.jpg,F,bimby_collection,,8Tmxd9sVOT.jpg
feeding/test1,in_dev_pool,data/images/bimby2024/8uOieMdKC8.jpg,F,bimby_collection,,8uOieMdKC8.jpg
feeding/test1,in_dev_pool,data/images/bimby2024/8WRjhHPiEz.jpg,F,bimby_collection,,8WRjhHPiEz.jpg
feeding/test1,in_dev_pool,data/images/bimby2024/8Y33aCFgSJ.jpg,F,bimby_collection,,8Y33aCFgSJ.jpg
feeding/test1,in_dev_pool,data/images/bimby2024/8Y9fvOPHgh.jpg,F,bimby_collection,,8Y9fvOPHgh.jpg
feeding/test1,in_dev_pool,data/images/bimby2024/8YwkspIYxA.jpg,F,bimby_collection,,8YwkspIYxA.jpg
feeding/test1,in_dev_pool,data/images/bimby2024/8z6dfDGjsy.jpg,F,bimby_collection,,8z6dfDGjsy.jpg
feeding/test1,in_dev_pool,data/images/bimby2024/8ZoSIHhOfZ.jpg,F,bimby_collection,,8ZoSIHhOfZ.jpg
feeding/test1,in_dev_pool,data/images/bimby2024/98ma0IlIFt.jpg,F,bimby_collection,,98ma0IlIFt.jpg
feeding/test1,in_dev_pool,data/images/bimby2024/9abIrZ1Vj2.jpg,F,bimby_collection,,9abIrZ1Vj2.jpg
feeding/test1,in_dev_pool,data/images/bimby2024/9BLXknoZ0Q.jpg,F,bimby_collection,,9BLXknoZ0Q.jpg
feeding/test1,in_dev_pool,data/images/bimby2024/9CAKiq9Zxk.jpg,F,bimby_collection,,9CAKiq9Zxk.jpg
feeding/test1,in_dev_pool,data/images/bimby2024/9CG3UDETH7.jpg,F,bimby_collection,,9CG3UDETH7.jpg
feeding/test1,in_dev_pool,data/images/bimby2024/9cpSuNLM9d.jpg,F,bimby_collection,,9cpSuNLM9d.jpg
feeding/test1,in_dev_pool,data/images/bimby2024/9e6F2wnRfP.jpg,F,bimby_collection,,9e6F2wnRfP.jpg
feeding/test1,in_dev_pool,data/images/bimby2024/9FTJWYST4w.jpg,F,bimby_collection,,9FTJWYST4w.jpg
feeding/test1,in_dev_pool,data/images/bimby2024/9gHz91StBQ.jpg,F,bimby_collection,,9gHz91StBQ.jpg
feeding/test1,in_dev_pool,data/images/bimby2024/9HAUxNWuG8.jpg,F,bimby_collection,,9HAUxNWuG8.jpg
feeding/test1,in_dev_pool,data/images/bimby2024/9iPTIIMhDP.jpg,F,bimby_collection,,9iPTIIMhDP.jpg
feeding/test1,in_dev_pool,data/images/bimby2024/9Lh5gxoqls.jpg,F,bimby_collection,,9Lh5gxoqls.jpg
feeding/test1,in_dev_pool,data/images/bimby2024/9lM78TmgGT.jpg,F,bimby_collection,,9lM78TmgGT.jpg
feeding/test1,in_dev_pool,data/images/bimby2024/9mVXBOuf7L.jpg,F,bimby_collection,,9mVXBOuf7L.jpg
feeding/test1,in_dev_pool,data/images/bimby2024/9Nuwv8xDGD.jpg,F,bimby_collection,,9Nuwv8xDGD.jpg
feeding/test1,in_dev_pool,data/images/bimby2024/9ow5zpGKyA.jpg,F,bimby_collection,,9ow5zpGKyA.jpg
feeding/test1,in_dev_pool,data/images/bimby2024/9q7yggogQR.jpg,F,bimby_collection,,9q7yggogQR.jpg
feeding/test1,in_dev_pool,data/images/bimby2024/9RwOf0n2O6.jpg,F,bimby_collection,,9RwOf0n2O6.jpg
feeding/test1,in_dev_pool,data/images/bimby2024/9sREsVajni.jpg,F,bimby_collection,,9sREsVajni.jpg
feeding/test1,in_dev_pool,data/images/bimby2024/9tAAKwryhw.jpg,F,bimby_collection,,9tAAKwryhw.jpg
feeding/test1,in_dev_pool,data/images/bimby2024/9TTN62lEvf.jpg,F,bimby_collection,,9TTN62lEvf.jpg
feeding/test1,in_dev_pool,data/images/bimby2024/9TvDoaEWYb.jpg,F,bimby_collection,,9TvDoaEWYb.jpg
feeding/test1,in_dev_pool,data/images/bimby2024/9Uj7nodRr4.jpg,F,bimby_collection,,9Uj7nodRr4.jpg
feeding/test1,in_dev_pool,data/images/bimby2024/9UjSmZSdGp.jpg,F,bimby_collection,,9UjSmZSdGp.jpg
feeding/test1,in_dev_pool,data/images/bimby2024/9VFTePrhYe.jpg,F,bimby_collection,,9VFTePrhYe.jpg
feeding/test1,in_dev_pool,data/images/bimby2024/9X7747kq7s.jpg,F,bimby_collection,,9X7747kq7s.jpg
feeding/test1,in_dev_pool,data/images/bimby2024/9X9KDdjsrr.jpg,F,bimby_collection,,9X9KDdjsrr.jpg
feeding/test1,in_dev_pool,data/images/bimby2024/9x9xzNiMtV.jpg,F,bimby_collection,,9x9xzNiMtV.jpg
feeding/test1,in_dev_pool,data/images/bimby2024/9xhGaaIt2q.jpg,F,bimby_collection,,9xhGaaIt2q.jpg
feeding/test1,in_dev_pool,data/images/bimby2024/9ZbWTkmZ29.jpg,F,bimby_collection,,9ZbWTkmZ29.jpg
feeding/test1,in_dev_pool,data/images/bimby2024/9ZyvUQtOTX.jpg,F,bimby_collection,,9ZyvUQtOTX.jpg
feeding/test1,in_dev_pool,data/images/bimby2024/a4uW3CZH37.jpg,F,bimby_collection,,a4uW3CZH37.jpg
feeding/test1,in_dev_pool,data/images/bimby2024/A5pb0RBd7E.jpg,F,bimby_collection,,A5pb0RBd7E.jpg
feeding/test1,in_dev_pool,data/images/bimby2024/A64jX48bNV.jpg,F,bimby_collection,,A64jX48bNV.jpg
feeding/test1,in_dev_pool,data/images/bimby2024/A8Q0sqeRop.jpg,F,bimby_collection,,A8Q0sqeRop.jpg
feeding/test1,in_dev_pool,data/images/bimby2024/A8ScsgEc6p.jpg,F,bimby_collection,,A8ScsgEc6p.jpg
feeding/test1,in_dev_pool,data/images/bimby2024/aA3uVoyNiG.jpg,F,bimby_collection,,aA3uVoyNiG.jpg
feeding/test1,in_dev_pool,data/images/bimby2024/AAh7xgZfHW.jpg,F,bimby_collection,,AAh7xgZfHW.jpg
feeding/test1,in_dev_pool,data/images/bimby2024/aaqmXRHraH.jpg,F,bimby_collection,,aaqmXRHraH.jpg
feeding/test1,in_dev_pool,data/images/bimby2024/AaSpVnuVVz.jpg,F,bimby_collection,,AaSpVnuVVz.jpg
feeding/test1,in_dev_pool,data/images/bimby2024/aB5Nj5EVVk.jpg,F,bimby_collection,,aB5Nj5EVVk.jpg
feeding/test1,in_dev_pool,data/images/bimby2024/ab7jwN8vaN.jpg,F,bimby_collection,,ab7jwN8vaN.jpg
feeding/test1,in_dev_pool,data/images/bimby2024/ac4nm7kLm7.jpg,F,bimby_collection,,ac4nm7kLm7.jpg
feeding/test1,in_dev_pool,data/images/bimby2024/AcfgDl4Hf2.jpg,F,bimby_collection,,AcfgDl4Hf2.jpg
feeding/test1,in_dev_pool,data/images/bimby2024/acO1uPWgbY.jpg,F,bimby_collection,,acO1uPWgbY.jpg
feeding/test1,in_dev_pool,data/images/bimby2024/ad48yu3Ufi.jpg,F,bimby_collection,,ad48yu3Ufi.jpg
feeding/test1,in_dev_pool,data/images/bimby2024/AEKl8dmHQx.jpg,F,bimby_collection,,AEKl8dmHQx.jpg
feeding/test1,in_dev_pool,data/images/bimby2024/AfmbEEmKm6.jpg,F,bimby_collection,,AfmbEEmKm6.jpg
feeding/test1,in_dev_pool,data/images/bimby2024/ag6romolAd.jpg,F,bimby_collection,,ag6romolAd.jpg
feeding/test1,in_dev_pool,data/images/bimby2024/agqrAxEPOK.jpg,F,bimby_collection,,agqrAxEPOK.jpg
feeding/test1,in_dev_pool,data/images/bimby2024/aGWAPzQgVO.jpg,F,bimby_collection,,aGWAPzQgVO.jpg
feeding/test1,in_dev_pool,data/images/bimby2024/ahZ7yOkxaN.jpg,F,bimby_collection,,ahZ7yOkxaN.jpg
feeding/test1,in_dev_pool,data/images/bimby2024/ai1yaIYZQo.jpg,F,bimby_collection,,ai1yaIYZQo.jpg
feeding/test1,in_dev_pool,data/images/bimby2024/AI8fDPX5c1.jpg,F,bimby_collection,,AI8fDPX5c1.jpg
feeding/test1,in_dev_pool,data/images/bimby2024/aIbir3EH2t.jpg,F,bimby_collection,,aIbir3EH2t.jpg
feeding/test1,in_dev_pool,data/images/bimby2024/aIbV0JhcNW.jpg,F,bimby_collection,,aIbV0JhcNW.jpg
feeding/test1,in_dev_pool,data/images/bimby2024/AjG9ZrukTJ.jpg,F,bimby_collection,,AjG9ZrukTJ.jpg
feeding/test1,in_dev_pool,data/images/bimby2024/aKtzDpKfbZ.jpg,F,bimby_collection,,aKtzDpKfbZ.jpg
feeding/test1,in_dev_pool,data/images/bimby2024/AlIDGhzF2q.jpg,F,bimby_collection,,AlIDGhzF2q.jpg
feeding/test1,in_dev_pool,data/images/bimby2024/aLiutwQRG8.jpg,F,bimby_collection,,aLiutwQRG8.jpg
feeding/test1,in_dev_pool,data/images/bimby2024/Alizn0DoFV.jpg,F,bimby_collection,,Alizn0DoFV.jpg
feeding/test1,in_dev_pool,data/images/bimby2024/aM76nzVnyV.jpg,F,bimby_collection,,aM76nzVnyV.jpg
feeding/test1,in_dev_pool,data/images/bimby2024/AMj9H9bKJk.jpg,F,bimby_collection,,AMj9H9bKJk.jpg
feeding/test1,in_dev_pool,data/images/bimby2024/AmTaB70lVB.jpg,F,bimby_collection,,AmTaB70lVB.jpg
feeding/test1,in_dev_pool,data/images/bimby2024/amU0xPUnSA.jpg,F,bimby_collection,,amU0xPUnSA.jpg
feeding/test1,in_dev_pool,data/images/bimby2024/An1tGnJKS6.jpg,F,bimby_collection,,An1tGnJKS6.jpg
feeding/test1,in_dev_pool,data/images/bimby2024/an1yy26tI1.jpg,F,bimby_collection,,an1yy26tI1.jpg
feeding/test1,in_dev_pool,data/images/bimby2024/aN8mIW3Lpa.jpg,F,bimby_collection,,aN8mIW3Lpa.jpg
feeding/test1,in_dev_pool,data/images/bimby2024/AN8pW0qJgH.jpg,F,bimby_collection,,AN8pW0qJgH.jpg
feeding/test1,in_dev_pool,data/images/bimby2024/aNBjjservY.jpg,F,bimby_collection,,aNBjjservY.jpg
feeding/test1,in_dev_pool,data/images/bimby2024/AnvzojAmNB.jpg,F,bimby_collection,,AnvzojAmNB.jpg
feeding/test1,in_dev_pool,data/images/bimby2024/aNWh7IgX9g.jpg,F,bimby_collection,,aNWh7IgX9g.jpg
feeding/test1,in_dev_pool,data/images/bimby2024/aoU1aI83t2.jpg,F,bimby_collection,,aoU1aI83t2.jpg
feeding/test1,in_dev_pool,data/images/bimby2024/AOXcc2XGib.jpg,F,bimby_collection,,AOXcc2XGib.jpg
feeding/test1,in_dev_pool,data/images/bimby2024/apTN2VYz7y.jpg,F,bimby_collection,,apTN2VYz7y.jpg
feeding/test1,in_dev_pool,data/images/bimby2024/aQSexIQq6u.jpg,F,bimby_collection,,aQSexIQq6u.jpg
feeding/test1,in_dev_pool,data/images/bimby2024/aQW2miXsyO.jpg,F,bimby_collection,,aQW2miXsyO.jpg
feeding/test1,in_dev_pool,data/images/bimby2024/aQXba4mmNC.jpg,F,bimby_collection,,aQXba4mmNC.jpg
feeding/test1,in_dev_pool,data/images/bimby2024/aR2FfejBlf.jpg,F,bimby_collection,,aR2FfejBlf.jpg
feeding/test1,in_dev_pool,data/images/bimby2024/aRD2tPZPOQ.jpg,F,bimby_collection,,aRD2tPZPOQ.jpg
feeding/test1,in_dev_pool,data/images/bimby2024/ARQa5QxgiI.jpg,F,bimby_collection,,ARQa5QxgiI.jpg
feeding/test1,in_dev_pool,data/images/bimby2024/aS0OpM8x95.jpg,F,bimby_collection,,aS0OpM8x95.jpg
feeding/test1,in_dev_pool,data/images/bimby2024/aS7cdBhx8J.jpg,F,bimby_collection,,aS7cdBhx8J.jpg
feeding/test1,in_dev_pool,data/images/bimby2024/AsXgarwRWC.jpg,F,bimby_collection,,AsXgarwRWC.jpg
feeding/test1,in_dev_pool,data/images/bimby2024/Au0FvblCoO.jpg,F,bimby_collection,,Au0FvblCoO.jpg
feeding/test1,in_dev_pool,data/images/bimby2024/AVCZEn8Jm1.jpg,F,bimby_collection,,AVCZEn8Jm1.jpg
feeding/test1,in_dev_pool,data/images/bimby2024/avdkXXIqCE.jpg,F,bimby_collection,,avdkXXIqCE.jpg
feeding/test1,in_dev_pool,data/images/bimby2024/avZHlIROm1.jpg,F,bimby_collection,,avZHlIROm1.jpg
feeding/test1,in_dev_pool,data/images/bimby2024/awcGHRsUTH.jpg,F,bimby_collection,,awcGHRsUTH.jpg
feeding/test1,in_dev_pool,data/images/bimby2024/AwRKWLHczO.jpg,F,bimby_collection,,AwRKWLHczO.jpg
feeding/test1,in_dev_pool,data/images/bimby2024/AxcOJwUKz1.jpg,F,bimby_collection,,AxcOJwUKz1.jpg
feeding/test1,in_dev_pool,data/images/bimby2024/aXiNIi9Rpo.jpg,F,bimby_collection,,aXiNIi9Rpo.jpg
feeding/test1,in_dev_pool,data/images/bimby2024/axlZdGz36o.jpg,F,bimby_collection,,axlZdGz36o.jpg
feeding/test1,in_dev_pool,data/images/bimby2024/axYuPFCxta.jpg,F,bimby_collection,,axYuPFCxta.jpg
feeding/test1,in_dev_pool,data/images/bimby2024/AzGwN2lHxY.jpg,F,bimby_collection,,AzGwN2lHxY.jpg
feeding/test1,in_dev_pool,data/images/bimby2024/aZTIho2luz.jpg,F,bimby_collection,,aZTIho2luz.jpg
feeding/test1,in_dev_pool,data/images/bimby2024/b1faMAz0h0.jpg,F,bimby_collection,,b1faMAz0h0.jpg
feeding/test1,in_dev_pool,data/images/bimby2024/b46XSHyeDA.jpg,F,bimby_collection,,b46XSHyeDA.jpg
feeding/test1,in_dev_pool,data/images/bimby2024/B4zkwortbH.jpg,F,bimby_collection,,B4zkwortbH.jpg
feeding/test1,in_dev_pool,data/images/bimby2024/b6JzkKfPE6.jpg,F,bimby_collection,,b6JzkKfPE6.jpg
feeding/test1,in_dev_pool,data/images/bimby2024/b749Qmjdi3.jpg,F,bimby_collection,,b749Qmjdi3.jpg
feeding/test1,in_dev_pool,data/images/bimby2024/b8Mjczb1uc.jpg,F,bimby_collection,,b8Mjczb1uc.jpg
feeding/test1,in_dev_pool,data/images/bimby2024/b8Qa6eZrmd.jpg,F,bimby_collection,,b8Qa6eZrmd.jpg
feeding/test1,in_dev_pool,data/images/bimby2024/bC74G7DZZ5.jpg,F,bimby_collection,,bC74G7DZZ5.jpg
feeding/test1,in_dev_pool,data/images/bimby2024/bCbWOsKUj9.jpg,F,bimby_collection,,bCbWOsKUj9.jpg
feeding/test1,in_dev_pool,data/images/bimby2024/bDHXo0hD3A.jpg,F,bimby_collection,,bDHXo0hD3A.jpg
feeding/test1,in_dev_pool,data/images/bimby2024/bdUZNE1M27.jpg,F,bimby_collection,,bdUZNE1M27.jpg
feeding/test1,in_dev_pool,data/images/bimby2024/bEeEFA1kS6.jpg,F,bimby_collection,,bEeEFA1kS6.jpg
feeding/test1,in_dev_pool,data/images/bimby2024/bEpC1YB1pC.jpg,F,bimby_collection,,bEpC1YB1pC.jpg
feeding/test1,in_dev_pool,data/images/bimby2024/BFaC2JHRPH.jpg,F,bimby_collection,,BFaC2JHRPH.jpg
feeding/test1,in_dev_pool,data/images/bimby2024/BFKhswbkOg.jpg,F,bimby_collection,,BFKhswbkOg.jpg
feeding/test1,in_dev_pool,data/images/bimby2024/bg2H57E7em.jpg,F,bimby_collection,,bg2H57E7em.jpg
feeding/test1,in_dev_pool,data/images/bimby2024/BGn84ukKHl.jpg,F,bimby_collection,,BGn84ukKHl.jpg
feeding/test1,in_dev_pool,data/images/bimby2024/bhhha2nqJG.jpg,F,bimby_collection,,bhhha2nqJG.jpg
feeding/test1,in_dev_pool,data/images/bimby2024/Bhqyi0qWcj.jpg,F,bimby_collection,,Bhqyi0qWcj.jpg
feeding/test1,in_dev_pool,data/images/bimby2024/BhwjVhVP2a.jpg,F,bimby_collection,,BhwjVhVP2a.jpg
feeding/test1,in_dev_pool,data/images/bimby2024/biChx6LWl7.jpg,F,bimby_collection,,biChx6LWl7.jpg
feeding/test1,in_dev_pool,data/images/bimby2024/BIDf92M1Hb.jpg,F,bimby_collection,,BIDf92M1Hb.jpg
feeding/test1,in_dev_pool,data/images/bimby2024/BiGq3df3uA.jpg,F,bimby_collection,,BiGq3df3uA.jpg
feeding/test1,in_dev_pool,data/images/bimby2024/biquTws37J.jpg,F,bimby_collection,,biquTws37J.jpg
feeding/test1,in_dev_pool,data/images/bimby2024/bIUhpgow6A.jpg,F,bimby_collection,,bIUhpgow6A.jpg
feeding/test1,in_dev_pool,data/images/bimby2024/bIzvX7Ezy8.jpg,F,bimby_collection,,bIzvX7Ezy8.jpg
feeding/test1,in_dev_pool,data/images/bimby2024/bJ6nleMfgX.jpg,F,bimby_collection,,bJ6nleMfgX.jpg
feeding/test1,in_dev_pool,data/images/bimby2024/BJbFplHcEF.jpg,F,bimby_collection,,BJbFplHcEF.jpg
feeding/test1,in_dev_pool,data/images/bimby2024/BJbVk9YTAi.jpg,F,bimby_collection,,BJbVk9YTAi.jpg
feeding/test1,in_dev_pool,data/images/bimby2024/BJIMKHLoFL.jpg,F,bimby_collection,,BJIMKHLoFL.jpg
feeding/test1,in_dev_pool,data/images/bimby2024/BLP4RE4WpB.jpg,F,bimby_collection,,BLP4RE4WpB.jpg
feeding/test1,in_dev_pool,data/images/bimby2024/BLYsHfCEmo.jpg,F,bimby_collection,,BLYsHfCEmo.jpg
feeding/test1,in_dev_pool,data/images/bimby2024/Bmiapky8Yk.jpg,F,bimby_collection,,Bmiapky8Yk.jpg
feeding/test1,in_dev_pool,data/images/bimby2024/BMmNcTBybW.jpg,F,bimby_collection,,BMmNcTBybW.jpg
feeding/test1,in_dev_pool,data/images/bimby2024/BnNdidmfHT.jpg,F,bimby_collection,,BnNdidmfHT.jpg
feeding/test1,in_dev_pool,data/images/bimby2024/bnz5IQnkn4.jpg,F,bimby_collection,,bnz5IQnkn4.jpg
feeding/test1,in_dev_pool,data/images/bimby2024/bOlYy16sCv.jpg,F,bimby_collection,,bOlYy16sCv.jpg
feeding/test1,in_dev_pool,data/images/bimby2024/bP0QxLI42S.jpg,F,bimby_collection,,bP0QxLI42S.jpg
feeding/test1,in_dev_pool,data/images/bimby2024/BpcSUsMLHo.jpg,F,bimby_collection,,BpcSUsMLHo.jpg
feeding/test1,in_dev_pool,data/images/bimby2024/bpfdRgDtDs.jpg,F,bimby_collection,,bpfdRgDtDs.jpg
feeding/test1,in_dev_pool,data/images/bimby2024/BQ0H4Z9Z4v.jpg,F,bimby_collection,,BQ0H4Z9Z4v.jpg
feeding/test1,in_dev_pool,data/images/bimby2024/BQ73zK2tru.jpg,F,bimby_collection,,BQ73zK2tru.jpg
feeding/test1,in_dev_pool,data/images/bimby2024/Bq9wS6F11T.jpg,F,bimby_collection,,Bq9wS6F11T.jpg
feeding/test1,in_dev_pool,data/images/bimby2024/bqaTr3DzoT.jpg,F,bimby_collection,,bqaTr3DzoT.jpg
feeding/test1,in_dev_pool,data/images/bimby2024/brBTdy0Wu8.jpg,F,bimby_collection,,brBTdy0Wu8.jpg
feeding/test1,in_dev_pool,data/images/bimby2024/BrJyzy9I8o.jpg,F,bimby_collection,,BrJyzy9I8o.jpg
feeding/test1,in_dev_pool,data/images/bimby2024/BRYT8oyGB6.jpg,F,bimby_collection,,BRYT8oyGB6.jpg
feeding/test1,in_dev_pool,data/images/bimby2024/Bt77KaBJqr.jpg,F,bimby_collection,,Bt77KaBJqr.jpg
feeding/test1,in_dev_pool,data/images/bimby2024/BtJ18pp7WM.jpg,F,bimby_collection,,BtJ18pp7WM.jpg
feeding/test1,in_dev_pool,data/images/bimby2024/BtqUWVk9q6.jpg,F,bimby_collection,,BtqUWVk9q6.jpg
feeding/test1,in_dev_pool,data/images/bimby2024/bTrtt67qEQ.jpg,F,bimby_collection,,bTrtt67qEQ.jpg
feeding/test1,in_dev_pool,data/images/bimby2024/btuyW9BzxN.jpg,F,bimby_collection,,btuyW9BzxN.jpg
feeding/test1,in_dev_pool,data/images/bimby2024/BUFIULAReF.jpg,F,bimby_collection,,BUFIULAReF.jpg
feeding/test1,in_dev_pool,data/images/bimby2024/BukxiQGcSQ.jpg,F,bimby_collection,,BukxiQGcSQ.jpg
feeding/test1,in_dev_pool,data/images/bimby2024/BUqMZZCRph.jpg,F,bimby_collection,,BUqMZZCRph.jpg
feeding/test1,in_dev_pool,data/images/bimby2024/buZfsfZBdW.jpg,F,bimby_collection,,buZfsfZBdW.jpg
feeding/test1,in_dev_pool,data/images/bimby2024/bV3M02bgHj.jpg,F,bimby_collection,,bV3M02bgHj.jpg
feeding/test1,in_dev_pool,data/images/bimby2024/bvatXUWJxQ.jpg,F,bimby_collection,,bvatXUWJxQ.jpg
feeding/test1,in_dev_pool,data/images/bimby2024/bvjbg2MYCF.jpg,F,bimby_collection,,bvjbg2MYCF.jpg
feeding/test1,in_dev_pool,data/images/bimby2024/bVMarPxsXx.jpg,F,bimby_collection,,bVMarPxsXx.jpg
feeding/test1,in_dev_pool,data/images/bimby2024/bwsc4TqNIa.jpg,F,bimby_collection,,bwsc4TqNIa.jpg
feeding/test1,in_dev_pool,data/images/bimby2024/bXVhI86XLE.jpg,F,bimby_collection,,bXVhI86XLE.jpg
feeding/test1,in_dev_pool,data/images/bimby2024/BYZaGXkyfM.jpg,F,bimby_collection,,BYZaGXkyfM.jpg
feeding/test1,in_dev_pool,data/images/bimby2024/Bz5xuzOpb0.jpg,F,bimby_collection,,Bz5xuzOpb0.jpg
feeding/test1,in_dev_pool,data/images/bimby2024/bzh0RBXPk4.jpg,F,bimby_collection,,bzh0RBXPk4.jpg
feeding/test1,in_dev_pool,data/images/bimby2024/Bzr4VWMcYV.jpg,F,bimby_collection,,Bzr4VWMcYV.jpg
feeding/test1,in_dev_pool,data/images/bimby2024/bzWfNuSPqk.jpg,F,bimby_collection,,bzWfNuSPqk.jpg
feeding/test1,in_dev_pool,data/images/bimby2024/C2hBhiYt3n.jpg,F,bimby_collection,,C2hBhiYt3n.jpg
feeding/test1,in_dev_pool,data/images/bimby2024/c3AY23vOJW.jpg,F,bimby_collection,,c3AY23vOJW.jpg
feeding/test1,in_dev_pool,data/images/bimby2024/c3vStGI5gJ.jpg,F,bimby_collection,,c3vStGI5gJ.jpg
feeding/test1,in_dev_pool,data/images/bimby2024/c5Arw3HMlw.jpg,F,bimby_collection,,c5Arw3HMlw.jpg
feeding/test1,in_dev_pool,data/images/bimby2024/c5pq5UssdZ.jpg,F,bimby_collection,,c5pq5UssdZ.jpg
feeding/test1,in_dev_pool,data/images/bimby2024/c7vgSbM79s.jpg,F,bimby_collection,,c7vgSbM79s.jpg
feeding/test1,in_dev_pool,data/images/bimby2024/caAiShy3MH.jpg,F,bimby_collection,,caAiShy3MH.jpg
feeding/test1,in_dev_pool,data/images/bimby2024/Caijq2IoyQ.jpg,F,bimby_collection,,Caijq2IoyQ.jpg
feeding/test1,in_dev_pool,data/images/bimby2024/cAupMnknF2.jpg,F,bimby_collection,,cAupMnknF2.jpg
feeding/test1,in_dev_pool,data/images/bimby2024/CAYFL2u4oP.jpg,F,bimby_collection,,CAYFL2u4oP.jpg
feeding/test1,in_dev_pool,data/images/bimby2024/cCh7F2QctR.jpg,F,bimby_collection,,cCh7F2QctR.jpg
feeding/test1,in_dev_pool,data/images/bimby2024/cdDlIxwKEy.jpg,F,bimby_collection,,cdDlIxwKEy.jpg
feeding/test1,in_dev_pool,data/images/bimby2024/CdrcRkUnmt.jpg,F,bimby_collection,,CdrcRkUnmt.jpg
feeding/test1,in_dev_pool,data/images/bimby2024/CFbVL9DzQC.jpg,F,bimby_collection,,CFbVL9DzQC.jpg
feeding/test1,in_dev_pool,data/images/bimby2024/Cfmhz0CtY9.jpg,F,bimby_collection,,Cfmhz0CtY9.jpg
feeding/test1,in_dev_pool,data/images/bimby2024/CgGWOK5Lk3.jpg,F,bimby_collection,,CgGWOK5Lk3.jpg
feeding/test1,in_dev_pool,data/images/bimby2024/CGiFHyra5C.jpg,F,bimby_collection,,CGiFHyra5C.jpg
feeding/test1,in_dev_pool,data/images/bimby2024/cHE8NxySEC.jpg,F,bimby_collection,,cHE8NxySEC.jpg
feeding/test1,in_dev_pool,data/images/bimby2024/chxth2cSid.jpg,F,bimby_collection,,chxth2cSid.jpg
feeding/test1,in_dev_pool,data/images/bimby2024/cixehmJjff.jpg,F,bimby_collection,,cixehmJjff.jpg
feeding/test1,in_dev_pool,data/images/bimby2024/CJ09ASjyxW.jpg,F,bimby_collection,,CJ09ASjyxW.jpg
feeding/test1,in_dev_pool,data/images/bimby2024/Cjsx0tXQJ6.jpg,F,bimby_collection,,Cjsx0tXQJ6.jpg
feeding/test1,in_dev_pool,data/images/bimby2024/ckHjs8grNn.jpg,F,bimby_collection,,ckHjs8grNn.jpg
feeding/test1,in_dev_pool,data/images/bimby2024/CKLYBQsCht.jpg,F,bimby_collection,,CKLYBQsCht.jpg
feeding/test1,in_dev_pool,data/images/bimby2024/CKmm56IsdK.jpg,F,bimby_collection,,CKmm56IsdK.jpg
feeding/test1,in_dev_pool,data/images/bimby2024/ckMvio7K6O.jpg,F,bimby_collection,,ckMvio7K6O.jpg
feeding/test1,in_dev_pool,data/images/bimby2024/cksoyZKTYz.jpg,F,bimby_collection,,cksoyZKTYz.jpg
feeding/test1,in_dev_pool,data/images/bimby2024/cKUx252Fkm.jpg,F,bimby_collection,,cKUx252Fkm.jpg
feeding/test1,in_dev_pool,data/images/bimby2024/cLH5vzWNGJ.jpg,F,bimby_collection,,cLH5vzWNGJ.jpg
feeding/test1,in_dev_pool,data/images/bimby2024/CLHYeFxuS6.jpg,F,bimby_collection,,CLHYeFxuS6.jpg
feeding/test1,in_dev_pool,data/images/bimby2024/CLMtbVzULR.jpg,F,bimby_collection,,CLMtbVzULR.jpg
feeding/test1,in_dev_pool,data/images/bimby2024/cm6Faoz3IZ.jpg,F,bimby_collection,,cm6Faoz3IZ.jpg
feeding/test1,in_dev_pool,data/images/bimby2024/CmT1BPZHhY.jpg,F,bimby_collection,,CmT1BPZHhY.jpg
feeding/test1,in_dev_pool,data/images/bimby2024/co8jETYytG.jpg,F,bimby_collection,,co8jETYytG.jpg
feeding/test1,in_dev_pool,data/images/bimby2024/cOfF9gJRTl.jpg,F,bimby_collection,,cOfF9gJRTl.jpg
feeding/test1,in_dev_pool,data/images/bimby2024/cogJyNnwUk.jpg,F,bimby_collection,,cogJyNnwUk.jpg
feeding/test1,in_dev_pool,data/images/bimby2024/COHaUpGBqh.jpg,F,bimby_collection,,COHaUpGBqh.jpg
feeding/test1,in_dev_pool,data/images/bimby2024/coI8LU0B0E.jpg,F,bimby_collection,,coI8LU0B0E.jpg
feeding/test1,in_dev_pool,data/images/bimby2024/CQJilfcoOc.jpg,F,bimby_collection,,CQJilfcoOc.jpg
feeding/test1,in_dev_pool,data/images/bimby2024/cqjyx42e9H.jpg,F,bimby_collection,,cqjyx42e9H.jpg
feeding/test1,in_dev_pool,data/images/bimby2024/CqNDi2vmkp.jpg,F,bimby_collection,,CqNDi2vmkp.jpg
feeding/test1,in_dev_pool,data/images/bimby2024/Cr5LWMqkcc.jpg,F,bimby_collection,,Cr5LWMqkcc.jpg
feeding/test1,in_dev_pool,data/images/bimby2024/CRaleUMZha.jpg,F,bimby_collection,,CRaleUMZha.jpg
feeding/test1,in_dev_pool,data/images/bimby2024/CT3kFjXHve.jpg,F,bimby_collection,,CT3kFjXHve.jpg
feeding/test1,in_dev_pool,data/images/bimby2024/CT9jxxKEA2.jpg,F,bimby_collection,,CT9jxxKEA2.jpg
feeding/test1,in_dev_pool,data/images/bimby2024/Cta5RvXkwe.jpg,F,bimby_collection,,Cta5RvXkwe.jpg
feeding/test1,in_dev_pool,data/images/bimby2024/CtI7NQuRma.jpg,F,bimby_collection,,CtI7NQuRma.jpg
feeding/test1,in_dev_pool,data/images/bimby2024/cvA9twaZDm.jpg,F,bimby_collection,,cvA9twaZDm.jpg
feeding/test1,in_dev_pool,data/images/bimby2024/CvnU5xeG3l.jpg,F,bimby_collection,,CvnU5xeG3l.jpg
feeding/test1,in_dev_pool,data/images/bimby2024/cVZbL3XHO1.jpg,F,bimby_collection,,cVZbL3XHO1.jpg
feeding/test1,in_dev_pool,data/images/bimby2024/cW3pRMGX8G.jpg,F,bimby_collection,,cW3pRMGX8G.jpg
feeding/test1,in_dev_pool,data/images/bimby2024/cWg4XLGPX2.jpg,F,bimby_collection,,cWg4XLGPX2.jpg
feeding/test1,in_dev_pool,data/images/bimby2024/cWMZNuz0yb.jpg,F,bimby_collection,,cWMZNuz0yb.jpg
feeding/test1,in_dev_pool,data/images/bimby2024/cXHkr1ZWzc.jpg,F,bimby_collection,,cXHkr1ZWzc.jpg
feeding/test1,in_dev_pool,data/images/bimby2024/cxmIdyDlrY.jpg,F,bimby_collection,,cxmIdyDlrY.jpg
feeding/test1,in_dev_pool,data/images/bimby2024/Cxx19sts2O.jpg,F,bimby_collection,,Cxx19sts2O.jpg
feeding/test1,in_dev_pool,data/images/bimby2024/CYQfuvLhn4.jpg,F,bimby_collection,,CYQfuvLhn4.jpg
feeding/test1,in_dev_pool,data/images/bimby2024/cyyO3SMI9E.jpg,F,bimby_collection,,cyyO3SMI9E.jpg
feeding/test1,in_dev_pool,data/images/bimby2024/CZiQuwwkCM.jpg,F,bimby_collection,,CZiQuwwkCM.jpg
feeding/test1,in_dev_pool,data/images/bimby2024/CZk8z87xSU.jpg,F,bimby_collection,,CZk8z87xSU.jpg
feeding/test1,in_dev_pool,data/images/bimby2024/d1dVpNoGjb.jpg,F,bimby_collection,,d1dVpNoGjb.jpg
feeding/test1,in_dev_pool,data/images/bimby2024/D2ttwj9vbP.jpg,F,bimby_collection,,D2ttwj9vbP.jpg
feeding/test1,in_dev_pool,data/images/bimby2024/d3UONNgx0d.jpg,F,bimby_collection,,d3UONNgx0d.jpg
feeding/test1,in_dev_pool,data/images/bimby2024/d6Dq7j0y4X.jpg,F,bimby_collection,,d6Dq7j0y4X.jpg
feeding/test1,in_dev_pool,data/images/bimby2024/d7snEA07hk.jpg,F,bimby_collection,,d7snEA07hk.jpg
feeding/test1,in_dev_pool,data/images/bimby2024/d84RSn9RsI.jpg,F,bimby_collection,,d84RSn9RsI.jpg
feeding/test1,in_dev_pool,data/images/bimby2024/d8yfwIVEBT.jpg,F,bimby_collection,,d8yfwIVEBT.jpg
feeding/test1,in_dev_pool,data/images/bimby2024/d91fmBAi5e.jpg,F,bimby_collection,,d91fmBAi5e.jpg
feeding/test1,in_dev_pool,data/images/bimby2024/d9oBfyLVD0.jpg,F,bimby_collection,,d9oBfyLVD0.jpg
feeding/test1,in_dev_pool,data/images/bimby2024/DaEnbNrWjm.jpg,F,bimby_collection,,DaEnbNrWjm.jpg
feeding/test1,in_dev_pool,data/images/bimby2024/Db2WZDJvjr.jpg,F,bimby_collection,,Db2WZDJvjr.jpg
feeding/test1,in_dev_pool,data/images/bimby2024/Dbc4LnCtCo.jpg,F,bimby_collection,,Dbc4LnCtCo.jpg
feeding/test1,in_dev_pool,data/images/bimby2024/DBk11TPeTV.jpg,F,bimby_collection,,DBk11TPeTV.jpg
feeding/test1,in_dev_pool,data/images/bimby2024/DbQ7DoePFH.jpg,F,bimby_collection,,DbQ7DoePFH.jpg
feeding/test1,in_dev_pool,data/images/bimby2024/dcFQ0ewMVm.jpg,F,bimby_collection,,dcFQ0ewMVm.jpg
feeding/test1,in_dev_pool,data/images/bimby2024/dcfqQEMnFp.jpg,F,bimby_collection,,dcfqQEMnFp.jpg
feeding/test1,in_dev_pool,data/images/bimby2024/dckI8PgFUW.jpg,F,bimby_collection,,dckI8PgFUW.jpg
feeding/test1,in_dev_pool,data/images/bimby2024/DclMEdV7gj.jpg,F,bimby_collection,,DclMEdV7gj.jpg
feeding/test1,in_dev_pool,data/images/bimby2024/dd0is34IG6.jpg,F,bimby_collection,,dd0is34IG6.jpg
feeding/test1,in_dev_pool,data/images/bimby2024/dDcpP6TBwR.jpg,F,bimby_collection,,dDcpP6TBwR.jpg
feeding/test1,in_dev_pool,data/images/bimby2024/Df3AiPisVM.jpg,F,bimby_collection,,Df3AiPisVM.jpg
feeding/test1,in_dev_pool,data/images/bimby2024/dFbAmkluL1.jpg,F,bimby_collection,,dFbAmkluL1.jpg
feeding/test1,in_dev_pool,data/images/bimby2024/dfbFAzn8Yb.jpg,F,bimby_collection,,dfbFAzn8Yb.jpg
feeding/test1,in_dev_pool,data/images/bimby2024/dFQURfEfkZ.jpg,F,bimby_collection,,dFQURfEfkZ.jpg
feeding/test1,in_dev_pool,data/images/bimby2024/dg52xTYEv4.jpg,F,bimby_collection,,dg52xTYEv4.jpg
feeding/test1,in_dev_pool,data/images/bimby2024/DgJ52nj9hi.jpg,F,bimby_collection,,DgJ52nj9hi.jpg
feeding/test1,in_dev_pool,data/images/bimby2024/DgqsR7FZmC.jpg,F,bimby_collection,,DgqsR7FZmC.jpg
feeding/test1,in_dev_pool,data/images/bimby2024/DgRR4V7ErW.jpg,F,bimby_collection,,DgRR4V7ErW.jpg
feeding/test1,in_dev_pool,data/images/bimby2024/DHajt7Qflm.jpg,F,bimby_collection,,DHajt7Qflm.jpg
feeding/test1,in_dev_pool,data/images/bimby2024/dheYDqAY3O.jpg,F,bimby_collection,,dheYDqAY3O.jpg
feeding/test1,in_dev_pool,data/images/bimby2024/DhtHBtGmok.jpg,F,bimby_collection,,DhtHBtGmok.jpg
feeding/test1,in_dev_pool,data/images/bimby2024/dhY2tkJ2cK.jpg,F,bimby_collection,,dhY2tkJ2cK.jpg
feeding/test1,in_dev_pool,data/images/bimby2024/DJjR6EJ5Uv.jpg,F,bimby_collection,,DJjR6EJ5Uv.jpg
feeding/test1,in_dev_pool,data/images/bimby2024/dJVP33ddfX.jpg,F,bimby_collection,,dJVP33ddfX.jpg
feeding/test1,in_dev_pool,data/images/bimby2024/DksJNzh60q.jpg,F,bimby_collection,,DksJNzh60q.jpg
feeding/test1,in_dev_pool,data/images/bimby2024/DkUUNHf3Ti.jpg,F,bimby_collection,,DkUUNHf3Ti.jpg
feeding/test1,in_dev_pool,data/images/bimby2024/dlIdIRjGYN.jpg,F,bimby_collection,,dlIdIRjGYN.jpg
feeding/test1,in_dev_pool,data/images/bimby2024/dlQHUfmc5g.jpg,F,bimby_collection,,dlQHUfmc5g.jpg
feeding/test1,in_dev_pool,data/images/bimby2024/dlVluzD0ZT.jpg,F,bimby_collection,,dlVluzD0ZT.jpg
feeding/test1,in_dev_pool,data/images/bimby2024/dmAXAxUvAY.jpg,F,bimby_collection,,dmAXAxUvAY.jpg
feeding/test1,in_dev_pool,data/images/bimby2024/dmhE8tpqq2.jpg,F,bimby_collection,,dmhE8tpqq2.jpg
feeding/test1,in_dev_pool,data/images/bimby2024/DMWBVwVqTP.jpg,F,bimby_collection,,DMWBVwVqTP.jpg
feeding/test1,in_dev_pool,data/images/bimby2024/DnbF9j35YI.jpg,F,bimby_collection,,DnbF9j35YI.jpg
feeding/test1,in_dev_pool,data/images/bimby2024/dObe1Px59v.jpg,F,bimby_collection,,dObe1Px59v.jpg
feeding/test1,in_dev_pool,data/images/bimby2024/doe5GwGHz4.jpg,F,bimby_collection,,doe5GwGHz4.jpg
feeding/test1,in_dev_pool,data/images/bimby2024/dP8LVTTsyA.jpg,F,bimby_collection,,dP8LVTTsyA.jpg
feeding/test1,in_dev_pool,data/images/bimby2024/dPhKrtpAQx.jpg,F,bimby_collection,,dPhKrtpAQx.jpg
feeding/test1,in_dev_pool,data/images/bimby2024/DPZqz3BxlE.jpg,F,bimby_collection,,DPZqz3BxlE.jpg
feeding/test1,in_dev_pool,data/images/bimby2024/DQ8prUKZ08.jpg,F,bimby_collection,,DQ8prUKZ08.jpg
feeding/test1,in_dev_pool,data/images/bimby2024/DQHRC79oOA.jpg,F,bimby_collection,,DQHRC79oOA.jpg
feeding/test1,in_dev_pool,data/images/bimby2024/DRoIezVm0F.jpg,F,bimby_collection,,DRoIezVm0F.jpg
feeding/test1,in_dev_pool,data/images/bimby2024/drrZR1lhzt.jpg,F,bimby_collection,,drrZR1lhzt.jpg
feeding/test1,in_dev_pool,data/images/bimby2024/dRxBluV5ss.jpg,F,bimby_collection,,dRxBluV5ss.jpg
feeding/test1,in_dev_pool,data/images/bimby2024/dtBeLAcT0L.jpg,F,bimby_collection,,dtBeLAcT0L.jpg
feeding/test1,in_dev_pool,data/images/bimby2024/DTBqlTBp14.jpg,F,bimby_collection,,DTBqlTBp14.jpg
feeding/test1,in_dev_pool,data/images/bimby2024/dTR51A6MaU.jpg,F,bimby_collection,,dTR51A6MaU.jpg
feeding/test1,in_dev_pool,data/images/bimby2024/dVGkEm6aqu.jpg,F,bimby_collection,,dVGkEm6aqu.jpg
feeding/test1,in_dev_pool,data/images/bimby2024/dVitiZnTWt.jpg,F,bimby_collection,,dVitiZnTWt.jpg
feeding/test1,in_dev_pool,data/images/bimby2024/DwQuEPsUQ0.jpg,F,bimby_collection,,DwQuEPsUQ0.jpg
feeding/test1,in_dev_pool,data/images/bimby2024/dX5OvdmOTp.jpg,F,bimby_collection,,dX5OvdmOTp.jpg
feeding/test1,in_dev_pool,data/images/bimby2024/dXx5avYf78.jpg,F,bimby_collection,,dXx5avYf78.jpg
feeding/test1,in_dev_pool,data/images/bimby2024/dY0Gh5LGig.jpg,F,bimby_collection,,dY0Gh5LGig.jpg
feeding/test1,in_dev_pool,data/images/bimby2024/dYbFH8ith8.jpg,F,bimby_collection,,dYbFH8ith8.jpg
feeding/test1,in_dev_pool,data/images/bimby2024/dyOOJso8LR.jpg,F,bimby_collection,,dyOOJso8LR.jpg
feeding/test1,in_dev_pool,data/images/bimby2024/dYpRp6ql5y.jpg,F,bimby_collection,,dYpRp6ql5y.jpg
feeding/test1,in_dev_pool,data/images/bimby2024/dyVKqgWd7p.jpg,F,bimby_collection,,dyVKqgWd7p.jpg
feeding/test1,in_dev_pool,data/images/bimby2024/DzcdoYVuSv.jpg,F,bimby_collection,,DzcdoYVuSv.jpg
feeding/test1,in_dev_pool,data/images/bimby2024/DzMi8gXeV7.jpg,F,bimby_collection,,DzMi8gXeV7.jpg
feeding/test1,in_dev_pool,data/images/bimby2024/DZnXMLmFCz.jpg,F,bimby_collection,,DZnXMLmFCz.jpg
feeding/test1,in_dev_pool,data/images/bimby2024/E0HczXtSQE.jpg,F,bimby_collection,,E0HczXtSQE.jpg
feeding/test1,in_dev_pool,data/images/bimby2024/e0VfxRTeCj.jpg,F,bimby_collection,,e0VfxRTeCj.jpg
feeding/test1,in_dev_pool,data/images/bimby2024/E1XDs6bEce.jpg,F,bimby_collection,,E1XDs6bEce.jpg
feeding/test1,in_dev_pool,data/images/bimby2024/e2BxCU2LIf.jpg,F,bimby_collection,,e2BxCU2LIf.jpg
feeding/test1,in_dev_pool,data/images/bimby2024/e52cXnkXCd.jpg,F,bimby_collection,,e52cXnkXCd.jpg
feeding/test1,in_dev_pool,data/images/bimby2024/e6B01A6X4N.jpg,F,bimby_collection,,e6B01A6X4N.jpg
feeding/test1,in_dev_pool,data/images/bimby2024/e6NbapGjyd.jpg,F,bimby_collection,,e6NbapGjyd.jpg
feeding/test1,in_dev_pool,data/images/bimby2024/e7BFKbefgm.jpg,F,bimby_collection,,e7BFKbefgm.jpg
feeding/test1,in_dev_pool,data/images/bimby2024/e8nuMuJacG.jpg,F,bimby_collection,,e8nuMuJacG.jpg
feeding/test1,in_dev_pool,data/images/bimby2024/e9JSK0FhWu.jpg,F,bimby_collection,,e9JSK0FhWu.jpg
feeding/test1,in_dev_pool,data/images/bimby2024/EbMtpGOk8T.jpg,F,bimby_collection,,EbMtpGOk8T.jpg
feeding/test1,in_dev_pool,data/images/bimby2024/EBn6cd3LIx.jpg,F,bimby_collection,,EBn6cd3LIx.jpg
feeding/test1,in_dev_pool,data/images/bimby2024/EBnb9Z8zan.jpg,F,bimby_collection,,EBnb9Z8zan.jpg
feeding/test1,in_dev_pool,data/images/bimby2024/eCiQ7FMtWT.jpg,F,bimby_collection,,eCiQ7FMtWT.jpg
feeding/test1,in_dev_pool,data/images/bimby2024/Ecu8DD0j3U.jpg,F,bimby_collection,,Ecu8DD0j3U.jpg
feeding/test1,in_dev_pool,data/images/bimby2024/EdJGfj2nXQ.jpg,F,bimby_collection,,EdJGfj2nXQ.jpg
feeding/test1,in_dev_pool,data/images/bimby2024/edWcjRnal1.jpg,F,bimby_collection,,edWcjRnal1.jpg
feeding/test1,in_dev_pool,data/images/bimby2024/EFyYOlRJB3.jpg,F,bimby_collection,,EFyYOlRJB3.jpg
feeding/test1,in_dev_pool,data/images/bimby2024/EG5FYDYywo.jpg,F,bimby_collection,,EG5FYDYywo.jpg
feeding/test1,in_dev_pool,data/images/bimby2024/EGBE4qgx6V.jpg,F,bimby_collection,,EGBE4qgx6V.jpg
feeding/test1,in_dev_pool,data/images/bimby2024/EGxKj36OUo.jpg,F,bimby_collection,,EGxKj36OUo.jpg
feeding/test1,in_dev_pool,data/images/bimby2024/EH4DyfzOHc.jpg,F,bimby_collection,,EH4DyfzOHc.jpg
feeding/test1,in_dev_pool,data/images/bimby2024/EHVhhLzcRR.jpg,F,bimby_collection,,EHVhhLzcRR.jpg
feeding/test1,in_dev_pool,data/images/bimby2024/ei84pODft7.jpg,F,bimby_collection,,ei84pODft7.jpg
feeding/test1,in_dev_pool,data/images/bimby2024/eihn25IMKG.jpg,F,bimby_collection,,eihn25IMKG.jpg
feeding/test1,in_dev_pool,data/images/bimby2024/EiKwYgvELC.jpg,F,bimby_collection,,EiKwYgvELC.jpg
feeding/test1,in_dev_pool,data/images/bimby2024/EIsBdqoRJO.jpg,F,bimby_collection,,EIsBdqoRJO.jpg
feeding/test1,in_dev_pool,data/images/bimby2024/EJjLhwHdfe.jpg,F,bimby_collection,,EJjLhwHdfe.jpg
feeding/test1,in_dev_pool,data/images/bimby2024/ek4i5T83GK.jpg,F,bimby_collection,,ek4i5T83GK.jpg
feeding/test1,in_dev_pool,data/images/bimby2024/EKKxFZIGV0.jpg,F,bimby_collection,,EKKxFZIGV0.jpg
feeding/test1,in_dev_pool,data/images/bimby2024/EKOBG0LTLA.jpg,F,bimby_collection,,EKOBG0LTLA.jpg
feeding/test1,in_dev_pool,data/images/bimby2024/EKrl70wwHu.jpg,F,bimby_collection,,EKrl70wwHu.jpg
feeding/test1,in_dev_pool,data/images/bimby2024/ElAQdETF1V.jpg,F,bimby_collection,,ElAQdETF1V.jpg
feeding/test1,in_dev_pool,data/images/bimby2024/eLFiS1TDEk.jpg,F,bimby_collection,,eLFiS1TDEk.jpg
feeding/test1,in_dev_pool,data/images/bimby2024/emgx6rzEQV.jpg,F,bimby_collection,,emgx6rzEQV.jpg
feeding/test1,in_dev_pool,data/images/bimby2024/eMwRAWnvk5.jpg,F,bimby_collection,,eMwRAWnvk5.jpg
feeding/test1,in_dev_pool,data/images/bimby2024/EN4Ahb5Orn.jpg,F,bimby_collection,,EN4Ahb5Orn.jpg
feeding/test1,in_dev_pool,data/images/bimby2024/EnAMczmxEP.jpg,F,bimby_collection,,EnAMczmxEP.jpg
feeding/test1,in_dev_pool,data/images/bimby2024/eNj3ZSDEr3.jpg,F,bimby_collection,,eNj3ZSDEr3.jpg
feeding/test1,in_dev_pool,data/images/bimby2024/EOcE1AXpzo.jpg,F,bimby_collection,,EOcE1AXpzo.jpg
feeding/test1,in_dev_pool,data/images/bimby2024/eOvFxyIYX7.jpg,F,bimby_collection,,eOvFxyIYX7.jpg
feeding/test1,in_dev_pool,data/images/bimby2024/EpMh6FrHMl.jpg,F,bimby_collection,,EpMh6FrHMl.jpg
feeding/test1,in_dev_pool,data/images/bimby2024/ePo1YqZjCG.jpg,F,bimby_collection,,ePo1YqZjCG.jpg
feeding/test1,in_dev_pool,data/images/bimby2024/eq6Q3lWlHQ.jpg,F,bimby_collection,,eq6Q3lWlHQ.jpg
feeding/test1,in_dev_pool,data/images/bimby2024/eq8rcdjD0S.jpg,F,bimby_collection,,eq8rcdjD0S.jpg
feeding/test1,in_dev_pool,data/images/bimby2024/ernwAXohC4.jpg,F,bimby_collection,,ernwAXohC4.jpg
feeding/test1,in_dev_pool,data/images/bimby2024/ESyl6BbAEB.jpg,F,bimby_collection,,ESyl6BbAEB.jpg
feeding/test1,in_dev_pool,data/images/bimby2024/eTosndCaJD.jpg,F,bimby_collection,,eTosndCaJD.jpg
feeding/test1,in_dev_pool,data/images/bimby2024/eVB5lyLJJP.jpg,F,bimby_collection,,eVB5lyLJJP.jpg
feeding/test1,in_dev_pool,data/images/bimby2024/evCPXO4lbF.jpg,F,bimby_collection,,evCPXO4lbF.jpg
feeding/test1,in_dev_pool,data/images/bimby2024/evHaTzPaX2.jpg,F,bimby_collection,,evHaTzPaX2.jpg
feeding/test1,in_dev_pool,data/images/bimby2024/eW7b3uHyDp.jpg,F,bimby_collection,,eW7b3uHyDp.jpg
feeding/test1,in_dev_pool,data/images/bimby2024/ExcNgPm7YH.jpg,F,bimby_collection,,ExcNgPm7YH.jpg
feeding/test1,in_dev_pool,data/images/bimby2024/EXLP1f7H5M.jpg,F,bimby_collection,,EXLP1f7H5M.jpg
feeding/test1,in_dev_pool,data/images/bimby2024/ExsbNkqHen.jpg,F,bimby_collection,,ExsbNkqHen.jpg
feeding/test1,in_dev_pool,data/images/bimby2024/ey0a6JgQlu.jpg,F,bimby_collection,,ey0a6JgQlu.jpg
feeding/test1,in_dev_pool,data/images/bimby2024/eYCaZrIJCv.jpg,F,bimby_collection,,eYCaZrIJCv.jpg
feeding/test1,in_dev_pool,data/images/bimby2024/EYF59sVGCj.jpg,F,bimby_collection,,EYF59sVGCj.jpg
feeding/test1,in_dev_pool,data/images/bimby2024/EYW2B92vU6.jpg,F,bimby_collection,,EYW2B92vU6.jpg
feeding/test1,in_dev_pool,data/images/bimby2024/eYx0zEjmWQ.jpg,F,bimby_collection,,eYx0zEjmWQ.jpg
feeding/test1,in_dev_pool,data/images/bimby2024/EZAcEHn36u.jpg,F,bimby_collection,,EZAcEHn36u.jpg
feeding/test1,in_dev_pool,data/images/bimby2024/eZmkFOEtlO.jpg,F,bimby_collection,,eZmkFOEtlO.jpg
feeding/test1,in_dev_pool,data/images/bimby2024/ezNIekRZ3b.jpg,F,bimby_collection,,ezNIekRZ3b.jpg
feeding/test1,in_dev_pool,data/images/bimby2024/ezSZioRdHR.jpg,F,bimby_collection,,ezSZioRdHR.jpg
feeding/test1,in_dev_pool,data/images/bimby2024/eZz4SdhMAl.jpg,F,bimby_collection,,eZz4SdhMAl.jpg
feeding/test1,in_dev_pool,data/images/bimby2024/f0qLFgHglq.jpg,F,bimby_collection,,f0qLFgHglq.jpg
feeding/test1,in_dev_pool,data/images/bimby2024/f18Xb7Ck0q.jpg,F,bimby_collection,,f18Xb7Ck0q.jpg
feeding/test1,in_dev_pool,data/images/bimby2024/f1xd7vVxjV.jpg,F,bimby_collection,,f1xd7vVxjV.jpg
feeding/test1,in_dev_pool,data/images/bimby2024/f2PMVkG6bs.jpg,F,bimby_collection,,f2PMVkG6bs.jpg
feeding/test1,in_dev_pool,data/images/bimby2024/F2rKfSS1wN.jpg,F,bimby_collection,,F2rKfSS1wN.jpg
feeding/test1,in_dev_pool,data/images/bimby2024/F3ZJGXgB9J.jpg,F,bimby_collection,,F3ZJGXgB9J.jpg
feeding/test1,in_dev_pool,data/images/bimby2024/F4AUrbA1Xj.jpg,F,bimby_collection,,F4AUrbA1Xj.jpg
feeding/test1,in_dev_pool,data/images/bimby2024/F4yvzIV5oM.jpg,F,bimby_collection,,F4yvzIV5oM.jpg
feeding/test1,in_dev_pool,data/images/bimby2024/f5MbfRRwbv.jpg,F,bimby_collection,,f5MbfRRwbv.jpg
feeding/test1,in_dev_pool,data/images/bimby2024/f5uQ8r79TD.jpg,F,bimby_collection,,f5uQ8r79TD.jpg
feeding/test1,in_dev_pool,data/images/bimby2024/F7GwRkS6L6.jpg,F,bimby_collection,,F7GwRkS6L6.jpg
feeding/test1,in_dev_pool,data/images/bimby2024/F8VHkKcuJK.jpg,F,bimby_collection,,F8VHkKcuJK.jpg
feeding/test1,in_dev_pool,data/images/bimby2024/f9qmV9ZtlT.jpg,F,bimby_collection,,f9qmV9ZtlT.jpg
feeding/test1,in_dev_pool,data/images/bimby2024/FA4L0ty8By.jpg,F,bimby_collection,,FA4L0ty8By.jpg
feeding/test1,in_dev_pool,data/images/bimby2024/FawcC97EOY.jpg,F,bimby_collection,,FawcC97EOY.jpg
feeding/test1,in_dev_pool,data/images/bimby2024/FBo84z3wvH.jpg,F,bimby_collection,,FBo84z3wvH.jpg
feeding/test1,in_dev_pool,data/images/bimby2024/fcgkSsWA4f.jpg,F,bimby_collection,,fcgkSsWA4f.jpg
feeding/test1,in_dev_pool,data/images/bimby2024/FcL6krjk0E.jpg,F,bimby_collection,,FcL6krjk0E.jpg
feeding/test1,in_dev_pool,data/images/bimby2024/FCwu1zboLn.jpg,F,bimby_collection,,FCwu1zboLn.jpg
feeding/test1,in_dev_pool,data/images/bimby2024/fcy0XG7U6M.jpg,F,bimby_collection,,fcy0XG7U6M.jpg
feeding/test1,in_dev_pool,data/images/bimby2024/FdVUcn75rN.jpg,F,bimby_collection,,FdVUcn75rN.jpg
feeding/test1,in_dev_pool,data/images/bimby2024/Fe7Jy5FlFR.jpg,F,bimby_collection,,Fe7Jy5FlFR.jpg
feeding/test1,in_dev_pool,data/images/bimby2024/feiYjqIzsa.jpg,F,bimby_collection,,feiYjqIzsa.jpg
feeding/test1,in_dev_pool,data/images/bimby2024/fEw4fgo8IW.jpg,F,bimby_collection,,fEw4fgo8IW.jpg
feeding/test1,in_dev_pool,data/images/bimby2024/fewjLgekUK.jpg,F,bimby_collection,,fewjLgekUK.jpg
feeding/test1,in_dev_pool,data/images/bimby2024/FfUiGuM8Ka.jpg,F,bimby_collection,,FfUiGuM8Ka.jpg
feeding/test1,in_dev_pool,data/images/bimby2024/fFXSEVgdoA.jpg,F,bimby_collection,,fFXSEVgdoA.jpg
feeding/test1,in_dev_pool,data/images/bimby2024/FGhDKT1ZlR.jpg,F,bimby_collection,,FGhDKT1ZlR.jpg
feeding/test1,in_dev_pool,data/images/bimby2024/fgvlFGwwgO.jpg,F,bimby_collection,,fgvlFGwwgO.jpg
feeding/test1,in_dev_pool,data/images/bimby2024/FGZv1Zx4gg.jpg,F,bimby_collection,,FGZv1Zx4gg.jpg
feeding/test1,in_dev_pool,data/images/bimby2024/FHT75qZBbE.jpg,F,bimby_collection,,FHT75qZBbE.jpg
feeding/test1,in_dev_pool,data/images/bimby2024/fhVelTTAdD.jpg,F,bimby_collection,,fhVelTTAdD.jpg
feeding/test1,in_dev_pool,data/images/bimby2024/Fid9jzLdqN.jpg,F,bimby_collection,,Fid9jzLdqN.jpg
feeding/test1,in_dev_pool,data/images/bimby2024/FIMpgcFKCa.jpg,F,bimby_collection,,FIMpgcFKCa.jpg
feeding/test1,in_dev_pool,data/images/bimby2024/FjHIk5SuWL.jpg,F,bimby_collection,,FjHIk5SuWL.jpg
feeding/test1,in_dev_pool,data/images/bimby2024/fjjYcpConj.jpg,F,bimby_collection,,fjjYcpConj.jpg
feeding/test1,in_dev_pool,data/images/bimby2024/FJpTzI1BJN.jpg,F,bimby_collection,,FJpTzI1BJN.jpg
feeding/test1,in_dev_pool,data/images/bimby2024/fjPVt3XywO.jpg,F,bimby_collection,,fjPVt3XywO.jpg
feeding/test1,in_dev_pool,data/images/bimby2024/FlYvO14zpl.jpg,F,bimby_collection,,FlYvO14zpl.jpg
feeding/test1,in_dev_pool,data/images/bimby2024/fMCvVsoOAE.jpg,F,bimby_collection,,fMCvVsoOAE.jpg
feeding/test1,in_dev_pool,data/images/bimby2024/FMDyPI6ual.jpg,F,bimby_collection,,FMDyPI6ual.jpg
feeding/test1,in_dev_pool,data/images/bimby2024/fmJWIRgTjb.jpg,F,bimby_collection,,fmJWIRgTjb.jpg
feeding/test1,in_dev_pool,data/images/bimby2024/fNXFSFIq25.jpg,F,bimby_collection,,fNXFSFIq25.jpg
feeding/test1,in_dev_pool,data/images/bimby2024/foPRmYAJTE.jpg,F,bimby_collection,,foPRmYAJTE.jpg
feeding/test1,in_dev_pool,data/images/bimby2024/FOsFCVLVhT.jpg,F,bimby_collection,,FOsFCVLVhT.jpg
feeding/test1,in_dev_pool,data/images/bimby2024/FPq1eYpCvt.jpg,F,bimby_collection,,FPq1eYpCvt.jpg
feeding/test1,in_dev_pool,data/images/bimby2024/FQKDtT1ctP.jpg,F,bimby_collection,,FQKDtT1ctP.jpg
feeding/test1,in_dev_pool,data/images/bimby2024/fRC3tpZLE9.jpg,F,bimby_collection,,fRC3tpZLE9.jpg
feeding/test1,in_dev_pool,data/images/bimby2024/fSjCtSgysH.jpg,F,bimby_collection,,fSjCtSgysH.jpg
feeding/test1,in_dev_pool,data/images/bimby2024/fsndHgnd3n.jpg,F,bimby_collection,,fsndHgnd3n.jpg
feeding/test1,in_dev_pool,data/images/bimby2024/fSquPZ8P8m.jpg,F,bimby_collection,,fSquPZ8P8m.jpg
feeding/test1,in_dev_pool,data/images/bimby2024/FsVo20w6o7.jpg,F,bimby_collection,,FsVo20w6o7.jpg
feeding/test1,in_dev_pool,data/images/bimby2024/FTHDOatGab.jpg,F,bimby_collection,,FTHDOatGab.jpg
feeding/test1,in_dev_pool,data/images/bimby2024/fU5ahbwcpT.jpg,F,bimby_collection,,fU5ahbwcpT.jpg
feeding/test1,in_dev_pool,data/images/bimby2024/fu6pSSNNaQ.jpg,F,bimby_collection,,fu6pSSNNaQ.jpg
feeding/test1,in_dev_pool,data/images/bimby2024/fV0LVhwGUv.jpg,F,bimby_collection,,fV0LVhwGUv.jpg
feeding/test1,in_dev_pool,data/images/bimby2024/fV1Lvm5ju3.jpg,F,bimby_collection,,fV1Lvm5ju3.jpg
feeding/test1,in_dev_pool,data/images/bimby2024/FvnQqacrtE.jpg,F,bimby_collection,,FvnQqacrtE.jpg
feeding/test1,in_dev_pool,data/images/bimby2024/fVxxQh989R.jpg,F,bimby_collection,,fVxxQh989R.jpg
feeding/test1,in_dev_pool,data/images/bimby2024/fx7r3s9Ej7.jpg,F,bimby_collection,,fx7r3s9Ej7.jpg
feeding/test1,in_dev_pool,data/images/bimby2024/FxacpAFR3R.jpg,F,bimby_collection,,FxacpAFR3R.jpg
feeding/test1,in_dev_pool,data/images/bimby2024/fYquj1I3bx.jpg,F,bimby_collection,,fYquj1I3bx.jpg
feeding/test1,in_dev_pool,data/images/bimby2024/g15h3EyXFA.jpg,F,bimby_collection,,g15h3EyXFA.jpg
feeding/test1,in_dev_pool,data/images/bimby2024/g1WdgbWFew.jpg,F,bimby_collection,,g1WdgbWFew.jpg
feeding/test1,in_dev_pool,data/images/bimby2024/g2CB04yfMX.jpg,F,bimby_collection,,g2CB04yfMX.jpg
feeding/test1,in_dev_pool,data/images/bimby2024/g2f29M9TZ2.jpg,F,bimby_collection,,g2f29M9TZ2.jpg
feeding/test1,in_dev_pool,data/images/bimby2024/g43u7GXiIG.jpg,F,bimby_collection,,g43u7GXiIG.jpg
feeding/test1,in_dev_pool,data/images/bimby2024/G4VFsDOO0p.jpg,F,bimby_collection,,G4VFsDOO0p.jpg
feeding/test1,in_dev_pool,data/images/bimby2024/g6gCNIWoxo.jpg,F,bimby_collection,,g6gCNIWoxo.jpg
feeding/test1,in_dev_pool,data/images/bimby2024/G6PvaLpY3q.jpg,F,bimby_collection,,G6PvaLpY3q.jpg
feeding/test1,in_dev_pool,data/images/bimby2024/g6vXm2HyMD.jpg,F,bimby_collection,,g6vXm2HyMD.jpg
feeding/test1,in_dev_pool,data/images/bimby2024/G785BqDV3L.jpg,F,bimby_collection,,G785BqDV3L.jpg
feeding/test1,in_dev_pool,data/images/bimby2024/G7y3vVAIHO.jpg,F,bimby_collection,,G7y3vVAIHO.jpg
feeding/test1,in_dev_pool,data/images/bimby2024/G8Db6R4tYx.jpg,F,bimby_collection,,G8Db6R4tYx.jpg
feeding/test1,in_dev_pool,data/images/bimby2024/G8xGoXAHqT.jpg,F,bimby_collection,,G8xGoXAHqT.jpg
feeding/test1,in_dev_pool,data/images/bimby2024/g8XJ8rTV9O.jpg,F,bimby_collection,,g8XJ8rTV9O.jpg
feeding/test1,in_dev_pool,data/images/bimby2024/gAdRwvCUSr.jpg,F,bimby_collection,,gAdRwvCUSr.jpg
feeding/test1,in_dev_pool,data/images/bimby2024/gAlkMF8PrN.jpg,F,bimby_collection,,gAlkMF8PrN.jpg
feeding/test1,in_dev_pool,data/images/bimby2024/gAv5FNmCVg.jpg,F,bimby_collection,,gAv5FNmCVg.jpg
feeding/test1,in_dev_pool,data/images/bimby2024/GC5yflz8vu.jpg,F,bimby_collection,,GC5yflz8vu.jpg
feeding/test1,in_dev_pool,data/images/bimby2024/GD7KZgVckg.jpg,F,bimby_collection,,GD7KZgVckg.jpg
feeding/test1,in_dev_pool,data/images/bimby2024/GdIdsnIvnQ.jpg,F,bimby_collection,,GdIdsnIvnQ.jpg
feeding/test1,in_dev_pool,data/images/bimby2024/GeGLHnZ3ek.jpg,F,bimby_collection,,GeGLHnZ3ek.jpg
feeding/test1,in_dev_pool,data/images/bimby2024/gEl2D7ddRi.jpg,F,bimby_collection,,gEl2D7ddRi.jpg
feeding/test1,in_dev_pool,data/images/bimby2024/gFaVdfrCCL.jpg,F,bimby_collection,,gFaVdfrCCL.jpg
feeding/test1,in_dev_pool,data/images/bimby2024/gfo12RDU4j.jpg,F,bimby_collection,,gfo12RDU4j.jpg
feeding/test1,in_dev_pool,data/images/bimby2024/GHo3qgtdQJ.jpg,F,bimby_collection,,GHo3qgtdQJ.jpg
feeding/test1,in_dev_pool,data/images/bimby2024/GiEXyGymu0.jpg,F,bimby_collection,,GiEXyGymu0.jpg
feeding/test1,in_dev_pool,data/images/bimby2024/GJ7SH1AXu3.jpg,F,bimby_collection,,GJ7SH1AXu3.jpg
feeding/test1,in_dev_pool,data/images/bimby2024/gjBawSiG7x.jpg,F,bimby_collection,,gjBawSiG7x.jpg
feeding/test1,in_dev_pool,data/images/bimby2024/gJH6cEqLHy.jpg,F,bimby_collection,,gJH6cEqLHy.jpg
feeding/test1,in_dev_pool,data/images/bimby2024/gjyrA0CJ7y.jpg,F,bimby_collection,,gjyrA0CJ7y.jpg
feeding/test1,in_dev_pool,data/images/bimby2024/GL87gVpYIW.jpg,F,bimby_collection,,GL87gVpYIW.jpg
feeding/test1,in_dev_pool,data/images/bimby2024/gmlt9Jc875.jpg,F,bimby_collection,,gmlt9Jc875.jpg
feeding/test1,in_dev_pool,data/images/bimby2024/Gn2D9WCGXc.jpg,F,bimby_collection,,Gn2D9WCGXc.jpg
feeding/test1,in_dev_pool,data/images/bimby2024/gncMpuDpNn.jpg,F,bimby_collection,,gncMpuDpNn.jpg
feeding/test1,in_dev_pool,data/images/bimby2024/gNVzdsRY15.jpg,F,bimby_collection,,gNVzdsRY15.jpg
feeding/test1,in_dev_pool,data/images/bimby2024/gqtIbjrTL6.jpg,F,bimby_collection,,gqtIbjrTL6.jpg
feeding/test1,in_dev_pool,data/images/bimby2024/gQZGjVrhdA.jpg,F,bimby_collection,,gQZGjVrhdA.jpg
feeding/test1,in_dev_pool,data/images/bimby2024/gT9KEGkQF0.jpg,F,bimby_collection,,gT9KEGkQF0.jpg
feeding/test1,in_dev_pool,data/images/bimby2024/GTbaPEH0if.jpg,F,bimby_collection,,GTbaPEH0if.jpg
feeding/test1,in_dev_pool,data/images/bimby2024/gTK7qjsDNe.jpg,F,bimby_collection,,gTK7qjsDNe.jpg
feeding/test1,in_dev_pool,data/images/bimby2024/GTXkIs1Npc.jpg,F,bimby_collection,,GTXkIs1Npc.jpg
feeding/test1,in_dev_pool,data/images/bimby2024/gtXv0vdiQN.jpg,F,bimby_collection,,gtXv0vdiQN.jpg
feeding/test1,in_dev_pool,data/images/bimby2024/GtyRneUxmP.jpg,F,bimby_collection,,GtyRneUxmP.jpg
feeding/test1,in_dev_pool,data/images/bimby2024/Gu2G16Y11z.jpg,F,bimby_collection,,Gu2G16Y11z.jpg
feeding/test1,in_dev_pool,data/images/bimby2024/gu44Eos3km.jpg,F,bimby_collection,,gu44Eos3km.jpg
feeding/test1,in_dev_pool,data/images/bimby2024/Gv5x37GnQ9.jpg,F,bimby_collection,,Gv5x37GnQ9.jpg
feeding/test1,in_dev_pool,data/images/bimby2024/GVYEUvtSgY.jpg,F,bimby_collection,,GVYEUvtSgY.jpg
feeding/test1,in_dev_pool,data/images/bimby2024/gw11nb5Up0.jpg,F,bimby_collection,,gw11nb5Up0.jpg
feeding/test1,in_dev_pool,data/images/bimby2024/gX155KW2aJ.jpg,F,bimby_collection,,gX155KW2aJ.jpg
feeding/test1,in_dev_pool,data/images/bimby2024/Gxe99tA7aI.jpg,F,bimby_collection,,Gxe99tA7aI.jpg
feeding/test1,in_dev_pool,data/images/bimby2024/GXooZVZCuz.jpg,F,bimby_collection,,GXooZVZCuz.jpg
feeding/test1,in_dev_pool,data/images/bimby2024/gyJvhemoLb.jpg,F,bimby_collection,,gyJvhemoLb.jpg
feeding/test1,in_dev_pool,data/images/bimby2024/gYk0gcaOqC.jpg,F,bimby_collection,,gYk0gcaOqC.jpg
feeding/test1,in_dev_pool,data/images/bimby2024/GzDvfUpYin.jpg,F,bimby_collection,,GzDvfUpYin.jpg
feeding/test1,in_dev_pool,data/images/bimby2024/H0kmKQ2Zlq.jpg,F,bimby_collection,,H0kmKQ2Zlq.jpg
feeding/test1,in_dev_pool,data/images/bimby2024/h0oADx6uWu.jpg,F,bimby_collection,,h0oADx6uWu.jpg
feeding/test1,in_dev_pool,data/images/bimby2024/h0pvcDCur7.jpg,F,bimby_collection,,h0pvcDCur7.jpg
feeding/test1,in_dev_pool,data/images/bimby2024/H16x8lJh3d.jpg,F,bimby_collection,,H16x8lJh3d.jpg
feeding/test1,in_dev_pool,data/images/bimby2024/H19ZtDoKCz.jpg,F,bimby_collection,,H19ZtDoKCz.jpg
feeding/test1,in_dev_pool,data/images/bimby2024/H1XSwlMuo3.jpg,F,bimby_collection,,H1XSwlMuo3.jpg
feeding/test1,in_dev_pool,data/images/bimby2024/h3CYqlFnit.jpg,F,bimby_collection,,h3CYqlFnit.jpg
feeding/test1,in_dev_pool,data/images/bimby2024/h3PqrSNHhK.jpg,F,bimby_collection,,h3PqrSNHhK.jpg
feeding/test1,in_dev_pool,data/images/bimby2024/h3RFI6xDGu.jpg,F,bimby_collection,,h3RFI6xDGu.jpg
feeding/test1,in_dev_pool,data/images/bimby2024/H4gZXxEFhR.jpg,F,bimby_collection,,H4gZXxEFhR.jpg
feeding/test1,in_dev_pool,data/images/bimby2024/h5Ki1rVZmv.jpg,F,bimby_collection,,h5Ki1rVZmv.jpg
feeding/test1,in_dev_pool,data/images/bimby2024/H5xcRa5BwV.jpg,F,bimby_collection,,H5xcRa5BwV.jpg
feeding/test1,in_dev_pool,data/images/bimby2024/H6CIoXBq3G.jpg,F,bimby_collection,,H6CIoXBq3G.jpg
feeding/test1,in_dev_pool,data/images/bimby2024/H6Km8o0VKO.jpg,F,bimby_collection,,H6Km8o0VKO.jpg
feeding/test1,in_dev_pool,data/images/bimby2024/h6NRne8ALd.jpg,F,bimby_collection,,h6NRne8ALd.jpg
feeding/test1,in_dev_pool,data/images/bimby2024/h8KKrb2VAA.jpg,F,bimby_collection,,h8KKrb2VAA.jpg
feeding/test1,in_dev_pool,data/images/bimby2024/h9emn2DpQx.jpg,F,bimby_collection,,h9emn2DpQx.jpg
feeding/test1,in_dev_pool,data/images/bimby2024/H9ONWixuEu.jpg,F,bimby_collection,,H9ONWixuEu.jpg
feeding/test1,in_dev_pool,data/images/bimby2024/h9oQ52ExLz.jpg,F,bimby_collection,,h9oQ52ExLz.jpg
feeding/test1,in_dev_pool,data/images/bimby2024/ha0bMGp5ih.jpg,F,bimby_collection,,ha0bMGp5ih.jpg
feeding/test1,in_dev_pool,data/images/bimby2024/HAFanzr57A.jpg,F,bimby_collection,,HAFanzr57A.jpg
feeding/test1,in_dev_pool,data/images/bimby2024/HAkXAHRH9e.jpg,F,bimby_collection,,HAkXAHRH9e.jpg
feeding/test1,in_dev_pool,data/images/bimby2024/hAlU6oTULN.jpg,F,bimby_collection,,hAlU6oTULN.jpg
feeding/test1,in_dev_pool,data/images/bimby2024/haUmTr7Ilp.jpg,F,bimby_collection,,haUmTr7Ilp.jpg
feeding/test1,in_dev_pool,data/images/bimby2024/hbsgj3XW8B.jpg,F,bimby_collection,,hbsgj3XW8B.jpg
feeding/test1,in_dev_pool,data/images/bimby2024/hCDQcdWahH.jpg,F,bimby_collection,,hCDQcdWahH.jpg
feeding/test1,in_dev_pool,data/images/bimby2024/hd9BUFC3f6.jpg,F,bimby_collection,,hd9BUFC3f6.jpg
feeding/test1,in_dev_pool,data/images/bimby2024/hEcwxLbQr7.jpg,F,bimby_collection,,hEcwxLbQr7.jpg
feeding/test1,in_dev_pool,data/images/bimby2024/hErO8GrgbS.jpg,F,bimby_collection,,hErO8GrgbS.jpg
feeding/test1,in_dev_pool,data/images/bimby2024/heUImJBMNc.jpg,F,bimby_collection,,heUImJBMNc.jpg
feeding/test1,in_dev_pool,data/images/bimby2024/hfbCt2JpHU.jpg,F,bimby_collection,,hfbCt2JpHU.jpg
feeding/test1,in_dev_pool,data/images/bimby2024/HfSBgcqokk.jpg,F,bimby_collection,,HfSBgcqokk.jpg
feeding/test1,in_dev_pool,data/images/bimby2024/hgKzMhrkUK.jpg,F,bimby_collection,,hgKzMhrkUK.jpg
feeding/test1,in_dev_pool,data/images/bimby2024/hGSPKosLuu.jpg,F,bimby_collection,,hGSPKosLuu.jpg
feeding/test1,in_dev_pool,data/images/bimby2024/hhAoonxBWt.jpg,F,bimby_collection,,hhAoonxBWt.jpg
feeding/test1,in_dev_pool,data/images/bimby2024/HhdaaneFeo.jpg,F,bimby_collection,,HhdaaneFeo.jpg
feeding/test1,in_dev_pool,data/images/bimby2024/HhDvpNohyH.jpg,F,bimby_collection,,HhDvpNohyH.jpg
feeding/test1,in_dev_pool,data/images/bimby2024/HHgPKtZRCl.jpg,F,bimby_collection,,HHgPKtZRCl.jpg
feeding/test1,in_dev_pool,data/images/bimby2024/HirFjklQa0.jpg,F,bimby_collection,,HirFjklQa0.jpg
feeding/test1,in_dev_pool,data/images/bimby2024/HJ4L4zNlMt.jpg,F,bimby_collection,,HJ4L4zNlMt.jpg
feeding/test1,in_dev_pool,data/images/bimby2024/HKzXgy0xVw.jpg,F,bimby_collection,,HKzXgy0xVw.jpg
feeding/test1,in_dev_pool,data/images/bimby2024/HLPUEeO42y.jpg,F,bimby_collection,,HLPUEeO42y.jpg
feeding/test1,in_dev_pool,data/images/bimby2024/Hm64uqWI6G.jpg,F,bimby_collection,,Hm64uqWI6G.jpg
feeding/test1,in_dev_pool,data/images/bimby2024/hMcFR1vohu.jpg,F,bimby_collection,,hMcFR1vohu.jpg
feeding/test1,in_dev_pool,data/images/bimby2024/hmpo3xWSTF.jpg,F,bimby_collection,,hmpo3xWSTF.jpg
feeding/test1,in_dev_pool,data/images/bimby2024/HMYVhxMvGA.jpg,F,bimby_collection,,HMYVhxMvGA.jpg
feeding/test1,in_dev_pool,data/images/bimby2024/hn5UEsylLD.jpg,F,bimby_collection,,hn5UEsylLD.jpg
feeding/test1,in_dev_pool,data/images/bimby2024/HNC7fDQOO4.jpg,F,bimby_collection,,HNC7fDQOO4.jpg
feeding/test1,in_dev_pool,data/images/bimby2024/hNJswDWiMg.jpg,F,bimby_collection,,hNJswDWiMg.jpg
feeding/test1,in_dev_pool,data/images/bimby2024/HpapflHnBV.jpg,F,bimby_collection,,HpapflHnBV.jpg
feeding/test1,in_dev_pool,data/images/bimby2024/HPc2JvvPLN.jpg,F,bimby_collection,,HPc2JvvPLN.jpg
feeding/test1,in_dev_pool,data/images/bimby2024/hpfmLKMVK4.jpg,F,bimby_collection,,hpfmLKMVK4.jpg
feeding/test1,in_dev_pool,data/images/bimby2024/HPRgKyeVE2.jpg,F,bimby_collection,,HPRgKyeVE2.jpg
feeding/test1,in_dev_pool,data/images/bimby2024/hQBgWtRaIy.jpg,F,bimby_collection,,hQBgWtRaIy.jpg
feeding/test1,in_dev_pool,data/images/bimby2024/HqQckG5MkC.jpg,F,bimby_collection,,HqQckG5MkC.jpg
feeding/test1,in_dev_pool,data/images/bimby2024/hQv4bD8ST3.jpg,F,bimby_collection,,hQv4bD8ST3.jpg
feeding/test1,in_dev_pool,data/images/bimby2024/HR2ebS6rEf.jpg,F,bimby_collection,,HR2ebS6rEf.jpg
feeding/test1,in_dev_pool,data/images/bimby2024/hrGj65agXh.jpg,F,bimby_collection,,hrGj65agXh.jpg
feeding/test1,in_dev_pool,data/images/bimby2024/hrxWtII22T.jpg,F,bimby_collection,,hrxWtII22T.jpg
feeding/test1,in_dev_pool,data/images/bimby2024/HRzHlEvutM.jpg,F,bimby_collection,,HRzHlEvutM.jpg
feeding/test1,in_dev_pool,data/images/bimby2024/HsuAqxj7Ki.jpg,F,bimby_collection,,HsuAqxj7Ki.jpg
feeding/test1,in_dev_pool,data/images/bimby2024/hTYXW7FN5v.jpg,F,bimby_collection,,hTYXW7FN5v.jpg
feeding/test1,in_dev_pool,data/images/bimby2024/huUZC7dKzE.jpg,F,bimby_collection,,huUZC7dKzE.jpg
feeding/test1,in_dev_pool,data/images/bimby2024/iBMwitWzO0.jpg,F,bimby_collection,,iBMwitWzO0.jpg
feeding/test1,in_dev_pool,data/images/bimby2024/IEfiaHNWJu.jpg,F,bimby_collection,,IEfiaHNWJu.jpg
feeding/test1,in_dev_pool,data/images/bimby2024/IEiNHcEu8a.jpg,F,bimby_collection,,IEiNHcEu8a.jpg
feeding/test1,in_dev_pool,data/images/bimby2024/IEX5OxeG3i.jpg,F,bimby_collection,,IEX5OxeG3i.jpg
feeding/test1,in_dev_pool,data/images/bimby2024/igAd2SGl9j.jpg,F,bimby_collection,,igAd2SGl9j.jpg
feeding/test1,in_dev_pool,data/images/bimby2024/IGG19l1ps0.jpg,F,bimby_collection,,IGG19l1ps0.jpg
feeding/test1,in_dev_pool,data/images/bimby2024/iGh97pW49k.jpg,F,bimby_collection,,iGh97pW49k.jpg
feeding/test1,in_dev_pool,data/images/bimby2024/iGHKDsDRT1.jpg,F,bimby_collection,,iGHKDsDRT1.jpg
feeding/test1,in_dev_pool,data/images/bimby2024/IGPmNU37G8.jpg,F,bimby_collection,,IGPmNU37G8.jpg
feeding/test1,in_dev_pool,data/images/bimby2024/IhkO3VefCz.jpg,F,bimby_collection,,IhkO3VefCz.jpg
feeding/test1,in_dev_pool,data/images/bimby2024/iHvRdfonxj.jpg,F,bimby_collection,,iHvRdfonxj.jpg
feeding/test1,in_dev_pool,data/images/bimby2024/iI5LDwBI47.jpg,F,bimby_collection,,iI5LDwBI47.jpg
feeding/test1,in_dev_pool,data/images/bimby2024/IiDOA4hito.jpg,F,bimby_collection,,IiDOA4hito.jpg
feeding/test1,in_dev_pool,data/images/bimby2024/IJlnY7RCAV.jpg,F,bimby_collection,,IJlnY7RCAV.jpg
feeding/test1,in_dev_pool,data/images/bimby2024/ijsP1rNSX7.jpg,F,bimby_collection,,ijsP1rNSX7.jpg
feeding/test1,in_dev_pool,data/images/bimby2024/IjTBnNlagE.jpg,F,bimby_collection,,IjTBnNlagE.jpg
feeding/test1,in_dev_pool,data/images/bimby2024/Ik7IdEa9em.jpg,F,bimby_collection,,Ik7IdEa9em.jpg
feeding/test1,in_dev_pool,data/images/bimby2024/IKFjhPFjHb.jpg,F,bimby_collection,,IKFjhPFjHb.jpg
feeding/test1,in_dev_pool,data/images/bimby2024/ikYLzgk4bc.jpg,F,bimby_collection,,ikYLzgk4bc.jpg
feeding/test1,in_dev_pool,data/images/bimby2024/Il5zWLX9cd.jpg,F,bimby_collection,,Il5zWLX9cd.jpg
feeding/test1,in_dev_pool,data/images/bimby2024/iLDBcl9spI.jpg,F,bimby_collection,,iLDBcl9spI.jpg
feeding/test1,in_dev_pool,data/images/bimby2024/iMJ8Tb6QgB.jpg,F,bimby_collection,,iMJ8Tb6QgB.jpg
feeding/test1,in_dev_pool,data/images/bimby2024/IMRP3X5UYv.jpg,F,bimby_collection,,IMRP3X5UYv.jpg
feeding/test1,in_dev_pool,data/images/bimby2024/In6nru9JBe.jpg,F,bimby_collection,,In6nru9JBe.jpg
feeding/test1,in_dev_pool,data/images/bimby2024/iNoAO9pHrr.jpg,F,bimby_collection,,iNoAO9pHrr.jpg
feeding/test1,in_dev_pool,data/images/bimby2024/INOQtBy9gQ.jpg,F,bimby_collection,,INOQtBy9gQ.jpg
feeding/test1,in_dev_pool,data/images/bimby2024/Inx1QXX6nR.jpg,F,bimby_collection,,Inx1QXX6nR.jpg
feeding/test1,in_dev_pool,data/images/bimby2024/iocSNEfFDZ.jpg,F,bimby_collection,,iocSNEfFDZ.jpg
feeding/test1,in_dev_pool,data/images/bimby2024/IoRA828M1Y.jpg,F,bimby_collection,,IoRA828M1Y.jpg
feeding/test1,in_dev_pool,data/images/bimby2024/Iow1ACkVWv.jpg,F,bimby_collection,,Iow1ACkVWv.jpg
feeding/test1,in_dev_pool,data/images/bimby2024/iQtYGJNdOv.jpg,F,bimby_collection,,iQtYGJNdOv.jpg
feeding/test1,in_dev_pool,data/images/bimby2024/IrkFz2o8ws.jpg,F,bimby_collection,,IrkFz2o8ws.jpg
feeding/test1,in_dev_pool,data/images/bimby2024/IsfPzgoa0U.jpg,F,bimby_collection,,IsfPzgoa0U.jpg
feeding/test1,in_dev_pool,data/images/bimby2024/isLkDL1Tpp.jpg,F,bimby_collection,,isLkDL1Tpp.jpg
feeding/test1,in_dev_pool,data/images/bimby2024/iSvMD78Gcy.jpg,F,bimby_collection,,iSvMD78Gcy.jpg
feeding/test1,in_dev_pool,data/images/bimby2024/ISZLYKUEi4.jpg,F,bimby_collection,,ISZLYKUEi4.jpg
feeding/test1,in_dev_pool,data/images/bimby2024/iTL9n61YVq.jpg,F,bimby_collection,,iTL9n61YVq.jpg
feeding/test1,in_dev_pool,data/images/bimby2024/ITOId9Bqwo.jpg,F,bimby_collection,,ITOId9Bqwo.jpg
feeding/test1,in_dev_pool,data/images/bimby2024/iupjsqQsdX.jpg,F,bimby_collection,,iupjsqQsdX.jpg
feeding/test1,in_dev_pool,data/images/bimby2024/iv6zo7HG94.jpg,F,bimby_collection,,iv6zo7HG94.jpg
feeding/test1,in_dev_pool,data/images/bimby2024/Iw1uvPDoJ4.jpg,F,bimby_collection,,Iw1uvPDoJ4.jpg
feeding/test1,in_dev_pool,data/images/bimby2024/Iw9ek6tJj8.jpg,F,bimby_collection,,Iw9ek6tJj8.jpg
feeding/test1,in_dev_pool,data/images/bimby2024/IWlwrVF0p1.jpg,F,bimby_collection,,IWlwrVF0p1.jpg
feeding/test1,in_dev_pool,data/images/bimby2024/IWpxmhkWOZ.jpg,F,bimby_collection,,IWpxmhkWOZ.jpg
feeding/test1,in_dev_pool,data/images/bimby2024/iX9ONVMD7G.jpg,F,bimby_collection,,iX9ONVMD7G.jpg
feeding/test1,in_dev_pool,data/images/bimby2024/IY9x4YuHg7.jpg,F,bimby_collection,,IY9x4YuHg7.jpg
feeding/test1,in_dev_pool,data/images/bimby2024/Iz0pcP3Bek.jpg,F,bimby_collection,,Iz0pcP3Bek.jpg
feeding/test1,in_dev_pool,data/images/bimby2024/IZEGzbFXBg.jpg,F,bimby_collection,,IZEGzbFXBg.jpg
feeding/test1,in_dev_pool,data/images/bimby2024/IZn2I0rx8e.jpg,F,bimby_collection,,IZn2I0rx8e.jpg
feeding/test1,in_dev_pool,data/images/bimby2024/IzNzRpYgPG.jpg,F,bimby_collection,,IzNzRpYgPG.jpg
feeding/test1,in_dev_pool,data/images/bimby2024/izQYXDUN2U.jpg,F,bimby_collection,,izQYXDUN2U.jpg
feeding/test1,in_dev_pool,data/images/bimby2024/iZRzREuMKw.jpg,F,bimby_collection,,iZRzREuMKw.jpg
feeding/test1,in_dev_pool,data/images/bimby2024/J1AA7AZvS6.jpg,F,bimby_collection,,J1AA7AZvS6.jpg
feeding/test1,in_dev_pool,data/images/bimby2024/J2YmWttvBw.jpg,F,bimby_collection,,J2YmWttvBw.jpg
feeding/test1,in_dev_pool,data/images/bimby2024/J3Rn7CY9x4.jpg,F,bimby_collection,,J3Rn7CY9x4.jpg
feeding/test1,in_dev_pool,data/images/bimby2024/j4SkDuAVff.jpg,F,bimby_collection,,j4SkDuAVff.jpg
feeding/test1,in_dev_pool,data/images/bimby2024/j5WxOm0ARU.jpg,F,bimby_collection,,j5WxOm0ARU.jpg
feeding/test1,in_dev_pool,data/images/bimby2024/J89fkdQGV7.jpg,F,bimby_collection,,J89fkdQGV7.jpg
feeding/test1,in_dev_pool,data/images/bimby2024/J8EfkISSkU.jpg,F,bimby_collection,,J8EfkISSkU.jpg
feeding/test1,in_dev_pool,data/images/bimby2024/J9NmT4CW5K.jpg,F,bimby_collection,,J9NmT4CW5K.jpg
feeding/test1,in_dev_pool,data/images/bimby2024/jdKlBzWyZJ.jpg,F,bimby_collection,,jdKlBzWyZJ.jpg
feeding/test1,in_dev_pool,data/images/bimby2024/jdTRr4gkTJ.jpg,F,bimby_collection,,jdTRr4gkTJ.jpg
feeding/test1,in_dev_pool,data/images/bimby2024/JE6IuNbEoL.jpg,F,bimby_collection,,JE6IuNbEoL.jpg
feeding/test1,in_dev_pool,data/images/bimby2024/JEUYSmlqDu.jpg,F,bimby_collection,,JEUYSmlqDu.jpg
feeding/test1,in_dev_pool,data/images/bimby2024/JFt596jRIU.jpg,F,bimby_collection,,JFt596jRIU.jpg
feeding/test1,in_dev_pool,data/images/bimby2024/JfWUh1lNWN.jpg,F,bimby_collection,,JfWUh1lNWN.jpg
feeding/test1,in_dev_pool,data/images/bimby2024/JgB493RHkZ.jpg,F,bimby_collection,,JgB493RHkZ.jpg
feeding/test1,in_dev_pool,data/images/bimby2024/Jge0Q5KLFU.jpg,F,bimby_collection,,Jge0Q5KLFU.jpg
feeding/test1,in_dev_pool,data/images/bimby2024/jGWpBWE5ju.jpg,F,bimby_collection,,jGWpBWE5ju.jpg
feeding/test1,in_dev_pool,data/images/bimby2024/JIi43D2na4.jpg,F,bimby_collection,,JIi43D2na4.jpg
feeding/test1,in_dev_pool,data/images/bimby2024/Jj3ozUkgto.jpg,F,bimby_collection,,Jj3ozUkgto.jpg
feeding/test1,in_dev_pool,data/images/bimby2024/jJbjLQwk8y.jpg,F,bimby_collection,,jJbjLQwk8y.jpg
feeding/test1,in_dev_pool,data/images/bimby2024/JjG9AhK0QY.jpg,F,bimby_collection,,JjG9AhK0QY.jpg
feeding/test1,in_dev_pool,data/images/bimby2024/JjysIzrHlH.jpg,F,bimby_collection,,JjysIzrHlH.jpg
feeding/test1,in_dev_pool,data/images/bimby2024/JKDH1MbwJ5.jpg,F,bimby_collection,,JKDH1MbwJ5.jpg
feeding/test1,in_dev_pool,data/images/bimby2024/JkTNtlxa9k.jpg,F,bimby_collection,,JkTNtlxa9k.jpg
feeding/test1,in_dev_pool,data/images/bimby2024/JkUUAQ3KaK.jpg,F,bimby_collection,,JkUUAQ3KaK.jpg
feeding/test1,in_dev_pool,data/images/bimby2024/jL2xT0rStp.jpg,F,bimby_collection,,jL2xT0rStp.jpg
feeding/test1,in_dev_pool,data/images/bimby2024/jLZo3qBQrB.jpg,F,bimby_collection,,jLZo3qBQrB.jpg
feeding/test1,in_dev_pool,data/images/bimby2024/jMNgU1Kwxx.jpg,F,bimby_collection,,jMNgU1Kwxx.jpg
feeding/test1,in_dev_pool,data/images/bimby2024/jn3jHAUFBG.jpg,F,bimby_collection,,jn3jHAUFBG.jpg
feeding/test1,in_dev_pool,data/images/bimby2024/jNlBd21pr7.jpg,F,bimby_collection,,jNlBd21pr7.jpg
feeding/test1,in_dev_pool,data/images/bimby2024/JNnPivrrU0.jpg,F,bimby_collection,,JNnPivrrU0.jpg
feeding/test1,in_dev_pool,data/images/bimby2024/jnXvhT75rS.jpg,F,bimby_collection,,jnXvhT75rS.jpg
feeding/test1,in_dev_pool,data/images/bimby2024/JOnZMpnarG.jpg,F,bimby_collection,,JOnZMpnarG.jpg
feeding/test1,in_dev_pool,data/images/bimby2024/JOy2OX75EP.jpg,F,bimby_collection,,JOy2OX75EP.jpg
feeding/test1,in_dev_pool,data/images/bimby2024/jp1ZrDv4PA.jpg,F,bimby_collection,,jp1ZrDv4PA.jpg
feeding/test1,in_dev_pool,data/images/bimby2024/Jpqf3S6aM2.jpg,F,bimby_collection,,Jpqf3S6aM2.jpg
feeding/test1,in_dev_pool,data/images/bimby2024/jqDaNVras9.jpg,F,bimby_collection,,jqDaNVras9.jpg
feeding/test1,in_dev_pool,data/images/bimby2024/JQfX8CJYzG.jpg,F,bimby_collection,,JQfX8CJYzG.jpg
feeding/test1,in_dev_pool,data/images/bimby2024/jQTWOPMKsl.jpg,F,bimby_collection,,jQTWOPMKsl.jpg
feeding/test1,in_dev_pool,data/images/bimby2024/jqUFMeOX3z.jpg,F,bimby_collection,,jqUFMeOX3z.jpg
feeding/test1,in_dev_pool,data/images/bimby2024/JRn0TwjjmC.jpg,F,bimby_collection,,JRn0TwjjmC.jpg
feeding/test1,in_dev_pool,data/images/bimby2024/jRsdORHEAp.jpg,F,bimby_collection,,jRsdORHEAp.jpg
feeding/test1,in_dev_pool,data/images/bimby2024/JRvLyFV84S.jpg,F,bimby_collection,,JRvLyFV84S.jpg
feeding/test1,in_dev_pool,data/images/bimby2024/JRY3wWDDnQ.jpg,F,bimby_collection,,JRY3wWDDnQ.jpg
feeding/test1,in_dev_pool,data/images/bimby2024/jsY9wKVIGB.jpg,F,bimby_collection,,jsY9wKVIGB.jpg
feeding/test1,in_dev_pool,data/images/bimby2024/JtAFVnqYkt.jpg,F,bimby_collection,,JtAFVnqYkt.jpg
feeding/test1,in_dev_pool,data/images/bimby2024/JtWE98DSu4.jpg,F,bimby_collection,,JtWE98DSu4.jpg
feeding/test1,in_dev_pool,data/images/bimby2024/Ju1U2BKJwt.jpg,F,bimby_collection,,Ju1U2BKJwt.jpg
feeding/test1,in_dev_pool,data/images/bimby2024/JUURWyRg7F.jpg,F,bimby_collection,,JUURWyRg7F.jpg
feeding/test1,in_dev_pool,data/images/bimby2024/jvkMWG0ZCJ.jpg,F,bimby_collection,,jvkMWG0ZCJ.jpg
feeding/test1,in_dev_pool,data/images/bimby2024/JVl18JVeen.jpg,F,bimby_collection,,JVl18JVeen.jpg
feeding/test1,in_dev_pool,data/images/bimby2024/jwUUjO7Ov8.jpg,F,bimby_collection,,jwUUjO7Ov8.jpg
feeding/test1,in_dev_pool,data/images/bimby2024/JxbLiIpf6T.jpg,F,bimby_collection,,JxbLiIpf6T.jpg
feeding/test1,in_dev_pool,data/images/bimby2024/jxi7mwvQ6p.jpg,F,bimby_collection,,jxi7mwvQ6p.jpg
feeding/test1,in_dev_pool,data/images/bimby2024/jZ3SN05hYf.jpg,F,bimby_collection,,jZ3SN05hYf.jpg
feeding/test1,in_dev_pool,data/images/bimby2024/JZBh8NI9Dq.jpg,F,bimby_collection,,JZBh8NI9Dq.jpg
feeding/test1,in_dev_pool,data/images/bimby2024/K3eB12CNX4.jpg,F,bimby_collection,,K3eB12CNX4.jpg
feeding/test1,in_dev_pool,data/images/bimby2024/K46Gjfrz9x.jpg,F,bimby_collection,,K46Gjfrz9x.jpg
feeding/test1,in_dev_pool,data/images/bimby2024/k4WjoiapLW.jpg,F,bimby_collection,,k4WjoiapLW.jpg
feeding/test1,in_dev_pool,data/images/bimby2024/k629qWPraw.jpg,F,bimby_collection,,k629qWPraw.jpg
feeding/test1,in_dev_pool,data/images/bimby2024/k68PlTJiXW.jpg,F,bimby_collection,,k68PlTJiXW.jpg
feeding/test1,in_dev_pool,data/images/bimby2024/k6oEAEa15R.jpg,F,bimby_collection,,k6oEAEa15R.jpg
feeding/test1,in_dev_pool,data/images/bimby2024/k7uDiwsnGf.jpg,F,bimby_collection,,k7uDiwsnGf.jpg
feeding/test1,in_dev_pool,data/images/bimby2024/K83vIG7qSt.jpg,F,bimby_collection,,K83vIG7qSt.jpg
feeding/test1,in_dev_pool,data/images/bimby2024/k8BPrfjavm.jpg,F,bimby_collection,,k8BPrfjavm.jpg
feeding/test1,in_dev_pool,data/images/bimby2024/k9cay4KVAN.jpg,F,bimby_collection,,k9cay4KVAN.jpg
feeding/test1,in_dev_pool,data/images/bimby2024/K9VRjTFN3I.jpg,F,bimby_collection,,K9VRjTFN3I.jpg
feeding/test1,in_dev_pool,data/images/bimby2024/K9xDZpHpWU.jpg,F,bimby_collection,,K9xDZpHpWU.jpg
feeding/test1,in_dev_pool,data/images/bimby2024/kA1YJRFr9V.jpg,F,bimby_collection,,kA1YJRFr9V.jpg
feeding/test1,in_dev_pool,data/images/bimby2024/kamdu8Iha2.jpg,F,bimby_collection,,kamdu8Iha2.jpg
feeding/test1,in_dev_pool,data/images/bimby2024/kAzyqvMwFJ.jpg,F,bimby_collection,,kAzyqvMwFJ.jpg
feeding/test1,in_dev_pool,data/images/bimby2024/KB2lOWAeJ4.jpg,F,bimby_collection,,KB2lOWAeJ4.jpg
feeding/test1,in_dev_pool,data/images/bimby2024/kbdT4JGvCY.jpg,F,bimby_collection,,kbdT4JGvCY.jpg
feeding/test1,in_dev_pool,data/images/bimby2024/kbV3jMeOPf.jpg,F,bimby_collection,,kbV3jMeOPf.jpg
feeding/test1,in_dev_pool,data/images/bimby2024/kDcHSBz7ga.jpg,F,bimby_collection,,kDcHSBz7ga.jpg
feeding/test1,in_dev_pool,data/images/bimby2024/Kdd8JmCC9X.jpg,F,bimby_collection,,Kdd8JmCC9X.jpg
feeding/test1,in_dev_pool,data/images/bimby2024/KdsisUlEU7.jpg,F,bimby_collection,,KdsisUlEU7.jpg
feeding/test1,in_dev_pool,data/images/bimby2024/kE4kuPzFZd.jpg,F,bimby_collection,,kE4kuPzFZd.jpg
feeding/test1,in_dev_pool,data/images/bimby2024/KF85ZjFrJz.jpg,F,bimby_collection,,KF85ZjFrJz.jpg
feeding/test1,in_dev_pool,data/images/bimby2024/KGFeEQ1Rbi.jpg,F,bimby_collection,,KGFeEQ1Rbi.jpg
feeding/test1,in_dev_pool,data/images/bimby2024/KgpuT10zCs.jpg,F,bimby_collection,,KgpuT10zCs.jpg
feeding/test1,in_dev_pool,data/images/bimby2024/Kh9b58J0OI.jpg,F,bimby_collection,,Kh9b58J0OI.jpg
feeding/test1,in_dev_pool,data/images/bimby2024/Khg8QiovoJ.jpg,F,bimby_collection,,Khg8QiovoJ.jpg
feeding/test1,in_dev_pool,data/images/bimby2024/KKAUNiYo27.jpg,F,bimby_collection,,KKAUNiYo27.jpg
feeding/test1,in_dev_pool,data/images/bimby2024/Kkb0Rr9f1O.jpg,F,bimby_collection,,Kkb0Rr9f1O.jpg
feeding/test1,in_dev_pool,data/images/bimby2024/kkdaEgHh1q.jpg,F,bimby_collection,,kkdaEgHh1q.jpg
feeding/test1,in_dev_pool,data/images/bimby2024/kKo15rj3uF.jpg,F,bimby_collection,,kKo15rj3uF.jpg
feeding/test1,in_dev_pool,data/images/bimby2024/kLKNgGoirV.jpg,F,bimby_collection,,kLKNgGoirV.jpg
feeding/test1,in_dev_pool,data/images/bimby2024/KMjfQWv1YC.jpg,F,bimby_collection,,KMjfQWv1YC.jpg
feeding/test1,in_dev_pool,data/images/bimby2024/KmnxUNHU4b.jpg,F,bimby_collection,,KmnxUNHU4b.jpg
feeding/test1,in_dev_pool,data/images/bimby2024/KN8O40qA0D.jpg,F,bimby_collection,,KN8O40qA0D.jpg
feeding/test1,in_dev_pool,data/images/bimby2024/kNlY9kJqma.jpg,F,bimby_collection,,kNlY9kJqma.jpg
feeding/test1,in_dev_pool,data/images/bimby2024/KOEZJDnkse.jpg,F,bimby_collection,,KOEZJDnkse.jpg
feeding/test1,in_dev_pool,data/images/bimby2024/koN7hkuveq.jpg,F,bimby_collection,,koN7hkuveq.jpg
feeding/test1,in_dev_pool,data/images/bimby2024/KoOxY2ePUq.jpg,F,bimby_collection,,KoOxY2ePUq.jpg
feeding/test1,in_dev_pool,data/images/bimby2024/Kp278njxZo.jpg,F,bimby_collection,,Kp278njxZo.jpg
feeding/test1,in_dev_pool,data/images/bimby2024/KPt7Qyw144.jpg,F,bimby_collection,,KPt7Qyw144.jpg
feeding/test1,in_dev_pool,data/images/bimby2024/KQ3I2FVCHa.jpg,F,bimby_collection,,KQ3I2FVCHa.jpg
feeding/test1,in_dev_pool,data/images/bimby2024/Kq3xtfwzry.jpg,F,bimby_collection,,Kq3xtfwzry.jpg
feeding/test1,in_dev_pool,data/images/bimby2024/KrfGZLWHbV.jpg,F,bimby_collection,,KrfGZLWHbV.jpg
feeding/test1,in_dev_pool,data/images/bimby2024/kSm0UiscR9.jpg,F,bimby_collection,,kSm0UiscR9.jpg
feeding/test1,in_dev_pool,data/images/bimby2024/kSM98RN6oa.jpg,F,bimby_collection,,kSM98RN6oa.jpg
feeding/test1,in_dev_pool,data/images/bimby2024/KtOCs5X0FO.jpg,F,bimby_collection,,KtOCs5X0FO.jpg
feeding/test1,in_dev_pool,data/images/bimby2024/kUEkOWU92u.jpg,F,bimby_collection,,kUEkOWU92u.jpg
feeding/test1,in_dev_pool,data/images/bimby2024/kUub9JOpem.jpg,F,bimby_collection,,kUub9JOpem.jpg
feeding/test1,in_dev_pool,data/images/bimby2024/kVCknnh9OA.jpg,F,bimby_collection,,kVCknnh9OA.jpg
feeding/test1,in_dev_pool,data/images/bimby2024/kVwoaIwf1T.jpg,F,bimby_collection,,kVwoaIwf1T.jpg
feeding/test1,in_dev_pool,data/images/bimby2024/kxa3R9rJWc.jpg,F,bimby_collection,,kxa3R9rJWc.jpg
feeding/test1,in_dev_pool,data/images/bimby2024/kXkpJxcJae.jpg,F,bimby_collection,,kXkpJxcJae.jpg
feeding/test1,in_dev_pool,data/images/bimby2024/kxszGUKjKP.jpg,F,bimby_collection,,kxszGUKjKP.jpg
feeding/test1,in_dev_pool,data/images/bimby2024/kyD09PFA8D.jpg,F,bimby_collection,,kyD09PFA8D.jpg
feeding/test1,in_dev_pool,data/images/bimby2024/KYJvRrz6Xc.jpg,F,bimby_collection,,KYJvRrz6Xc.jpg
feeding/test1,in_dev_pool,data/images/bimby2024/kyRwbFRQ1n.jpg,F,bimby_collection,,kyRwbFRQ1n.jpg
feeding/test1,in_dev_pool,data/images/bimby2024/kYS56nvu1G.jpg,F,bimby_collection,,kYS56nvu1G.jpg
feeding/test1,in_dev_pool,data/images/bimby2024/KYUQFIUn1O.jpg,F,bimby_collection,,KYUQFIUn1O.jpg
feeding/test1,in_dev_pool,data/images/bimby2024/KZTcavl4Fp.jpg,F,bimby_collection,,KZTcavl4Fp.jpg
feeding/test1,in_dev_pool,data/images/bimby2024/kZTfJ2LE2n.jpg,F,bimby_collection,,kZTfJ2LE2n.jpg
feeding/test1,in_dev_pool,data/images/bimby2024/l1RtJSEPa4.jpg,F,bimby_collection,,l1RtJSEPa4.jpg
feeding/test1,in_dev_pool,data/images/bimby2024/L27SkipVk1.jpg,F,bimby_collection,,L27SkipVk1.jpg
feeding/test1,in_dev_pool,data/images/bimby2024/L4eHf3E3Qw.jpg,F,bimby_collection,,L4eHf3E3Qw.jpg
feeding/test1,in_dev_pool,data/images/bimby2024/l5oduJMAAi.jpg,F,bimby_collection,,l5oduJMAAi.jpg
feeding/test1,in_dev_pool,data/images/bimby2024/l6QMxsp5wr.jpg,F,bimby_collection,,l6QMxsp5wr.jpg
feeding/test1,in_dev_pool,data/images/bimby2024/l8npZ7rNYP.jpg,F,bimby_collection,,l8npZ7rNYP.jpg
feeding/test1,in_dev_pool,data/images/bimby2024/la9i50PGda.jpg,F,bimby_collection,,la9i50PGda.jpg
feeding/test1,in_dev_pool,data/images/bimby2024/LAujT2dz8z.jpg,F,bimby_collection,,LAujT2dz8z.jpg
feeding/test1,in_dev_pool,data/images/bimby2024/lBQJatjpGk.jpg,F,bimby_collection,,lBQJatjpGk.jpg
feeding/test1,in_dev_pool,data/images/bimby2024/LcnSJ0bZQo.jpg,F,bimby_collection,,LcnSJ0bZQo.jpg
feeding/test1,in_dev_pool,data/images/bimby2024/lCrKZ7YYuR.jpg,F,bimby_collection,,lCrKZ7YYuR.jpg
feeding/test1,in_dev_pool,data/images/bimby2024/lDmELbRZoC.jpg,F,bimby_collection,,lDmELbRZoC.jpg
feeding/test1,in_dev_pool,data/images/bimby2024/lec3sVilJZ.jpg,F,bimby_collection,,lec3sVilJZ.jpg
feeding/test1,in_dev_pool,data/images/bimby2024/LEQswxGKOY.jpg,F,bimby_collection,,LEQswxGKOY.jpg
feeding/test1,in_dev_pool,data/images/bimby2024/lFIvPhGswQ.jpg,F,bimby_collection,,lFIvPhGswQ.jpg
feeding/test1,in_dev_pool,data/images/bimby2024/lfk3PybWxF.jpg,F,bimby_collection,,lfk3PybWxF.jpg
feeding/test1,in_dev_pool,data/images/bimby2024/lG9vuCujck.jpg,F,bimby_collection,,lG9vuCujck.jpg
feeding/test1,in_dev_pool,data/images/bimby2024/lGPgKSHfXX.jpg,F,bimby_collection,,lGPgKSHfXX.jpg
feeding/test1,in_dev_pool,data/images/bimby2024/LHBxJH0QRB.jpg,F,bimby_collection,,LHBxJH0QRB.jpg
feeding/test1,in_dev_pool,data/images/bimby2024/lHgh7p7QVV.jpg,F,bimby_collection,,lHgh7p7QVV.jpg
feeding/test1,in_dev_pool,data/images/bimby2024/LIGfxtvXtP.jpg,F,bimby_collection,,LIGfxtvXtP.jpg
feeding/test1,in_dev_pool,data/images/bimby2024/LIn01OEZkX.jpg,F,bimby_collection,,LIn01OEZkX.jpg
feeding/test1,in_dev_pool,data/images/bimby2024/linh2sCxw5.jpg,F,bimby_collection,,linh2sCxw5.jpg
feeding/test1,in_dev_pool,data/images/bimby2024/LizlgdZuzd.jpg,F,bimby_collection,,LizlgdZuzd.jpg
feeding/test1,in_dev_pool,data/images/bimby2024/LjTZKfJ63Y.jpg,F,bimby_collection,,LjTZKfJ63Y.jpg
feeding/test1,in_dev_pool,data/images/bimby2024/lk7PsVJp8M.jpg,F,bimby_collection,,lk7PsVJp8M.jpg
feeding/test1,in_dev_pool,data/images/bimby2024/LLeUa3lAFT.jpg,F,bimby_collection,,LLeUa3lAFT.jpg
feeding/test1,in_dev_pool,data/images/bimby2024/LLFnXsS9Px.jpg,F,bimby_collection,,LLFnXsS9Px.jpg
feeding/test1,in_dev_pool,data/images/bimby2024/LlSOFp4ssQ.jpg,F,bimby_collection,,LlSOFp4ssQ.jpg
feeding/test1,in_dev_pool,data/images/bimby2024/Lm0DCBo5wx.jpg,F,bimby_collection,,Lm0DCBo5wx.jpg
feeding/test1,in_dev_pool,data/images/bimby2024/lMjcfVDY54.jpg,F,bimby_collection,,lMjcfVDY54.jpg
feeding/test1,in_dev_pool,data/images/bimby2024/LmjKHfLg27.jpg,F,bimby_collection,,LmjKHfLg27.jpg
feeding/test1,in_dev_pool,data/images/bimby2024/loWmRFw5bF.jpg,F,bimby_collection,,loWmRFw5bF.jpg
feeding/test1,in_dev_pool,data/images/bimby2024/LpJRJut9WF.jpg,F,bimby_collection,,LpJRJut9WF.jpg
feeding/test1,in_dev_pool,data/images/bimby2024/LQZIlZYo6R.jpg,F,bimby_collection,,LQZIlZYo6R.jpg
feeding/test1,in_dev_pool,data/images/bimby2024/LrNnNzXUy9.jpg,F,bimby_collection,,LrNnNzXUy9.jpg
feeding/test1,in_dev_pool,data/images/bimby2024/LrpSmmNit7.jpg,F,bimby_collection,,LrpSmmNit7.jpg
feeding/test1,in_dev_pool,data/images/bimby2024/lrSQDAFfuA.jpg,F,bimby_collection,,lrSQDAFfuA.jpg
feeding/test1,in_dev_pool,data/images/bimby2024/lSHDslZKUH.jpg,F,bimby_collection,,lSHDslZKUH.jpg
feeding/test1,in_dev_pool,data/images/bimby2024/lSO3M6KIML.jpg,F,bimby_collection,,lSO3M6KIML.jpg
feeding/test1,in_dev_pool,data/images/bimby2024/LTSuL6xOwo.jpg,F,bimby_collection,,LTSuL6xOwo.jpg
feeding/test1,in_dev_pool,data/images/bimby2024/lUcaILUVB8.jpg,F,bimby_collection,,lUcaILUVB8.jpg
feeding/test1,in_dev_pool,data/images/bimby2024/LV6hoHsMa2.jpg,F,bimby_collection,,LV6hoHsMa2.jpg
feeding/test1,in_dev_pool,data/images/bimby2024/lVAsNw5OjI.jpg,F,bimby_collection,,lVAsNw5OjI.jpg
feeding/test1,in_dev_pool,data/images/bimby2024/lw1BD1dRhW.jpg,F,bimby_collection,,lw1BD1dRhW.jpg
feeding/test1,in_dev_pool,data/images/bimby2024/lWSwho4TgQ.jpg,F,bimby_collection,,lWSwho4TgQ.jpg
feeding/test1,in_dev_pool,data/images/bimby2024/lwUKqRCvSA.jpg,F,bimby_collection,,lwUKqRCvSA.jpg
feeding/test1,in_dev_pool,data/images/bimby2024/lWYhV6GqZQ.jpg,F,bimby_collection,,lWYhV6GqZQ.jpg
feeding/test1,in_dev_pool,data/images/bimby2024/Lx6dkirj81.jpg,F,bimby_collection,,Lx6dkirj81.jpg
feeding/test1,in_dev_pool,data/images/bimby2024/LXmGNygR7i.jpg,F,bimby_collection,,LXmGNygR7i.jpg
feeding/test1,in_dev_pool,data/images/bimby2024/lY1keKtD88.jpg,F,bimby_collection,,lY1keKtD88.jpg
feeding/test1,in_dev_pool,data/images/bimby2024/lYtWCp14CW.jpg,F,bimby_collection,,lYtWCp14CW.jpg
feeding/test1,in_dev_pool,data/images/bimby2024/lyZTYcAzVj.jpg,F,bimby_collection,,lyZTYcAzVj.jpg
feeding/test1,in_dev_pool,data/images/bimby2024/lZDisgCvuq.jpg,F,bimby_collection,,lZDisgCvuq.jpg
feeding/test1,in_dev_pool,data/images/bimby2024/m0aK66oUq9.jpg,F,bimby_collection,,m0aK66oUq9.jpg
feeding/test1,in_dev_pool,data/images/bimby2024/M0fUpbHyit.jpg,F,bimby_collection,,M0fUpbHyit.jpg
feeding/test1,in_dev_pool,data/images/bimby2024/M3Ksv1ZZg2.jpg,F,bimby_collection,,M3Ksv1ZZg2.jpg
feeding/test1,in_dev_pool,data/images/bimby2024/M75IqSJiDG.jpg,F,bimby_collection,,M75IqSJiDG.jpg
feeding/test1,in_dev_pool,data/images/bimby2024/M8kQrGWBgw.jpg,F,bimby_collection,,M8kQrGWBgw.jpg
feeding/test1,in_dev_pool,data/images/bimby2024/m8wuWyBayr.jpg,F,bimby_collection,,m8wuWyBayr.jpg
feeding/test1,in_dev_pool,data/images/bimby2024/maDwwvOTki.jpg,F,bimby_collection,,maDwwvOTki.jpg
feeding/test1,in_dev_pool,data/images/bimby2024/MaFggxb8b5.jpg,F,bimby_collection,,MaFggxb8b5.jpg
feeding/test1,in_dev_pool,data/images/bimby2024/MaqIxMRMiv.jpg,F,bimby_collection,,MaqIxMRMiv.jpg
feeding/test1,in_dev_pool,data/images/bimby2024/MAqNBGzDxM.jpg,F,bimby_collection,,MAqNBGzDxM.jpg
feeding/test1,in_dev_pool,data/images/bimby2024/MaUfPzRgF1.jpg,F,bimby_collection,,MaUfPzRgF1.jpg
feeding/test1,in_dev_pool,data/images/bimby2024/maURvwCDjj.jpg,F,bimby_collection,,maURvwCDjj.jpg
feeding/test1,in_dev_pool,data/images/bimby2024/mc1GrXpUAb.jpg,F,bimby_collection,,mc1GrXpUAb.jpg
feeding/test1,in_dev_pool,data/images/bimby2024/MCPkYb2NZC.jpg,F,bimby_collection,,MCPkYb2NZC.jpg
feeding/test1,in_dev_pool,data/images/bimby2024/mDlM5lleLM.jpg,F,bimby_collection,,mDlM5lleLM.jpg
feeding/test1,in_dev_pool,data/images/bimby2024/MDQaEthZS2.jpg,F,bimby_collection,,MDQaEthZS2.jpg
feeding/test1,in_dev_pool,data/images/bimby2024/me1TfN1lI5.jpg,F,bimby_collection,,me1TfN1lI5.jpg
feeding/test1,in_dev_pool,data/images/bimby2024/Me5F41azBu.jpg,F,bimby_collection,,Me5F41azBu.jpg
feeding/test1,in_dev_pool,data/images/bimby2024/mey6TYz8jJ.jpg,F,bimby_collection,,mey6TYz8jJ.jpg
feeding/test1,in_dev_pool,data/images/bimby2024/mFviQPKQhV.jpg,F,bimby_collection,,mFviQPKQhV.jpg
feeding/test1,in_dev_pool,data/images/bimby2024/MGEvmxGEMB.jpg,F,bimby_collection,,MGEvmxGEMB.jpg
feeding/test1,in_dev_pool,data/images/bimby2024/mGxIP7QcGh.jpg,F,bimby_collection,,mGxIP7QcGh.jpg
feeding/test1,in_dev_pool,data/images/bimby2024/mhzvIGp6j8.jpg,F,bimby_collection,,mhzvIGp6j8.jpg
feeding/test1,in_dev_pool,data/images/bimby2024/MiCWcpVFx3.jpg,F,bimby_collection,,MiCWcpVFx3.jpg
feeding/test1,in_dev_pool,data/images/bimby2024/misCvIgpL6.jpg,F,bimby_collection,,misCvIgpL6.jpg
feeding/test1,in_dev_pool,data/images/bimby2024/MkKvhhJr9m.jpg,F,bimby_collection,,MkKvhhJr9m.jpg
feeding/test1,in_dev_pool,data/images/bimby2024/mkLvKS7kTS.jpg,F,bimby_collection,,mkLvKS7kTS.jpg
feeding/test1,in_dev_pool,data/images/bimby2024/MKs2dM5CRu.jpg,F,bimby_collection,,MKs2dM5CRu.jpg
feeding/test1,in_dev_pool,data/images/bimby2024/mLetwQl9NF.jpg,F,bimby_collection,,mLetwQl9NF.jpg
feeding/test1,in_dev_pool,data/images/bimby2024/MlG8f1dwde.jpg,F,bimby_collection,,MlG8f1dwde.jpg
feeding/test1,in_dev_pool,data/images/bimby2024/MLKFDYtVzS.jpg,F,bimby_collection,,MLKFDYtVzS.jpg
feeding/test1,in_dev_pool,data/images/bimby2024/mLz2cA1VH1.jpg,F,bimby_collection,,mLz2cA1VH1.jpg
feeding/test1,in_dev_pool,data/images/bimby2024/mmgHfV1U1U.jpg,F,bimby_collection,,mmgHfV1U1U.jpg
feeding/test1,in_dev_pool,data/images/bimby2024/MMMnDfoDiG.jpg,F,bimby_collection,,MMMnDfoDiG.jpg
feeding/test1,in_dev_pool,data/images/bimby2024/mMPqDhsDac.jpg,F,bimby_collection,,mMPqDhsDac.jpg
feeding/test1,in_dev_pool,data/images/bimby2024/MNq6oe2TmK.jpg,F,bimby_collection,,MNq6oe2TmK.jpg
feeding/test1,in_dev_pool,data/images/bimby2024/mofkCHISdH.jpg,F,bimby_collection,,mofkCHISdH.jpg
feeding/test1,in_dev_pool,data/images/bimby2024/morxb1cZqb.jpg,F,bimby_collection,,morxb1cZqb.jpg
feeding/test1,in_dev_pool,data/images/bimby2024/mos7bpBHLT.jpg,F,bimby_collection,,mos7bpBHLT.jpg
feeding/test1,in_dev_pool,data/images/bimby2024/MOtQD2TxEV.jpg,F,bimby_collection,,MOtQD2TxEV.jpg
feeding/test1,in_dev_pool,data/images/bimby2024/mp4nM4CeA6.jpg,F,bimby_collection,,mp4nM4CeA6.jpg
feeding/test1,in_dev_pool,data/images/bimby2024/mpLG6A1Y3z.jpg,F,bimby_collection,,mpLG6A1Y3z.jpg
feeding/test1,in_dev_pool,data/images/bimby2024/mPNe6ycLME.jpg,F,bimby_collection,,mPNe6ycLME.jpg
feeding/test1,in_dev_pool,data/images/bimby2024/mq08ckecxa.jpg,F,bimby_collection,,mq08ckecxa.jpg
feeding/test1,in_dev_pool,data/images/bimby2024/MQQaSYYCXq.jpg,F,bimby_collection,,MQQaSYYCXq.jpg
feeding/test1,in_dev_pool,data/images/bimby2024/mQYsxLNaCu.jpg,F,bimby_collection,,mQYsxLNaCu.jpg
feeding/test1,in_dev_pool,data/images/bimby2024/mS64xxu3UQ.jpg,F,bimby_collection,,mS64xxu3UQ.jpg
feeding/test1,in_dev_pool,data/images/bimby2024/msk2z5hjsE.jpg,F,bimby_collection,,msk2z5hjsE.jpg
feeding/test1,in_dev_pool,data/images/bimby2024/mtBodLNuAi.jpg,F,bimby_collection,,mtBodLNuAi.jpg
feeding/test1,in_dev_pool,data/images/bimby2024/muDPa2jm8z.jpg,F,bimby_collection,,muDPa2jm8z.jpg
feeding/test1,in_dev_pool,data/images/bimby2024/MUFM3lWGAy.jpg,F,bimby_collection,,MUFM3lWGAy.jpg
feeding/test1,in_dev_pool,data/images/bimby2024/MugNQHOCpI.jpg,F,bimby_collection,,MugNQHOCpI.jpg
feeding/test1,in_dev_pool,data/images/bimby2024/MukP0lOSL8.jpg,F,bimby_collection,,MukP0lOSL8.jpg
feeding/test1,in_dev_pool,data/images/bimby2024/MvfCDjzlUj.jpg,F,bimby_collection,,MvfCDjzlUj.jpg
feeding/test1,in_dev_pool,data/images/bimby2024/MvkWKW7a4j.jpg,F,bimby_collection,,MvkWKW7a4j.jpg
feeding/test1,in_dev_pool,data/images/bimby2024/MVrcH2Kd7e.jpg,F,bimby_collection,,MVrcH2Kd7e.jpg
feeding/test1,in_dev_pool,data/images/bimby2024/MvV1RWDW3o.jpg,F,bimby_collection,,MvV1RWDW3o.jpg
feeding/test1,in_dev_pool,data/images/bimby2024/MwMstIIRDH.jpg,F,bimby_collection,,MwMstIIRDH.jpg
feeding/test1,in_dev_pool,data/images/bimby2024/MXgZaqgRYh.jpg,F,bimby_collection,,MXgZaqgRYh.jpg
feeding/test1,in_dev_pool,data/images/bimby2024/myhzrf4I7s.jpg,F,bimby_collection,,myhzrf4I7s.jpg
feeding/test1,in_dev_pool,data/images/bimby2024/mzn83Q7tGa.jpg,F,bimby_collection,,mzn83Q7tGa.jpg
feeding/test1,in_dev_pool,data/images/bimby2024/Mzxg2SClXO.jpg,F,bimby_collection,,Mzxg2SClXO.jpg
feeding/test1,in_dev_pool,data/images/bimby2024/N1cfnGXza8.jpg,F,bimby_collection,,N1cfnGXza8.jpg
feeding/test1,in_dev_pool,data/images/bimby2024/n1rWAIZjcb.jpg,F,bimby_collection,,n1rWAIZjcb.jpg
feeding/test1,in_dev_pool,data/images/bimby2024/N4WrAGRzOK.jpg,F,bimby_collection,,N4WrAGRzOK.jpg
feeding/test1,in_dev_pool,data/images/bimby2024/n6feDTUqvS.jpg,F,bimby_collection,,n6feDTUqvS.jpg
feeding/test1,in_dev_pool,data/images/bimby2024/N7mlc4K2hE.jpg,F,bimby_collection,,N7mlc4K2hE.jpg
feeding/test1,in_dev_pool,data/images/bimby2024/n8L8ysFZsE.jpg,F,bimby_collection,,n8L8ysFZsE.jpg
feeding/test1,in_dev_pool,data/images/bimby2024/N934TRqgjt.jpg,F,bimby_collection,,N934TRqgjt.jpg
feeding/test1,in_dev_pool,data/images/bimby2024/n94TYnut4p.jpg,F,bimby_collection,,n94TYnut4p.jpg
feeding/test1,in_dev_pool,data/images/bimby2024/na474Tejxr.jpg,F,bimby_collection,,na474Tejxr.jpg
feeding/test1,in_dev_pool,data/images/bimby2024/NaB2CZSiuV.jpg,F,bimby_collection,,NaB2CZSiuV.jpg
feeding/test1,in_dev_pool,data/images/bimby2024/nAzcgCw2dF.jpg,F,bimby_collection,,nAzcgCw2dF.jpg
feeding/test1,in_dev_pool,data/images/bimby2024/NbBBpwysgb.jpg,F,bimby_collection,,NbBBpwysgb.jpg
feeding/test1,in_dev_pool,data/images/bimby2024/nBPNSaQ2GU.jpg,F,bimby_collection,,nBPNSaQ2GU.jpg
feeding/test1,in_dev_pool,data/images/bimby2024/Nc3IoECKSz.jpg,F,bimby_collection,,Nc3IoECKSz.jpg
feeding/test1,in_dev_pool,data/images/bimby2024/NCSkbneKHV.jpg,F,bimby_collection,,NCSkbneKHV.jpg
feeding/test1,in_dev_pool,data/images/bimby2024/Nd0CoWJkhD.jpg,F,bimby_collection,,Nd0CoWJkhD.jpg
feeding/test1,in_dev_pool,data/images/bimby2024/nDDkB1hKn6.jpg,F,bimby_collection,,nDDkB1hKn6.jpg
feeding/test1,in_dev_pool,data/images/bimby2024/ndGhqeIfWm.jpg,F,bimby_collection,,ndGhqeIfWm.jpg
feeding/test1,in_dev_pool,data/images/bimby2024/NdoBptpdGK.jpg,F,bimby_collection,,NdoBptpdGK.jpg
feeding/test1,in_dev_pool,data/images/bimby2024/nDQodIJtYj.jpg,F,bimby_collection,,nDQodIJtYj.jpg
feeding/test1,in_dev_pool,data/images/bimby2024/NEOT2tdtdj.jpg,F,bimby_collection,,NEOT2tdtdj.jpg
feeding/test1,in_dev_pool,data/images/bimby2024/NessL9uPk5.jpg,F,bimby_collection,,NessL9uPk5.jpg
feeding/test1,in_dev_pool,data/images/bimby2024/NfGL4jfCH0.jpg,F,bimby_collection,,NfGL4jfCH0.jpg
feeding/test1,in_dev_pool,data/images/bimby2024/nfLhY0sglV.jpg,F,bimby_collection,,nfLhY0sglV.jpg
feeding/test1,in_dev_pool,data/images/bimby2024/nFLKj6IkbB.jpg,F,bimby_collection,,nFLKj6IkbB.jpg
feeding/test1,in_dev_pool,data/images/bimby2024/NfLpm0ovbv.jpg,F,bimby_collection,,NfLpm0ovbv.jpg
feeding/test1,in_dev_pool,data/images/bimby2024/nfx9pxaxth.jpg,F,bimby_collection,,nfx9pxaxth.jpg
feeding/test1,in_dev_pool,data/images/bimby2024/NGhyzlP7Ts.jpg,F,bimby_collection,,NGhyzlP7Ts.jpg
feeding/test1,in_dev_pool,data/images/bimby2024/ngI8OyB6Mk.jpg,F,bimby_collection,,ngI8OyB6Mk.jpg
feeding/test1,in_dev_pool,data/images/bimby2024/NgVwbDZPAc.jpg,F,bimby_collection,,NgVwbDZPAc.jpg
feeding/test1,in_dev_pool,data/images/bimby2024/NHAyMon3np.jpg,F,bimby_collection,,NHAyMon3np.jpg
feeding/test1,in_dev_pool,data/images/bimby2024/nhby5wGpwP.jpg,F,bimby_collection,,nhby5wGpwP.jpg
feeding/test1,in_dev_pool,data/images/bimby2024/Ni9ru3kJVq.jpg,F,bimby_collection,,Ni9ru3kJVq.jpg
feeding/test1,in_dev_pool,data/images/bimby2024/njMI8osCJj.jpg,F,bimby_collection,,njMI8osCJj.jpg
feeding/test1,in_dev_pool,data/images/bimby2024/NJsqFLTAhQ.jpg,F,bimby_collection,,NJsqFLTAhQ.jpg
feeding/test1,in_dev_pool,data/images/bimby2024/nK2fASgUbw.jpg,F,bimby_collection,,nK2fASgUbw.jpg
feeding/test1,in_dev_pool,data/images/bimby2024/nkCNlRjuH6.jpg,F,bimby_collection,,nkCNlRjuH6.jpg
feeding/test1,in_dev_pool,data/images/bimby2024/NKjR5R6nS9.jpg,F,bimby_collection,,NKjR5R6nS9.jpg
feeding/test1,in_dev_pool,data/images/bimby2024/nknSnAKvQm.jpg,F,bimby_collection,,nknSnAKvQm.jpg
feeding/test1,in_dev_pool,data/images/bimby2024/NKTDMJLDRV.jpg,F,bimby_collection,,NKTDMJLDRV.jpg
feeding/test1,in_dev_pool,data/images/bimby2024/NLGM4QrOjI.jpg,F,bimby_collection,,NLGM4QrOjI.jpg
feeding/test1,in_dev_pool,data/images/bimby2024/NLR20ASSoT.jpg,F,bimby_collection,,NLR20ASSoT.jpg
feeding/test1,in_dev_pool,data/images/bimby2024/nLynME8sIq.jpg,F,bimby_collection,,nLynME8sIq.jpg
feeding/test1,in_dev_pool,data/images/bimby2024/NnfdtI2BvX.jpg,F,bimby_collection,,NnfdtI2BvX.jpg
feeding/test1,in_dev_pool,data/images/bimby2024/nnjFTJyv35.jpg,F,bimby_collection,,nnjFTJyv35.jpg
feeding/test1,in_dev_pool,data/images/bimby2024/NNzQdD7Xz5.jpg,F,bimby_collection,,NNzQdD7Xz5.jpg
feeding/test1,in_dev_pool,data/images/bimby2024/nOAasae9AW.jpg,F,bimby_collection,,nOAasae9AW.jpg
feeding/test1,in_dev_pool,data/images/bimby2024/nOTreT1moh.jpg,F,bimby_collection,,nOTreT1moh.jpg
feeding/test1,in_dev_pool,data/images/bimby2024/noY8mjiz7c.jpg,F,bimby_collection,,noY8mjiz7c.jpg
feeding/test1,in_dev_pool,data/images/bimby2024/NpMtYgl7Xw.jpg,F,bimby_collection,,NpMtYgl7Xw.jpg
feeding/test1,in_dev_pool,data/images/bimby2024/NTgcOJt7i7.jpg,F,bimby_collection,,NTgcOJt7i7.jpg
feeding/test1,in_dev_pool,data/images/bimby2024/NTjZc6YTSL.jpg,F,bimby_collection,,NTjZc6YTSL.jpg
feeding/test1,in_dev_pool,data/images/bimby2024/ntw0tKBRCI.jpg,F,bimby_collection,,ntw0tKBRCI.jpg
feeding/test1,in_dev_pool,data/images/bimby2024/nuYyfdJs2y.jpg,F,bimby_collection,,nuYyfdJs2y.jpg
feeding/test1,in_dev_pool,data/images/bimby2024/nvbitsQMSJ.jpg,F,bimby_collection,,nvbitsQMSJ.jpg
feeding/test1,in_dev_pool,data/images/bimby2024/NvGzZvwDYA.jpg,F,bimby_collection,,NvGzZvwDYA.jpg
feeding/test1,in_dev_pool,data/images/bimby2024/nXabXyYYHm.jpg,F,bimby_collection,,nXabXyYYHm.jpg
feeding/test1,in_dev_pool,data/images/bimby2024/NxnlzsTUPA.jpg,F,bimby_collection,,NxnlzsTUPA.jpg
feeding/test1,in_dev_pool,data/images/bimby2024/NxUzqyRJCw.jpg,F,bimby_collection,,NxUzqyRJCw.jpg
feeding/test1,in_dev_pool,data/images/bimby2024/nZFVPxBjCm.jpg,F,bimby_collection,,nZFVPxBjCm.jpg
feeding/test1,in_dev_pool,data/images/bimby2024/o3evBOxlGD.jpg,F,bimby_collection,,o3evBOxlGD.jpg
feeding/test1,in_dev_pool,data/images/bimby2024/o3P24z3Kqr.jpg,F,bimby_collection,,o3P24z3Kqr.jpg
feeding/test1,in_dev_pool,data/images/bimby2024/O4cnrDpyn2.jpg,F,bimby_collection,,O4cnrDpyn2.jpg
feeding/test1,in_dev_pool,data/images/bimby2024/O4Ilf0tLrA.jpg,F,bimby_collection,,O4Ilf0tLrA.jpg
feeding/test1,in_dev_pool,data/images/bimby2024/O4rJOzJBW3.jpg,F,bimby_collection,,O4rJOzJBW3.jpg
feeding/test1,in_dev_pool,data/images/bimby2024/O4zJjAoopW.jpg,F,bimby_collection,,O4zJjAoopW.jpg
feeding/test1,in_dev_pool,data/images/bimby2024/o56Ckfi5Gd.jpg,F,bimby_collection,,o56Ckfi5Gd.jpg
feeding/test1,in_dev_pool,data/images/bimby2024/O6HrWi0DER.jpg,F,bimby_collection,,O6HrWi0DER.jpg
feeding/test1,in_dev_pool,data/images/bimby2024/O6JS82ha5b.jpg,F,bimby_collection,,O6JS82ha5b.jpg
feeding/test1,in_dev_pool,data/images/bimby2024/O6L9fEvn9J.jpg,F,bimby_collection,,O6L9fEvn9J.jpg
feeding/test1,in_dev_pool,data/images/bimby2024/O6zkB1nL8r.jpg,F,bimby_collection,,O6zkB1nL8r.jpg
feeding/test1,in_dev_pool,data/images/bimby2024/o8w7rpffh2.jpg,F,bimby_collection,,o8w7rpffh2.jpg
feeding/test1,in_dev_pool,data/images/bimby2024/O9t9MdF3GZ.jpg,F,bimby_collection,,O9t9MdF3GZ.jpg
feeding/test1,in_dev_pool,data/images/bimby2024/Oa4Qb3KO0s.jpg,F,bimby_collection,,Oa4Qb3KO0s.jpg
feeding/test1,in_dev_pool,data/images/bimby2024/OArrQdqI2q.jpg,F,bimby_collection,,OArrQdqI2q.jpg
feeding/test1,in_dev_pool,data/images/bimby2024/OAZzbeujBt.jpg,F,bimby_collection,,OAZzbeujBt.jpg
feeding/test1,in_dev_pool,data/images/bimby2024/ocFh2yEeY3.jpg,F,bimby_collection,,ocFh2yEeY3.jpg
feeding/test1,in_dev_pool,data/images/bimby2024/ocycKpbWg2.jpg,F,bimby_collection,,ocycKpbWg2.jpg
feeding/test1,in_dev_pool,data/images/bimby2024/oD6BQOFQrR.jpg,F,bimby_collection,,oD6BQOFQrR.jpg
feeding/test1,in_dev_pool,data/images/bimby2024/oe36Hsouik.jpg,F,bimby_collection,,oe36Hsouik.jpg
feeding/test1,in_dev_pool,data/images/bimby2024/Oe59ppPp23.jpg,F,bimby_collection,,Oe59ppPp23.jpg
feeding/test1,in_dev_pool,data/images/bimby2024/Oe7PuSEiaF.jpg,F,bimby_collection,,Oe7PuSEiaF.jpg
feeding/test1,in_dev_pool,data/images/bimby2024/oEiQwAusMM.jpg,F,bimby_collection,,oEiQwAusMM.jpg
feeding/test1,in_dev_pool,data/images/bimby2024/oErfEhdYLo.jpg,F,bimby_collection,,oErfEhdYLo.jpg
feeding/test1,in_dev_pool,data/images/bimby2024/OfDrx2GjsZ.jpg,F,bimby_collection,,OfDrx2GjsZ.jpg
feeding/test1,in_dev_pool,data/images/bimby2024/ogBezi7KIc.jpg,F,bimby_collection,,ogBezi7KIc.jpg
feeding/test1,in_dev_pool,data/images/bimby2024/OgdsgyZieQ.jpg,F,bimby_collection,,OgdsgyZieQ.jpg
feeding/test1,in_dev_pool,data/images/bimby2024/OHqzXupLHp.jpg,F,bimby_collection,,OHqzXupLHp.jpg
feeding/test1,in_dev_pool,data/images/bimby2024/OiQ9bWueEY.jpg,F,bimby_collection,,OiQ9bWueEY.jpg
feeding/test1,in_dev_pool,data/images/bimby2024/oJCkAv0WTh.jpg,F,bimby_collection,,oJCkAv0WTh.jpg
feeding/test1,in_dev_pool,data/images/bimby2024/oJEEx29RQy.jpg,F,bimby_collection,,oJEEx29RQy.jpg
feeding/test1,in_dev_pool,data/images/bimby2024/OJHXjWmmn3.jpg,F,bimby_collection,,OJHXjWmmn3.jpg
feeding/test1,in_dev_pool,data/images/bimby2024/oK64wZ0mOl.jpg,F,bimby_collection,,oK64wZ0mOl.jpg
feeding/test1,in_dev_pool,data/images/bimby2024/olesCIAfZf.jpg,F,bimby_collection,,olesCIAfZf.jpg
feeding/test1,in_dev_pool,data/images/bimby2024/OmAqmG0gqJ.jpg,F,bimby_collection,,OmAqmG0gqJ.jpg
feeding/test1,in_dev_pool,data/images/bimby2024/ONn96NcQsX.jpg,F,bimby_collection,,ONn96NcQsX.jpg
feeding/test1,in_dev_pool,data/images/bimby2024/oo5d4iOR9T.jpg,F,bimby_collection,,oo5d4iOR9T.jpg
feeding/test1,in_dev_pool,data/images/bimby2024/OOHX21DgzL.jpg,F,bimby_collection,,OOHX21DgzL.jpg
feeding/test1,in_dev_pool,data/images/bimby2024/OoZgzDcAht.jpg,F,bimby_collection,,OoZgzDcAht.jpg
feeding/test1,in_dev_pool,data/images/bimby2024/OpaaBKMvnv.jpg,F,bimby_collection,,OpaaBKMvnv.jpg
feeding/test1,in_dev_pool,data/images/bimby2024/oPtADcNRWs.jpg,F,bimby_collection,,oPtADcNRWs.jpg
feeding/test1,in_dev_pool,data/images/bimby2024/oPVeLgW0Ud.jpg,F,bimby_collection,,oPVeLgW0Ud.jpg
feeding/test1,in_dev_pool,data/images/bimby2024/OQSPgoA9rj.jpg,F,bimby_collection,,OQSPgoA9rj.jpg
feeding/test1,in_dev_pool,data/images/bimby2024/oqWuUb0UAk.jpg,F,bimby_collection,,oqWuUb0UAk.jpg
feeding/test1,in_dev_pool,data/images/bimby2024/Or0wwRovtd.jpg,F,bimby_collection,,Or0wwRovtd.jpg
feeding/test1,in_dev_pool,data/images/bimby2024/orcCJICWd0.jpg,F,bimby_collection,,orcCJICWd0.jpg
feeding/test1,in_dev_pool,data/images/bimby2024/orWgXL3ZU7.jpg,F,bimby_collection,,orWgXL3ZU7.jpg
feeding/test1,in_dev_pool,data/images/bimby2024/Os3B9l64PW.jpg,F,bimby_collection,,Os3B9l64PW.jpg
feeding/test1,in_dev_pool,data/images/bimby2024/osxVhfi49X.jpg,F,bimby_collection,,osxVhfi49X.jpg
feeding/test1,in_dev_pool,data/images/bimby2024/Ot2Zz300A7.jpg,F,bimby_collection,,Ot2Zz300A7.jpg
feeding/test1,in_dev_pool,data/images/bimby2024/OUMKTaTD9t.jpg,F,bimby_collection,,OUMKTaTD9t.jpg
feeding/test1,in_dev_pool,data/images/bimby2024/OUSrBN0z8J.jpg,F,bimby_collection,,OUSrBN0z8J.jpg
feeding/test1,in_dev_pool,data/images/bimby2024/oUzaHCkQ9L.jpg,F,bimby_collection,,oUzaHCkQ9L.jpg
feeding/test1,in_dev_pool,data/images/bimby2024/Ov3NLAcqUr.jpg,F,bimby_collection,,Ov3NLAcqUr.jpg
feeding/test1,in_dev_pool,data/images/bimby2024/oVGNLuh9r7.jpg,F,bimby_collection,,oVGNLuh9r7.jpg
feeding/test1,in_dev_pool,data/images/bimby2024/oVi0QwGJBo.jpg,F,bimby_collection,,oVi0QwGJBo.jpg
feeding/test1,in_dev_pool,data/images/bimby2024/OvRO2eGqxn.jpg,F,bimby_collection,,OvRO2eGqxn.jpg
feeding/test1,in_dev_pool,data/images/bimby2024/OVrP6YGa2x.jpg,F,bimby_collection,,OVrP6YGa2x.jpg
feeding/test1,in_dev_pool,data/images/bimby2024/OwExI7mxfw.jpg,F,bimby_collection,,OwExI7mxfw.jpg
feeding/test1,in_dev_pool,data/images/bimby2024/owfqfwwTPS.jpg,F,bimby_collection,,owfqfwwTPS.jpg
feeding/test1,in_dev_pool,data/images/bimby2024/OX6orBN688.jpg,F,bimby_collection,,OX6orBN688.jpg
feeding/test1,in_dev_pool,data/images/bimby2024/OXAWB1Wr4m.jpg,F,bimby_collection,,OXAWB1Wr4m.jpg
feeding/test1,in_dev_pool,data/images/bimby2024/oxRVi3iCLz.jpg,F,bimby_collection,,oxRVi3iCLz.jpg
feeding/test1,in_dev_pool,data/images/bimby2024/Oxw4JCBvqJ.jpg,F,bimby_collection,,Oxw4JCBvqJ.jpg
feeding/test1,in_dev_pool,data/images/bimby2024/oxWHanVltu.jpg,F,bimby_collection,,oxWHanVltu.jpg
feeding/test1,in_dev_pool,data/images/bimby2024/P1xk9xK5TV.jpg,F,bimby_collection,,P1xk9xK5TV.jpg
feeding/test1,in_dev_pool,data/images/bimby2024/P2I45rx5TW.jpg,F,bimby_collection,,P2I45rx5TW.jpg
feeding/test1,in_dev_pool,data/images/bimby2024/P2Ocz79X8D.jpg,F,bimby_collection,,P2Ocz79X8D.jpg
feeding/test1,in_dev_pool,data/images/bimby2024/p3btYkmNzN.jpg,F,bimby_collection,,p3btYkmNzN.jpg
feeding/test1,in_dev_pool,data/images/bimby2024/P5KSAHKMzs.jpg,F,bimby_collection,,P5KSAHKMzs.jpg
feeding/test1,in_dev_pool,data/images/bimby2024/p6e2TbupSk.jpg,F,bimby_collection,,p6e2TbupSk.jpg
feeding/test1,in_dev_pool,data/images/bimby2024/P7cAFT1hRR.jpg,F,bimby_collection,,P7cAFT1hRR.jpg
feeding/test1,in_dev_pool,data/images/bimby2024/p7q2866C0U.jpg,F,bimby_collection,,p7q2866C0U.jpg
feeding/test1,in_dev_pool,data/images/bimby2024/P8kA8wcKsK.jpg,F,bimby_collection,,P8kA8wcKsK.jpg
feeding/test1,in_dev_pool,data/images/bimby2024/p8s4GgdbvF.jpg,F,bimby_collection,,p8s4GgdbvF.jpg
feeding/test1,in_dev_pool,data/images/bimby2024/P9v1IpKpuN.jpg,F,bimby_collection,,P9v1IpKpuN.jpg
feeding/test1,in_dev_pool,data/images/bimby2024/Pa1rnjWS2T.jpg,F,bimby_collection,,Pa1rnjWS2T.jpg
feeding/test1,in_dev_pool,data/images/bimby2024/PArjlBmnqy.jpg,F,bimby_collection,,PArjlBmnqy.jpg
feeding/test1,in_dev_pool,data/images/bimby2024/PaVFsqPpxa.jpg,F,bimby_collection,,PaVFsqPpxa.jpg
feeding/test1,in_dev_pool,data/images/bimby2024/pBvAvkET7n.jpg,F,bimby_collection,,pBvAvkET7n.jpg
feeding/test1,in_dev_pool,data/images/bimby2024/pcntdWwtGS.jpg,F,bimby_collection,,pcntdWwtGS.jpg
feeding/test1,in_dev_pool,data/images/bimby2024/pds7SrN4GX.jpg,F,bimby_collection,,pds7SrN4GX.jpg
feeding/test1,in_dev_pool,data/images/bimby2024/PFNbvjnbjK.jpg,F,bimby_collection,,PFNbvjnbjK.jpg
feeding/test1,in_dev_pool,data/images/bimby2024/PFUXTucqMp.jpg,F,bimby_collection,,PFUXTucqMp.jpg
feeding/test1,in_dev_pool,data/images/bimby2024/PgcaW0qYId.jpg,F,bimby_collection,,PgcaW0qYId.jpg
feeding/test1,in_dev_pool,data/images/bimby2024/PGy7qsvEG6.jpg,F,bimby_collection,,PGy7qsvEG6.jpg
feeding/test1,in_dev_pool,data/images/bimby2024/pHTB8xmRAH.jpg,F,bimby_collection,,pHTB8xmRAH.jpg
feeding/test1,in_dev_pool,data/images/bimby2024/PiD2yQrnA1.jpg,F,bimby_collection,,PiD2yQrnA1.jpg
feeding/test1,in_dev_pool,data/images/bimby2024/PIDWUDATSQ.jpg,F,bimby_collection,,PIDWUDATSQ.jpg
feeding/test1,in_dev_pool,data/images/bimby2024/pj4n1mHX5P.jpg,F,bimby_collection,,pj4n1mHX5P.jpg
feeding/test1,in_dev_pool,data/images/bimby2024/PK1n8rB3AC.jpg,F,bimby_collection,,PK1n8rB3AC.jpg
feeding/test1,in_dev_pool,data/images/bimby2024/pk6a0Hg5p2.jpg,F,bimby_collection,,pk6a0Hg5p2.jpg
feeding/test1,in_dev_pool,data/images/bimby2024/PKIazn1EqD.jpg,F,bimby_collection,,PKIazn1EqD.jpg
feeding/test1,in_dev_pool,data/images/bimby2024/PkYl7p30kB.jpg,F,bimby_collection,,PkYl7p30kB.jpg
feeding/test1,in_dev_pool,data/images/bimby2024/PKzwvZ0aqU.jpg,F,bimby_collection,,PKzwvZ0aqU.jpg
feeding/test1,in_dev_pool,data/images/bimby2024/PmkllGsyZg.jpg,F,bimby_collection,,PmkllGsyZg.jpg
feeding/test1,in_dev_pool,data/images/bimby2024/Pn0y3uFAvF.jpg,F,bimby_collection,,Pn0y3uFAvF.jpg
feeding/test1,in_dev_pool,data/images/bimby2024/poBVtF8Ln0.jpg,F,bimby_collection,,poBVtF8Ln0.jpg
feeding/test1,in_dev_pool,data/images/bimby2024/POCAETvarS.jpg,F,bimby_collection,,POCAETvarS.jpg
feeding/test1,in_dev_pool,data/images/bimby2024/pomDGkuBAe.jpg,F,bimby_collection,,pomDGkuBAe.jpg
feeding/test1,in_dev_pool,data/images/bimby2024/pp3kurSMhV.jpg,F,bimby_collection,,pp3kurSMhV.jpg
feeding/test1,in_dev_pool,data/images/bimby2024/pP4nwTCf6v.jpg,F,bimby_collection,,pP4nwTCf6v.jpg
feeding/test1,in_dev_pool,data/images/bimby2024/PpFk3Z5kAG.jpg,F,bimby_collection,,PpFk3Z5kAG.jpg
feeding/test1,in_dev_pool,data/images/bimby2024/PPo2cftE5G.jpg,F,bimby_collection,,PPo2cftE5G.jpg
feeding/test1,in_dev_pool,data/images/bimby2024/PQ7ZUWORFb.jpg,F,bimby_collection,,PQ7ZUWORFb.jpg
feeding/test1,in_dev_pool,data/images/bimby2024/PqaDzJE8aL.jpg,F,bimby_collection,,PqaDzJE8aL.jpg
feeding/test1,in_dev_pool,data/images/bimby2024/pqkNQCSEPn.jpg,F,bimby_collection,,pqkNQCSEPn.jpg
feeding/test1,in_dev_pool,data/images/bimby2024/PqrftAcO7H.jpg,F,bimby_collection,,PqrftAcO7H.jpg
feeding/test1,in_dev_pool,data/images/bimby2024/PreQTv9JEM.jpg,F,bimby_collection,,PreQTv9JEM.jpg
feeding/test1,in_dev_pool,data/images/bimby2024/prGU1tjF0W.jpg,F,bimby_collection,,prGU1tjF0W.jpg
feeding/test1,in_dev_pool,data/images/bimby2024/PRt8tt5HII.jpg,F,bimby_collection,,PRt8tt5HII.jpg
feeding/test1,in_dev_pool,data/images/bimby2024/PsqPolY6kA.jpg,F,bimby_collection,,PsqPolY6kA.jpg
feeding/test1,in_dev_pool,data/images/bimby2024/PSRPFGxSK1.jpg,F,bimby_collection,,PSRPFGxSK1.jpg
feeding/test1,in_dev_pool,data/images/bimby2024/psUzeZt0uH.jpg,F,bimby_collection,,psUzeZt0uH.jpg
feeding/test1,in_dev_pool,data/images/bimby2024/psx6EbWXBw.jpg,F,bimby_collection,,psx6EbWXBw.jpg
feeding/test1,in_dev_pool,data/images/bimby2024/PtFtZQ6cNu.jpg,F,bimby_collection,,PtFtZQ6cNu.jpg
feeding/test1,in_dev_pool,data/images/bimby2024/PTG2tWZsPr.jpg,F,bimby_collection,,PTG2tWZsPr.jpg
feeding/test1,in_dev_pool,data/images/bimby2024/pTj02m6K3G.jpg,F,bimby_collection,,pTj02m6K3G.jpg
feeding/test1,in_dev_pool,data/images/bimby2024/PtKkRrSozN.jpg,F,bimby_collection,,PtKkRrSozN.jpg
feeding/test1,in_dev_pool,data/images/bimby2024/PtS3LtxdNH.jpg,F,bimby_collection,,PtS3LtxdNH.jpg
feeding/test1,in_dev_pool,data/images/bimby2024/ptTRQ3A2I1.jpg,F,bimby_collection,,ptTRQ3A2I1.jpg
feeding/test1,in_dev_pool,data/images/bimby2024/pucHI1KYzC.jpg,F,bimby_collection,,pucHI1KYzC.jpg
feeding/test1,in_dev_pool,data/images/bimby2024/pUnXHvaMfV.jpg,F,bimby_collection,,pUnXHvaMfV.jpg
feeding/test1,in_dev_pool,data/images/bimby2024/pUPrKojljw.jpg,F,bimby_collection,,pUPrKojljw.jpg
feeding/test1,in_dev_pool,data/images/bimby2024/puRF6SkCIW.jpg,F,bimby_collection,,puRF6SkCIW.jpg
feeding/test1,in_dev_pool,data/images/bimby2024/puSYw39b0u.jpg,F,bimby_collection,,puSYw39b0u.jpg
feeding/test1,in_dev_pool,data/images/bimby2024/pvRaG8Fg6M.jpg,F,bimby_collection,,pvRaG8Fg6M.jpg
feeding/test1,in_dev_pool,data/images/bimby2024/PVRG56CP9f.jpg,F,bimby_collection,,PVRG56CP9f.jpg
feeding/test1,in_dev_pool,data/images/bimby2024/pwcTxZTnsm.jpg,F,bimby_collection,,pwcTxZTnsm.jpg
feeding/test1,in_dev_pool,data/images/bimby2024/PXzQVEdXuO.jpg,F,bimby_collection,,PXzQVEdXuO.jpg
feeding/test1,in_dev_pool,data/images/bimby2024/pydI09fGVM.jpg,F,bimby_collection,,pydI09fGVM.jpg
feeding/test1,in_dev_pool,data/images/bimby2024/PZecmvYCz7.jpg,F,bimby_collection,,PZecmvYCz7.jpg
feeding/test1,in_dev_pool,data/images/bimby2024/pZjmjaIZ4q.jpg,F,bimby_collection,,pZjmjaIZ4q.jpg
feeding/test1,in_dev_pool,data/images/bimby2024/pzr173dVs8.jpg,F,bimby_collection,,pzr173dVs8.jpg
feeding/test1,in_dev_pool,data/images/bimby2024/PzsECpcNJS.jpg,F,bimby_collection,,PzsECpcNJS.jpg
feeding/test1,in_dev_pool,data/images/bimby2024/q1iby6ZDqw.jpg,F,bimby_collection,,q1iby6ZDqw.jpg
feeding/test1,in_dev_pool,data/images/bimby2024/Q1tK9sQFWC.jpg,F,bimby_collection,,Q1tK9sQFWC.jpg
feeding/test1,in_dev_pool,data/images/bimby2024/Q2NzxsthC4.jpg,F,bimby_collection,,Q2NzxsthC4.jpg
feeding/test1,in_dev_pool,data/images/bimby2024/Q2vtjChMQi.jpg,F,bimby_collection,,Q2vtjChMQi.jpg
feeding/test1,in_dev_pool,data/images/bimby2024/Q3Hu3oZDhS.jpg,F,bimby_collection,,Q3Hu3oZDhS.jpg
feeding/test1,in_dev_pool,data/images/bimby2024/Q3tTt4chUL.jpg,F,bimby_collection,,Q3tTt4chUL.jpg
feeding/test1,in_dev_pool,data/images/bimby2024/Q5Ls73eCYA.jpg,F,bimby_collection,,Q5Ls73eCYA.jpg
feeding/test1,in_dev_pool,data/images/bimby2024/Q5tzPTMK0R.jpg,F,bimby_collection,,Q5tzPTMK0R.jpg
feeding/test1,in_dev_pool,data/images/bimby2024/Q69GU5QAcd.jpg,F,bimby_collection,,Q69GU5QAcd.jpg
feeding/test1,in_dev_pool,data/images/bimby2024/q6xgEwPCN3.jpg,F,bimby_collection,,q6xgEwPCN3.jpg
feeding/test1,in_dev_pool,data/images/bimby2024/q8pQ5pGhwK.jpg,F,bimby_collection,,q8pQ5pGhwK.jpg
feeding/test1,in_dev_pool,data/images/bimby2024/Q9xFv3k0Ij.jpg,F,bimby_collection,,Q9xFv3k0Ij.jpg
feeding/test1,in_dev_pool,data/images/bimby2024/QbvDRbB7m6.jpg,F,bimby_collection,,QbvDRbB7m6.jpg
feeding/test1,in_dev_pool,data/images/bimby2024/Qc7Bk2Weig.jpg,F,bimby_collection,,Qc7Bk2Weig.jpg
feeding/test1,in_dev_pool,data/images/bimby2024/QcqbDuIzMP.jpg,F,bimby_collection,,QcqbDuIzMP.jpg
feeding/test1,in_dev_pool,data/images/bimby2024/QCRfAIDRhT.jpg,F,bimby_collection,,QCRfAIDRhT.jpg
feeding/test1,in_dev_pool,data/images/bimby2024/qcsrhWpUAx.jpg,F,bimby_collection,,qcsrhWpUAx.jpg
feeding/test1,in_dev_pool,data/images/bimby2024/Qd2jH1rtFX.jpg,F,bimby_collection,,Qd2jH1rtFX.jpg
feeding/test1,in_dev_pool,data/images/bimby2024/qdlvtwCiCu.jpg,F,bimby_collection,,qdlvtwCiCu.jpg
feeding/test1,in_dev_pool,data/images/bimby2024/qfRS9GUK09.jpg,F,bimby_collection,,qfRS9GUK09.jpg
feeding/test1,in_dev_pool,data/images/bimby2024/QFyjPFROpS.jpg,F,bimby_collection,,QFyjPFROpS.jpg
feeding/test1,in_dev_pool,data/images/bimby2024/qGBIUUPMJS.jpg,F,bimby_collection,,qGBIUUPMJS.jpg
feeding/test1,in_dev_pool,data/images/bimby2024/qgtQvIDc6h.jpg,F,bimby_collection,,qgtQvIDc6h.jpg
feeding/test1,in_dev_pool,data/images/bimby2024/QHXiT7SPPy.jpg,F,bimby_collection,,QHXiT7SPPy.jpg
feeding/test1,in_dev_pool,data/images/bimby2024/QibsidO9ER.jpg,F,bimby_collection,,QibsidO9ER.jpg
feeding/test1,in_dev_pool,data/images/bimby2024/QiESkxVLSt.jpg,F,bimby_collection,,QiESkxVLSt.jpg
feeding/test1,in_dev_pool,data/images/bimby2024/qJ2wVH3gY9.jpg,F,bimby_collection,,qJ2wVH3gY9.jpg
feeding/test1,in_dev_pool,data/images/bimby2024/qjZLWaQYXV.jpg,F,bimby_collection,,qjZLWaQYXV.jpg
feeding/test1,in_dev_pool,data/images/bimby2024/Qkhmy4u4M5.jpg,F,bimby_collection,,Qkhmy4u4M5.jpg
feeding/test1,in_dev_pool,data/images/bimby2024/qKnH9PGBlC.jpg,F,bimby_collection,,qKnH9PGBlC.jpg
feeding/test1,in_dev_pool,data/images/bimby2024/qkWvJ5nV1Z.jpg,F,bimby_collection,,qkWvJ5nV1Z.jpg
feeding/test1,in_dev_pool,data/images/bimby2024/Qme47oJwgM.jpg,F,bimby_collection,,Qme47oJwgM.jpg
feeding/test1,in_dev_pool,data/images/bimby2024/QMjmBbe9Vu.jpg,F,bimby_collection,,QMjmBbe9Vu.jpg
feeding/test1,in_dev_pool,data/images/bimby2024/qmr35784GG.jpg,F,bimby_collection,,qmr35784GG.jpg
feeding/test1,in_dev_pool,data/images/bimby2024/QNfM6WkD6h.jpg,F,bimby_collection,,QNfM6WkD6h.jpg
feeding/test1,in_dev_pool,data/images/bimby2024/QNJ9bH3Z8p.jpg,F,bimby_collection,,QNJ9bH3Z8p.jpg
feeding/test1,in_dev_pool,data/images/bimby2024/QoICLCLi5d.jpg,F,bimby_collection,,QoICLCLi5d.jpg
feeding/test1,in_dev_pool,data/images/bimby2024/QoQrsEzChR.jpg,F,bimby_collection,,QoQrsEzChR.jpg
feeding/test1,in_dev_pool,data/images/bimby2024/Qor0VH1DKf.jpg,F,bimby_collection,,Qor0VH1DKf.jpg
feeding/test1,in_dev_pool,data/images/bimby2024/qoXbbJC2t0.jpg,F,bimby_collection,,qoXbbJC2t0.jpg
feeding/test1,in_dev_pool,data/images/bimby2024/qPldFJLr8A.jpg,F,bimby_collection,,qPldFJLr8A.jpg
feeding/test1,in_dev_pool,data/images/bimby2024/qq4NetnZax.jpg,F,bimby_collection,,qq4NetnZax.jpg
feeding/test1,in_dev_pool,data/images/bimby2024/qqCKW3bsLf.jpg,F,bimby_collection,,qqCKW3bsLf.jpg
feeding/test1,in_dev_pool,data/images/bimby2024/QqIpu8F0mk.jpg,F,bimby_collection,,QqIpu8F0mk.jpg
feeding/test1,in_dev_pool,data/images/bimby2024/qrLGlC5rHI.jpg,F,bimby_collection,,qrLGlC5rHI.jpg
feeding/test1,in_dev_pool,data/images/bimby2024/qUeAY2elgd.jpg,F,bimby_collection,,qUeAY2elgd.jpg
feeding/test1,in_dev_pool,data/images/bimby2024/Quje8nUD1h.jpg,F,bimby_collection,,Quje8nUD1h.jpg
feeding/test1,in_dev_pool,data/images/bimby2024/qV3i5nL7vL.jpg,F,bimby_collection,,qV3i5nL7vL.jpg
feeding/test1,in_dev_pool,data/images/bimby2024/qv9KYi0stH.jpg,F,bimby_collection,,qv9KYi0stH.jpg
feeding/test1,in_dev_pool,data/images/bimby2024/QVPCkV6FDg.jpg,F,bimby_collection,,QVPCkV6FDg.jpg
feeding/test1,in_dev_pool,data/images/bimby2024/Qwa5XSYSW5.jpg,F,bimby_collection,,Qwa5XSYSW5.jpg
feeding/test1,in_dev_pool,data/images/bimby2024/QwqdcfYKu4.jpg,F,bimby_collection,,QwqdcfYKu4.jpg
feeding/test1,in_dev_pool,data/images/bimby2024/qWVc0gtQh6.jpg,F,bimby_collection,,qWVc0gtQh6.jpg
feeding/test1,in_dev_pool,data/images/bimby2024/qxCcqQLs3t.jpg,F,bimby_collection,,qxCcqQLs3t.jpg
feeding/test1,in_dev_pool,data/images/bimby2024/qXO0935YEY.jpg,F,bimby_collection,,qXO0935YEY.jpg
feeding/test1,in_dev_pool,data/images/bimby2024/Qycyg5NEZ6.jpg,F,bimby_collection,,Qycyg5NEZ6.jpg
feeding/test1,in_dev_pool,data/images/bimby2024/QyKt7jkp63.jpg,F,bimby_collection,,QyKt7jkp63.jpg
feeding/test1,in_dev_pool,data/images/bimby2024/QYoqUHNh1U.jpg,F,bimby_collection,,QYoqUHNh1U.jpg
feeding/test1,in_dev_pool,data/images/bimby2024/qZoDpUpQCN.jpg,F,bimby_collection,,qZoDpUpQCN.jpg
feeding/test1,in_dev_pool,data/images/bimby2024/R0RggKRwGo.jpg,F,bimby_collection,,R0RggKRwGo.jpg
feeding/test1,in_dev_pool,data/images/bimby2024/R1WRBbWSgc.jpg,F,bimby_collection,,R1WRBbWSgc.jpg
feeding/test1,in_dev_pool,data/images/bimby2024/r29LK62o1Y.jpg,F,bimby_collection,,r29LK62o1Y.jpg
feeding/test1,in_dev_pool,data/images/bimby2024/r2nyOzgjpd.jpg,F,bimby_collection,,r2nyOzgjpd.jpg
feeding/test1,in_dev_pool,data/images/bimby2024/r2Vc4FFBd0.jpg,F,bimby_collection,,r2Vc4FFBd0.jpg
feeding/test1,in_dev_pool,data/images/bimby2024/R3KWiF2Jy0.jpg,F,bimby_collection,,R3KWiF2Jy0.jpg
feeding/test1,in_dev_pool,data/images/bimby2024/R3ZstnFtj4.jpg,F,bimby_collection,,R3ZstnFtj4.jpg
feeding/test1,in_dev_pool,data/images/bimby2024/r48pb9MpSi.jpg,F,bimby_collection,,r48pb9MpSi.jpg
feeding/test1,in_dev_pool,data/images/bimby2024/R4QyqiED3o.jpg,F,bimby_collection,,R4QyqiED3o.jpg
feeding/test1,in_dev_pool,data/images/bimby2024/r5DhvONAKs.jpg,F,bimby_collection,,r5DhvONAKs.jpg
feeding/test1,in_dev_pool,data/images/bimby2024/R7EyuZ47sD.jpg,F,bimby_collection,,R7EyuZ47sD.jpg
feeding/test1,in_dev_pool,data/images/bimby2024/R8Dbz9qT3E.jpg,F,bimby_collection,,R8Dbz9qT3E.jpg
feeding/test1,in_dev_pool,data/images/bimby2024/R92ZTccG9A.jpg,F,bimby_collection,,R92ZTccG9A.jpg
feeding/test1,in_dev_pool,data/images/bimby2024/r9OnRvKfMY.jpg,F,bimby_collection,,r9OnRvKfMY.jpg
feeding/test1,in_dev_pool,data/images/bimby2024/r9T4wL1JvJ.jpg,F,bimby_collection,,r9T4wL1JvJ.jpg
feeding/test1,in_dev_pool,data/images/bimby2024/R9w7R49zwA.jpg,F,bimby_collection,,R9w7R49zwA.jpg
feeding/test1,in_dev_pool,data/images/bimby2024/rAew3bKoVd.jpg,F,bimby_collection,,rAew3bKoVd.jpg
feeding/test1,in_dev_pool,data/images/bimby2024/raHCsB8bQC.jpg,F,bimby_collection,,raHCsB8bQC.jpg
feeding/test1,in_dev_pool,data/images/bimby2024/RaJv0Yf55g.jpg,F,bimby_collection,,RaJv0Yf55g.jpg
feeding/test1,in_dev_pool,data/images/bimby2024/rAQGd38ZGr.jpg,F,bimby_collection,,rAQGd38ZGr.jpg
feeding/test1,in_dev_pool,data/images/bimby2024/Rc1ColvnmD.jpg,F,bimby_collection,,Rc1ColvnmD.jpg
feeding/test1,in_dev_pool,data/images/bimby2024/Rd13O4U14q.jpg,F,bimby_collection,,Rd13O4U14q.jpg
feeding/test1,in_dev_pool,data/images/bimby2024/reO84JGLdd.jpg,F,bimby_collection,,reO84JGLdd.jpg
feeding/test1,in_dev_pool,data/images/bimby2024/REOSk7Dn0c.jpg,F,bimby_collection,,REOSk7Dn0c.jpg
feeding/test1,in_dev_pool,data/images/bimby2024/RFNWOM2ukI.jpg,F,bimby_collection,,RFNWOM2ukI.jpg
feeding/test1,in_dev_pool,data/images/bimby2024/rFOlS9mqqv.jpg,F,bimby_collection,,rFOlS9mqqv.jpg
feeding/test1,in_dev_pool,data/images/bimby2024/RfZ5JpPwpw.jpg,F,bimby_collection,,RfZ5JpPwpw.jpg
feeding/test1,in_dev_pool,data/images/bimby2024/rIHQdcWCBz.jpg,F,bimby_collection,,rIHQdcWCBz.jpg
feeding/test1,in_dev_pool,data/images/bimby2024/riMJrT0CBx.jpg,F,bimby_collection,,riMJrT0CBx.jpg
feeding/test1,in_dev_pool,data/images/bimby2024/riOATaEttR.jpg,F,bimby_collection,,riOATaEttR.jpg
feeding/test1,in_dev_pool,data/images/bimby2024/Rjmys9i8ZK.jpg,F,bimby_collection,,Rjmys9i8ZK.jpg
feeding/test1,in_dev_pool,data/images/bimby2024/RJsouLmELz.jpg,F,bimby_collection,,RJsouLmELz.jpg
feeding/test1,in_dev_pool,data/images/bimby2024/rKCY1E01dQ.jpg,F,bimby_collection,,rKCY1E01dQ.jpg
feeding/test1,in_dev_pool,data/images/bimby2024/RkK6lP2vKW.jpg,F,bimby_collection,,RkK6lP2vKW.jpg
feeding/test1,in_dev_pool,data/images/bimby2024/RkNsIdNar1.jpg,F,bimby_collection,,RkNsIdNar1.jpg
feeding/test1,in_dev_pool,data/images/bimby2024/rksRSY4CJS.jpg,F,bimby_collection,,rksRSY4CJS.jpg
feeding/test1,in_dev_pool,data/images/bimby2024/rkUpef0SKu.jpg,F,bimby_collection,,rkUpef0SKu.jpg
feeding/test1,in_dev_pool,data/images/bimby2024/rL0Vzdw5XW.jpg,F,bimby_collection,,rL0Vzdw5XW.jpg
feeding/test1,in_dev_pool,data/images/bimby2024/rl6ljvQ05v.jpg,F,bimby_collection,,rl6ljvQ05v.jpg
feeding/test1,in_dev_pool,data/images/bimby2024/RL8Sy2HUHo.jpg,F,bimby_collection,,RL8Sy2HUHo.jpg
feeding/test1,in_dev_pool,data/images/bimby2024/rlHdOrdVVG.jpg,F,bimby_collection,,rlHdOrdVVG.jpg
feeding/test1,in_dev_pool,data/images/bimby2024/rlhEgXj12F.jpg,F,bimby_collection,,rlhEgXj12F.jpg
feeding/test1,in_dev_pool,data/images/bimby2024/rLHxYuzpTj.jpg,F,bimby_collection,,rLHxYuzpTj.jpg
feeding/test1,in_dev_pool,data/images/bimby2024/rMeUxvlNLK.jpg,F,bimby_collection,,rMeUxvlNLK.jpg
feeding/test1,in_dev_pool,data/images/bimby2024/RmoZIutEfS.jpg,F,bimby_collection,,RmoZIutEfS.jpg
feeding/test1,in_dev_pool,data/images/bimby2024/RND4Q3euNe.jpg,F,bimby_collection,,RND4Q3euNe.jpg
feeding/test1,in_dev_pool,data/images/bimby2024/rnDmJ8gpth.jpg,F,bimby_collection,,rnDmJ8gpth.jpg
feeding/test1,in_dev_pool,data/images/bimby2024/RNvmxCPi2l.jpg,F,bimby_collection,,RNvmxCPi2l.jpg
feeding/test1,in_dev_pool,data/images/bimby2024/ROTzppyg7x.jpg,F,bimby_collection,,ROTzppyg7x.jpg
feeding/test1,in_dev_pool,data/images/bimby2024/RPaQBYaSDS.jpg,F,bimby_collection,,RPaQBYaSDS.jpg
feeding/test1,in_dev_pool,data/images/bimby2024/rPp3y30xwN.jpg,F,bimby_collection,,rPp3y30xwN.jpg
feeding/test1,in_dev_pool,data/images/bimby2024/rqaetEoFoo.jpg,F,bimby_collection,,rqaetEoFoo.jpg
feeding/test1,in_dev_pool,data/images/bimby2024/rQKMbUYHvN.jpg,F,bimby_collection,,rQKMbUYHvN.jpg
feeding/test1,in_dev_pool,data/images/bimby2024/RQZd9HEiwC.jpg,F,bimby_collection,,RQZd9HEiwC.jpg
feeding/test1,in_dev_pool,data/images/bimby2024/rrSOJZOZVj.jpg,F,bimby_collection,,rrSOJZOZVj.jpg
feeding/test1,in_dev_pool,data/images/bimby2024/rRY2YHfnEz.jpg,F,bimby_collection,,rRY2YHfnEz.jpg
feeding/test1,in_dev_pool,data/images/bimby2024/rSBHXwytC3.jpg,F,bimby_collection,,rSBHXwytC3.jpg
feeding/test1,in_dev_pool,data/images/bimby2024/RSycurinO2.jpg,F,bimby_collection,,RSycurinO2.jpg
feeding/test1,in_dev_pool,data/images/bimby2024/RTp8ZGQlJb.jpg,F,bimby_collection,,RTp8ZGQlJb.jpg
feeding/test1,in_dev_pool,data/images/bimby2024/RtRHipdZgi.jpg,F,bimby_collection,,RtRHipdZgi.jpg
feeding/test1,in_dev_pool,data/images/bimby2024/RtwGpauIoB.jpg,F,bimby_collection,,RtwGpauIoB.jpg
feeding/test1,in_dev_pool,data/images/bimby2024/RU1JZ49u4C.jpg,F,bimby_collection,,RU1JZ49u4C.jpg
feeding/test1,in_dev_pool,data/images/bimby2024/Rv2efoHQUK.jpg,F,bimby_collection,,Rv2efoHQUK.jpg
feeding/test1,in_dev_pool,data/images/bimby2024/RwyTCBMDTT.jpg,F,bimby_collection,,RwyTCBMDTT.jpg
feeding/test1,in_dev_pool,data/images/bimby2024/rxj5iJitna.jpg,F,bimby_collection,,rxj5iJitna.jpg
feeding/test1,in_dev_pool,data/images/bimby2024/rXkXecZdzA.jpg,F,bimby_collection,,rXkXecZdzA.jpg
feeding/test1,in_dev_pool,data/images/bimby2024/RY1KOGxezA.jpg,F,bimby_collection,,RY1KOGxezA.jpg
feeding/test1,in_dev_pool,data/images/bimby2024/RyFQXPAd2B.jpg,F,bimby_collection,,RyFQXPAd2B.jpg
feeding/test1,in_dev_pool,data/images/bimby2024/RypWQVXsB6.jpg,F,bimby_collection,,RypWQVXsB6.jpg
feeding/test1,in_dev_pool,data/images/bimby2024/RYtoywR5ai.jpg,F,bimby_collection,,RYtoywR5ai.jpg
feeding/test1,in_dev_pool,data/images/bimby2024/RYWJ9tMqB4.jpg,F,bimby_collection,,RYWJ9tMqB4.jpg
feeding/test1,in_dev_pool,data/images/bimby2024/rzCfpeCu8h.jpg,F,bimby_collection,,rzCfpeCu8h.jpg
feeding/test1,in_dev_pool,data/images/bimby2024/rZCzTI8Bd2.jpg,F,bimby_collection,,rZCzTI8Bd2.jpg
feeding/test1,in_dev_pool,data/images/bimby2024/RzM6FRNtP9.jpg,F,bimby_collection,,RzM6FRNtP9.jpg
feeding/test1,in_dev_pool,data/images/bimby2024/S3eQ0DiFCS.jpg,F,bimby_collection,,S3eQ0DiFCS.jpg
feeding/test1,in_dev_pool,data/images/bimby2024/s43jc0A2N9.jpg,F,bimby_collection,,s43jc0A2N9.jpg
feeding/test1,in_dev_pool,data/images/bimby2024/s4du0X1CO9.jpg,F,bimby_collection,,s4du0X1CO9.jpg
feeding/test1,in_dev_pool,data/images/bimby2024/s4KitUQt5i.jpg,F,bimby_collection,,s4KitUQt5i.jpg
feeding/test1,in_dev_pool,data/images/bimby2024/S5Wjj6Houy.jpg,F,bimby_collection,,S5Wjj6Houy.jpg
feeding/test1,in_dev_pool,data/images/bimby2024/s6sUNcvU9J.jpg,F,bimby_collection,,s6sUNcvU9J.jpg
feeding/test1,in_dev_pool,data/images/bimby2024/s8kHbQi3ia.jpg,F,bimby_collection,,s8kHbQi3ia.jpg
feeding/test1,in_dev_pool,data/images/bimby2024/s8P8C3g0m6.jpg,F,bimby_collection,,s8P8C3g0m6.jpg
feeding/test1,in_dev_pool,data/images/bimby2024/s9CKYAlPqo.jpg,F,bimby_collection,,s9CKYAlPqo.jpg
feeding/test1,in_dev_pool,data/images/bimby2024/S9M5AsURht.jpg,F,bimby_collection,,S9M5AsURht.jpg
feeding/test1,in_dev_pool,data/images/bimby2024/SaARGn9Ir3.jpg,F,bimby_collection,,SaARGn9Ir3.jpg
feeding/test1,in_dev_pool,data/images/bimby2024/SACAu1bfl4.jpg,F,bimby_collection,,SACAu1bfl4.jpg
feeding/test1,in_dev_pool,data/images/bimby2024/SAEhPijCDH.jpg,F,bimby_collection,,SAEhPijCDH.jpg
feeding/test1,in_dev_pool,data/images/bimby2024/saeZ5RBa1n.jpg,F,bimby_collection,,saeZ5RBa1n.jpg
feeding/test1,in_dev_pool,data/images/bimby2024/Sai5c3IC0W.jpg,F,bimby_collection,,Sai5c3IC0W.jpg
feeding/test1,in_dev_pool,data/images/bimby2024/SaZXkfBoBM.jpg,F,bimby_collection,,SaZXkfBoBM.jpg
feeding/test1,in_dev_pool,data/images/bimby2024/sb80bPyExf.jpg,F,bimby_collection,,sb80bPyExf.jpg
feeding/test1,in_dev_pool,data/images/bimby2024/sc4U4DO64S.jpg,F,bimby_collection,,sc4U4DO64S.jpg
feeding/test1,in_dev_pool,data/images/bimby2024/scNA9eep3Y.jpg,F,bimby_collection,,scNA9eep3Y.jpg
feeding/test1,in_dev_pool,data/images/bimby2024/SD3QZaRf1t.jpg,F,bimby_collection,,SD3QZaRf1t.jpg
feeding/test1,in_dev_pool,data/images/bimby2024/sd5bSayR2d.jpg,F,bimby_collection,,sd5bSayR2d.jpg
feeding/test1,in_dev_pool,data/images/bimby2024/sD5Om1a2iF.jpg,F,bimby_collection,,sD5Om1a2iF.jpg
feeding/test1,in_dev_pool,data/images/bimby2024/sDLDn7uTfL.jpg,F,bimby_collection,,sDLDn7uTfL.jpg
feeding/test1,in_dev_pool,data/images/bimby2024/SdltY0mkpN.jpg,F,bimby_collection,,SdltY0mkpN.jpg
feeding/test1,in_dev_pool,data/images/bimby2024/se2KVp72lj.jpg,F,bimby_collection,,se2KVp72lj.jpg
feeding/test1,in_dev_pool,data/images/bimby2024/Sec6hIi8Nf.jpg,F,bimby_collection,,Sec6hIi8Nf.jpg
feeding/test1,in_dev_pool,data/images/bimby2024/SftmzWt8QK.jpg,F,bimby_collection,,SftmzWt8QK.jpg
feeding/test1,in_dev_pool,data/images/bimby2024/SHEV0bUO4O.jpg,F,bimby_collection,,SHEV0bUO4O.jpg
feeding/test1,in_dev_pool,data/images/bimby2024/sibP6e9YeJ.jpg,F,bimby_collection,,sibP6e9YeJ.jpg
feeding/test1,in_dev_pool,data/images/bimby2024/SihCSn5R6S.jpg,F,bimby_collection,,SihCSn5R6S.jpg
feeding/test1,in_dev_pool,data/images/bimby2024/Sj4E3hvZOM.jpg,F,bimby_collection,,Sj4E3hvZOM.jpg
feeding/test1,in_dev_pool,data/images/bimby2024/sjtel3zcdB.jpg,F,bimby_collection,,sjtel3zcdB.jpg
feeding/test1,in_dev_pool,data/images/bimby2024/SKAfUSD6mX.jpg,F,bimby_collection,,SKAfUSD6mX.jpg
feeding/test1,in_dev_pool,data/images/bimby2024/sKnBTvdGDN.jpg,F,bimby_collection,,sKnBTvdGDN.jpg
feeding/test1,in_dev_pool,data/images/bimby2024/SKrdzxaM2B.jpg,F,bimby_collection,,SKrdzxaM2B.jpg
feeding/test1,in_dev_pool,data/images/bimby2024/sLcz5ErSXD.jpg,F,bimby_collection,,sLcz5ErSXD.jpg
feeding/test1,in_dev_pool,data/images/bimby2024/slF4T25DP1.jpg,F,bimby_collection,,slF4T25DP1.jpg
feeding/test1,in_dev_pool,data/images/bimby2024/sLhUatUyzS.jpg,F,bimby_collection,,sLhUatUyzS.jpg
feeding/test1,in_dev_pool,data/images/bimby2024/sLKSptyOmF.jpg,F,bimby_collection,,sLKSptyOmF.jpg
feeding/test1,in_dev_pool,data/images/bimby2024/sluQnt5p2b.jpg,F,bimby_collection,,sluQnt5p2b.jpg
feeding/test1,in_dev_pool,data/images/bimby2024/SLxVJtuZDo.jpg,F,bimby_collection,,SLxVJtuZDo.jpg
feeding/test1,in_dev_pool,data/images/bimby2024/SM1vqiYziq.jpg,F,bimby_collection,,SM1vqiYziq.jpg
feeding/test1,in_dev_pool,data/images/bimby2024/sMaCsvijaj.jpg,F,bimby_collection,,sMaCsvijaj.jpg
feeding/test1,in_dev_pool,data/images/bimby2024/SMBb6ypEDS.jpg,F,bimby_collection,,SMBb6ypEDS.jpg
feeding/test1,in_dev_pool,data/images/bimby2024/sMFMkkGYGu.jpg,F,bimby_collection,,sMFMkkGYGu.jpg
feeding/test1,in_dev_pool,data/images/bimby2024/SnGXtFABAf.jpg,F,bimby_collection,,SnGXtFABAf.jpg
feeding/test1,in_dev_pool,data/images/bimby2024/SNKryOdn5K.jpg,F,bimby_collection,,SNKryOdn5K.jpg
feeding/test1,in_dev_pool,data/images/bimby2024/sNPjGXJwf9.jpg,F,bimby_collection,,sNPjGXJwf9.jpg
feeding/test1,in_dev_pool,data/images/bimby2024/soDFbQzHLs.jpg,F,bimby_collection,,soDFbQzHLs.jpg
feeding/test1,in_dev_pool,data/images/bimby2024/sOQxxfu3TM.jpg,F,bimby_collection,,sOQxxfu3TM.jpg
feeding/test1,in_dev_pool,data/images/bimby2024/Sox5QvocPc.jpg,F,bimby_collection,,Sox5QvocPc.jpg
feeding/test1,in_dev_pool,data/images/bimby2024/sp2iobvRAB.jpg,F,bimby_collection,,sp2iobvRAB.jpg
feeding/test1,in_dev_pool,data/images/bimby2024/sQN0aaQCUe.jpg,F,bimby_collection,,sQN0aaQCUe.jpg
feeding/test1,in_dev_pool,data/images/bimby2024/sQNJVovT5v.jpg,F,bimby_collection,,sQNJVovT5v.jpg
feeding/test1,in_dev_pool,data/images/bimby2024/SqRbTsTryZ.jpg,F,bimby_collection,,SqRbTsTryZ.jpg
feeding/test1,in_dev_pool,data/images/bimby2024/sRfR2UbLHP.jpg,F,bimby_collection,,sRfR2UbLHP.jpg
feeding/test1,in_dev_pool,data/images/bimby2024/srlFuniWEA.jpg,F,bimby_collection,,srlFuniWEA.jpg
feeding/test1,in_dev_pool,data/images/bimby2024/SrotqkpTQV.jpg,F,bimby_collection,,SrotqkpTQV.jpg
feeding/test1,in_dev_pool,data/images/bimby2024/SRu2xk79z8.jpg,F,bimby_collection,,SRu2xk79z8.jpg
feeding/test1,in_dev_pool,data/images/bimby2024/sSoCH6T7I3.jpg,F,bimby_collection,,sSoCH6T7I3.jpg
feeding/test1,in_dev_pool,data/images/bimby2024/SSre7s2CBD.jpg,F,bimby_collection,,SSre7s2CBD.jpg
feeding/test1,in_dev_pool,data/images/bimby2024/SsxTQ1WKWK.jpg,F,bimby_collection,,SsxTQ1WKWK.jpg
feeding/test1,in_dev_pool,data/images/bimby2024/SszETNevl8.jpg,F,bimby_collection,,SszETNevl8.jpg
feeding/test1,in_dev_pool,data/images/bimby2024/STbDvUGInY.jpg,F,bimby_collection,,STbDvUGInY.jpg
feeding/test1,in_dev_pool,data/images/bimby2024/SULemwqIts.jpg,F,bimby_collection,,SULemwqIts.jpg
feeding/test1,in_dev_pool,data/images/bimby2024/SVaXqfbNW6.jpg,F,bimby_collection,,SVaXqfbNW6.jpg
feeding/test1,in_dev_pool,data/images/bimby2024/SVklt9S2v1.jpg,F,bimby_collection,,SVklt9S2v1.jpg
feeding/test1,in_dev_pool,data/images/bimby2024/SvPRnlPZjI.jpg,F,bimby_collection,,SvPRnlPZjI.jpg
feeding/test1,in_dev_pool,data/images/bimby2024/sVwIyVRiOA.jpg,F,bimby_collection,,sVwIyVRiOA.jpg
feeding/test1,in_dev_pool,data/images/bimby2024/SwuMHwJvx7.jpg,F,bimby_collection,,SwuMHwJvx7.jpg
feeding/test1,in_dev_pool,data/images/bimby2024/sWushy97JG.jpg,F,bimby_collection,,sWushy97JG.jpg
feeding/test1,in_dev_pool,data/images/bimby2024/sx1s4T4wCp.jpg,F,bimby_collection,,sx1s4T4wCp.jpg
feeding/test1,in_dev_pool,data/images/bimby2024/SxFQfbcFPd.jpg,F,bimby_collection,,SxFQfbcFPd.jpg
feeding/test1,in_dev_pool,data/images/bimby2024/sXHwXGy8eQ.jpg,F,bimby_collection,,sXHwXGy8eQ.jpg
feeding/test1,in_dev_pool,data/images/bimby2024/SxJgHVUt2z.jpg,F,bimby_collection,,SxJgHVUt2z.jpg
feeding/test1,in_dev_pool,data/images/bimby2024/SxXpmONFzv.jpg,F,bimby_collection,,SxXpmONFzv.jpg
feeding/test1,in_dev_pool,data/images/bimby2024/sxylInDZNB.jpg,F,bimby_collection,,sxylInDZNB.jpg
feeding/test1,in_dev_pool,data/images/bimby2024/SZDmeGqiaA.jpg,F,bimby_collection,,SZDmeGqiaA.jpg
feeding/test1,in_dev_pool,data/images/bimby2024/t05zksmTt6.jpg,F,bimby_collection,,t05zksmTt6.jpg
feeding/test1,in_dev_pool,data/images/bimby2024/T1ckplhjNs.jpg,F,bimby_collection,,T1ckplhjNs.jpg
feeding/test1,in_dev_pool,data/images/bimby2024/T1eBvEjBvc.jpg,F,bimby_collection,,T1eBvEjBvc.jpg
feeding/test1,in_dev_pool,data/images/bimby2024/t1iHCo90sa.jpg,F,bimby_collection,,t1iHCo90sa.jpg
feeding/test1,in_dev_pool,data/images/bimby2024/t2fGET4UsD.jpg,F,bimby_collection,,t2fGET4UsD.jpg
feeding/test1,in_dev_pool,data/images/bimby2024/t2g0wI1DTy.jpg,F,bimby_collection,,t2g0wI1DTy.jpg
feeding/test1,in_dev_pool,data/images/bimby2024/t3DhXIxyYZ.jpg,F,bimby_collection,,t3DhXIxyYZ.jpg
feeding/test1,in_dev_pool,data/images/bimby2024/t4jHiTTZmg.jpg,F,bimby_collection,,t4jHiTTZmg.jpg
feeding/test1,in_dev_pool,data/images/bimby2024/t5hY6uHLuy.jpg,F,bimby_collection,,t5hY6uHLuy.jpg
feeding/test1,in_dev_pool,data/images/bimby2024/T6JhtsTawe.jpg,F,bimby_collection,,T6JhtsTawe.jpg
feeding/test1,in_dev_pool,data/images/bimby2024/T6mdYniJhp.jpg,F,bimby_collection,,T6mdYniJhp.jpg
feeding/test1,in_dev_pool,data/images/bimby2024/T6ygmc2L1m.jpg,F,bimby_collection,,T6ygmc2L1m.jpg
feeding/test1,in_dev_pool,data/images/bimby2024/t7V3rCo8D0.jpg,F,bimby_collection,,t7V3rCo8D0.jpg
feeding/test1,in_dev_pool,data/images/bimby2024/T84RO1BeqE.jpg,F,bimby_collection,,T84RO1BeqE.jpg
feeding/test1,in_dev_pool,data/images/bimby2024/T8PbfLzNNB.jpg,F,bimby_collection,,T8PbfLzNNB.jpg
feeding/test1,in_dev_pool,data/images/bimby2024/TaQsVM3J44.jpg,F,bimby_collection,,TaQsVM3J44.jpg
feeding/test1,in_dev_pool,data/images/bimby2024/TBmuLry31o.jpg,F,bimby_collection,,TBmuLry31o.jpg
feeding/test1,in_dev_pool,data/images/bimby2024/tCckBh6PVw.jpg,F,bimby_collection,,tCckBh6PVw.jpg
feeding/test1,in_dev_pool,data/images/bimby2024/TCGbQHYowS.jpg,F,bimby_collection,,TCGbQHYowS.jpg
feeding/test1,in_dev_pool,data/images/bimby2024/TCLYoCdpdF.jpg,F,bimby_collection,,TCLYoCdpdF.jpg
feeding/test1,in_dev_pool,data/images/bimby2024/TCoSx3EMQJ.jpg,F,bimby_collection,,TCoSx3EMQJ.jpg
feeding/test1,in_dev_pool,data/images/bimby2024/td2BrR0Osu.jpg,F,bimby_collection,,td2BrR0Osu.jpg
feeding/test1,in_dev_pool,data/images/bimby2024/te0WvxT8nv.jpg,F,bimby_collection,,te0WvxT8nv.jpg
feeding/test1,in_dev_pool,data/images/bimby2024/TE8Vv9IuSa.jpg,F,bimby_collection,,TE8Vv9IuSa.jpg
feeding/test1,in_dev_pool,data/images/bimby2024/TEiHfd2z1n.jpg,F,bimby_collection,,TEiHfd2z1n.jpg
feeding/test1,in_dev_pool,data/images/bimby2024/Tf4mHMkYu3.jpg,F,bimby_collection,,Tf4mHMkYu3.jpg
feeding/test1,in_dev_pool,data/images/bimby2024/TfdyqlAzz9.jpg,F,bimby_collection,,TfdyqlAzz9.jpg
feeding/test1,in_dev_pool,data/images/bimby2024/TfhCryWBwK.jpg,F,bimby_collection,,TfhCryWBwK.jpg
feeding/test1,in_dev_pool,data/images/bimby2024/tGaSy4FnAo.jpg,F,bimby_collection,,tGaSy4FnAo.jpg
feeding/test1,in_dev_pool,data/images/bimby2024/TgVlUre1A2.jpg,F,bimby_collection,,TgVlUre1A2.jpg
feeding/test1,in_dev_pool,data/images/bimby2024/TIcOhkoh49.jpg,F,bimby_collection,,TIcOhkoh49.jpg
feeding/test1,in_dev_pool,data/images/bimby2024/TInjflqraR.jpg,F,bimby_collection,,TInjflqraR.jpg
feeding/test1,in_dev_pool,data/images/bimby2024/TiPV8vrD9T.jpg,F,bimby_collection,,TiPV8vrD9T.jpg
feeding/test1,in_dev_pool,data/images/bimby2024/TjaLJl2KGG.jpg,F,bimby_collection,,TjaLJl2KGG.jpg
feeding/test1,in_dev_pool,data/images/bimby2024/tjrJ8GNuEH.jpg,F,bimby_collection,,tjrJ8GNuEH.jpg
feeding/test1,in_dev_pool,data/images/bimby2024/TJX1SJN4i1.jpg,F,bimby_collection,,TJX1SJN4i1.jpg
feeding/test1,in_dev_pool,data/images/bimby2024/TKDfkQBaGa.jpg,F,bimby_collection,,TKDfkQBaGa.jpg
feeding/test1,in_dev_pool,data/images/bimby2024/tKScNGdGka.jpg,F,bimby_collection,,tKScNGdGka.jpg
feeding/test1,in_dev_pool,data/images/bimby2024/TLasVlDJya.jpg,F,bimby_collection,,TLasVlDJya.jpg
feeding/test1,in_dev_pool,data/images/bimby2024/TLCrbVaUee.jpg,F,bimby_collection,,TLCrbVaUee.jpg
feeding/test1,in_dev_pool,data/images/bimby2024/tlg2YDFWz0.jpg,F,bimby_collection,,tlg2YDFWz0.jpg
feeding/test1,in_dev_pool,data/images/bimby2024/tLwnZ59F75.jpg,F,bimby_collection,,tLwnZ59F75.jpg
feeding/test1,in_dev_pool,data/images/bimby2024/tlZicMrmnv.jpg,F,bimby_collection,,tlZicMrmnv.jpg
feeding/test1,in_dev_pool,data/images/bimby2024/TNfNEZs6Wp.jpg,F,bimby_collection,,TNfNEZs6Wp.jpg
feeding/test1,in_dev_pool,data/images/bimby2024/tobvwApsoe.jpg,F,bimby_collection,,tobvwApsoe.jpg
feeding/test1,in_dev_pool,data/images/bimby2024/TpdPcXjQkV.jpg,F,bimby_collection,,TpdPcXjQkV.jpg
feeding/test1,in_dev_pool,data/images/bimby2024/TPFqQ29wil.jpg,F,bimby_collection,,TPFqQ29wil.jpg
feeding/test1,in_dev_pool,data/images/bimby2024/TPKQIVPGla.jpg,F,bimby_collection,,TPKQIVPGla.jpg
feeding/test1,in_dev_pool,data/images/bimby2024/tPRaxHdhHm.jpg,F,bimby_collection,,tPRaxHdhHm.jpg
feeding/test1,in_dev_pool,data/images/bimby2024/tqyCuMnaXN.jpg,F,bimby_collection,,tqyCuMnaXN.jpg
feeding/test1,in_dev_pool,data/images/bimby2024/tRIE0UfLpl.jpg,F,bimby_collection,,tRIE0UfLpl.jpg
feeding/test1,in_dev_pool,data/images/bimby2024/tSOl9681OD.jpg,F,bimby_collection,,tSOl9681OD.jpg
feeding/test1,in_dev_pool,data/images/bimby2024/tSSdMguMd1.jpg,F,bimby_collection,,tSSdMguMd1.jpg
feeding/test1,in_dev_pool,data/images/bimby2024/tsziUtJD8f.jpg,F,bimby_collection,,tsziUtJD8f.jpg
feeding/test1,in_dev_pool,data/images/bimby2024/tujvoeC6dJ.jpg,F,bimby_collection,,tujvoeC6dJ.jpg
feeding/test1,in_dev_pool,data/images/bimby2024/TUro3xR6pT.jpg,F,bimby_collection,,TUro3xR6pT.jpg
feeding/test1,in_dev_pool,data/images/bimby2024/Tv7wYEETdf.jpg,F,bimby_collection,,Tv7wYEETdf.jpg
feeding/test1,in_dev_pool,data/images/bimby2024/TVGbALCNg1.jpg,F,bimby_collection,,TVGbALCNg1.jpg
feeding/test1,in_dev_pool,data/images/bimby2024/twS8tNGwmN.jpg,F,bimby_collection,,twS8tNGwmN.jpg
feeding/test1,in_dev_pool,data/images/bimby2024/tx6XbsysWg.jpg,F,bimby_collection,,tx6XbsysWg.jpg
feeding/test1,in_dev_pool,data/images/bimby2024/txg7jtjx58.jpg,F,bimby_collection,,txg7jtjx58.jpg
feeding/test1,in_dev_pool,data/images/bimby2024/TxgTxLUbwS.jpg,F,bimby_collection,,TxgTxLUbwS.jpg
feeding/test1,in_dev_pool,data/images/bimby2024/ty7AlP426E.jpg,F,bimby_collection,,ty7AlP426E.jpg
feeding/test1,in_dev_pool,data/images/bimby2024/TY8i1asvaZ.jpg,F,bimby_collection,,TY8i1asvaZ.jpg
feeding/test1,in_dev_pool,data/images/bimby2024/tyc26UhrII.jpg,F,bimby_collection,,tyc26UhrII.jpg
feeding/test1,in_dev_pool,data/images/bimby2024/tYPnAYMJjh.jpg,F,bimby_collection,,tYPnAYMJjh.jpg
feeding/test1,in_dev_pool,data/images/bimby2024/TYxsfzYbnM.jpg,F,bimby_collection,,TYxsfzYbnM.jpg
feeding/test1,in_dev_pool,data/images/bimby2024/TzbftY1ulH.jpg,F,bimby_collection,,TzbftY1ulH.jpg
feeding/test1,in_dev_pool,data/images/bimby2024/tZCqDBz1fk.jpg,F,bimby_collection,,tZCqDBz1fk.jpg
feeding/test1,in_dev_pool,data/images/bimby2024/TzYhH9gmwg.jpg,F,bimby_collection,,TzYhH9gmwg.jpg
feeding/test1,in_dev_pool,data/images/bimby2024/TzZGzXvYBR.jpg,F,bimby_collection,,TzZGzXvYBR.jpg
feeding/test1,in_dev_pool,data/images/bimby2024/u0Uk5d5fy5.jpg,F,bimby_collection,,u0Uk5d5fy5.jpg
feeding/test1,in_dev_pool,data/images/bimby2024/u2Wii8Z52v.jpg,F,bimby_collection,,u2Wii8Z52v.jpg
feeding/test1,in_dev_pool,data/images/bimby2024/u5GJySkLeH.jpg,F,bimby_collection,,u5GJySkLeH.jpg
feeding/test1,in_dev_pool,data/images/bimby2024/u5Va8SCypq.jpg,F,bimby_collection,,u5Va8SCypq.jpg
feeding/test1,in_dev_pool,data/images/bimby2024/U5x7RrMeXQ.jpg,F,bimby_collection,,U5x7RrMeXQ.jpg
feeding/test1,in_dev_pool,data/images/bimby2024/u7JkySAuou.jpg,F,bimby_collection,,u7JkySAuou.jpg
feeding/test1,in_dev_pool,data/images/bimby2024/u82iJy9nsV.jpg,F,bimby_collection,,u82iJy9nsV.jpg
feeding/test1,in_dev_pool,data/images/bimby2024/U8P6HE0Hgx.jpg,F,bimby_collection,,U8P6HE0Hgx.jpg
feeding/test1,in_dev_pool,data/images/bimby2024/u9MadaAggE.jpg,F,bimby_collection,,u9MadaAggE.jpg
feeding/test1,in_dev_pool,data/images/bimby2024/Ua7JNHjSh0.jpg,F,bimby_collection,,Ua7JNHjSh0.jpg
feeding/test1,in_dev_pool,data/images/bimby2024/UaBxoSjA8K.jpg,F,bimby_collection,,UaBxoSjA8K.jpg
feeding/test1,in_dev_pool,data/images/bimby2024/UaUbcGSgff.jpg,F,bimby_collection,,UaUbcGSgff.jpg
feeding/test1,in_dev_pool,data/images/bimby2024/uAV774oN3Z.jpg,F,bimby_collection,,uAV774oN3Z.jpg
feeding/test1,in_dev_pool,data/images/bimby2024/uaWcwYEgj2.jpg,F,bimby_collection,,uaWcwYEgj2.jpg
feeding/test1,in_dev_pool,data/images/bimby2024/UbK21ki71J.jpg,F,bimby_collection,,UbK21ki71J.jpg
feeding/test1,in_dev_pool,data/images/bimby2024/ubZ7XSoNdd.jpg,F,bimby_collection,,ubZ7XSoNdd.jpg
feeding/test1,in_dev_pool,data/images/bimby2024/ubZLi8NA5Q.jpg,F,bimby_collection,,ubZLi8NA5Q.jpg
feeding/test1,in_dev_pool,data/images/bimby2024/UD23o4Sjry.jpg,F,bimby_collection,,UD23o4Sjry.jpg
feeding/test1,in_dev_pool,data/images/bimby2024/Ue4qpDcnny.jpg,F,bimby_collection,,Ue4qpDcnny.jpg
feeding/test1,in_dev_pool,data/images/bimby2024/UeiY6HZFmt.jpg,F,bimby_collection,,UeiY6HZFmt.jpg
feeding/test1,in_dev_pool,data/images/bimby2024/uewK9x0SeR.jpg,F,bimby_collection,,uewK9x0SeR.jpg
feeding/test1,in_dev_pool,data/images/bimby2024/Uf598F3N7a.jpg,F,bimby_collection,,Uf598F3N7a.jpg
feeding/test1,in_dev_pool,data/images/bimby2024/uFhAdH88h9.jpg,F,bimby_collection,,uFhAdH88h9.jpg
feeding/test1,in_dev_pool,data/images/bimby2024/UG8fe5WOD9.jpg,F,bimby_collection,,UG8fe5WOD9.jpg
feeding/test1,in_dev_pool,data/images/bimby2024/Uh7VWvbOwu.jpg,F,bimby_collection,,Uh7VWvbOwu.jpg
feeding/test1,in_dev_pool,data/images/bimby2024/UH9jIQuPs8.jpg,F,bimby_collection,,UH9jIQuPs8.jpg
feeding/test1,in_dev_pool,data/images/bimby2024/uhGyCmkEF8.jpg,F,bimby_collection,,uhGyCmkEF8.jpg
feeding/test1,in_dev_pool,data/images/bimby2024/Uhtas7Apbk.jpg,F,bimby_collection,,Uhtas7Apbk.jpg
feeding/test1,in_dev_pool,data/images/bimby2024/UHW7sHsGUS.jpg,F,bimby_collection,,UHW7sHsGUS.jpg
feeding/test1,in_dev_pool,data/images/bimby2024/ui1UYMjzaM.jpg,F,bimby_collection,,ui1UYMjzaM.jpg
feeding/test1,in_dev_pool,data/images/bimby2024/UiPxlSMl1m.jpg,F,bimby_collection,,UiPxlSMl1m.jpg
feeding/test1,in_dev_pool,data/images/bimby2024/uJaLhiWemI.jpg,F,bimby_collection,,uJaLhiWemI.jpg
feeding/test1,in_dev_pool,data/images/bimby2024/ujo9lwUjrx.jpg,F,bimby_collection,,ujo9lwUjrx.jpg
feeding/test1,in_dev_pool,data/images/bimby2024/UMRMUsT2Is.jpg,F,bimby_collection,,UMRMUsT2Is.jpg
feeding/test1,in_dev_pool,data/images/bimby2024/uNEa34gBAp.jpg,F,bimby_collection,,uNEa34gBAp.jpg
feeding/test1,in_dev_pool,data/images/bimby2024/UNnxbHkI9b.jpg,F,bimby_collection,,UNnxbHkI9b.jpg
feeding/test1,in_dev_pool,data/images/bimby2024/upC3ILLPWi.jpg,F,bimby_collection,,upC3ILLPWi.jpg
feeding/test1,in_dev_pool,data/images/bimby2024/UPJuI4ycmj.jpg,F,bimby_collection,,UPJuI4ycmj.jpg
feeding/test1,in_dev_pool,data/images/bimby2024/uptHIFUWYv.jpg,F,bimby_collection,,uptHIFUWYv.jpg
feeding/test1,in_dev_pool,data/images/bimby2024/URxHmJvboQ.jpg,F,bimby_collection,,URxHmJvboQ.jpg
feeding/test1,in_dev_pool,data/images/bimby2024/usOsUgpWP9.jpg,F,bimby_collection,,usOsUgpWP9.jpg
feeding/test1,in_dev_pool,data/images/bimby2024/UthJbCQ5kz.jpg,F,bimby_collection,,UthJbCQ5kz.jpg
feeding/test1,in_dev_pool,data/images/bimby2024/uUCafDrneo.jpg,F,bimby_collection,,uUCafDrneo.jpg
feeding/test1,in_dev_pool,data/images/bimby2024/uUrxJQ443K.jpg,F,bimby_collection,,uUrxJQ443K.jpg
feeding/test1,in_dev_pool,data/images/bimby2024/UvfkxJcKsw.jpg,F,bimby_collection,,UvfkxJcKsw.jpg
feeding/test1,in_dev_pool,data/images/bimby2024/UVkQ4ESefS.jpg,F,bimby_collection,,UVkQ4ESefS.jpg
feeding/test1,in_dev_pool,data/images/bimby2024/uVNVDULFK6.jpg,F,bimby_collection,,uVNVDULFK6.jpg
feeding/test1,in_dev_pool,data/images/bimby2024/uvp0onfVfF.jpg,F,bimby_collection,,uvp0onfVfF.jpg
feeding/test1,in_dev_pool,data/images/bimby2024/UwUSwi9FuH.jpg,F,bimby_collection,,UwUSwi9FuH.jpg
feeding/test1,in_dev_pool,data/images/bimby2024/UXhv2Br3xq.jpg,F,bimby_collection,,UXhv2Br3xq.jpg
feeding/test1,in_dev_pool,data/images/bimby2024/uXXA1cJ2WD.jpg,F,bimby_collection,,uXXA1cJ2WD.jpg
feeding/test1,in_dev_pool,data/images/bimby2024/UyjxMoSQs3.jpg,F,bimby_collection,,UyjxMoSQs3.jpg
feeding/test1,in_dev_pool,data/images/bimby2024/uYmmsYTAu8.jpg,F,bimby_collection,,uYmmsYTAu8.jpg
feeding/test1,in_dev_pool,data/images/bimby2024/UyRj3u9bBH.jpg,F,bimby_collection,,UyRj3u9bBH.jpg
feeding/test1,in_dev_pool,data/images/bimby2024/uYuC56YNUB.jpg,F,bimby_collection,,uYuC56YNUB.jpg
feeding/test1,in_dev_pool,data/images/bimby2024/uZhfwJ4Y5G.jpg,F,bimby_collection,,uZhfwJ4Y5G.jpg
feeding/test1,in_dev_pool,data/images/bimby2024/UzZpY1zuvO.jpg,F,bimby_collection,,UzZpY1zuvO.jpg
feeding/test1,in_dev_pool,data/images/bimby2024/v2KPNtpqXm.jpg,F,bimby_collection,,v2KPNtpqXm.jpg
feeding/test1,in_dev_pool,data/images/bimby2024/V2ncyyuGlB.jpg,F,bimby_collection,,V2ncyyuGlB.jpg
feeding/test1,in_dev_pool,data/images/bimby2024/v8aOf9Lml1.jpg,F,bimby_collection,,v8aOf9Lml1.jpg
feeding/test1,in_dev_pool,data/images/bimby2024/v9AJeTbJMv.jpg,F,bimby_collection,,v9AJeTbJMv.jpg
feeding/test1,in_dev_pool,data/images/bimby2024/vAc3UyCyNk.jpg,F,bimby_collection,,vAc3UyCyNk.jpg
feeding/test1,in_dev_pool,data/images/bimby2024/vBnooBX5g6.jpg,F,bimby_collection,,vBnooBX5g6.jpg
feeding/test1,in_dev_pool,data/images/bimby2024/Vc8dQQ3QtQ.jpg,F,bimby_collection,,Vc8dQQ3QtQ.jpg
feeding/test1,in_dev_pool,data/images/bimby2024/VCvAqQxIi3.jpg,F,bimby_collection,,VCvAqQxIi3.jpg
feeding/test1,in_dev_pool,data/images/bimby2024/vcwjIDR2Qi.jpg,F,bimby_collection,,vcwjIDR2Qi.jpg
feeding/test1,in_dev_pool,data/images/bimby2024/vd3grBZWiU.jpg,F,bimby_collection,,vd3grBZWiU.jpg
feeding/test1,in_dev_pool,data/images/bimby2024/VD4VbGYsyx.jpg,F,bimby_collection,,VD4VbGYsyx.jpg
feeding/test1,in_dev_pool,data/images/bimby2024/VdpPcBLlOj.jpg,F,bimby_collection,,VdpPcBLlOj.jpg
feeding/test1,in_dev_pool,data/images/bimby2024/VDYX1h9zXJ.jpg,F,bimby_collection,,VDYX1h9zXJ.jpg
feeding/test1,in_dev_pool,data/images/bimby2024/vEEtvngvoP.jpg,F,bimby_collection,,vEEtvngvoP.jpg
feeding/test1,in_dev_pool,data/images/bimby2024/vENxYrsALW.jpg,F,bimby_collection,,vENxYrsALW.jpg
feeding/test1,in_dev_pool,data/images/bimby2024/Vey1Hx9vwq.jpg,F,bimby_collection,,Vey1Hx9vwq.jpg
feeding/test1,in_dev_pool,data/images/bimby2024/vfNezwGcqN.jpg,F,bimby_collection,,vfNezwGcqN.jpg
feeding/test1,in_dev_pool,data/images/bimby2024/vFtnDIsZt3.jpg,F,bimby_collection,,vFtnDIsZt3.jpg
feeding/test1,in_dev_pool,data/images/bimby2024/VgDV1cUQW9.jpg,F,bimby_collection,,VgDV1cUQW9.jpg
feeding/test1,in_dev_pool,data/images/bimby2024/VhmBwIWL5I.jpg,F,bimby_collection,,VhmBwIWL5I.jpg
feeding/test1,in_dev_pool,data/images/bimby2024/VhqVtoOHce.jpg,F,bimby_collection,,VhqVtoOHce.jpg
feeding/test1,in_dev_pool,data/images/bimby2024/Vhs0lsBtxc.jpg,F,bimby_collection,,Vhs0lsBtxc.jpg
feeding/test1,in_dev_pool,data/images/bimby2024/VhTA1tNvcP.jpg,F,bimby_collection,,VhTA1tNvcP.jpg
feeding/test1,in_dev_pool,data/images/bimby2024/VhzYxvby2P.jpg,F,bimby_collection,,VhzYxvby2P.jpg
feeding/test1,in_dev_pool,data/images/bimby2024/vJ4EBjSeXj.jpg,F,bimby_collection,,vJ4EBjSeXj.jpg
feeding/test1,in_dev_pool,data/images/bimby2024/vJM8N3W4a4.jpg,F,bimby_collection,,vJM8N3W4a4.jpg
feeding/test1,in_dev_pool,data/images/bimby2024/VJmDnwB1na.jpg,F,bimby_collection,,VJmDnwB1na.jpg
feeding/test1,in_dev_pool,data/images/bimby2024/vJqXXzJPN6.jpg,F,bimby_collection,,vJqXXzJPN6.jpg
feeding/test1,in_dev_pool,data/images/bimby2024/VJRbdaENQO.jpg,F,bimby_collection,,VJRbdaENQO.jpg
feeding/test1,in_dev_pool,data/images/bimby2024/VJrIpIDJNO.jpg,F,bimby_collection,,VJrIpIDJNO.jpg
feeding/test1,in_dev_pool,data/images/bimby2024/vJt98d2Bew.jpg,F,bimby_collection,,vJt98d2Bew.jpg
feeding/test1,in_dev_pool,data/images/bimby2024/VKtyxoAene.jpg,F,bimby_collection,,VKtyxoAene.jpg
feeding/test1,in_dev_pool,data/images/bimby2024/vLdXWzhtOd.jpg,F,bimby_collection,,vLdXWzhtOd.jpg
feeding/test1,in_dev_pool,data/images/bimby2024/VMR0mex1h7.jpg,F,bimby_collection,,VMR0mex1h7.jpg
feeding/test1,in_dev_pool,data/images/bimby2024/VnsB2AOnKn.jpg,F,bimby_collection,,VnsB2AOnKn.jpg
feeding/test1,in_dev_pool,data/images/bimby2024/VogFp5OoaU.jpg,F,bimby_collection,,VogFp5OoaU.jpg
feeding/test1,in_dev_pool,data/images/bimby2024/VpxyJTjKpa.jpg,F,bimby_collection,,VpxyJTjKpa.jpg
feeding/test1,in_dev_pool,data/images/bimby2024/vQQLzfh2hs.jpg,F,bimby_collection,,vQQLzfh2hs.jpg
feeding/test1,in_dev_pool,data/images/bimby2024/vR88eRbJEs.jpg,F,bimby_collection,,vR88eRbJEs.jpg
feeding/test1,in_dev_pool,data/images/bimby2024/Vs05jn852k.jpg,F,bimby_collection,,Vs05jn852k.jpg
feeding/test1,in_dev_pool,data/images/bimby2024/VSpB1EJuCD.jpg,F,bimby_collection,,VSpB1EJuCD.jpg
feeding/test1,in_dev_pool,data/images/bimby2024/Vtfax5Cu0c.jpg,F,bimby_collection,,Vtfax5Cu0c.jpg
feeding/test1,in_dev_pool,data/images/bimby2024/VtHL3tACIZ.jpg,F,bimby_collection,,VtHL3tACIZ.jpg
feeding/test1,in_dev_pool,data/images/bimby2024/VTQ0Z937HH.jpg,F,bimby_collection,,VTQ0Z937HH.jpg
feeding/test1,in_dev_pool,data/images/bimby2024/VTr4Kv2Cih.jpg,F,bimby_collection,,VTr4Kv2Cih.jpg
feeding/test1,in_dev_pool,data/images/bimby2024/vtUxjSE9Kn.jpg,F,bimby_collection,,vtUxjSE9Kn.jpg
feeding/test1,in_dev_pool,data/images/bimby2024/VTY6pdhIHV.jpg,F,bimby_collection,,VTY6pdhIHV.jpg
feeding/test1,in_dev_pool,data/images/bimby2024/vVcRoIf8iF.jpg,F,bimby_collection,,vVcRoIf8iF.jpg
feeding/test1,in_dev_pool,data/images/bimby2024/VVyAA0aKlA.jpg,F,bimby_collection,,VVyAA0aKlA.jpg
feeding/test1,in_dev_pool,data/images/bimby2024/vWAf1TvCM4.jpg,F,bimby_collection,,vWAf1TvCM4.jpg
feeding/test1,in_dev_pool,data/images/bimby2024/vwT5cECSUQ.jpg,F,bimby_collection,,vwT5cECSUQ.jpg
feeding/test1,in_dev_pool,data/images/bimby2024/vxyzLITsir.jpg,F,bimby_collection,,vxyzLITsir.jpg
feeding/test1,in_dev_pool,data/images/bimby2024/Vy0X5aNaAB.jpg,F,bimby_collection,,Vy0X5aNaAB.jpg
feeding/test1,in_dev_pool,data/images/bimby2024/VyJPesjq1P.jpg,F,bimby_collection,,VyJPesjq1P.jpg
feeding/test1,in_dev_pool,data/images/bimby2024/VYlXTdRWJP.jpg,F,bimby_collection,,VYlXTdRWJP.jpg
feeding/test1,in_dev_pool,data/images/bimby2024/Vyr0gctNaC.jpg,F,bimby_collection,,Vyr0gctNaC.jpg
feeding/test1,in_dev_pool,data/images/bimby2024/W1fSIR4QBq.jpg,F,bimby_collection,,W1fSIR4QBq.jpg
feeding/test1,in_dev_pool,data/images/bimby2024/W3b1P3QAd5.jpg,F,bimby_collection,,W3b1P3QAd5.jpg
feeding/test1,in_dev_pool,data/images/bimby2024/w3lbTQQVyN.jpg,F,bimby_collection,,w3lbTQQVyN.jpg
feeding/test1,in_dev_pool,data/images/bimby2024/w5D0qxm8Ao.jpg,F,bimby_collection,,w5D0qxm8Ao.jpg
feeding/test1,in_dev_pool,data/images/bimby2024/W60pwGbTxk.jpg,F,bimby_collection,,W60pwGbTxk.jpg
feeding/test1,in_dev_pool,data/images/bimby2024/W84sVzwayq.jpg,F,bimby_collection,,W84sVzwayq.jpg
feeding/test1,in_dev_pool,data/images/bimby2024/w9hrUeMnup.jpg,F,bimby_collection,,w9hrUeMnup.jpg
feeding/test1,in_dev_pool,data/images/bimby2024/wA9HsPKGXC.jpg,F,bimby_collection,,wA9HsPKGXC.jpg
feeding/test1,in_dev_pool,data/images/bimby2024/waePxZMef0.jpg,F,bimby_collection,,waePxZMef0.jpg
feeding/test1,in_dev_pool,data/images/bimby2024/WaX1A8nuwP.jpg,F,bimby_collection,,WaX1A8nuwP.jpg
feeding/test1,in_dev_pool,data/images/bimby2024/wbE7kl1g9i.jpg,F,bimby_collection,,wbE7kl1g9i.jpg
feeding/test1,in_dev_pool,data/images/bimby2024/WBFnjbjgRN.jpg,F,bimby_collection,,WBFnjbjgRN.jpg
feeding/test1,in_dev_pool,data/images/bimby2024/wBltfNR0Al.jpg,F,bimby_collection,,wBltfNR0Al.jpg
feeding/test1,in_dev_pool,data/images/bimby2024/wbtgR53gY1.jpg,F,bimby_collection,,wbtgR53gY1.jpg
feeding/test1,in_dev_pool,data/images/bimby2024/wD3GsNNcxS.jpg,F,bimby_collection,,wD3GsNNcxS.jpg
feeding/test1,in_dev_pool,data/images/bimby2024/WD6pRr4QbS.jpg,F,bimby_collection,,WD6pRr4QbS.jpg
feeding/test1,in_dev_pool,data/images/bimby2024/wdFuZ2jzcC.jpg,F,bimby_collection,,wdFuZ2jzcC.jpg
feeding/test1,in_dev_pool,data/images/bimby2024/wdl4iC7dn1.jpg,F,bimby_collection,,wdl4iC7dn1.jpg
feeding/test1,in_dev_pool,data/images/bimby2024/wDsXurPBsK.jpg,F,bimby_collection,,wDsXurPBsK.jpg
feeding/test1,in_dev_pool,data/images/bimby2024/Wecrlk93Be.jpg,F,bimby_collection,,Wecrlk93Be.jpg
feeding/test1,in_dev_pool,data/images/bimby2024/Wf8e2FmAG3.jpg,F,bimby_collection,,Wf8e2FmAG3.jpg
feeding/test1,in_dev_pool,data/images/bimby2024/wfAq0qdULJ.jpg,F,bimby_collection,,wfAq0qdULJ.jpg
feeding/test1,in_dev_pool,data/images/bimby2024/WfFyRXOII1.jpg,F,bimby_collection,,WfFyRXOII1.jpg
feeding/test1,in_dev_pool,data/images/bimby2024/wftlmZ5095.jpg,F,bimby_collection,,wftlmZ5095.jpg
feeding/test1,in_dev_pool,data/images/bimby2024/wgrJZaQg9Z.jpg,F,bimby_collection,,wgrJZaQg9Z.jpg
feeding/test1,in_dev_pool,data/images/bimby2024/WGXnrtsnVC.jpg,F,bimby_collection,,WGXnrtsnVC.jpg
feeding/test1,in_dev_pool,data/images/bimby2024/WHcxzODbtw.jpg,F,bimby_collection,,WHcxzODbtw.jpg
feeding/test1,in_dev_pool,data/images/bimby2024/wISa37KYpq.jpg,F,bimby_collection,,wISa37KYpq.jpg
feeding/test1,in_dev_pool,data/images/bimby2024/wiwS08PlIQ.jpg,F,bimby_collection,,wiwS08PlIQ.jpg
feeding/test1,in_dev_pool,data/images/bimby2024/wJcdsgQgAc.jpg,F,bimby_collection,,wJcdsgQgAc.jpg
feeding/test1,in_dev_pool,data/images/bimby2024/wjFK5MbIbW.jpg,F,bimby_collection,,wjFK5MbIbW.jpg
feeding/test1,in_dev_pool,data/images/bimby2024/wk8XZzSKDt.jpg,F,bimby_collection,,wk8XZzSKDt.jpg
feeding/test1,in_dev_pool,data/images/bimby2024/WkanSMUbVE.jpg,F,bimby_collection,,WkanSMUbVE.jpg
feeding/test1,in_dev_pool,data/images/bimby2024/WKIEzZd6b5.jpg,F,bimby_collection,,WKIEzZd6b5.jpg
feeding/test1,in_dev_pool,data/images/bimby2024/wKLRne1bxM.jpg,F,bimby_collection,,wKLRne1bxM.jpg
feeding/test1,in_dev_pool,data/images/bimby2024/wltMUnGCfO.jpg,F,bimby_collection,,wltMUnGCfO.jpg
feeding/test1,in_dev_pool,data/images/bimby2024/wMOJLtnhGD.jpg,F,bimby_collection,,wMOJLtnhGD.jpg
feeding/test1,in_dev_pool,data/images/bimby2024/WmXmzQUgsH.jpg,F,bimby_collection,,WmXmzQUgsH.jpg
feeding/test1,in_dev_pool,data/images/bimby2024/WMY7JJ63oH.jpg,F,bimby_collection,,WMY7JJ63oH.jpg
feeding/test1,in_dev_pool,data/images/bimby2024/wnyVO8HkHd.jpg,F,bimby_collection,,wnyVO8HkHd.jpg
feeding/test1,in_dev_pool,data/images/bimby2024/Wo1TXiMtc2.jpg,F,bimby_collection,,Wo1TXiMtc2.jpg
feeding/test1,in_dev_pool,data/images/bimby2024/WOB6MtPxMi.jpg,F,bimby_collection,,WOB6MtPxMi.jpg
feeding/test1,in_dev_pool,data/images/bimby2024/wOHNXNtx7K.jpg,F,bimby_collection,,wOHNXNtx7K.jpg
feeding/test1,in_dev_pool,data/images/bimby2024/woJVjydBmo.jpg,F,bimby_collection,,woJVjydBmo.jpg
feeding/test1,in_dev_pool,data/images/bimby2024/WPABLHq4ct.jpg,F,bimby_collection,,WPABLHq4ct.jpg
feeding/test1,in_dev_pool,data/images/bimby2024/WPLRVZAo9G.jpg,F,bimby_collection,,WPLRVZAo9G.jpg
feeding/test1,in_dev_pool,data/images/bimby2024/WRjtSbweaL.jpg,F,bimby_collection,,WRjtSbweaL.jpg
feeding/test1,in_dev_pool,data/images/bimby2024/wRl2I6hO2r.jpg,F,bimby_collection,,wRl2I6hO2r.jpg
feeding/test1,in_dev_pool,data/images/bimby2024/WrSLJDnyXI.jpg,F,bimby_collection,,WrSLJDnyXI.jpg
feeding/test1,in_dev_pool,data/images/bimby2024/ws5LIhEe98.jpg,F,bimby_collection,,ws5LIhEe98.jpg
feeding/test1,in_dev_pool,data/images/bimby2024/WSmk75WqSb.jpg,F,bimby_collection,,WSmk75WqSb.jpg
feeding/test1,in_dev_pool,data/images/bimby2024/wTBVDR8brg.jpg,F,bimby_collection,,wTBVDR8brg.jpg
feeding/test1,in_dev_pool,data/images/bimby2024/WTPVyHozl3.jpg,F,bimby_collection,,WTPVyHozl3.jpg
feeding/test1,in_dev_pool,data/images/bimby2024/WtSjkEzI9a.jpg,F,bimby_collection,,WtSjkEzI9a.jpg
feeding/test1,in_dev_pool,data/images/bimby2024/WUG4nXNttb.jpg,F,bimby_collection,,WUG4nXNttb.jpg
feeding/test1,in_dev_pool,data/images/bimby2024/WUQ4X4xiHE.jpg,F,bimby_collection,,WUQ4X4xiHE.jpg
feeding/test1,in_dev_pool,data/images/bimby2024/wuRARARYE6.jpg,F,bimby_collection,,wuRARARYE6.jpg
feeding/test1,in_dev_pool,data/images/bimby2024/wv5FPTzrno.jpg,F,bimby_collection,,wv5FPTzrno.jpg
feeding/test1,in_dev_pool,data/images/bimby2024/wvqcehSvZC.jpg,F,bimby_collection,,wvqcehSvZC.jpg
feeding/test1,in_dev_pool,data/images/bimby2024/Ww7YJQpSu1.jpg,F,bimby_collection,,Ww7YJQpSu1.jpg
feeding/test1,in_dev_pool,data/images/bimby2024/wWHSMrXtra.jpg,F,bimby_collection,,wWHSMrXtra.jpg
feeding/test1,in_dev_pool,data/images/bimby2024/wWw1nLjYwM.jpg,F,bimby_collection,,wWw1nLjYwM.jpg
feeding/test1,in_dev_pool,data/images/bimby2024/wxVKICQNbH.jpg,F,bimby_collection,,wxVKICQNbH.jpg
feeding/test1,in_dev_pool,data/images/bimby2024/WYz0FXYLSj.jpg,F,bimby_collection,,WYz0FXYLSj.jpg
feeding/test1,in_dev_pool,data/images/bimby2024/X26dpDDzCk.jpg,F,bimby_collection,,X26dpDDzCk.jpg
feeding/test1,in_dev_pool,data/images/bimby2024/X29bwcyxBE.jpg,F,bimby_collection,,X29bwcyxBE.jpg
feeding/test1,in_dev_pool,data/images/bimby2024/X5DYIld50s.jpg,F,bimby_collection,,X5DYIld50s.jpg
feeding/test1,in_dev_pool,data/images/bimby2024/X8QR4CILAG.jpg,F,bimby_collection,,X8QR4CILAG.jpg
feeding/test1,in_dev_pool,data/images/bimby2024/x9dQzTixE2.jpg,F,bimby_collection,,x9dQzTixE2.jpg
feeding/test1,in_dev_pool,data/images/bimby2024/x9E7ATSa7k.jpg,F,bimby_collection,,x9E7ATSa7k.jpg
feeding/test1,in_dev_pool,data/images/bimby2024/X9kAWcD6dL.jpg,F,bimby_collection,,X9kAWcD6dL.jpg
feeding/test1,in_dev_pool,data/images/bimby2024/XaFUtAGq9X.jpg,F,bimby_collection,,XaFUtAGq9X.jpg
feeding/test1,in_dev_pool,data/images/bimby2024/xAjdkcnEOO.jpg,F,bimby_collection,,xAjdkcnEOO.jpg
feeding/test1,in_dev_pool,data/images/bimby2024/xAldLAMdY7.jpg,F,bimby_collection,,xAldLAMdY7.jpg
feeding/test1,in_dev_pool,data/images/bimby2024/XAyOgtLdz0.jpg,F,bimby_collection,,XAyOgtLdz0.jpg
feeding/test1,in_dev_pool,data/images/bimby2024/XCq57leQWf.jpg,F,bimby_collection,,XCq57leQWf.jpg
feeding/test1,in_dev_pool,data/images/bimby2024/xeYIUMz32m.jpg,F,bimby_collection,,xeYIUMz32m.jpg
feeding/test1,in_dev_pool,data/images/bimby2024/XFN6biwkGP.jpg,F,bimby_collection,,XFN6biwkGP.jpg
feeding/test1,in_dev_pool,data/images/bimby2024/xIbzlVY1Zm.jpg,F,bimby_collection,,xIbzlVY1Zm.jpg
feeding/test1,in_dev_pool,data/images/bimby2024/XImiE162Vx.jpg,F,bimby_collection,,XImiE162Vx.jpg
feeding/test1,in_dev_pool,data/images/bimby2024/XItKx1I6q8.jpg,F,bimby_collection,,XItKx1I6q8.jpg
feeding/test1,in_dev_pool,data/images/bimby2024/xKDfw8LPzu.jpg,F,bimby_collection,,xKDfw8LPzu.jpg
feeding/test1,in_dev_pool,data/images/bimby2024/xkIemYKbeG.jpg,F,bimby_collection,,xkIemYKbeG.jpg
feeding/test1,in_dev_pool,data/images/bimby2024/XlHKAbyeJ0.jpg,F,bimby_collection,,XlHKAbyeJ0.jpg
feeding/test1,in_dev_pool,data/images/bimby2024/XlSfcuxOmY.jpg,F,bimby_collection,,XlSfcuxOmY.jpg
feeding/test1,in_dev_pool,data/images/bimby2024/XlvOoNviUS.jpg,F,bimby_collection,,XlvOoNviUS.jpg
feeding/test1,in_dev_pool,data/images/bimby2024/xlzYlgkt3x.jpg,F,bimby_collection,,xlzYlgkt3x.jpg
feeding/test1,in_dev_pool,data/images/bimby2024/xMgZn6VpzB.jpg,F,bimby_collection,,xMgZn6VpzB.jpg
feeding/test1,in_dev_pool,data/images/bimby2024/XnjI1sYyih.jpg,F,bimby_collection,,XnjI1sYyih.jpg
feeding/test1,in_dev_pool,data/images/bimby2024/Xnqs8Udpsy.jpg,F,bimby_collection,,Xnqs8Udpsy.jpg
feeding/test1,in_dev_pool,data/images/bimby2024/xnQUL10cBP.jpg,F,bimby_collection,,xnQUL10cBP.jpg
feeding/test1,in_dev_pool,data/images/bimby2024/XO60USHEy3.jpg,F,bimby_collection,,XO60USHEy3.jpg
feeding/test1,in_dev_pool,data/images/bimby2024/XOizA2AW6q.jpg,F,bimby_collection,,XOizA2AW6q.jpg
feeding/test1,in_dev_pool,data/images/bimby2024/XoRAzZGlQ6.jpg,F,bimby_collection,,XoRAzZGlQ6.jpg
feeding/test1,in_dev_pool,data/images/bimby2024/XowMKGhmBQ.jpg,F,bimby_collection,,XowMKGhmBQ.jpg
feeding/test1,in_dev_pool,data/images/bimby2024/xoYvS2Z9Ry.jpg,F,bimby_collection,,xoYvS2Z9Ry.jpg
feeding/test1,in_dev_pool,data/images/bimby2024/xpuesfdxH5.jpg,F,bimby_collection,,xpuesfdxH5.jpg
feeding/test1,in_dev_pool,data/images/bimby2024/xQK4GrM6x7.jpg,F,bimby_collection,,xQK4GrM6x7.jpg
feeding/test1,in_dev_pool,data/images/bimby2024/XqkXdWoaW2.jpg,F,bimby_collection,,XqkXdWoaW2.jpg
feeding/test1,in_dev_pool,data/images/bimby2024/xqXbn3pngF.jpg,F,bimby_collection,,xqXbn3pngF.jpg
feeding/test1,in_dev_pool,data/images/bimby2024/xqYIYaIoDl.jpg,F,bimby_collection,,xqYIYaIoDl.jpg
feeding/test1,in_dev_pool,data/images/bimby2024/Xr6yJMXNEs.jpg,F,bimby_collection,,Xr6yJMXNEs.jpg
feeding/test1,in_dev_pool,data/images/bimby2024/XrCfZvNDRR.jpg,F,bimby_collection,,XrCfZvNDRR.jpg
feeding/test1,in_dev_pool,data/images/bimby2024/xRR6poRQkX.jpg,F,bimby_collection,,xRR6poRQkX.jpg
feeding/test1,in_dev_pool,data/images/bimby2024/XrVw9XBTcu.jpg,F,bimby_collection,,XrVw9XBTcu.jpg
feeding/test1,in_dev_pool,data/images/bimby2024/XS9ijTdAew.jpg,F,bimby_collection,,XS9ijTdAew.jpg
feeding/test1,in_dev_pool,data/images/bimby2024/xsqOoO53oH.jpg,F,bimby_collection,,xsqOoO53oH.jpg
feeding/test1,in_dev_pool,data/images/bimby2024/xT4hrYhwsc.jpg,F,bimby_collection,,xT4hrYhwsc.jpg
feeding/test1,in_dev_pool,data/images/bimby2024/XTIkKpnkKB.jpg,F,bimby_collection,,XTIkKpnkKB.jpg
feeding/test1,in_dev_pool,data/images/bimby2024/xTVCEWSSMV.jpg,F,bimby_collection,,xTVCEWSSMV.jpg
feeding/test1,in_dev_pool,data/images/bimby2024/xviZkbrcUr.jpg,F,bimby_collection,,xviZkbrcUr.jpg
feeding/test1,in_dev_pool,data/images/bimby2024/XVpU7HAOwz.jpg,F,bimby_collection,,XVpU7HAOwz.jpg
feeding/test1,in_dev_pool,data/images/bimby2024/xwJbhTmZBf.jpg,F,bimby_collection,,xwJbhTmZBf.jpg
feeding/test1,in_dev_pool,data/images/bimby2024/XxEot13X1O.jpg,F,bimby_collection,,XxEot13X1O.jpg
feeding/test1,in_dev_pool,data/images/bimby2024/XxKN1ZlfRV.jpg,F,bimby_collection,,XxKN1ZlfRV.jpg
feeding/test1,in_dev_pool,data/images/bimby2024/xxTmRrA2b3.jpg,F,bimby_collection,,xxTmRrA2b3.jpg
feeding/test1,in_dev_pool,data/images/bimby2024/xXwvDjzYFK.jpg,F,bimby_collection,,xXwvDjzYFK.jpg
feeding/test1,in_dev_pool,data/images/bimby2024/xY9pTq4Ue2.jpg,F,bimby_collection,,xY9pTq4Ue2.jpg
feeding/test1,in_dev_pool,data/images/bimby2024/XyODvWg3FO.jpg,F,bimby_collection,,XyODvWg3FO.jpg
feeding/test1,in_dev_pool,data/images/bimby2024/xyyHO3iODQ.jpg,F,bimby_collection,,xyyHO3iODQ.jpg
feeding/test1,in_dev_pool,data/images/bimby2024/XyzUfPwlrz.jpg,F,bimby_collection,,XyzUfPwlrz.jpg
feeding/test1,in_dev_pool,data/images/bimby2024/xzKeAFOHiv.jpg,F,bimby_collection,,xzKeAFOHiv.jpg
feeding/test1,in_dev_pool,data/images/bimby2024/Y1beBzsH6K.jpg,F,bimby_collection,,Y1beBzsH6K.jpg
feeding/test1,in_dev_pool,data/images/bimby2024/Y32ZYD9U9g.jpg,F,bimby_collection,,Y32ZYD9U9g.jpg
feeding/test1,in_dev_pool,data/images/bimby2024/Y3w4Y5Phyc.jpg,F,bimby_collection,,Y3w4Y5Phyc.jpg
feeding/test1,in_dev_pool,data/images/bimby2024/Y4d3cBtshz.jpg,F,bimby_collection,,Y4d3cBtshz.jpg
feeding/test1,in_dev_pool,data/images/bimby2024/y5iYP6mt9w.jpg,F,bimby_collection,,y5iYP6mt9w.jpg
feeding/test1,in_dev_pool,data/images/bimby2024/Y6YVNsREIx.jpg,F,bimby_collection,,Y6YVNsREIx.jpg
feeding/test1,in_dev_pool,data/images/bimby2024/y7w0X9VFix.jpg,F,bimby_collection,,y7w0X9VFix.jpg
feeding/test1,in_dev_pool,data/images/bimby2024/y87xbusOaF.jpg,F,bimby_collection,,y87xbusOaF.jpg
feeding/test1,in_dev_pool,data/images/bimby2024/y8KyLSuwl1.jpg,F,bimby_collection,,y8KyLSuwl1.jpg
feeding/test1,in_dev_pool,data/images/bimby2024/yaMgfBIFEJ.jpg,F,bimby_collection,,yaMgfBIFEJ.jpg
feeding/test1,in_dev_pool,data/images/bimby2024/Yb1aKgYr2k.jpg,F,bimby_collection,,Yb1aKgYr2k.jpg
feeding/test1,in_dev_pool,data/images/bimby2024/YB4teTBPYk.jpg,F,bimby_collection,,YB4teTBPYk.jpg
feeding/test1,in_dev_pool,data/images/bimby2024/ybtU9DMDTL.jpg,F,bimby_collection,,ybtU9DMDTL.jpg
feeding/test1,in_dev_pool,data/images/bimby2024/yCCA7oBFbx.jpg,F,bimby_collection,,yCCA7oBFbx.jpg
feeding/test1,in_dev_pool,data/images/bimby2024/Yevz76LHXp.jpg,F,bimby_collection,,Yevz76LHXp.jpg
feeding/test1,in_dev_pool,data/images/bimby2024/YiLSdD0C2o.jpg,F,bimby_collection,,YiLSdD0C2o.jpg
feeding/test1,in_dev_pool,data/images/bimby2024/Yizp7ZOA89.jpg,F,bimby_collection,,Yizp7ZOA89.jpg
feeding/test1,in_dev_pool,data/images/bimby2024/yj4gJaNqkF.jpg,F,bimby_collection,,yj4gJaNqkF.jpg
feeding/test1,in_dev_pool,data/images/bimby2024/YjsTcJDjbK.jpg,F,bimby_collection,,YjsTcJDjbK.jpg
feeding/test1,in_dev_pool,data/images/bimby2024/yk9hkht9f6.jpg,F,bimby_collection,,yk9hkht9f6.jpg
feeding/test1,in_dev_pool,data/images/bimby2024/YL1xPfOivK.jpg,F,bimby_collection,,YL1xPfOivK.jpg
feeding/test1,in_dev_pool,data/images/bimby2024/ym0kKi7o6l.jpg,F,bimby_collection,,ym0kKi7o6l.jpg
feeding/test1,in_dev_pool,data/images/bimby2024/yM81WRyY0z.jpg,F,bimby_collection,,yM81WRyY0z.jpg
feeding/test1,in_dev_pool,data/images/bimby2024/yMoEj1vu4W.jpg,F,bimby_collection,,yMoEj1vu4W.jpg
feeding/test1,in_dev_pool,data/images/bimby2024/YO7SxxGQx5.jpg,F,bimby_collection,,YO7SxxGQx5.jpg
feeding/test1,in_dev_pool,data/images/bimby2024/yoqdyJOHqo.jpg,F,bimby_collection,,yoqdyJOHqo.jpg
feeding/test1,in_dev_pool,data/images/bimby2024/YpmnwAX9Uj.jpg,F,bimby_collection,,YpmnwAX9Uj.jpg
feeding/test1,in_dev_pool,data/images/bimby2024/yQcoCZubNV.jpg,F,bimby_collection,,yQcoCZubNV.jpg
feeding/test1,in_dev_pool,data/images/bimby2024/yRyC3ocd8U.jpg,F,bimby_collection,,yRyC3ocd8U.jpg
feeding/test1,in_dev_pool,data/images/bimby2024/YShAUnBbYd.jpg,F,bimby_collection,,YShAUnBbYd.jpg
feeding/test1,in_dev_pool,data/images/bimby2024/YT3EGZndzv.jpg,F,bimby_collection,,YT3EGZndzv.jpg
feeding/test1,in_dev_pool,data/images/bimby2024/ytbGaiBa8Z.jpg,F,bimby_collection,,ytbGaiBa8Z.jpg
feeding/test1,in_dev_pool,data/images/bimby2024/yU5PaBECih.jpg,F,bimby_collection,,yU5PaBECih.jpg
feeding/test1,in_dev_pool,data/images/bimby2024/yUPrNJE0UA.jpg,F,bimby_collection,,yUPrNJE0UA.jpg
feeding/test1,in_dev_pool,data/images/bimby2024/YV6wZ7u6LH.jpg,F,bimby_collection,,YV6wZ7u6LH.jpg
feeding/test1,in_dev_pool,data/images/bimby2024/Yvr7UHS3eY.jpg,F,bimby_collection,,Yvr7UHS3eY.jpg
feeding/test1,in_dev_pool,data/images/bimby2024/YwNzUhdYkB.jpg,F,bimby_collection,,YwNzUhdYkB.jpg
feeding/test1,in_dev_pool,data/images/bimby2024/YXexWvEQj2.jpg,F,bimby_collection,,YXexWvEQj2.jpg
feeding/test1,in_dev_pool,data/images/bimby2024/YxI5HjEU0h.jpg,F,bimby_collection,,YxI5HjEU0h.jpg
feeding/test1,in_dev_pool,data/images/bimby2024/yXPvaHAzMD.jpg,F,bimby_collection,,yXPvaHAzMD.jpg
feeding/test1,in_dev_pool,data/images/bimby2024/YxWLU3nKXH.jpg,F,bimby_collection,,YxWLU3nKXH.jpg
feeding/test1,in_dev_pool,data/images/bimby2024/yY6npH9Dog.jpg,F,bimby_collection,,yY6npH9Dog.jpg
feeding/test1,in_dev_pool,data/images/bimby2024/YYhucOGjKH.jpg,F,bimby_collection,,YYhucOGjKH.jpg
feeding/test1,in_dev_pool,data/images/bimby2024/YyImXJu3Zb.jpg,F,bimby_collection,,YyImXJu3Zb.jpg
feeding/test1,in_dev_pool,data/images/bimby2024/yZiz59EDCg.jpg,F,bimby_collection,,yZiz59EDCg.jpg
feeding/test1,in_dev_pool,data/images/bimby2024/Z0n7EDOLjd.jpg,F,bimby_collection,,Z0n7EDOLjd.jpg
feeding/test1,in_dev_pool,data/images/bimby2024/Z0nIcrgHyd.jpg,F,bimby_collection,,Z0nIcrgHyd.jpg
feeding/test1,in_dev_pool,data/images/bimby2024/z14PmKhMEG.jpg,F,bimby_collection,,z14PmKhMEG.jpg
feeding/test1,in_dev_pool,data/images/bimby2024/z1aSiBpSRV.jpg,F,bimby_collection,,z1aSiBpSRV.jpg
feeding/test1,in_dev_pool,data/images/bimby2024/Z1y0la5ySO.jpg,F,bimby_collection,,Z1y0la5ySO.jpg
feeding/test1,in_dev_pool,data/images/bimby2024/Z1ZAi3AxCF.jpg,F,bimby_collection,,Z1ZAi3AxCF.jpg
feeding/test1,in_dev_pool,data/images/bimby2024/Z22PfpSogh.jpg,F,bimby_collection,,Z22PfpSogh.jpg
feeding/test1,in_dev_pool,data/images/bimby2024/Z2CQPK8jyP.jpg,F,bimby_collection,,Z2CQPK8jyP.jpg
feeding/test1,in_dev_pool,data/images/bimby2024/Z2N6FooXlP.jpg,F,bimby_collection,,Z2N6FooXlP.jpg
feeding/test1,in_dev_pool,data/images/bimby2024/z3Ee9shNx1.jpg,F,bimby_collection,,z3Ee9shNx1.jpg
feeding/test1,in_dev_pool,data/images/bimby2024/z3j6l3Q5r2.jpg,F,bimby_collection,,z3j6l3Q5r2.jpg
feeding/test1,in_dev_pool,data/images/bimby2024/z4nqqHVgPm.jpg,F,bimby_collection,,z4nqqHVgPm.jpg
feeding/test1,in_dev_pool,data/images/bimby2024/z72XmcXUBg.jpg,F,bimby_collection,,z72XmcXUBg.jpg
feeding/test1,in_dev_pool,data/images/bimby2024/Z8coAkjcnD.jpg,F,bimby_collection,,Z8coAkjcnD.jpg
feeding/test1,in_dev_pool,data/images/bimby2024/Z8HMWGnvLt.jpg,F,bimby_collection,,Z8HMWGnvLt.jpg
feeding/test1,in_dev_pool,data/images/bimby2024/ZaQndhRtlC.jpg,F,bimby_collection,,ZaQndhRtlC.jpg
feeding/test1,in_dev_pool,data/images/bimby2024/zareFcFQUx.jpg,F,bimby_collection,,zareFcFQUx.jpg
feeding/test1,in_dev_pool,data/images/bimby2024/ZbRr14QSH0.jpg,F,bimby_collection,,ZbRr14QSH0.jpg
feeding/test1,in_dev_pool,data/images/bimby2024/ZCOOah0Urs.jpg,F,bimby_collection,,ZCOOah0Urs.jpg
feeding/test1,in_dev_pool,data/images/bimby2024/zcSlgeedwk.jpg,F,bimby_collection,,zcSlgeedwk.jpg
feeding/test1,in_dev_pool,data/images/bimby2024/zD15IGJOD0.jpg,F,bimby_collection,,zD15IGJOD0.jpg
feeding/test1,in_dev_pool,data/images/bimby2024/ZD9dQqYfUd.jpg,F,bimby_collection,,ZD9dQqYfUd.jpg
feeding/test1,in_dev_pool,data/images/bimby2024/zDB2Zrx8O5.jpg,F,bimby_collection,,zDB2Zrx8O5.jpg
feeding/test1,in_dev_pool,data/images/bimby2024/ZdJObQIAmu.jpg,F,bimby_collection,,ZdJObQIAmu.jpg
feeding/test1,in_dev_pool,data/images/bimby2024/zedLecUq4W.jpg,F,bimby_collection,,zedLecUq4W.jpg
feeding/test1,in_dev_pool,data/images/bimby2024/zeSGVEVuic.jpg,F,bimby_collection,,zeSGVEVuic.jpg
feeding/test1,in_dev_pool,data/images/bimby2024/Zey2GqGt6K.jpg,F,bimby_collection,,Zey2GqGt6K.jpg
feeding/test1,in_dev_pool,data/images/bimby2024/zfD9ndDJO1.jpg,F,bimby_collection,,zfD9ndDJO1.jpg
feeding/test1,in_dev_pool,data/images/bimby2024/ZFT7jxu22w.jpg,F,bimby_collection,,ZFT7jxu22w.jpg
feeding/test1,in_dev_pool,data/images/bimby2024/ZG3KymjE8L.jpg,F,bimby_collection,,ZG3KymjE8L.jpg
feeding/test1,in_dev_pool,data/images/bimby2024/zGAK4mzynG.jpg,F,bimby_collection,,zGAK4mzynG.jpg
feeding/test1,in_dev_pool,data/images/bimby2024/ZgOWPtqpva.jpg,F,bimby_collection,,ZgOWPtqpva.jpg
feeding/test1,in_dev_pool,data/images/bimby2024/Zh9b3EHnAa.jpg,F,bimby_collection,,Zh9b3EHnAa.jpg
feeding/test1,in_dev_pool,data/images/bimby2024/ZiufgAmI5f.jpg,F,bimby_collection,,ZiufgAmI5f.jpg
feeding/test1,in_dev_pool,data/images/bimby2024/ZLOQpxZqhQ.jpg,F,bimby_collection,,ZLOQpxZqhQ.jpg
feeding/test1,in_dev_pool,data/images/bimby2024/zmgYnoiW7I.jpg,F,bimby_collection,,zmgYnoiW7I.jpg
feeding/test1,in_dev_pool,data/images/bimby2024/zmiQg2sEUN.jpg,F,bimby_collection,,zmiQg2sEUN.jpg
feeding/test1,in_dev_pool,data/images/bimby2024/zmszyzUxS2.jpg,F,bimby_collection,,zmszyzUxS2.jpg
feeding/test1,in_dev_pool,data/images/bimby2024/znypG95hP7.jpg,F,bimby_collection,,znypG95hP7.jpg
feeding/test1,in_dev_pool,data/images/bimby2024/Zog4gfqdMH.jpg,F,bimby_collection,,Zog4gfqdMH.jpg
feeding/test1,in_dev_pool,data/images/bimby2024/zoLnIIC7nN.jpg,F,bimby_collection,,zoLnIIC7nN.jpg
feeding/test1,in_dev_pool,data/images/bimby2024/zoPXMG1DBQ.jpg,F,bimby_collection,,zoPXMG1DBQ.jpg
feeding/test1,in_dev_pool,data/images/bimby2024/ZP6QipSaOb.jpg,F,bimby_collection,,ZP6QipSaOb.jpg
feeding/test1,in_dev_pool,data/images/bimby2024/zpqaCcRCKM.jpg,F,bimby_collection,,zpqaCcRCKM.jpg
feeding/test1,in_dev_pool,data/images/bimby2024/zq8iq0ySWG.jpg,F,bimby_collection,,zq8iq0ySWG.jpg
feeding/test1,in_dev_pool,data/images/bimby2024/ZQBSfAVME9.jpg,F,bimby_collection,,ZQBSfAVME9.jpg
feeding/test1,in_dev_pool,data/images/bimby2024/ZqYKo6v95k.jpg,F,bimby_collection,,ZqYKo6v95k.jpg
feeding/test1,in_dev_pool,data/images/bimby2024/Zr5Dd8T4on.jpg,F,bimby_collection,,Zr5Dd8T4on.jpg
feeding/test1,in_dev_pool,data/images/bimby2024/zRAaBdEXY3.jpg,F,bimby_collection,,zRAaBdEXY3.jpg
feeding/test1,in_dev_pool,data/images/bimby2024/zrcl8UEHrt.jpg,F,bimby_collection,,zrcl8UEHrt.jpg
feeding/test1,in_dev_pool,data/images/bimby2024/Zs5BviNajB.jpg,F,bimby_collection,,Zs5BviNajB.jpg
feeding/test1,in_dev_pool,data/images/bimby2024/zSbM2mVY1x.jpg,F,bimby_collection,,zSbM2mVY1x.jpg
feeding/test1,in_dev_pool,data/images/bimby2024/ZSCwEj9mpM.jpg,F,bimby_collection,,ZSCwEj9mpM.jpg
feeding/test1,in_dev_pool,data/images/bimby2024/zsVcAHNXZC.jpg,F,bimby_collection,,zsVcAHNXZC.jpg
feeding/test1,in_dev_pool,data/images/bimby2024/zthJfbYJfX.jpg,F,bimby_collection,,zthJfbYJfX.jpg
feeding/test1,in_dev_pool,data/images/bimby2024/ZtL8pepa88.jpg,F,bimby_collection,,ZtL8pepa88.jpg
feeding/test1,in_dev_pool,data/images/bimby2024/ZtvfKEd79O.jpg,F,bimby_collection,,ZtvfKEd79O.jpg
feeding/test1,in_dev_pool,data/images/bimby2024/zTXdxqUGyc.jpg,F,bimby_collection,,zTXdxqUGyc.jpg
feeding/test1,in_dev_pool,data/images/bimby2024/ZUJr2N4szo.jpg,F,bimby_collection,,ZUJr2N4szo.jpg
feeding/test1,in_dev_pool,data/images/bimby2024/ZumL048J7w.jpg,F,bimby_collection,,ZumL048J7w.jpg
feeding/test1,in_dev_pool,data/images/bimby2024/ZV6G2rMRjM.jpg,F,bimby_collection,,ZV6G2rMRjM.jpg
feeding/test1,in_dev_pool,data/images/bimby2024/ZVzYawlH47.jpg,F,bimby_collection,,ZVzYawlH47.jpg
feeding/test1,in_dev_pool,data/images/bimby2024/zWALi4VCmG.jpg,F,bimby_collection,,zWALi4VCmG.jpg
feeding/test1,in_dev_pool,data/images/bimby2024/zwR3kwFoJ9.jpg,F,bimby_collection,,zwR3kwFoJ9.jpg
feeding/test1,in_dev_pool,data/images/bimby2024/zWWLf4sD96.jpg,F,bimby_collection,,zWWLf4sD96.jpg
feeding/test1,in_dev_pool,data/images/bimby2024/ZxtzMQRTX4.jpg,F,bimby_collection,,ZxtzMQRTX4.jpg
feeding/test1,in_dev_pool,data/images/bimby2024/zxw8UvItlr.jpg,F,bimby_collection,,zxw8UvItlr.jpg
feeding/test1,in_dev_pool,data/images/bimby2024/zyaAgiOybt.jpg,F,bimby_collection,,zyaAgiOybt.jpg
feeding/test1,in_dev_pool,data/images/bimby2024/zynsVy4OfS.jpg,F,bimby_collection,,zynsVy4OfS.jpg
feeding/test1,in_dev_pool,data/images/bimby2024/ZYtRr2IAnJ.jpg,F,bimby_collection,,ZYtRr2IAnJ.jpg
feeding/test1,in_dev_pool,data/images/bimby2024/zzW2jFOvOg.jpg,F,bimby_collection,,zzW2jFOvOg.jpg
feeding/test1,in_dev_pool,data/images/bimby2024/0anfDXaIaE.jpg,NF,bimby_collection,,0anfDXaIaE.jpg
feeding/test1,in_dev_pool,data/images/bimby2024/0j4xS0A4RR.jpg,NF,bimby_collection,,0j4xS0A4RR.jpg
feeding/test1,in_dev_pool,data/images/bimby2024/1LTc68CoQS.jpg,NF,bimby_collection,,1LTc68CoQS.jpg
feeding/test1,in_dev_pool,data/images/bimby2024/5Jm9d2uB6L.jpg,NF,bimby_collection,,5Jm9d2uB6L.jpg
feeding/test1,in_dev_pool,data/images/bimby2024/61eoUxK3mS.jpg,NF,bimby_collection,,61eoUxK3mS.jpg
feeding/test1,in_dev_pool,data/images/bimby2024/880MGiHdJJ.jpg,NF,bimby_collection,,880MGiHdJJ.jpg
feeding/test1,in_dev_pool,data/images/bimby2024/9Wal4L5bl1.jpg,NF,bimby_collection,,9Wal4L5bl1.jpg
feeding/test1,in_dev_pool,data/images/bimby2024/avwSgJFf1y.jpg,NF,bimby_collection,,avwSgJFf1y.jpg
feeding/test1,in_dev_pool,data/images/bimby2024/b1E6YjV0Vw.jpg,NF,bimby_collection,,b1E6YjV0Vw.jpg
feeding/test1,in_dev_pool,data/images/bimby2024/Cs70YkPcI2.jpg,NF,bimby_collection,,Cs70YkPcI2.jpg
feeding/test1,in_dev_pool,data/images/bimby2024/cXwV4Ijprm.jpg,NF,bimby_collection,,cXwV4Ijprm.jpg
feeding/test1,in_dev_pool,data/images/bimby2024/D96rmFWTnw.jpg,NF,bimby_collection,,D96rmFWTnw.jpg
feeding/test1,in_dev_pool,data/images/bimby2024/E1MpEe7RVK.jpg,NF,bimby_collection,,E1MpEe7RVK.jpg
feeding/test1,in_dev_pool,data/images/bimby2024/H0sJcR3hw6.jpg,NF,bimby_collection,,H0sJcR3hw6.jpg
feeding/test1,in_dev_pool,data/images/bimby2024/hKvhSRTbGE.jpg,NF,bimby_collection,,hKvhSRTbGE.jpg
feeding/test1,in_dev_pool,data/images/bimby2024/iI6Ub6asBR.jpg,NF,bimby_collection,,iI6Ub6asBR.jpg
feeding/test1,in_dev_pool,data/images/bimby2024/iNrWBdYv81.jpg,NF,bimby_collection,,iNrWBdYv81.jpg
feeding/test1,in_dev_pool,data/images/bimby2024/is4iFFr0t0.jpg,NF,bimby_collection,,is4iFFr0t0.jpg
feeding/test1,in_dev_pool,data/images/bimby2024/It8x7gGgZM.jpg,NF,bimby_collection,,It8x7gGgZM.jpg
feeding/test1,in_dev_pool,data/images/bimby2024/JqhnmlQuhj.jpg,NF,bimby_collection,,JqhnmlQuhj.jpg
feeding/test1,in_dev_pool,data/images/bimby2024/JWOWWopP57.jpg,NF,bimby_collection,,JWOWWopP57.jpg
feeding/test1,in_dev_pool,data/images/bimby2024/KDwI7wpgoG.jpg,NF,bimby_collection,,KDwI7wpgoG.jpg
feeding/test1,in_dev_pool,data/images/bimby2024/Mqf4bMRfto.jpg,NF,bimby_collection,,Mqf4bMRfto.jpg
feeding/test1,in_dev_pool,data/images/bimby2024/No5AcSVCNw.jpg,NF,bimby_collection,,No5AcSVCNw.jpg
feeding/test1,in_dev_pool,data/images/bimby2024/NOYtQz7fVS.jpg,NF,bimby_collection,,NOYtQz7fVS.jpg
feeding/test1,in_dev_pool,data/images/bimby2024/PO0cP1oMrC.jpg,NF,bimby_collection,,PO0cP1oMrC.jpg
feeding/test1,in_dev_pool,data/images/bimby2024/qL59zOYoTn.jpg,NF,bimby_collection,,qL59zOYoTn.jpg
feeding/test1,in_dev_pool,data/images/bimby2024/RpgJSWQ0dG.jpg,NF,bimby_collection,,RpgJSWQ0dG.jpg
feeding/test1,in_dev_pool,data/images/bimby2024/rtJlaBfAmW.jpg,NF,bimby_collection,,rtJlaBfAmW.jpg
feeding/test1,in_dev_pool,data/images/bimby2024/SJJZNax0Vo.jpg,NF,bimby_collection,,SJJZNax0Vo.jpg
feeding/test1,in_dev_pool,data/images/bimby2024/uXsbY0JLLu.jpg,NF,bimby_collection,,uXsbY0JLLu.jpg
feeding/test1,in_dev_pool,data/images/bimby2024/wQzAGbDXrp.jpg,NF,bimby_collection,,wQzAGbDXrp.jpg
feeding/test1,in_dev_pool,data/images/bimby2024/xLW0Kadtz1.jpg,NF,bimby_collection,,xLW0Kadtz1.jpg
feeding/test1,in_dev_pool,data/images/bimby2024/XxrBiMhRi8.jpg,NF,bimby_collection,,XxrBiMhRi8.jpg
feeding/test1,in_dev_pool,data/images/bimby2024/y7IBYOUWyf.jpg,NF,bimby_collection,,y7IBYOUWyf.jpg
feeding/test1,in_dev_pool,data/images/bimby2024/yFcQJFeyVk.jpg,NF,bimby_collection,,yFcQJFeyVk.jpg
feeding/test1,duplicate,data/images/bimby2024/cctFWky51M.jpg.jpeg,F,inat_2024,,cctFWky51M.jpg.jpeg
feeding/test1,duplicate,data/images/bimby2024/eQiJLOznev.jpg.jpeg,F,inat_2024,,eQiJLOznev.jpg.jpeg
feeding/test1,duplicate,data/images/bimby2024/LXS3dzly7b.jpg.jpeg,NF,inat_2024,,LXS3dzly7b.jpg.jpeg
feeding/test1,duplicate,data/images/bimby2024/NDdO3khUOg.jpg.jpeg,NF,inat_2024,,NDdO3khUOg.jpg.jpeg
feeding/test1,duplicate,data/images/bimby2024/vOjxVe2qjq.jpg.jpeg,NF,inat_2024,,vOjxVe2qjq.jpg.jpeg
feeding/test1,duplicate,data/images/bimby2024/ZWHM7SmkOi.jpg.jpeg,NF,inat_2024,,ZWHM7SmkOi.jpg.jpeg
feeding/test1,duplicate,data/images/bimby2024/jIuWbhIcnC.jpg.jpeg,NF,inat_2024,,jIuWbhIcnC.jpg.jpeg
feeding/test1,duplicate,data/images/bimby2024/LfScUWXKF7.jpg.jpeg,NF,inat_2024,,LfScUWXKF7.jpg.jpeg
feeding/test1,duplicate,data/images/joint_gold/GykYNRE2TW.jpg,F,inat_2024_gold,,GykYNRE2TW.jpg
feeding/test1,duplicate,data/images/joint_gold/yzVVoMvWXE.jpg,F,inat_2024_gold,,yzVVoMvWXE.jpg
feeding/test1,duplicate,data/images/joint_gold/EI9oXToCwN.jpg,F,inat_2024_gold,,EI9oXToCwN.jpg
feeding/test1,duplicate,data/images/joint_gold/jUi6gWsmaL.jpg,F,inat_2024_gold,,jUi6gWsmaL.jpg
feeding/test2_ontario,missing_image,data/images/ontario/WimOOb8e7W.jpg.jpeg,NF,,,WimOOb8e7W.jpg.jpeg
feeding/test2_ontario,duplicate,data/images/ontario/RahvmPWVzp.jpg.jpeg,NF,,,RahvmPWVzp.jpg.jpeg
feeding/test2_ontario,duplicate,data/images/ontario/SblCrI08wG.jpg.jpeg,NF,,,SblCrI08wG.jpg.jpeg
feeding/test2_ontario,duplicate,data/images/ontario/ysaSdb1Iwr.jpg.jpeg,NF,,,ysaSdb1Iwr.jpg.jpeg
plant/test_gold,duplicate,data/images/joint_gold/GykYNRE2TW.jpg,Achillea_millefolium,,,GykYNRE2TW.jpg
plant/test_gold,duplicate,data/images/joint_gold/yzVVoMvWXE.jpg,Cirsium_arvense,,,yzVVoMvWXE.jpg
plant/test_gold,duplicate,data/images/joint_gold/EI9oXToCwN.jpg,Cirsium_arvense,,,EI9oXToCwN.jpg
plant/test_gold,duplicate,data/images/joint_gold/jUi6gWsmaL.jpg,Cirsium_arvense,,,jUi6gWsmaL.jpg
plant/dev_pool,listed_twice,data/images/plant_plain_flowers/421317489.jpg,Cirsium_arvense,,421317489.jpg,
plant/dev_pool,listed_twice,data/images/plant_plain_flowers/428341014.jpg,Cirsium_arvense,,428341014.jpg,
plant/dev_pool,listed_twice,data/images/plant_plain_flowers/430748684.jpg,Cirsium_arvense,,430748684.jpg,
plant/dev_pool,listed_twice,data/images/plant_plain_flowers/433162550.jpg,Cirsium_arvense,,433162550.jpg,
plant/dev_pool,listed_twice,data/images/plant_plain_flowers/435972430.jpg,Cirsium_arvense,,435972430.jpg,
plant/dev_pool,listed_twice,data/images/plant_plain_flowers/440616772.jpg,Cirsium_arvense,,440616772.jpg,
plant/dev_pool,listed_twice,data/images/plant_plain_flowers/442072219.jpg,Cirsium_arvense,,442072219.jpg,
plant/dev_pool,listed_twice,data/images/plant_plain_flowers/468884632.jpg,Cirsium_arvense,,468884632.jpg,
plant/dev_pool,listed_twice,data/images/plant_plain_flowers/207238355.jpg,Sisymbrium_loeselii,,207238355.jpg,
plant/dev_pool,listed_twice,data/images/plant_plain_flowers/211154161.jpg,Sisymbrium_loeselii,,211154161.jpg,
plant/dev_pool,listed_twice,data/images/plant_plain_flowers/212054280.jpg,Sisymbrium_loeselii,,212054280.jpg,
plant/dev_pool,listed_twice,data/images/plant_plain_flowers/217806824.jpg,Sisymbrium_loeselii,,217806824.jpg,
plant/dev_pool,listed_twice,data/images/plant_plain_flowers/248426607.jpg,Sisymbrium_loeselii,,248426607.jpg,
plant/dev_pool,listed_twice,data/images/plant_plain_flowers/285691157.jpg,Sisymbrium_loeselii,,285691157.jpg,
plant/dev_pool,listed_twice,data/images/plant_plain_flowers/287041605.jpg,Sisymbrium_loeselii,,287041605.jpg,
plant/dev_pool,listed_twice,data/images/plant_plain_flowers/290345899.jpg,Sisymbrium_loeselii,,290345899.jpg,
plant/dev_pool,listed_twice,data/images/plant_plain_flowers/292514445.jpg,Sisymbrium_loeselii,,292514445.jpg,
plant/dev_pool,listed_twice,data/images/plant_plain_flowers/295160459.jpg,Sisymbrium_loeselii,,295160459.jpg,
plant/dev_pool,listed_twice,data/images/plant_plain_flowers/295669405.jpg,Sisymbrium_loeselii,,295669405.jpg,
plant/dev_pool,listed_twice,data/images/plant_plain_flowers/305288225.jpg,Sisymbrium_loeselii,,305288225.jpg,
plant/dev_pool,listed_twice,data/images/plant_plain_flowers/306185118.jpg,Sisymbrium_loeselii,,306185118.jpg,
plant/dev_pool,listed_twice,data/images/plant_plain_flowers/312446499.jpg,Sisymbrium_loeselii,,312446499.jpg,
plant/dev_pool,listed_twice,data/images/plant_plain_flowers/391615817.jpg,Sisymbrium_loeselii,,391615817.jpg,
plant/dev_pool,listed_twice,data/images/plant_plain_flowers/396321522.jpg,Sisymbrium_loeselii,,396321522.jpg,
plant/dev_pool,listed_twice,data/images/plant_plain_flowers/401447147.jpg,Sisymbrium_loeselii,,401447147.jpg,
plant/dev_pool,listed_twice,data/images/plant_plain_flowers/417438475.jpg,Sisymbrium_loeselii,,417438475.jpg,
plant/dev_pool,in_test_set,data/images/plant_plain_flowers/409534035.jpg,Leucanthemum_vulgare,,409534035.jpg,
plant/dev_pool,duplicate,data/images/plant_plain_flowers/473978383.jpg,Leucanthemum_vulgare,,473978383.jpg,
plant/dev_pool,duplicate,data/images/plant_plain_flowers/385935449.jpg,Sisymbrium_loeselii,,385935449.jpg,
plant/dev_pool,duplicate,data/images/plant_plain_flowers/285690002.jpg,Sisymbrium_loeselii,,285690002.jpg,
