filename,label,photo_type
TBkGuAPmpz.jpg,F,real
t5u2BcRnS3.jpg,N,real
5s5TVQLW42.jpg,N,real
TWibsk7j3q.jpg,N,real
Ue27ITQvyV.jpg,F,real
MVE7twPVhm.jpg,F,real
00WAB5YCQT.jpg,N,real
iMuJdpeyto.jpg,N,real
04HTVGE8dr.jpg,N,real
rLW9NlYsoY.jpg,N,real
UuXkmUrL2O.jpg,N,real
SRQhyFXnP5.jpg,F,real
9NlzJTS2DV.jpg,F,real
OGDOMl9gB8.jpg,F,real
superimposed_rAgOkPFrxA.jpg,N,super
eEMitPJMy1.jpg,N,real
7hmN6TAGhE.jpg,F,real
dpSc5GDYl9.jpg,F,real
h4KsEfpMPs.jpg,F,real
a1870Ce9cA.jpg,F,real
aectyjToU3.jpg,F,real
vN1Gb3m86p.jpg,N,real
TPzLG76aLh.jpg,F,real
Ds5UxJLXgC.jpg,F,real
B1EkccbXgM.jpg,F,real
WXmPuQ6fpZ.jpg,N,real
FcrKmnXrjR.jpg,F,real
lXuismsgkF.jpg,N,real
iiyZr4OCXY.jpg,N,real
jX0Y5Se4qS.jpg,F,real
9WR5apFePz.jpg,N,real
b4CFxrTMCm.jpg,F,real
NkL6UyUTaJ.jpg,N,real
UgvatZr3xx.jpg,N,real
so8bCscgaQ.jpg,N,real
bjfhvKT3ir.jpg,N,real
yd7qIDkKzt.jpg,N,real
6PZC7HESlq.jpg,N,real
5tVVzJFBHG.jpg,F,real
U5M7YQbfmK.jpg,F,real
UTC0pgYWAX.jpg,F,real
superimposed_Q7zYGSeZ9D.jpg,N,super
sOLdDjVVQO.jpg,F,real
superimposed_1008.jpeg,N,super
8o7zvqJFZ2.jpg,N,real
3yKYkA35xT.jpg,F,real
superimposed_obCrUsad67.jpg,N,super
ntsZv9pYsm.jpg,F,real
BNw9n9k5LT.jpg,N,real
3ofJIjpvEA.jpg,N,real
superimposed_dW5rq13dwk.jpg,N,super
aVq8qCTs6M.jpg,N,real
2VdNr7388i.jpg,N,real
TtvzomqCRY.jpg,N,real
FOpPEkWJ0z.jpg,N,real
superimposed_1095.jpeg,N,super
rNyeQXkqdT.jpg,F,real
UGyUnUVE88.jpg,N,real
Gzjqa9kJPC.jpg,N,real
zSnrVTo2oD.jpg,F,real
g1cvtAdMZh.jpg,N,real
M1Kg3LncGo.jpg,F,real
klBq10XJii.jpg,F,real
NGWhUd4Zr1.jpg,N,real
Ep4mrE2BpP.jpg,F,real
superimposed_lXuismsgkF.jpg,N,super
superimposed_fi1Ny8wbZY.jpg,N,super
s6UiAxOPQo.jpg,F,real
KxXhtXxZ6S.jpg,F,real
0FsHLYC0TI.jpg,N,real
W6nctXIwoI.jpg,F,real
2NLRg6XEje.jpg,F,real
QjYKDPb4D9.jpg,F,real
gRU5TnU8jG.jpg,N,real
fet1EwRxNl.jpg,F,real
superimposed_KLDVrQNfGu.jpg,N,super
hA6EL3e9SR.jpg,N,real
superimposed_6AtYzmrlMx.jpg,N,super
IG35G8d4je.jpg,F,real
4KSSCAUV18.jpg,F,real
wACiPJwbnr.jpg,F,real
wlwyiOPUPL.jpg,N,real
66DoOj66FV.jpg,N,real
vjiYfHgS0j.jpg,N,real
L0SrocAbZB.jpg,N,real
u2ju3ImUkV.jpg,N,real
944jepfYjf.jpg,F,real
4PS1GHptRp.jpg,F,real
xkQX743YQW.jpg,N,real
Jnx5tV7AaG.jpg,N,real
8Z8YQ7GVYF.jpg,F,real
superimposed_1148.jpeg,N,super
9ar6Bg6YjM.jpg,F,real
0DDD1KZ8Av.jpg,F,real
IbNKlW2p9P.jpg,N,real
RvaUFe0pLg.jpg,F,real
SuiROeMKnI.jpg,F,real
superimposed_6rJl6VBIPu.jpg,N,super
superimposed_PZls3ih3VU.jpg,N,super
NdrAk6Qsi5.jpg,F,real
25WohB3I6x.jpg,F,real
NVtQMi1Ghb.jpg,N,real
unqd00eFka.jpg,N,real
IkOhPzNtc1.jpg,F,real
2a5mllQWg4.jpg,N,real
cE9Lp7Ikpa.jpg,F,real
mDaW3axvBx.jpg,N,real
vsTJbltaiO.jpg,N,real
yGfhTtygID.jpg,F,real
cjW3mEqvy8.jpg,N,real
zhtAYrt5jG.jpg,F,real
mWNoG8dKtP.jpg,N,real
XyNi8UNf00.jpg,N,real
sLPrRHNTZO.jpg,F,real
wCRW6QVU45.jpg,N,real
yw9spvDfnE.jpg,N,real
b8GeBBrMIm.jpg,N,real
gsvZv3vrnO.jpg,F,real
D7M4c9BfAX.jpg,N,real
superimposed_1211.jpeg,N,super
superimposed_Tf6MuLvSER.jpg,N,super
07hhJ6uBty.jpg,F,real
f9FdjFHXxn.jpg,F,real
P36mRASwJF.jpg,N,real
mfoRva3zhr.jpg,F,real
s5exZAlHz2.jpg,N,real
superimposed_BlYouPm7tG.jpg,N,super
iRweAophmm.jpg,F,real
superimposed_urwNcG4kWU.jpg,N,super
5BwinADZwg.jpg,F,real
PV9WnRUZJt.jpg,F,real
8C5JOydVwf.jpg,F,real
superimposed_JxETYhaFxF.jpg,N,super
qn15bsee3S.jpg,F,real
53PfQRR7mo.jpg,F,real
X0CnwtQM6M.jpg,F,real
WvYXLDgDQg.jpg,N,real
5ASJUyzCIS.jpg,F,real
2IVBQ6es7q.jpg,F,real
oregwsdACV.jpg,N,real
q3qVjxdv9S.jpg,N,real
superimposed_muBjErehbr.jpg,N,super
rflot3BKi9.jpg,F,real
StCEFu7nnn.jpg,F,real
TsaNIjwIQd.jpg,F,real
3ELZjLMdwY.jpg,N,real
atpXjezK3J.jpg,N,real
wvVN9OfJ1K.jpg,N,real
superimposed_gQLFozAMsY.jpg,N,super
YMqxSDsCeF.jpg,N,real
gUss9mGk7N.jpg,N,real
jY6eXh6NA3.jpg,N,real
superimposed_V2qjJokvPD.jpg,N,super
8lWxZNPW9v.jpg,N,real
BXdsPR65XP.jpg,F,real
GkSjHxocR4.jpg,F,real
M1KbFHQm8w.jpg,N,real
5s3b3BULR2.jpg,F,real
Z09FCM1Rhk.jpg,N,real
QnQTNCCOes.jpg,N,real
JQy2HB3zLi.jpg,F,real
heQGGeAYDM.jpg,F,real
wMEIzgHwQF.jpg,F,real
9j1UtIJLgT.jpg,F,real
m2ftLdEHyQ.jpg,F,real
9JbycTUjsa.jpg,F,real
wQSCkyJUda.jpg,F,real
uwQDTQ2HST.jpg,N,real
rEV1MET4nT.jpg,F,real
iSL3fHgHoK.jpg,F,real
bOc3yuILgA.jpg,N,real
gOMerBdBEe.jpg,F,real
Me0ZGUrj8c.jpg,F,real
hNeiLngLTv.jpg,F,real
Mi30jlxlui.jpg,F,real
H0YWZtc6uJ.jpg,N,real
5FKhHdqZcg.jpg,N,real
0IqJSMo4px.jpg,F,real
irvBsa5JrS.jpg,F,real
G0DbS6NE7v.jpg,N,real
superimposed_1081.jpeg,N,super
IYVTYymHU4.jpg,N,real
SXJ4ks5oAF.jpg,N,real
fXhX38wrsD.jpg,F,real
bFpYQMva0q.jpg,N,real
XLyuT26c2i.jpg,N,real
2PZkYxLxKC.jpg,F,real
AzIw3kDiCi.jpg,F,real
stUDEv0sVd.jpg,F,real
superimposed_1022.jpeg,N,super
clsWlAgwPN.jpg,F,real
99xdPDWoqM.jpg,N,real
6mOU1SVYpc.jpg,F,real
W8uaWR2wDM.jpg,F,real
superimposed_BeXtOuImKZ.jpg,N,super
ZszogYD5fz.jpg,F,real
WNrpxHTZb8.jpg,N,real
cmSKvUsqWn.jpg,N,real
superimposed_QEcZuLS1PV.jpg,N,super
FZde2Zn69H.jpg,N,real
2v4prCym4a.jpg,N,real
n1T4iNrR5S.jpg,N,real
6qjtwv61qj.jpg,F,real
uupCnvTGZc.jpg,N,real
kNJb8Ajq5g.jpg,N,real
CTA0hjQ6BX.jpg,N,real
SIyklIwoGz.jpg,N,real
ZlV53wlJSq.jpg,F,real
gzkQ2gS7Qy.jpg,N,real
wz6e46sjXq.jpg,F,real
5KymbT6SC2.jpg,N,real
tfXEkd7Ib1.jpg,F,real
c7PFTLvAF4.jpg,N,real
superimposed_bbdxsYenLM.jpg,N,super
BGjmFLMpAx.jpg,F,real
47mdoiL8vk.jpg,F,real
pRIZ7wRQ9t.jpg,F,real
xrUCt1rnGp.jpg,F,real
1wfQuJiezg.jpg,N,real
aEyy9c63eb.jpg,N,real
superimposed_f6MqNZsvmq.jpg,N,super
nt5qYB7kT7.jpg,N,real
PwKaXVqgrG.jpg,F,real
4oEHdWBOgZ.jpg,F,real
ryzW2nkVm9.jpg,N,real
superimposed_kpJsGxulrc.jpg,N,super
superimposed_rmZ6BAGstI.jpg,N,super
guYVzdLMUa.jpg,F,real
pfbU2gXs2n.jpg,N,real
fNhfk93xsW.jpg,N,real
iVkRGbs4fF.jpg,F,real
wGhPlCK284.jpg,N,real
BEgwykRGZC.jpg,F,real
mrhENVJxDr.jpg,N,real
DP95dyqkS9.jpg,F,real
WN6mP4fXti.jpg,N,real
0oz4URHtdx.jpg,F,real
superimposed_LLocdFvkFG.jpg,N,super
5kfKlRYCrb.jpg,F,real
tN0zmpuWCN.jpg,F,real
VLvAyUpDuT.jpg,F,real
superimposed_1214.jpeg,N,super
PqQcT1EpRX.jpg,N,real
LX0yeQJFz8.jpg,F,real
k6PN1ycAyp.jpg,N,real
EvsfUGWvuJ.jpg,N,real
SXJRU7JBos.jpg,F,real
superimposed_1001.jpeg,N,super
mLKOYLvhv8.jpg,F,real
YG2zg3L4LA.jpg,N,real
ddADXfZICI.jpg,F,real
E16vhUtcqn.jpg,F,real
z7YJYA1d71.jpg,N,real
hZb9XS4CfZ.jpg,F,real
SbngSZhqpS.jpg,F,real
581EIsnozT.jpg,N,real
superimposed_1123.jpeg,N,super
zgDVTkwao9.jpg,F,real
8d4E5n3rx0.jpg,F,real
superimposed_i4NYVpSrlu.jpg,N,super
superimposed_15YsUm6987.jpg,N,super
N9moGwG7UE.jpg,F,real
uOHah2L5ss.jpg,N,real
q8K8CenVX5.jpg,F,real
1c7tZJCCt4.jpg,F,real
KnX3h1y3Nw.jpg,F,real
sELMWyhZ1x.jpg,N,real
sviYMqNtEG.jpg,F,real
1qOr9SDhj8.jpg,F,real
superimposed_1398.jpeg,N,super
ObiDVSHQiv.jpg,N,real
zvy6hu3E8M.jpg,F,real
GaLamd3UBf.jpg,F,real
K2EeIopyEi.jpg,F,real
SqReNv48FG.jpg,F,real
Q0pl7Pwt64.jpg,F,real
0TIKbS7h8J.jpg,N,real
wgVTYWVHRn.jpg,F,real
fR5l6doIiX.jpg,N,real
B0PxZ0mBPw.jpg,N,real
IjbPe8fV0c.jpg,N,real
It5DTCNWFn.jpg,N,real
4Ir4RZqGgw.jpg,F,real
kw5bi7sJCK.jpg,N,real
y1mjdGSeVY.jpg,F,real
aHnSnU08uY.jpg,F,real
KWkT4YHkhb.jpg,N,real
2uQFF3Kg2l.jpg,N,real
cGa3cQU3Mi.jpg,N,real
MIihu7lBB5.jpg,F,real
T9CNIEQh1P.jpg,N,real
superimposed_vg8ipNNk0r.jpg,N,super
PXAFubopJC.jpg,N,real
vj7oZ3uJzi.jpg,N,real
e8XIjtQDSW.jpg,F,real
bOKQsRM4Iy.jpg,N,real
hI4N2vm6WP.jpg,F,real
xQsrE23GSC.jpg,N,real
gT1tOnPKBO.jpg,F,real
lodk0Ivyup.jpg,F,real
EMJynJnmpo.jpg,N,real
L7rxFA2Kg0.jpg,F,real
Z6zImf5rGp.jpg,F,real
superimposed_ogKuV0Z283.jpg,N,super
superimposed_LrWCyv3Ggq.jpg,N,super
80Grz4k4bN.jpg,F,real
6bWf4TQWF9.jpg,F,real
PexjfYQL9M.jpg,F,real
RDMnhDXY1m.jpg,N,real
LhLFXai6It.jpg,F,real
superimposed_OOVjM5xNP5.jpg,N,super
8mX6CUTxds.jpg,N,real
superimposed_LhkTD4oLL2.jpg,N,super
SVJb9pXxUX.jpg,F,real
86fWGaWi0J.jpg,F,real
tF64bSyqnX.jpg,F,real
EugqXy3w0p.jpg,N,real
z1Xl6DwbR1.jpg,N,real
superimposed_k74HK6InM9.jpg,N,super
vd5SYXPy3O.jpg,F,real
0iZCNbeH8x.jpg,F,real
LSw37RnkLZ.jpg,F,real
6n1z8XKV7l.jpg,F,real
Rbr0mcPix6.jpg,F,real
zp5saCzzQh.jpg,N,real
w22IrCIggX.jpg,F,real
TvqcHVlWts.jpg,F,real
uZBf2FrnNS.jpg,N,real
superimposed_rIKuaC0Rma.jpg,N,super
Uyl08cJNB3.jpg,F,real
superimposed_TqjHO8c3dn.jpg,N,super
6oJ89JFVQR.jpg,F,real
aeY0gu060C.jpg,F,real
s1TocX9UIH.jpg,N,real
VN2oZc8Zoz.jpg,N,real
KFXVFnXmGa.jpg,N,real
superimposed_yN5rzP3oQ8.jpg,N,super
RbJzepkuYs.jpg,N,real
ziQRxXwVzl.jpg,F,real
aFGmupBXCE.jpg,N,real
SCAB79T07L.jpg,N,real
e86xe5FcMZ.jpg,F,real
e3NBXSEZkY.jpg,N,real
9NtEuIGcIR.jpg,N,real
WXf6Bm3PtP.jpg,F,real
BxsJHd8KOx.jpg,F,real
f6fThbn5Ij.jpg,N,real
superimposed_wXKx9AAm7D.jpg,N,super
superimposed_1121.jpeg,N,super
Ouq6i1pNno.jpg,F,real
GO0zb2kYq8.jpg,N,real
lvWjNfVggk.jpg,F,real
HXWy39XrlE.jpg,N,real
44bby2q6qU.jpg,N,real
0tuHAeU5cz.jpg,F,real
kpJsGxulrc.jpg,N,real
BxiICyKcE7.jpg,N,real
8P0QsjmxN5.jpg,N,real
fZSJcI0DhI.jpg,F,real
LdTEMVqgtz.jpg,F,real
tnnwDttyeP.jpg,F,real
superimposed_ufxVSI5Upa.jpg,N,super
AQiKLJnpUj.jpg,N,real
7MoMHTx6xb.jpg,N,real
superimposed_AtJmSEfDOx.jpg,N,super
tcBlh6xypk.jpg,N,real
DXBOhKS3yw.jpg,N,real
QiGN0DWC5C.jpg,N,real
Wsg43xvGIE.jpg,F,real
RyQ0xZnOzu.jpg,N,real
IBX2izMxeH.jpg,F,real
superimposed_QH4A3oVBXc.jpg,N,super
vN0kkrgB93.jpg,N,real
zR02lAj6Ac.jpg,N,real
LXSYX2fl6m.jpg,N,real
qxSrVcPEsL.jpg,N,real
oIbTj8rItV.jpg,N,real
u1vHq3DsSr.jpg,F,real
ZwkB2CBFDa.jpg,N,real
skwr1Nmoth.jpg,F,real
superimposed_2uQFF3Kg2l.jpg,N,super
GsElQ0pbU8.jpg,F,real
obCrUsad67.jpg,N,real
4ekJrhqN75.jpg,F,real
56w5zJbhsw.jpg,F,real
myMWWLgx6R.jpg,F,real
superimposed_BkWSUuEcHu.jpg,N,super
WuknLmZ9sW.jpg,F,real
7kGUFLdnXI.jpg,F,real
mYcyLeuE4W.jpg,F,real
DJQE98EssQ.jpg,F,real
ZOIbFZN1wM.jpg,F,real
OpTY1k5Buf.jpg,F,real
superimposed_1361.jpeg,N,super
U8qdp857eL.jpg,N,real
superimposed_a85NX7rpWH.jpg,N,super
DWxZAt3oeh.jpg,F,real
1w1PfePjcc.jpg,N,real
tFwYnuGr6h.jpg,N,real
7oMCgKUqvA.jpg,F,real
ELDfuQ8LVb.jpg,F,real
dppdl64BxS.jpg,F,real
superimposed_N2eNxNlGPT.jpg,N,super
OFDbMIIkGb.jpg,N,real
c0jSqDoBAP.jpg,N,real
w42EXUx82X.jpg,F,real
4YEGwk9G65.jpg,N,real
C2h7muqpPB.jpg,F,real
superimposed_m0aymuZDp4.jpg,N,super
hY7yWMshEh.jpg,N,real
UKPNYhGe49.jpg,N,real
superimposed_1025.jpeg,N,super
superimposed_xCll0h6GF8.jpg,N,super
xIxcD5jMBc.jpg,F,real
0bGrqWHzZV.jpg,N,real
Xb8L6km9tF.jpg,N,real
lowRPTK6zh.jpg,F,real
NYwbqeXRiV.jpg,N,real
le4F8zLvYi.jpg,N,real
ZHK9u3NBf9.jpg,N,real
superimposed_Z2roPHLfpK.jpg,N,super
superimposed_Ajk1DsYKzG.jpg,N,super
GIgSpQOZ1G.jpg,F,real
dFcaiQfDO9.jpg,N,real
RJpZPWOlZU.jpg,N,real
QL7b2CCyWW.jpg,N,real
VbF1NrIHch.jpg,F,real
30uThYOw9q.jpg,F,real
R9zzcwicrG.jpg,N,real
2XAkEtZWnT.jpg,F,real
59ronr8nk8.jpg,F,real
Sqpiv7gfxa.jpg,F,real
fdbqev4v57.jpg,F,real
MI9bMgl6Kg.jpg,F,real
A1dU3qvAvr.jpg,F,real
PZvK9bljpj.jpg,F,real
6nLRDCLaey.jpg,F,real
UiFJoPeiEH.jpg,F,real
ir0c5w7GbN.jpg,N,real
K9feJiICa6.jpg,F,real
ylxMgqnSxc.jpg,F,real
7dxCszqUpq.jpg,F,real
fUVbiUXp1a.jpg,F,real
E4lOzUvjas.jpg,F,real
CMby48gaSp.jpg,F,real
ni0dZn3Y92.jpg,F,real
WXmo46iw6H.jpg,N,real
superimposed_7Q8vWBKUP5.jpg,N,super
IEdVHEwhM8.jpg,F,real
N2xML5N7n9.jpg,F,real
superimposed_tQiDwjQq9W.jpg,N,super
wXKx9AAm7D.jpg,N,real
0MYPHyyLBC.jpg,F,real
6kkkqTxveq.jpg,F,real
8oUVtXawtr.jpg,N,real
OILX6xnsdY.jpg,F,real
GGKrLIaTr1.jpg,N,real
hLzQVtgcc7.jpg,F,real
superimposed_rvMuQwQuST.jpg,N,super
superimposed_SKNCX7AQOf.jpg,N,super
hkLIFz9CPC.jpg,F,real
bwccdBp1S6.jpg,F,real
tdUI42I0OT.jpg,N,real
dIxNus4Xyt.jpg,F,real
TPaBD4Sct9.jpg,F,real
superimposed_DmOsGxqb2d.jpg,N,super
ZkbuGiKPcb.jpg,F,real
DzfUK9uQ58.jpg,N,real
aRFP24JpQy.jpg,N,real
SW8bulmFLO.jpg,N,real
superimposed_aMNayZDOif.jpg,N,super
dKVeIPpplo.jpg,F,real
6uyG0c21mB.jpg,N,real
RwNVISJDNW.jpg,F,real
1uff7Q7Mmr.jpg,N,real
ExIFiV3MOE.jpg,F,real
rvMuQwQuST.jpg,N,real
SGx5dpeXwH.jpg,F,real
2M1II336kO.jpg,F,real
yZqnYEgKo8.jpg,N,real
poNq1eCVbM.jpg,F,real
v6mW9NWsK0.jpg,N,real
AUno7zPfKs.jpg,N,real
oaYSoRKPzu.jpg,F,real
2iDiBR0dXQ.jpg,N,real
superimposed_z1jNNIida7.jpg,N,super
1GuD2YdE6l.jpg,F,real
PdKyoEssOQ.jpg,F,real
dxQyYCA9cP.jpg,F,real
fJJ95tMLu9.jpg,N,real
cPjr1MWZ8x.jpg,N,real
PJiHi4F4Ps.jpg,F,real
N7BVVOOj3Y.jpg,N,real
superimposed_Utlbn66Pir.jpg,N,super
ncxtnEEq6O.jpg,N,real
hEJba6sFBT.jpg,N,real
Bt41L1yOky.jpg,N,real
Jcci1gDTsf.jpg,F,real
dZXG4IoVhr.jpg,N,real
n5PR5wETtw.jpg,N,real
B16Nuu1SS3.jpg,N,real
hTtkENoHiA.jpg,F,real
A76gHBzT8t.jpg,F,real
NfEhe2ggIA.jpg,N,real
JV4KlwHXak.jpg,N,real
8ORHXSXz87.jpg,N,real
uYIVcvUjBh.jpg,N,real
oPOmsTDpsz.jpg,N,real
6GGBiXxIQD.jpg,F,real
superimposed_siheABH4JT.jpg,N,super
a5zOojOZvx.jpg,N,real
DM0hX3jfyi.jpg,F,real
ogKuV0Z283.jpg,N,real
JZ89v8uJbG.jpg,N,real
GuFJ7MnQMX.jpg,F,real
0XNSUu4HKd.jpg,F,real
3nOxn5Im2l.jpg,F,real
superimposed_Dlpi2UT16p.jpg,N,super
v6bGNsIkil.jpg,F,real
YjvUue3jx9.jpg,N,real
UXs9RJX92I.jpg,F,real
eAkuRxvQb7.jpg,N,real
PvaxmoVpZW.jpg,N,real
5IIKvt0xPZ.jpg,N,real
c0V0EONYHt.jpg,F,real
uL0QnQSHvG.jpg,F,real
yYnZeOBvyb.jpg,F,real
1GCW7MpZkr.jpg,N,real
UDxKOqTVjc.jpg,F,real
superimposed_2f6vihaOmz.jpg,N,super
superimposed_PTjAXCyOjH.jpg,N,super
superimposed_gsuS6CEumR.jpg,N,super
6t2jNy2Zmm.jpg,N,real
ji194sHl8O.jpg,N,real
LPtWxiaBhk.jpg,F,real
lv5T9cMqO7.jpg,N,real
ps8Dzpa1QK.jpg,F,real
fqqacG7trY.jpg,F,real
OUWKaDEFMo.jpg,N,real
U9tjY4AVNv.jpg,F,real
superimposed_eKerG8d94Z.jpg,N,super
nwqsDk0YyI.jpg,N,real
superimposed_1396.jpeg,N,super
oG4wobtfg6.jpg,F,real
ufxVSI5Upa.jpg,N,real
qTdvClA3Rd.jpg,F,real
rAgOkPFrxA.jpg,N,real
J7FPmPd5JH.jpg,F,real
Qt5GIQUSJ7.jpg,N,real
72phE2e60q.jpg,F,real
superimposed_4dcygyzCXV.jpg,N,super
superimposed_tIUjz6hXoY.jpg,N,super
superimposed_1065.jpeg,N,super
superimposed_0mnVlMAOj3.jpg,N,super
2TkQJph5Zc.jpg,F,real
fB4sYxeM55.jpg,F,real
rMdQwk3wNL.jpg,F,real
3Zhv0XY9k6.jpg,F,real
YbHgkDgADi.jpg,N,real
MK5ZEWB56n.jpg,F,real
hwVs1VspLB.jpg,N,real
8ESMngVUSI.jpg,N,real
ovci4JSElZ.jpg,N,real
mMgGRhxKd3.jpg,F,real
0QHZb3Ehxt.jpg,N,real
R0C4RwcM1M.jpg,N,real
1uPzroFsAo.jpg,N,real
8HduwaRSvG.jpg,F,real
153pibiHps.jpg,N,real
xBPXpFhZBd.jpg,N,real
gNop8Mrg7l.jpg,N,real
4RJLd7fWeu.jpg,F,real
nJeQlytbXI.jpg,F,real
superimposed_hNgD7E1hin.jpg,N,super
zGyFbx3EPo.jpg,N,real
superimposed_5k9KUgHN9x.jpg,N,super
0A8ednRY6C.jpg,F,real
v9oviuMjBa.jpg,N,real
wcGyvk2TKi.jpg,N,real
lJQvMIrD44.jpg,F,real
DF2mdbeiGu.jpg,F,real
superimposed_1393.jpeg,N,super
x7CPaqHPgA.jpg,F,real
9TYb5wLvtv.jpg,F,real
R4DXA3VkI1.jpg,F,real
lT8YdhzRHC.jpg,F,real
B8Rv2iZwr5.jpg,F,real
mmOIeVgRYy.jpg,N,real
al7ScyaBii.jpg,N,real
WxVPqxMGKp.jpg,N,real
eP7KM6UR7u.jpg,N,real
TZxyto6E5G.jpg,F,real
a68qz7r5J2.jpg,N,real
iAeLw4PRri.jpg,N,real
dP5A9FPOYI.jpg,F,real
itaKLFmXfj.jpg,N,real
superimposed_VwapSqv5Of.jpg,N,super
L1fdT7RdyG.jpg,F,real
i4hl1XsOLF.jpg,F,real
quJkRfUIyv.jpg,F,real
7kV1DLqKOV.jpg,N,real
c9PQP8e5Qa.jpg,F,real
uj4QQGqin6.jpg,F,real
E4OHFgughh.jpg,F,real
IQrrk8AcxV.jpg,N,real
superimposed_hMe5xeAM8s.jpg,N,super
qOR4or69dY.jpg,F,real
09oJuvIwtA.jpg,F,real
GSCSUUbXgx.jpg,N,real
6owIln57dd.jpg,N,real
TDR4zg3R1E.jpg,F,real
8zy3azfzOi.jpg,F,real
0euJok7KYZ.jpg,N,real
RPXdTaeD2G.jpg,F,real
4aID9Vvq4o.jpg,F,real
xTiqHOwkW7.jpg,F,real
3otzaLw4tq.jpg,F,real
EwaSji5Urp.jpg,N,real
QFJ5Sqrqsd.jpg,F,real
3kTz2A9u1v.jpg,N,real
h5pcqrikqE.jpg,N,real
5M3wwNkxUe.jpg,F,real
q9zCtVhC8y.jpg,F,real
cJ3c9T0wzl.jpg,N,real
DxCjrve5sV.jpg,N,real
e1bDCFPcZm.jpg,F,real
LrMqkw3jA0.jpg,F,real
superimposed_5kOvns7Urn.jpg,N,super
M531VwdgDK.jpg,N,real
superimposed_ZHK9u3NBf9.jpg,N,super
IoeRzuV9d7.jpg,F,real
ndRDRJFQNj.jpg,F,real
w6wPKXUqmJ.jpg,N,real
N5MbjfYDXI.jpg,F,real
cM4q5aExNs.jpg,F,real
nnatcPMpUY.jpg,F,real
Ixdfc6DlZW.jpg,F,real
superimposed_4IfzA8c7BS.jpg,N,super
Vwf8aKu695.jpg,F,real
xoTvO7yLId.jpg,N,real
7XmzksLDjL.jpg,F,real
MYgRdRdvN9.jpg,N,real
2sGNt8H2hd.jpg,N,real
5n4jcmb9Oh.jpg,F,real
LG5yJ6NVh4.jpg,F,real
Kx1kUHFdlk.jpg,F,real
rTUgP3lkRK.jpg,F,real
q3z4janCOp.jpg,N,real
N3ZE9UGg7s.jpg,F,real
TiYJ9ryRoy.jpg,F,real
superimposed_3OEVVbs7X8.jpg,N,super
superimposed_1043.jpeg,N,super
8RQk63sjdE.jpg,N,real
BRzGgJI88C.jpg,N,real
PeoapdU4xh.jpg,N,real
JuWVQZZv8x.jpg,F,real
nPG4qxTEYv.jpg,F,real
06e5mmQjW8.jpg,N,real
2J6qmOEW39.jpg,F,real
gyiqpDxc4G.jpg,N,real
SKNCX7AQOf.jpg,N,real
QQM9Dm3406.jpg,N,real
MrscoRt5Bi.jpg,F,real
SJhiSlfMHb.jpg,F,real
mrKKzoaaRM.jpg,N,real
superimposed_hGHVgDNI9S.jpg,N,super
B2GjZbrJl3.jpg,F,real
r7LrZF70jR.jpg,F,real
v3BsNClZf0.jpg,N,real
superimposed_8lx81kA8LS.jpg,N,super
0xJIVSdvtN.jpg,F,real
ZvEfFNwNSy.jpg,N,real
superimposed_Na3rhH9mVO.jpg,N,super
rkkTcVGutT.jpg,N,real
rGp0YBeVGL.jpg,N,real
vLmqHPhAIR.jpg,N,real
oqvxhn2CTy.jpg,F,real
B4RZnlo3td.jpg,F,real
zmRTCdIcQJ.jpg,N,real
MLho6kDZ8b.jpg,F,real
Ri7Uk5p8gR.jpg,F,real
9QuVywMfN6.jpg,N,real
hDxg0Kb4KD.jpg,F,real
UtZI5KRliK.jpg,F,real
sBjJ1IkPR8.jpg,F,real
Qm93o6mJw2.jpg,N,real
superimposed_foFRatuv8h.jpg,N,super
nWYF4BpQsn.jpg,N,real
MxM7cghL9u.jpg,F,real
OEZAROAfDY.jpg,N,real
hjOrZlromb.jpg,N,real
4KzH8YOz5Y.jpg,N,real
9vApGDGBUf.jpg,N,real
WHMEkcZnu7.jpg,N,real
fzj1j1wtrM.jpg,F,real
SvEyhUWArV.jpg,N,real
Pa9c5fa830.jpg,N,real
aKXqCFzex7.jpg,F,real
wLM93dAWeI.jpg,N,real
L8UXG6lTM3.jpg,N,real
J2tw1zd4QR.jpg,F,real
superimposed_Aupf3lKvJH.jpg,N,super
BNqS22cYaU.jpg,N,real
hGHVgDNI9S.jpg,N,real
R9VLOAr7OC.jpg,F,real
superimposed_ZKORa1cZYs.jpg,N,super
superimposed_1156.jpeg,N,super
dVEuQtX6uD.jpg,F,real
KqBb3Mhm3O.jpg,F,real
Z9fJfIF9CL.jpg,F,real
Y4at9oph1r.jpg,N,real
UoMj2g1VFc.jpg,F,real
nVrxNitA2x.jpg,F,real
BjwiuCiZCn.jpg,N,real
IN4fEPuH7K.jpg,F,real
7JqZALBRqu.jpg,N,real
yCVYegaMNc.jpg,N,real
TThJkrIGXn.jpg,F,real
SDUjdxhtVy.jpg,F,real
superimposed_d2cAkU0ugx.jpg,N,super
Fy38lbP0Oc.jpg,F,real
CjtMzbDeYQ.jpg,F,real
XvydxRsZj1.jpg,F,real
M9PGP7NOWz.jpg,F,real
mhDOzzQwfU.jpg,N,real
EAsfP7Wnrp.jpg,F,real
bmEe9RxEIM.jpg,F,real
0rEKa3r6tn.jpg,F,real
F5rrU4VFiy.jpg,N,real
V9NxFJwmDX.jpg,N,real
E1PeDx3dcW.jpg,F,real
0tTcAXfho4.jpg,F,real
j1ZPfQeri7.jpg,F,real
superimposed_xQsrE23GSC.jpg,N,super
i24gvL9iui.jpg,F,real
HoIDKPbp7t.jpg,F,real
QHmkI3Q8PY.jpg,N,real
IghzL9GPco.jpg,F,real
YHegd2UHw9.jpg,N,real
ZquWTnpqQr.jpg,N,real
tucyDJFbKc.jpg,F,real
fqIjs8u1gN.jpg,N,real
CIQhGt5W1v.jpg,F,real
wYNZnpBPIz.jpg,F,real
VJiHjSBZbi.jpg,F,real
7cY4MlbLXC.jpg,F,real
pkbiZXVkhw.jpg,F,real
7IDnvqkIVJ.jpg,N,real
superimposed_KgtonEXhAo.jpg,N,super
pSvrToJ9Ve.jpg,N,real
superimposed_1057.jpeg,N,super
4IfzA8c7BS.jpg,N,real
Q0vVZLhnyU.jpg,N,real
ENNfeyv4Rg.jpg,F,real
FlHyTjJsvh.jpg,F,real
g1FeTt20X8.jpg,F,real
GDotDFLs9P.jpg,N,real
rYPkDtUtRz.jpg,N,real
yfNdkUOku7.jpg,F,real
Ht140TPMk7.jpg,N,real
d9iU0O5S21.jpg,F,real
Na3rhH9mVO.jpg,N,real
superimposed_hp14dTjss3.jpg,N,super
yx3fLAzRUC.jpg,F,real
t9TtmEYeyC.jpg,F,real
q2HJ6lMDFv.jpg,F,real
usDpepRiyk.jpg,N,real
xzSp6S6zUy.jpg,F,real
ipoOylSprc.jpg,N,real
58BqIq6Fqo.jpg,N,real
BAZnCGb6r3.jpg,F,real
HCRce48Efk.jpg,N,real
PX26fvmC9h.jpg,F,real
7qYrdV4QDd.jpg,F,real
OMB7ZD2fRG.jpg,N,real
goBBcO384T.jpg,N,real
FdGPVH8FWr.jpg,F,real
Is9xElo5ms.jpg,F,real
TV4CX7OSqK.jpg,F,real
jayLDfUwEF.jpg,F,real
l8q1Aju75b.jpg,N,real
CLxYHooePH.jpg,N,real
Q1zTlQISoM.jpg,F,real
WhSwYtxQav.jpg,N,real
4tRHVhoiMB.jpg,F,real
p0qLJlFxGr.jpg,N,real
superimposed_kYXbrFWfv3.jpg,N,super
j15VkJMz9v.jpg,F,real
r0T4jX8Dxq.jpg,F,real
la2JTxlvi3.jpg,F,real
CluqbNnVMp.jpg,N,real
kYwVa2OvCH.jpg,F,real
rzZNCC3l0L.jpg,N,real
Yko3GefxGr.jpg,N,real
superimposed_Ee0SFGwg21.jpg,N,super
5DJ8GblB8i.jpg,N,real
8l1X4yW4Ix.jpg,F,real
superimposed_e5gCCnZ55V.jpg,N,super
superimposed_1094.jpeg,N,super
NaBjRia8e1.jpg,N,real
ApYyhDq79W.jpg,F,real
1q1vGrb5Kb.jpg,F,real
H7KklLNtni.jpg,F,real
DNL3JgXl0r.jpg,N,real
superimposed_SG8Ly2CxfK.jpg,N,super
CofEDDYrEV.jpg,N,real
lu5YELWabG.jpg,N,real
xFjxs0tMzi.jpg,N,real
EjjvGkc7BA.jpg,N,real
MpScHcIrU1.jpg,N,real
foU7kljoPk.jpg,F,real
ew7jbKU2tU.jpg,F,real
lr0fDofe68.jpg,N,real
XZRwgG4KWK.jpg,N,real
RGXZ6ZYMZ7.jpg,F,real
BFYZ6esuOQ.jpg,N,real
U02JwCMq6I.jpg,N,real
JQygt2O51G.jpg,N,real
superimposed_1019.jpeg,N,super
SRmlDcygBO.jpg,F,real
y89cME4pB0.jpg,F,real
superimposed_QAQxXEJXgl.jpg,N,super
I21vMdi5tK.jpg,N,real
0BMaTS5cRX.jpg,F,real
6enCrdX03p.jpg,N,real
7S78rWwY32.jpg,N,real
0wKR3hbVqv.jpg,F,real
IkXcc0Rmgg.jpg,F,real
Ufrxx15kPd.jpg,F,real
ggQFYhEbar.jpg,F,real
gNm0TVyMIH.jpg,F,real
ufEvToIFoV.jpg,F,real
aWktD92jsZ.jpg,N,real
zT3RxrxkMU.jpg,F,real
Ab2ny3yo6b.jpg,F,real
jFMZRuR8UC.jpg,N,real
2cdHzaofg7.jpg,F,real
1FHiAmTXYG.jpg,N,real
jksKA98Htv.jpg,F,real
HUyU1RCpD6.jpg,N,real
pilKxr1cAA.jpg,N,real
WcjZrK6lvb.jpg,F,real
Lci4u9gMR4.jpg,F,real
MJsjz1TrrV.jpg,N,real
DogQkolP1R.jpg,N,real
wQYChb6fNW.jpg,N,real
GMgw5NfIFv.jpg,N,real
VzRB0COLL7.jpg,F,real
superimposed_CpnxPqLak5.jpg,N,super
superimposed_deuE6CIFFZ.jpg,N,super
w8JfoXoKRs.jpg,N,real
syuf9NOgOw.jpg,F,real
kL9gYC6u2s.jpg,F,real
WyJfmDHXS5.jpg,N,real
yGu7peLBri.jpg,N,real
superimposed_1085.jpeg,N,super
Xvv3oGBO3j.jpg,N,real
HPRPgCdfRg.jpg,N,real
5dzLbWRXCq.jpg,F,real
Q9zVbpvJpX.jpg,F,real
u61wopsr2R.jpg,N,real
VItOLkP0oK.jpg,N,real
twri6v9qJP.jpg,F,real
N3EWfJ0Mqv.jpg,F,real
PhnHkuxZVR.jpg,N,real
superimposed_It5DTCNWFn.jpg,N,super
Q4YChnoWU5.jpg,N,real
056UrQENuq.jpg,F,real
45Q7mbFNb6.jpg,F,real
OFD9qGhB9T.jpg,F,real
BFuNST7mtz.jpg,F,real
Zc1zoZTNbd.jpg,F,real
Ln9Ubv9PI8.jpg,F,real
QYiXRyUFim.jpg,F,real
lp9fgT5cs6.jpg,F,real
yI46pelKcK.jpg,N,real
xeA3aHAWwr.jpg,N,real
7VFkwE2YnA.jpg,N,real
NVwqCLpS9u.jpg,N,real
zqI49b4AsN.jpg,N,real
icruUZxY7z.jpg,N,real
DEfmXotbDS.jpg,N,real
r7jBupqfzY.jpg,F,real
MtQTM5kkeY.jpg,N,real
518OZy5CiY.jpg,F,real
oNM1CyiRlL.jpg,F,real
A1Hnd0V9FI.jpg,F,real
mr39OVDZsg.jpg,F,real
superimposed_mRXO2ez6jx.jpg,N,super
superimposed_Qm93o6mJw2.jpg,N,super
6A8eS3vLfG.jpg,F,real
wkf6la70NU.jpg,F,real
4bZCdqGv9U.jpg,F,real
P3lyQ49MvW.jpg,N,real
NFgC9kG0OZ.jpg,N,real
superimposed_8AGbM7rXZS.jpg,N,super
Ba54W9UTpD.jpg,F,real
4PC1La1EMf.jpg,N,real
ILIUEQlYo0.jpg,N,real
0V2etkTuv7.jpg,N,real
IcktgSqFBI.jpg,F,real
3OEVVbs7X8.jpg,N,real
ydsb9FZs5v.jpg,N,real
h3dIzzixyi.jpg,F,real
7rzA51JryQ.jpg,F,real
PMSLAM3lm8.jpg,F,real
nNL3Rnqj9U.jpg,F,real
mK97eikYVa.jpg,F,real
4xa6SocyC9.jpg,F,real
7f4wDb1iWW.jpg,F,real
UUPwWGavr8.jpg,F,real
X9lneHKsDK.jpg,F,real
BOYy5b637G.jpg,N,real
superimposed_9N5ZzmIUiT.jpg,N,super
hd9O0tmvmu.jpg,N,real
Bpgqe6qn2a.jpg,N,real
1IxZ49I5Y8.jpg,N,real
KvUHVo9bGx.jpg,F,real
twdsabprzc.jpg,F,real
8s3MExQgaR.jpg,F,real
3QvhoBcEf7.jpg,N,real
Aupf3lKvJH.jpg,N,real
9bhikXhzFu.jpg,N,real
9pWOAi8AEv.jpg,F,real
2yl1szntZ6.jpg,N,real
igypnSV4Us.jpg,F,real
8wPirI72Rn.jpg,N,real
t8gDs3NVZ2.jpg,F,real
cWv7s48IKk.jpg,F,real
j7IFofPyrM.jpg,N,real
cembiFQ4R8.jpg,F,real
dSGcqUdvpC.jpg,F,real
superimposed_qxSrVcPEsL.jpg,N,super
J6aNZ5pTfH.jpg,N,real
jvf9gg0Q0M.jpg,F,real
qN505Xps3T.jpg,N,real
foB2U7oJRz.jpg,F,real
xj61k8It68.jpg,F,real
gwP68aQ1Bp.jpg,N,real
p7IShpYDSu.jpg,N,real
s4oU5kFigv.jpg,N,real
X27ECHxB9F.jpg,F,real
KLDVrQNfGu.jpg,N,real
Bd49ocg1En.jpg,F,real
446k5Yg5bG.jpg,N,real
7wCFnhYQtO.jpg,F,real
RFXka8Cj4j.jpg,F,real
XL4LHss68M.jpg,F,real
MNaeuEK7u8.jpg,F,real
us7Rq3uBxO.jpg,F,real
8Rv89uH0dZ.jpg,N,real
bHyD5i5lSQ.jpg,N,real
MMQdaFJGYs.jpg,F,real
VEQlQUoZW8.jpg,N,real
QBCvOkrB16.jpg,F,real
4R6144RkGZ.jpg,N,real
5pZXAiWL4v.jpg,F,real
y5VVRzhNRe.jpg,F,real
RrJrm2x5Gq.jpg,N,real
kenGXcxyzq.jpg,F,real
YNtVlKBTkR.jpg,N,real
ViNJJcE97Q.jpg,N,real
superimposed_G2j7Dd2lyC.jpg,N,super
HXo3vdvSQI.jpg,N,real
lGWNYcmWAj.jpg,N,real
1CwKbycTdj.jpg,N,real
hTIkqedK32.jpg,F,real
Ms1RQDlLrI.jpg,N,real
QMRoeqIybm.jpg,N,real
VzMxmegpo5.jpg,F,real
hCmTK1eYQB.jpg,F,real
xhMmrzpFtb.jpg,N,real
nELjiyHA2B.jpg,N,real
RKudUAgw3v.jpg,N,real
ykT3gnFh1T.jpg,N,real
hkRnnykCsW.jpg,N,real
GyPRQd9Uq8.jpg,F,real
superimposed_2WHfKROfax.jpg,N,super
0qO1T0OYQb.jpg,F,real
rQt0xhIzBA.jpg,N,real
Kw379LnDVc.jpg,N,real
Qz5Wo5dJ8M.jpg,F,real
YmjgGAgtSb.jpg,F,real
5HI0pVyRWE.jpg,F,real
6iJMwd83JF.jpg,F,real
tsgWxnCzlG.jpg,N,real
PxlKgVDK8i.jpg,F,real
superimposed_u3qws81Kzu.jpg,N,super
cc059Yz4HL.jpg,F,real
swivuGoibY.jpg,F,real
CJJg6UNt4R.jpg,N,real
qjpLbDTzOb.jpg,N,real
superimposed_WIK8f5vu1U.jpg,N,super
O7BD6sHyyL.jpg,N,real
zTqyXeFy7a.jpg,F,real
fRhn1hyWX2.jpg,F,real
WyzZStJNq0.jpg,F,real
SGPOV97a0K.jpg,F,real
shvvKL4M4V.jpg,F,real
superimposed_tcBlh6xypk.jpg,N,super
X4Fba3cDi0.jpg,F,real
cfVObMRv7D.jpg,F,real
QXYzGZ0lzP.jpg,N,real
4SYbGSoBx9.jpg,F,real
c0at0glFVL.jpg,F,real
veHpWrT758.jpg,F,real
Vu2ISEh6nJ.jpg,F,real
nYc3x2op5U.jpg,F,real
zlG6CbzSng.jpg,N,real
NFmRYgs977.jpg,N,real
bVUpYDlYmC.jpg,F,real
kzxYwrjHcB.jpg,N,real
iOII15QUhX.jpg,N,real
686f01q3Wc.jpg,N,real
ZJbRr36FZQ.jpg,F,real
6iPaa31tJC.jpg,N,real
hd9Od4r1Cm.jpg,N,real
EHvY7LwwfN.jpg,F,real
8A38JLMb3T.jpg,N,real
1US0TfOp3k.jpg,N,real
9FirnauD5M.jpg,N,real
5DHxBX3auR.jpg,N,real
7mcDSlWVDK.jpg,F,real
CgHehQsRmk.jpg,N,real
9VEbzYnsXv.jpg,N,real
cWV0xoRo3l.jpg,N,real
O1JcJq5Jzp.jpg,F,real
6ZkpAYscfb.jpg,F,real
superimposed_1196.jpeg,N,super
dKppgrTiuA.jpg,N,real
3u3gQpUhkA.jpg,F,real
zps4o9BxjT.jpg,N,real
kYEgrjiHyJ.jpg,N,real
SwAPThMUN3.jpg,F,real
JS8fWsmF9q.jpg,N,real
VO3PwhHHyI.jpg,N,real
z1jNNIida7.jpg,N,real
DB5QuYdfA6.jpg,F,real
7YFryewhrd.jpg,N,real
superimposed_oxHsXtOqGn.jpg,N,super
R82P5qLrrU.jpg,N,real
6AtYzmrlMx.jpg,N,real
b3CspVIAp5.jpg,F,real
W1GWl9PkWX.jpg,F,real
IDlxAtbE5m.jpg,N,real
0plVVP2BLw.jpg,N,real
wS3nyw0JXu.jpg,F,real
LyqvT5IT88.jpg,F,real
0v7BUmMT8n.jpg,F,real
lWazKikKQ9.jpg,N,real
0tzJdGoavY.jpg,N,real
mPYT7rqPnp.jpg,N,real
Bewa6EDPn3.jpg,F,real
y7xwv2bM1k.jpg,N,real
tgRreDDzk1.jpg,F,real
G0gtj9hha5.jpg,F,real
k8Xj0i424G.jpg,F,real
ScxRuQTroH.jpg,N,real
QlLTwm1L3r.jpg,N,real
superimposed_RlA5JlvtB9.jpg,N,super
KgjuiWDyzk.jpg,N,real
superimposed_ld0HAWZvqL.jpg,N,super
tEouGupySZ.jpg,N,real
H2l0f0QKzi.jpg,N,real
uOSl2GUlfZ.jpg,F,real
2WHfKROfax.jpg,N,real
i3zwUmU6rL.jpg,F,real
W1xf9s2jDJ.jpg,F,real
EftlJdpVfx.jpg,N,real
9ecy0l9Vj6.jpg,N,real
hFU4yLoOJ5.jpg,F,real
9l5Jcjhl0V.jpg,F,real
cxUvszRBOe.jpg,F,real
ChxDJRtqfV.jpg,F,real
superimposed_1249.jpeg,N,super
KiyVo6R8xW.jpg,F,real
superimposed_xvxr4Wvbkv.jpg,N,super
H5N1GWa5DZ.jpg,N,real
sIOq1AJWOO.jpg,F,real
3qZpgF7V2q.jpg,N,real
vWkspcDZhy.jpg,N,real
NEdpSGkxtP.jpg,N,real
Lh5T23MKkW.jpg,N,real
a1A7xt4DrK.jpg,N,real
2tqwywhXXy.jpg,F,real
kEMjrjfygs.jpg,F,real
BAS0Xf79gY.jpg,F,real
Q6wHMa6LD0.jpg,N,real
6tvvGbizLS.jpg,F,real
superimposed_DW2dNWfNdj.jpg,N,super
superimposed_rkkTcVGutT.jpg,N,super
superimposed_z9Z7Vh7Hkj.jpg,N,super
dAZ9H2ZrYb.jpg,F,real
wPsWbcnhZ3.jpg,N,real
2wJLcCyyxG.jpg,F,real
pC8K9lvZ4L.jpg,F,real
XDsOGmOBZH.jpg,F,real
1ioBdDX354.jpg,F,real
iWnkAkabQd.jpg,F,real
s3Bho6mLy8.jpg,F,real
superimposed_hLrg89dDb1.jpg,N,super
wApNPLjjE7.jpg,N,real
6TIT6dJTF2.jpg,F,real
KgtonEXhAo.jpg,N,real
FgZ8KXKk9J.jpg,N,real
XFINaeCsdM.jpg,N,real
NPuHvtnRxQ.jpg,F,real
superimposed_w8JfoXoKRs.jpg,N,super
superimposed_1408.jpeg,N,super
tJesZHe7mf.jpg,F,real
mAPrexiTbh.jpg,F,real
zDPgljXJYL.jpg,F,real
FL5hPWQ7B6.jpg,F,real
waQ1RaxShY.jpg,N,real
NUlBYkvEAZ.jpg,N,real
LLocdFvkFG.jpg,N,real
ajZETp8BIo.jpg,F,real
superimposed_W3luvslVG8.jpg,N,super
zjE1c59GQM.jpg,N,real
r3WeFHGFGd.jpg,F,real
superimposed_9MbU7ZvI90.jpg,N,super
WBlVVAU4kR.jpg,F,real
nGASjhRQkF.jpg,N,real
AEY80ODEih.jpg,F,real
aMmASDf9i3.jpg,N,real
umPDg9JgTg.jpg,F,real
superimposed_cKYSdEfLtp.jpg,N,super
TLHH2xY4UY.jpg,F,real
6ErNMqLveG.jpg,F,real
tlTL0MzJzB.jpg,F,real
U19TmIskud.jpg,F,real
xnm4oFU3b2.jpg,N,real
9zmcyy83nQ.jpg,N,real
DOAShsw6Lw.jpg,F,real
superimposed_1356.jpeg,N,super
bm7527S06F.jpg,F,real
superimposed_K5O7BfTAEu.jpg,N,super
6XrBRDnT1l.jpg,F,real
yfPDOY06Wg.jpg,N,real
LfGSVYH1Ci.jpg,N,real
98uovFfMqv.jpg,N,real
OqU0MiNjry.jpg,N,real
omDfzFQ12p.jpg,F,real
wdWjVBfTTa.jpg,N,real
superimposed_kux47OKM4i.jpg,N,super
RB86iXlqRl.jpg,N,real
kgnWmmVKLj.jpg,N,real
superimposed_9u9K15etVX.jpg,N,super
NhBWDlIUEr.jpg,F,real
e8zSP3OL18.jpg,N,real
superimposed_LYZichKl6w.jpg,N,super
0ijIhBkxXb.jpg,N,real
oPzp9ivazg.jpg,N,real
VeaYTk9bkI.jpg,F,real
zyKrf0wxwq.jpg,F,real
MlAlKoeerL.jpg,F,real
LkG2NpZ128.jpg,F,real
aGdMfcFGOz.jpg,F,real
OaedMe7sM3.jpg,F,real
c6PalcZJzy.jpg,N,real
NnepEklkje.jpg,F,real
lIpYqr7cOJ.jpg,F,real
gv6f5m1NhO.jpg,F,real
superimposed_coG0vqdcxX.jpg,N,super
5FupyQVFdS.jpg,F,real
btnfrrhKWQ.jpg,N,real
GAKnp6Hh2s.jpg,F,real
1ApN628CpI.jpg,F,real
superimposed_s4oU5kFigv.jpg,N,super
N7KxsKIhZD.jpg,N,real
vkL33332SX.jpg,N,real
superimposed_iVYzVPxLcQ.jpg,N,super
VBUXiM5BCR.jpg,F,real
vwAmOfWpm0.jpg,F,real
mZaliTu3dk.jpg,N,real
by364APsFJ.jpg,F,real
kT5NjOpZ65.jpg,F,real
grU6dZ8ice.jpg,F,real
pHEGWQJ5BU.jpg,N,real
YweiGd5QiI.jpg,N,real
pkPUutxFuc.jpg,N,real
superimposed_1066.jpeg,N,super
HFj9PlK4YZ.jpg,N,real
w6CuWt4pck.jpg,F,real
gM7nV8XihZ.jpg,N,real
KEzKWLeYBP.jpg,F,real
LRh9vAJ0HB.jpg,F,real
hLrg89dDb1.jpg,N,real
p3XEWnb54t.jpg,N,real
TmRGxb0OUt.jpg,F,real
superimposed_y2rI7sk7ts.jpg,N,super
vnA5mUZI8W.jpg,F,real
superimposed_UEqWs2CRG4.jpg,N,super
QwAXLnB8xH.jpg,N,real
dE26B62pu9.jpg,F,real
YBsCBzQAG7.jpg,F,real
T9oOlG4II8.jpg,F,real
UBfd1N1uhz.jpg,N,real
knxLSqyq3D.jpg,F,real
QLwqJ1w09D.jpg,N,real
7WeDqJJWEt.jpg,N,real
YISEOur6sG.jpg,F,real
XKM6nxQEnt.jpg,N,real
TbF1HpUgWU.jpg,N,real
m2mEZLP4LX.jpg,N,real
d5bmU4Do9Q.jpg,F,real
AUGbk3hc7s.jpg,N,real
cX6842Pyiy.jpg,F,real
TGOBDAsLVc.jpg,F,real
tJfrxklJl9.jpg,N,real
qdkyGfASgO.jpg,F,real
99dElU1lTP.jpg,N,real
orvanR3Xmh.jpg,N,real
superimposed_rR2kVIcCE2.jpg,N,super
D402HzhKlQ.jpg,F,real
58OkBzYQiz.jpg,N,real
maorHFaB6G.jpg,N,real
y2zb84NJRp.jpg,N,real
KQ1Z6UeNiW.jpg,N,real
Tet7Gfzlhy.jpg,N,real
Oh63SA0NnY.jpg,F,real
blIRiOT4iz.jpg,F,real
MuXIJdrUTg.jpg,F,real
jesncSp0zi.jpg,F,real
Qu1SqEwtKb.jpg,F,real
ZKhEjpshqu.jpg,F,real
akSz0lH5G3.jpg,F,real
zlNtyJ2aaf.jpg,F,real
M8qmARMQP4.jpg,F,real
a3UT1eJVAr.jpg,N,real
26EJE4cH73.jpg,F,real
superimposed_1161.jpeg,N,super
7gcBnZHzJa.jpg,F,real
MjRu99PQsR.jpg,N,real
PX30oSSPZk.jpg,F,real
Y2YPdKCypZ.jpg,N,real
3Yl6PLSHyL.jpg,F,real
PDW943TW7q.jpg,N,real
qdKQdbHvbz.jpg,N,real
Jg1RozDEm9.jpg,N,real
Q7zYGSeZ9D.jpg,N,real
mck3EEZBwC.jpg,F,real
M4ihryuARn.jpg,F,real
superimposed_09dUZOKXAl.jpg,N,super
jFMOyAhXeu.jpg,N,real
WQT63XVRmD.jpg,N,real
0wDcz6qMWC.jpg,N,real
superimposed_iMuJdpeyto.jpg,N,super
vrma6kgFWH.jpg,F,real
CayIGv6sw5.jpg,N,real
sJ7rZ3Ir45.jpg,N,real
wtCvtcQpPT.jpg,F,real
AMQwbRRq6o.jpg,F,real
y2eMWLbKSh.jpg,F,real
w9lK9oJu1K.jpg,F,real
03qbeAbkYK.jpg,N,real
superimposed_brMK41U1iw.jpg,N,super
zTekO2zYF1.jpg,N,real
JkEQFdd7t3.jpg,F,real
auYaYZ64bi.jpg,F,real
hV1IpMSccc.jpg,N,real
iDXrh0OK4a.jpg,N,real
fXpWh9YQmT.jpg,N,real
4EwVZemL0w.jpg,N,real
W3luvslVG8.jpg,N,real
7cULugY3zX.jpg,N,real
Lc6XXWOKis.jpg,F,real
lysiiQW6zo.jpg,N,real
k8ftjjEXoI.jpg,N,real
vipfIS3Pco.jpg,F,real
5RUa3VZ0wf.jpg,F,real
superimposed_1309.jpeg,N,super
wrNcZGWf5H.jpg,F,real
Nm6SGxk3gd.jpg,N,real
superimposed_X0LwbxqLq0.jpg,N,super
YvI4c7Qo5x.jpg,N,real
5uTAKR2GAf.jpg,N,real
BZtKGPPQAw.jpg,N,real
superimposed_rIuJgyYGh5.jpg,N,super
io6Iwi2uDA.jpg,N,real
t6VyZ8tTBE.jpg,N,real
superimposed_0euJok7KYZ.jpg,N,super
2opflSnqJ1.jpg,N,real
YF101d2EP5.jpg,N,real
xwVqrgURHN.jpg,N,real
3dAweNfwiD.jpg,F,real
wmZeErIxZu.jpg,N,real
jQwc5Tf1sP.jpg,F,real
xGNVavKyOi.jpg,N,real
nO2WyqkOmV.jpg,F,real
Xo0JbxuBCC.jpg,F,real
g4i0z7bCd8.jpg,N,real
wMZrkZkVEe.jpg,N,real
jrXAUcgXqB.jpg,F,real
BWeZskQ17u.jpg,N,real
fQoM1TuQmD.jpg,N,real
superimposed_EjjvGkc7BA.jpg,N,super
KLSmozQHkS.jpg,F,real
6KFOipzm87.jpg,F,real
ML6Tna4dcw.jpg,F,real
uSsIEWOX3U.jpg,F,real
vtKNsHrmZ9.jpg,N,real
FzX1rNBKok.jpg,N,real
h56Ys6dld0.jpg,F,real
NIpQou1dcZ.jpg,F,real
Uc7ojNDZyz.jpg,N,real
ZBPHZVxDtS.jpg,N,real
W4TLJGlvWk.jpg,F,real
cAhz6KHGa1.jpg,F,real
CVJAFX6uwh.jpg,N,real
CQNsPBJsJs.jpg,N,real
9j569QREeM.jpg,F,real
Yi5ESrFcA6.jpg,F,real
xQs0v2pwZD.jpg,F,real
RIIcB7UlGN.jpg,F,real
xzfxtzoXDm.jpg,F,real
superimposed_1234.jpeg,N,super
FN8og9XftF.jpg,N,real
pSCDBovT7U.jpg,F,real
WDdtdpV6Ne.jpg,N,real
kZ7t9MSPpt.jpg,F,real
XsY7hfHFoQ.jpg,F,real
WlKvyaggh7.jpg,F,real
VmA0DlP0mK.jpg,F,real
0xQRuaLq5Q.jpg,N,real
f1TYfwLZZJ.jpg,N,real
YxFqGNE45N.jpg,F,real
5KAqzWEE6Y.jpg,N,real
AEyIdI1t9G.jpg,F,real
eIFJ3t7b4G.jpg,F,real
98S9SG5Q1i.jpg,N,real
6iU5Yno6Uz.jpg,F,real
l2HxkF1WZR.jpg,F,real
VIFE2GVZCp.jpg,N,real
kN25OXAsEe.jpg,F,real
mSO7iwwYGW.jpg,F,real
1ggKUjq7bp.jpg,F,real
tXzNlDOsAA.jpg,F,real
HU20R2Qsx6.jpg,F,real
superimposed_F08KIQHRML.jpg,N,super
24UE3KTl76.jpg,N,real
superimposed_1GCW7MpZkr.jpg,N,super
3veuc51PUH.jpg,F,real
u3qws81Kzu.jpg,N,real
R7BSdmwZbX.jpg,N,real
jTRcblAVVP.jpg,N,real
7sigiwK1Zk.jpg,F,real
kFcz90xzKX.jpg,F,real
P454zSyuld.jpg,N,real
vf7n1MlJaL.jpg,N,real
wMzw0ZW09f.jpg,F,real
DvwzYlTgNL.jpg,N,real
superimposed_TbF1HpUgWU.jpg,N,super
XaP824UsU6.jpg,F,real
b0KhSx4aec.jpg,N,real
4rFLft4clO.jpg,F,real
bP11jo0eG7.jpg,F,real
8jeuftuMEe.jpg,F,real
NOvMLUZBS8.jpg,N,real
bpyUpURlPz.jpg,F,real
R5w3gD0Hvp.jpg,F,real
xujLUC3ALP.jpg,F,real
h0tY0rWYpk.jpg,F,real
EJ1Lsnkh3o.jpg,F,real
4wy5qgx45K.jpg,F,real
7GM4AiRrD8.jpg,N,real
jp8KN5wWFO.jpg,F,real
z652sYRPv0.jpg,F,real
jLoY3ZP7lD.jpg,N,real
yjnrIwnUcl.jpg,F,real
KmkZmMcwhA.jpg,N,real
wIPmezxDFR.jpg,F,real
RS6uzwqGdi.jpg,N,real
Qyy0IdGE2E.jpg,N,real
PwV0C2hD6f.jpg,N,real
FsDJP7SZ5s.jpg,N,real
CvGKUpcJtY.jpg,N,real
VHjPYWkz2V.jpg,N,real
CsKMcjF9hl.jpg,F,real
SOFOve0dcO.jpg,N,real
ezLuhheseg.jpg,N,real
superimposed_74UOq6NKrm.jpg,N,super
wz9eJZfyBn.jpg,F,real
kzP7ykGVqq.jpg,F,real
L5ponu10hP.jpg,F,real
aZtKnXo14P.jpg,N,real
Nr0psN262T.jpg,N,real
g0Ec0OM2tm.jpg,N,real
X1qU8MGe75.jpg,F,real
3OiHmBR6x1.jpg,N,real
superimposed_zl6GyBdPIQ.jpg,N,super
4dcygyzCXV.jpg,N,real
qUNljWRDTh.jpg,F,real
oEeKsX8bDk.jpg,F,real
4fI9h2CVDk.jpg,F,real
8qbkPW8hbP.jpg,F,real
aznmAkvs0t.jpg,F,real
LGwpNcrSt1.jpg,N,real
zl6GyBdPIQ.jpg,N,real
bNzR2hkByT.jpg,N,real
6Oh2JuK2Gx.jpg,F,real
LswsSf6j8i.jpg,N,real
FPAA9KRwk7.jpg,F,real
L6PFeqevth.jpg,N,real
iClvXXbrM9.jpg,N,real
F8Y4VY2k7i.jpg,F,real
superimposed_1078.jpeg,N,super
x0dHrsZgKg.jpg,N,real
TqjHO8c3dn.jpg,N,real
B2kkKqNRBA.jpg,F,real
fYvmMas7xv.jpg,N,real
superimposed_XUvbM0Gkgh.jpg,N,super
huA7Y1VsIC.jpg,N,real
superimposed_E9TrCXHcD1.jpg,N,super
wxvSLpdY5e.jpg,N,real
hyJtf5pPyC.jpg,F,real
02TVODsti7.jpg,N,real
CbgJKb2lyZ.jpg,N,real
9f5RWYkzi5.jpg,N,real
f0lJsP4mvI.jpg,N,real
vVllWdWaC9.jpg,F,real
5FRJPKEZyV.jpg,F,real
wn2sYFn2cn.jpg,F,real
oPQUgKjVRi.jpg,F,real
DZKiBtA3yU.jpg,N,real
8DtQBWSFCr.jpg,N,real
712Hi5Vj1S.jpg,N,real
Zgl2P9GPpN.jpg,F,real
superimposed_f6fThbn5Ij.jpg,N,super
U0JW1SPvCY.jpg,N,real
jWajomKOef.jpg,F,real
Btm60o8HAa.jpg,F,real
superimposed_vLmqHPhAIR.jpg,N,super
Z2roPHLfpK.jpg,N,real
BO6aJWVDyH.jpg,N,real
Cw6OIr3uai.jpg,F,real
superimposed_mOoJjO7ozD.jpg,N,super
LmBb6Zc9pA.jpg,N,real
nVAhEVEKWl.jpg,N,real
superimposed_DeMNApJWHG.jpg,N,super
wlUlZFEEsJ.jpg,F,real
4N9422iLZK.jpg,N,real
RlbPOnacZj.jpg,N,real
superimposed_KDW7HUSXLS.jpg,N,super
superimposed_Xb8L6km9tF.jpg,N,super
Esf6Rc6XV1.jpg,F,real
QkVAdELWpU.jpg,F,real
superimposed_8lWxZNPW9v.jpg,N,super
NGNwt1azXX.jpg,N,real
BPi3SMAcfs.jpg,F,real
BqGAd4ZO9E.jpg,F,real
YzHJAU9GP2.jpg,F,real
DdLRaPcD4c.jpg,N,real
5N6Ddm9y9s.jpg,N,real
tQiDwjQq9W.jpg,N,real
n6Piiqtb5B.jpg,N,real
7pBSE5KUaw.jpg,N,real
superimposed_FRQGvr8PaF.jpg,N,super
RamcKkZ8BX.jpg,N,real
IRuCrTpWV1.jpg,N,real
Kt8008hsHc.jpg,N,real
UuhaA4O7EP.jpg,F,real
ajqJIhHVQo.jpg,F,real
2IxLQIoY2r.jpg,F,real
2ELfUiZVE7.jpg,N,real
pKTJqt0Jal.jpg,F,real
Ev88MCwbbA.jpg,N,real
lzuvWZJWYm.jpg,N,real
QfSbpVZRmf.jpg,F,real
WYB0gAp7mF.jpg,N,real
zigzxO8vFn.jpg,N,real
19s3M2zupt.jpg,N,real
superimposed_q3z4janCOp.jpg,N,super
i2MApIo3GZ.jpg,F,real
b3Zfa5F8k9.jpg,N,real
superimposed_70WlICWnju.jpg,N,super
superimposed_AyeSEgn4Xy.jpg,N,super
5WuOr15sIJ.jpg,F,real
iJ8soPAnng.jpg,F,real
USHDtbeTdw.jpg,F,real
EbwKLb0wn2.jpg,N,real
b0gDU3lIM3.jpg,F,real
9EllytaTTh.jpg,F,real
n11QYH7JOu.jpg,F,real
VYvYmJAjFp.jpg,N,real
qpDm8pPxeH.jpg,N,real
superimposed_1013.jpeg,N,super
pU62E0fm8R.jpg,F,real
KNCNQ12EfF.jpg,N,real
6Iwtt4HvJ3.jpg,N,real
QdPRCpkUI8.jpg,F,real
UdpVOWfadS.jpg,F,real
v2hZdeCnkH.jpg,F,real
6mFo1UEgPf.jpg,F,real
kzvjP6voYx.jpg,F,real
kbjiGE6ort.jpg,N,real
EeWj2Ko69b.jpg,N,real
aLuqyFnZuh.jpg,F,real
70oaMplTpF.jpg,F,real
Z058jxPuxC.jpg,F,real
A5eGgng5TC.jpg,N,real
OI8AUbag5w.jpg,F,real
wLWNa0Q4Wn.jpg,N,real
ovxHl2P32s.jpg,N,real
xte3DIZCrS.jpg,F,real
6WHxCf4RtB.jpg,N,real
JkjHXNqnrJ.jpg,F,real
superimposed_piauxXROqL.jpg,N,super
Yi3W7wB6vT.jpg,F,real
CWZY76fVdl.jpg,N,real
SasyADTwkE.jpg,F,real
UJjfgGIBY4.jpg,F,real
u1PyDSBBjz.jpg,N,real
DCGMlb5tbZ.jpg,N,real
UXcQiTMaYc.jpg,F,real
Y7kU5KcYSx.jpg,F,real
superimposed_1143.jpeg,N,super
superimposed_2T5yi4YDPV.jpg,N,super
DoApu0xpQy.jpg,F,real
superimposed_jFMOyAhXeu.jpg,N,super
cu7tfyZEp0.jpg,F,real
superimposed_usCTmbVZZs.jpg,N,super
8jKihFuLmk.jpg,F,real
HMFAV3Zbma.jpg,N,real
BNW5iOIV6u.jpg,N,real
DX7l5nh3aS.jpg,N,real
AlicS6te5c.jpg,F,real
u728i7ZuJk.jpg,F,real
YMacZ7PhFL.jpg,N,real
nEj2wYdJjF.jpg,F,real
YFZEQdPaNU.jpg,N,real
superimposed_1370.jpeg,N,super
h8J2QYujQG.jpg,N,real
Z2TrvNjFz8.jpg,N,real
k2LrpgU5xB.jpg,F,real
veJu8LZTGJ.jpg,F,real
LPEsRHHlw4.jpg,F,real
hFYSNyqQ5i.jpg,F,real
qJlgtrdY6x.jpg,N,real
4e7NnHAkmf.jpg,F,real
GPrzn9Ryd4.jpg,F,real
peNRRRDEbD.jpg,F,real
2AJpBg01cv.jpg,F,real
QC5Wj1ZhZG.jpg,N,real
75J246ekbB.jpg,F,real
pc9ewdi8Qc.jpg,N,real
3UnPjuaPzy.jpg,F,real
4J4f3LL4gi.jpg,F,real
syS9M3PRcC.jpg,F,real
CAZRH9fxmI.jpg,F,real
coG0vqdcxX.jpg,N,real
vKC5U5SwtR.jpg,F,real
LFsPzhJs64.jpg,F,real
knvB4EDkj0.jpg,N,real
QbjZA2szv5.jpg,N,real
PG9eod58WG.jpg,N,real
v7SnzYLjd0.jpg,N,real
R63xlmJ1ko.jpg,N,real
gTVt7hEPWq.jpg,N,real
zGRF5L3uXB.jpg,F,real
GJrcdxf6GX.jpg,N,real
qb3yPNmnG9.jpg,F,real
superimposed_BjwiuCiZCn.jpg,N,super
superimposed_JnBIiEX4zF.jpg,N,super
LgeNZEaFQN.jpg,N,real
FjwVg6U5d7.jpg,N,real
Hv7rW7BTbi.jpg,N,real
8RR9GtQdOT.jpg,N,real
DaQ1Eitslj.jpg,N,real
p2K0gowBr4.jpg,F,real
mOoJjO7ozD.jpg,N,real
g8Smj4wKBE.jpg,N,real
F65wgylgZr.jpg,F,real
yI7uemCOyR.jpg,N,real
superimposed_JlicOJUIb5.jpg,N,super
dLvEdCmcuA.jpg,F,real
B24KScnF6z.jpg,F,real
s88zfV6FCZ.jpg,N,real
superimposed_3Ja6wXw01X.jpg,N,super
jPUnPiK1wZ.jpg,N,real
2bZr7pvGcL.jpg,N,real
QErAc2LM9T.jpg,N,real
2Xpke6o9NY.jpg,F,real
9b3X1yFOCR.jpg,F,real
6qtbKFlgSH.jpg,F,real
7Zh0S7Fji3.jpg,N,real
BTipu2hNHF.jpg,N,real
6byGEOKFaJ.jpg,N,real
MBkBcu6KNB.jpg,F,real
MetL37Bs5n.jpg,N,real
2KSSkgh4iO.jpg,F,real
UEqWs2CRG4.jpg,N,real
c8izivpHyD.jpg,F,real
upRD5S7vQv.jpg,F,real
r12uWSSyRC.jpg,F,real
Z20Xulvlkd.jpg,N,real
ElYZx0Hqzq.jpg,N,real
KFhEh5ohA5.jpg,F,real
cQ4fKhOezk.jpg,F,real
PYzYZib8sw.jpg,F,real
bWPZFZdCEZ.jpg,N,real
n4g9L00d7v.jpg,N,real
l8SSc3NeTP.jpg,N,real
pViEKRPkXn.jpg,N,real
superimposed_elnQ7viZMv.jpg,N,super
Id9gTUlMOG.jpg,F,real
mcKip9ugHc.jpg,F,real
oQtct0QjgD.jpg,N,real
7aSwh9o0t3.jpg,N,real
superimposed_1219.jpeg,N,super
NWsj1EMqKt.jpg,N,real
NuJx5FcUih.jpg,F,real
EiuDjcxpY5.jpg,N,real
3uOKU58aVh.jpg,F,real
CLaKOZctkM.jpg,F,real
AiebyWZRYC.jpg,F,real
OAtYfcU5fx.jpg,N,real
superimposed_CzFq3FeAjz.jpg,N,super
ZeI0IT7Fv8.jpg,N,real
EcMHT62Yrg.jpg,F,real
9u9K15etVX.jpg,N,real
F13xEKx3iD.jpg,F,real
oc1wFNaaW9.jpg,F,real
superimposed_U8v9eePcXb.jpg,N,super
gniMtx8bpq.jpg,F,real
T9JpyiiNgZ.jpg,N,real
enEEFN7H9a.jpg,F,real
ctWO6JIH67.jpg,N,real
YldXS7aKA3.jpg,N,real
QU0gzVQbt2.jpg,N,real
lZsoUaa5ib.jpg,F,real
superimposed_ylDebYGXj4.jpg,N,super
2wQqgy2ZNR.jpg,N,real
lXViGh6hp7.jpg,N,real
yRAwt74Vzc.jpg,F,real
et9UZCJv1Q.jpg,F,real
09dUZOKXAl.jpg,N,real
0oMFvbEl3k.jpg,F,real
ctBRZ2Wyyw.jpg,F,real
2f6vihaOmz.jpg,N,real
FPIBxzoSja.jpg,N,real
c3kfWlSwCJ.jpg,N,real
KRmgPvmyAn.jpg,F,real
OZIRP8aLWL.jpg,F,real
TJmNgDPhAo.jpg,F,real
XKRmj5EXeJ.jpg,N,real
OAkHBqEub0.jpg,F,real
mF07nEn8Tl.jpg,N,real
1uPFQsLyet.jpg,F,real
mAib9pKKPh.jpg,N,real
8e4c5mOPMO.jpg,N,real
OydcTNfksD.jpg,F,real
g7Xk922zVE.jpg,F,real
7RgyEdGV1F.jpg,F,real
VArczMZPFo.jpg,N,real
superimposed_1172.jpeg,N,super
wg2cLn8bFo.jpg,N,real
c8okWB3T6m.jpg,F,real
7G3Y01HpoF.jpg,N,real
YRkytjfcOj.jpg,N,real
B5tBiDE8FW.jpg,F,real
superimposed_ce5BX4Gqpa.jpg,N,super
x4A7gTclqH.jpg,F,real
NZ02OUPovh.jpg,N,real
hNMdBWsiAJ.jpg,F,real
Yxi1qZeAtb.jpg,F,real
superimposed_MBDjQP4x4Q.jpg,N,super
6k13XLYXgb.jpg,F,real
superimposed_cg3pQIBWoO.jpg,N,super
iKYwMje5vw.jpg,F,real
eR8PXDzRrU.jpg,F,real
GinAtOmPn6.jpg,F,real
D8EdSEKqiO.jpg,N,real
fzDo7ghUj1.jpg,N,real
nCoGDSoUUP.jpg,N,real
0GaZ7wFRW0.jpg,N,real
MYlzTvR49e.jpg,F,real
Pf2R0SivXJ.jpg,N,real
JQdrOp8aBT.jpg,F,real
superimposed_1366.jpeg,N,super
h9w7NFBLLN.jpg,F,real
bMESTAGqBn.jpg,N,real
pvNPmHGyEW.jpg,F,real
CFHnZGcoMI.jpg,F,real
uUusg3kptB.jpg,F,real
jWePEsi4fA.jpg,F,real
YUCe07lA4h.jpg,N,real
superimposed_ir0c5w7GbN.jpg,N,super
lIFeAnSKAE.jpg,F,real
superimposed_neqrVRIwPP.jpg,N,super
superimposed_k1j94E3Y9f.jpg,N,super
cTVagj2QgZ.jpg,N,real
dca4Rzsvf9.jpg,F,real
KtokxQgoAy.jpg,F,real
VOvN2nWMGp.jpg,F,real
2T5yi4YDPV.jpg,N,real
wV8Q5nE0k7.jpg,F,real
5uWlSPkuFW.jpg,F,real
OfKqKQiwsg.jpg,F,real
UxBXKRv1zz.jpg,N,real
2ZcVPhpVLX.jpg,F,real
superimposed_RJeRl6BVyt.jpg,N,super
ae95sb8X6y.jpg,F,real
superimposed_Px4X7gKfIb.jpg,N,super
SIU3tmIBFi.jpg,F,real
rXQveUZjTg.jpg,N,real
EErTSJ7bm3.jpg,F,real
p7dHyVPpGv.jpg,F,real
EAnXZKtaav.jpg,F,real
4H3aJyJ3bz.jpg,F,real
YYBneFiK6M.jpg,F,real
orq0RNcQOL.jpg,F,real
fK4RrqaEp2.jpg,F,real
rRixtCXXTN.jpg,F,real
eolIBOmR07.jpg,N,real
o5BmKJNqcM.jpg,N,real
zgtWhzYs6k.jpg,N,real
KlZcl9leYI.jpg,N,real
7Mnur6VIGd.jpg,N,real
g9nDyLU0fK.jpg,N,real
gC7ehtiCYx.jpg,F,real
superimposed_FZde2Zn69H.jpg,N,super
superimposed_WfoQLuBMwt.jpg,N,super
superimposed_5uTAKR2GAf.jpg,N,super
superimposed_xfdFVJMWLT.jpg,N,super
6rJl6VBIPu.jpg,N,real
z0AOSrZgXD.jpg,N,real
CrAJf2UvZH.jpg,F,real
57jx20PB5U.jpg,F,real
ppurqgaCWi.jpg,F,real
dyrfuoqQiC.jpg,N,real
superimposed_WtIVIDa7Qm.jpg,N,super
superimposed_LVmcc50uen.jpg,N,super
superimposed_nwBOX8OLhb.jpg,N,super
QcDV16N8xa.jpg,N,real
cKYSdEfLtp.jpg,N,real
CDuD50b69A.jpg,N,real
KbIheF4xxU.jpg,N,real
m2Ir1N6paL.jpg,N,real
1QjtGXYHLj.jpg,N,real
Y24VxMSZAc.jpg,F,real
superimposed_w6wPKXUqmJ.jpg,N,super
superimposed_n1T4iNrR5S.jpg,N,super
jG2Qozd4oS.jpg,F,real
Eedd0Sg4Ly.jpg,N,real
7Yev1b2IMy.jpg,F,real
PMMpgyqDBY.jpg,F,real
F5gCPgKtfF.jpg,F,real
ZpAMBDKXqF.jpg,N,real
atd3dZTE4L.jpg,F,real
3lwlJXEnDi.jpg,N,real
7ZigkcRgsO.jpg,N,real
Un6CMixVSX.jpg,F,real
atvJEGsGb4.jpg,F,real
vFNBvQWbeI.jpg,F,real
ajJCYU8aZ0.jpg,F,real
OUws7F3XaN.jpg,F,real
EzOu6bQyEp.jpg,F,real
superimposed_cTVagj2QgZ.jpg,N,super
Rc3ZynPWnB.jpg,N,real
superimposed_Rfw2bVIud3.jpg,N,super
Uxpw6rBO2E.jpg,F,real
dQu767gYq1.jpg,F,real
IVwCGP0rGm.jpg,N,real
superimposed_cFvUl7SNzp.jpg,N,super
XuyRQPCsaV.jpg,N,real
superimposed_1284.jpeg,N,super
nf7ZDDwC1U.jpg,F,real
AIZYXgWkbV.jpg,N,real
ZV9R1YFZFv.jpg,F,real
g4yNR6bYoG.jpg,N,real
UdSIR7FR8o.jpg,F,real
T6qKtAUDXo.jpg,N,real
udsQIOiwPd.jpg,N,real
E9TrCXHcD1.jpg,N,real
gAulXeoHch.jpg,F,real
bXbLZkMpFL.jpg,N,real
Yz0Z0MBTR3.jpg,F,real
bpSjeW8SGF.jpg,N,real
sTquxJ4q6W.jpg,F,real
superimposed_VV66nI1AWl.jpg,N,super
Viq7vtiBuv.jpg,F,real
5zi0GTvIgz.jpg,N,real
superimposed_goBBcO384T.jpg,N,super
ErHU7GPu2I.jpg,F,real
zinb1Px9cZ.jpg,F,real
DalnJqfAMl.jpg,N,real
cqa1kpnAZo.jpg,N,real
js9f9Jjyxx.jpg,F,real
6SySFAMQru.jpg,N,real
superimposed_DXBOhKS3yw.jpg,N,super
gaQU1kZ7Ku.jpg,F,real
B3VW6Dh1r5.jpg,F,real
superimposed_1098.jpeg,N,super
xZmHfqLxoT.jpg,F,real
cyfFgOaVwM.jpg,N,real
IaEXJ8uewf.jpg,N,real
tHTdFYvlKD.jpg,F,real
dW5rq13dwk.jpg,N,real
superimposed_KmkZmMcwhA.jpg,N,super
OzMqkSdIsh.jpg,F,real
superimposed_tDc1URVO7w.jpg,N,super
suONjixc85.jpg,N,real
hxIyAYMakR.jpg,F,real
CGPq8qxv7k.jpg,F,real
superimposed_7GM4AiRrD8.jpg,N,super
o7iXfKMwDL.jpg,N,real
s3YH494dIg.jpg,N,real
YrtboH85Fd.jpg,N,real
kX7gFl5dcX.jpg,N,real
HHnYeNe4vV.jpg,N,real
Blor4vvAQs.jpg,N,real
6n0oQCnE7A.jpg,F,real
A8HotDTNkJ.jpg,F,real
IM7lkPPfpL.jpg,F,real
5qa3a1ebsA.jpg,F,real
8YeiusiltV.jpg,F,real
21VxkQ8d6H.jpg,N,real
superimposed_tFwYnuGr6h.jpg,N,super
aFPtTKjlQR.jpg,N,real
VmxBXIaQVq.jpg,N,real
IlMhsBFyC9.jpg,N,real
deLTL9nqyE.jpg,N,real
ANckofXTO0.jpg,N,real
s43DvqtTsr.jpg,N,real
RNZ3SB86IL.jpg,N,real
a3kGQXfR9m.jpg,F,real
ZaUgnZjRon.jpg,F,real
DOlf8T3HOF.jpg,F,real
gfodJ1qUgz.jpg,N,real
cjNexBFnaQ.jpg,F,real
ojjFYc6Ea1.jpg,F,real
superimposed_FXdxVm4Jdq.jpg,N,super
superimposed_Pa9c5fa830.jpg,N,super
BBfG2zUbM0.jpg,N,real
p5rjpkWqeP.jpg,N,real
superimposed_7Zh0S7Fji3.jpg,N,super
vI3uDqQEez.jpg,F,real
kongiPvyb5.jpg,N,real
superimposed_0o8hAttpws.jpg,N,super
y8j2eOvvCd.jpg,N,real
mAGCxou8eP.jpg,F,real
nyB5THIilG.jpg,F,real
zJsM42PCX2.jpg,N,real
21PApJW0wR.jpg,F,real
superimposed_Ey7qQy16Cq.jpg,N,super
3olGUVFES4.jpg,F,real
OXJH5rEroE.jpg,N,real
PwJN7JgvIT.jpg,N,real
7UQ4QeoFcF.jpg,N,real
xMMpSKdFaW.jpg,F,real
WVQQcxbCib.jpg,F,real
E6GiCUZghX.jpg,N,real
superimposed_4ARHbCRIcZ.jpg,N,super
superimposed_L0gxxG8Y4t.jpg,N,super
M9aIKOgd0A.jpg,N,real
UpiDVGP87o.jpg,F,real
bapnTLZSJo.jpg,F,real
dDuN0b4UHX.jpg,F,real
2L3jTMJpbI.jpg,F,real
OAoUW9HEGm.jpg,N,real
U1yJSXp2DI.jpg,N,real
superimposed_3P68vsMgtT.jpg,N,super
tJP2Tz5XsS.jpg,F,real
tIRq431hEi.jpg,N,real
kDE50jHGAo.jpg,N,real
phEUu7GKmC.jpg,N,real
JEQi2ZzMHs.jpg,N,real
HWZel8poKl.jpg,N,real
1eBFK9EyYz.jpg,F,real
9WtiawIl1H.jpg,N,real
wJyTDkiHoG.jpg,F,real
LCeJ7WdWbr.jpg,F,real
RkN4kzkqYx.jpg,F,real
z1hGLqE27F.jpg,F,real
ZzKIw9CFf2.jpg,F,real
xFX6n0IHWK.jpg,F,real
q700actZfD.jpg,N,real
WuDWkmcof8.jpg,N,real
xFp0Y9sUSI.jpg,N,real
MaJYTKAVyo.jpg,N,real
Jzig7Q2YKy.jpg,N,real
rD1liKVCgr.jpg,F,real
superimposed_1210.jpeg,N,super
q5gcPlOw0N.jpg,N,real
4c6inYwyj6.jpg,F,real
qKgk52ZDiz.jpg,N,real
O1J4lfL9Vo.jpg,F,real
eT9D1EEqps.jpg,F,real
superimposed_S6SEvmZhAD.jpg,N,super
lyPMkbaKEu.jpg,N,real
3Nrts3MiMB.jpg,N,real
rKQ3V34utd.jpg,N,real
HGBLbIybsy.jpg,N,real
HbOFpnpGxC.jpg,F,real
SYNgf5K7r3.jpg,F,real
HNVeVsKbW6.jpg,F,real
superimposed_OyUYORsPfG.jpg,N,super
superimposed_l8q1Aju75b.jpg,N,super
vNkGOnC148.jpg,F,real
z5w6Ms9mGl.jpg,N,real
nh0F7QAWo2.jpg,F,real
cct2iycbbG.jpg,F,real
Qm1nO463TZ.jpg,F,real
erBshlrmU3.jpg,F,real
NGkiGlXK07.jpg,F,real
A9OZHGeKJb.jpg,F,real
CuHiqDZIRm.jpg,N,real
enAVdoAS2o.jpg,F,real
iMch3Bh76F.jpg,F,real
rN4BTP4vbs.jpg,N,real
4VWafohAk4.jpg,N,real
x4PghWMQlb.jpg,N,real
ABVLzMTI76.jpg,F,real
sJt47uKypC.jpg,N,real
McWbqKmUp3.jpg,F,real
superimposed_1018.jpeg,N,super
hHHB7MMsGn.jpg,N,real
zYX2RucCw3.jpg,N,real
Ore89plrUx.jpg,F,real
superimposed_3ofJIjpvEA.jpg,N,super
fmoTSKvCVa.jpg,F,real
superimposed_RBbqe4IYvl.jpg,N,super
8ILS2Hzes0.jpg,N,real
d5BMZ65I3p.jpg,N,real
n1dATtcpWe.jpg,F,real
qHith0BzN3.jpg,F,real
SEGDc4Zz82.jpg,F,real
3cPnH24Q4t.jpg,F,real
39JwXTrUiS.jpg,F,real
FA999g8T4e.jpg,F,real
superimposed_7YFryewhrd.jpg,N,super
ovCiUle8kU.jpg,N,real
superimposed_vcueN8XHF1.jpg,N,super
coJ3ej1vKL.jpg,F,real
superimposed_1053.jpeg,N,super
LJFg1dvCq5.jpg,N,real
YtBf6aMvOz.jpg,F,real
NKnOGQ0ni8.jpg,F,real
5eL4ez72PB.jpg,N,real
superimposed_wBXUCKSom1.jpg,N,super
uC17QelKLr.jpg,F,real
LH7T0cEbok.jpg,F,real
IMcCYmFgnP.jpg,N,real
fNdfKQgw9P.jpg,F,real
ni9LV3k5hw.jpg,N,real
superimposed_1250.jpeg,N,super
B3kl1WQno0.jpg,F,real
ktkVVeAVV1.jpg,F,real
m1LysJgOfb.jpg,F,real
piyLwiSNMi.jpg,F,real
NWGKK7yCNG.jpg,F,real
superimposed_VHjPYWkz2V.jpg,N,super
superimposed_xYbTJfR2YH.jpg,N,super
uBCxgYcOiQ.jpg,N,real
0MXln8xWqz.jpg,N,real
qSnTn8ycgT.jpg,N,real
q6bpsQCXfU.jpg,F,real
KFbNFdmsHm.jpg,N,real
ewOg6Gaw17.jpg,F,real
p1BAo2vcaM.jpg,N,real
zsPAN9ytWK.jpg,F,real
38V7DLkXVX.jpg,N,real
UCkLJLzcJy.jpg,N,real
C8DScWo7sU.jpg,N,real
5ni0GbjzcF.jpg,F,real
qKTjlQhUfE.jpg,F,real
superimposed_1026.jpeg,N,super
jnxFmZ3ff2.jpg,N,real
RYoxu2xqNJ.jpg,F,real
superimposed_J9DB8RGXaJ.jpg,N,super
gtHwNCkmBv.jpg,F,real
x54QxJF3zO.jpg,F,real
2wk1cc2H5x.jpg,F,real
PZGqBp8O5D.jpg,N,real
h40Y6OFBs9.jpg,F,real
8nzpZ04lNe.jpg,N,real
aHICc1ZtCA.jpg,N,real
RnpQMLrRBw.jpg,F,real
BFGRCvimDk.jpg,F,real
WWsIqIHqPT.jpg,F,real
nwBOX8OLhb.jpg,N,real
5BtLMN7ki9.jpg,N,real
nES27kB89c.jpg,F,real
5vltDHXQhW.jpg,F,real
plvwKx1E8E.jpg,F,real
TaOgx2n0GS.jpg,F,real
JWDAQgHvCr.jpg,F,real
ScHTaKYiHx.jpg,F,real
kVTOlV9bsT.jpg,N,real
YD3yMrgMfV.jpg,F,real
qhkDSLgd7y.jpg,F,real
e7aVipDJ9s.jpg,F,real
pIHt5RnRvm.jpg,F,real
ff1Cmqlx3z.jpg,F,real
xRfskr412q.jpg,N,real
m7U53gC7c8.jpg,F,real
YfGGwdYAWy.jpg,N,real
UEapN9DS1S.jpg,F,real
LDzO4yTtuS.jpg,N,real
Bx1Q0VSYH9.jpg,F,real
PutodoPYVw.jpg,F,real
2e7UG3UEqp.jpg,F,real
kOteOrpAKy.jpg,N,real
4Ui2IQJX1R.jpg,F,real
z7S7FRkcT0.jpg,F,real
JsAqhfHpGN.jpg,F,real
Si8rePB597.jpg,F,real
xG6XihN23H.jpg,F,real
IAajSNwQHo.jpg,N,real
HbwRnylHuZ.jpg,N,real
WqEUv4mfQC.jpg,N,real
D4SzQOmSHM.jpg,N,real
kUa1KCI4JG.jpg,N,real
GIcrehaDhB.jpg,F,real
x2yIh8S9gE.jpg,N,real
IMnhRan7rB.jpg,N,real
XgcgmMI1Iv.jpg,N,real
sJMlHcV01y.jpg,N,real
ob1IdSRejT.jpg,F,real
HGZjst9LNP.jpg,N,real
superimposed_ezLuhheseg.jpg,N,super
XNdTSlw0cj.jpg,F,real
qi8AlRX6mD.jpg,F,real
kDUxmMwlKx.jpg,F,real
GsjI7ozHZD.jpg,F,real
P7jj8utT3U.jpg,F,real
jFsMScdiYg.jpg,N,real
JWn7MUKuBl.jpg,N,real
aK68NLDVjr.jpg,F,real
rnfVrCFKoQ.jpg,N,real
superimposed_zWvxzDnt5R.jpg,N,super
8AAoUex72z.jpg,F,real
superimposed_IlMhsBFyC9.jpg,N,super
superimposed_zR02lAj6Ac.jpg,N,super
2SGEt2men9.jpg,F,real
H2pE4vxL22.jpg,N,real
Mi6qpIvf2l.jpg,N,real
nMwlTxOo2S.jpg,F,real
B2P7BA9fM6.jpg,F,real
K0Km1aG2Re.jpg,N,real
UVbuTyvywW.jpg,N,real
KxCsJvaVU7.jpg,F,real
i7UX3o53w4.jpg,N,real
Rzgy6rhW2D.jpg,F,real
HThWiachqn.jpg,F,real
M8YB4ZQLIp.jpg,N,real
WmZwTbc6Yn.jpg,F,real
Qel8uC07Gv.jpg,N,real
P5Hh4UBxth.jpg,F,real
XwYBtpYEmu.jpg,N,real
4qKkxbA5I0.jpg,N,real
tznrex9i9H.jpg,N,real
superimposed_ydsb9FZs5v.jpg,N,super
superimposed_3DjFNAM3LO.jpg,N,super
6VojkBTIuc.jpg,N,real
BDGOxikaz6.jpg,F,real
superimposed_E6GiCUZghX.jpg,N,super
Ckzk4CpXWy.jpg,F,real
superimposed_Qyy0IdGE2E.jpg,N,super
pM5l0lFGGr.jpg,F,real
nACOaddxcu.jpg,F,real
xeh3X1BT4n.jpg,N,real
PdaNTGhKLZ.jpg,F,real
12r1tnCPMl.jpg,F,real
pV4isBBjeQ.jpg,F,real
B3lFapfahl.jpg,N,real
4WexdPSo7Q.jpg,N,real
superimposed_1103.jpeg,N,super
ZvNr7KAaNq.jpg,N,real
ySx4NS3yUm.jpg,F,real
pqyXNcmfKf.jpg,N,real
99L3KurHNR.jpg,N,real
superimposed_9ARPSebvVg.jpg,N,super
superimposed_Zf7OBDvbn1.jpg,N,super
zgEGBZ33Op.jpg,N,real
Or1lqQVDLL.jpg,N,real
superimposed_1011.jpeg,N,super
FxIop977af.jpg,N,real
qbuQeabJXw.jpg,F,real
sRdahUkF0y.jpg,N,real
5UGlCIrkgV.jpg,N,real
t6gE09vcUO.jpg,N,real
rFQkBxUzeP.jpg,F,real
NlVZE8NYaN.jpg,F,real
eu0xud9ztk.jpg,N,real
titWKMLewk.jpg,F,real
fTUh7pBImB.jpg,F,real
superimposed_sRdahUkF0y.jpg,N,super
em7yHJi8Ps.jpg,F,real
rLoj4wOMnZ.jpg,F,real
BZc17kJsQq.jpg,F,real
NKJr7LhXNa.jpg,F,real
h7fbdk8BWH.jpg,F,real
wLcR5eKbJt.jpg,N,real
3rForW79bI.jpg,F,real
u3mJQmYXBw.jpg,N,real
Fp5rrmCwf5.jpg,F,real
0TzRlTGNwH.jpg,N,real
aplqmbew3b.jpg,F,real
PdvU9mcEsA.jpg,F,real
N2eNxNlGPT.jpg,N,real
96JL81a7FR.jpg,F,real
FOF64W4cZl.jpg,N,real
nPvliWqRkP.jpg,F,real
AkkwhGBNq5.jpg,F,real
superimposed_c0jSqDoBAP.jpg,N,super
superimposed_1182.jpeg,N,super
XhVDNNzZyy.jpg,F,real
MQWikJh8cA.jpg,N,real
VOETZHNXVU.jpg,N,real
P8ykRyLXOh.jpg,N,real
3MS857IkWO.jpg,F,real
9WUFC0RWCa.jpg,F,real
gcDAzAnWzs.jpg,F,real
ZSgBgbDdG1.jpg,F,real
NROffFBQAO.jpg,F,real
aJ452I5EOq.jpg,F,real
TT3NiXrZ4k.jpg,F,real
2wPU3hufWK.jpg,F,real
superimposed_pXyplA8rTi.jpg,N,super
usLdO8zCRn.jpg,F,real
superimposed_KZLCFWGsEh.jpg,N,super
9ke2OtkM1n.jpg,F,real
bUp3DuXCHk.jpg,F,real
superimposed_VIFE2GVZCp.jpg,N,super
3TE8r8nqoF.jpg,N,real
O5c5Jgmp8T.jpg,N,real
D4W5shONYc.jpg,F,real
ExvLJMFJpP.jpg,F,real
WI8y1ja5Xn.jpg,N,real
plDnSTch1J.jpg,F,real
superimposed_73yXOtBnxE.jpg,N,super
W3O4LFWVSY.jpg,N,real
tM9jhvS6wo.jpg,F,real
7xopE0Qd1L.jpg,N,real
LCEeMLF6Em.jpg,N,real
dtQbbauz7J.jpg,F,real
sit12ZUyGA.jpg,N,real
xkgqmewlaj.jpg,N,real
29p44TxQG7.jpg,F,real
superimposed_BP2lpXmSgB.jpg,N,super
iN1x5DT9TJ.jpg,N,real
oeTK9GR72B.jpg,F,real
OtBULHZgFb.jpg,F,real
3jBKkrI0VC.jpg,N,real
6BBxmB66HL.jpg,F,real
superimposed_RamcKkZ8BX.jpg,N,super
superimposed_H6yNu41Bm1.jpg,N,super
cgS37r5T37.jpg,N,real
xfdFVJMWLT.jpg,N,real
XgDOwnKV8S.jpg,F,real
s5DHxqXS5d.jpg,F,real
o48pY9UgNZ.jpg,N,real
vI5oxNQ6I8.jpg,F,real
superimposed_TlrQIkBZ8f.jpg,N,super
TeKddXEONZ.jpg,F,real
cxS8fTHzIH.jpg,F,real
VbPkdeN3CH.jpg,F,real
frxGn9a4BX.jpg,N,real
superimposed_hqkTegY2Sc.jpg,N,super
4Ccv2ecfLT.jpg,N,real
superimposed_HjRweQOJje.jpg,N,super
3kmd3ZqVPt.jpg,N,real
EGfF2WaHSJ.jpg,N,real
SbITdeGckO.jpg,N,real
yGpVFUg7El.jpg,N,real
z01vctjZp1.jpg,F,real
Dsn4o2THzd.jpg,N,real
lHeR4yNKhN.jpg,N,real
superimposed_9vApGDGBUf.jpg,N,super
jq5hpsb0hp.jpg,N,real
Fos1pHb8p9.jpg,F,real
superimposed_1391.jpeg,N,super
17w25d0QkL.jpg,F,real
superimposed_1097.jpeg,N,super
lwkGWP08uz.jpg,F,real
maLARtrRMc.jpg,F,real
OwPI5BOgf1.jpg,F,real
goEoYvBk0v.jpg,N,real
LVmcc50uen.jpg,N,real
superimposed_Wo31wNTaYz.jpg,N,super
Mu9w74T2Yf.jpg,F,real
5LRXSVCuD7.jpg,N,real
Sse8tcDKCW.jpg,F,real
b7Svoj7q5T.jpg,F,real
nEkXuvW4f2.jpg,N,real
nJVQRDj7tB.jpg,F,real
7INAZUImgC.jpg,F,real
RaL4cssJmU.jpg,F,real
otERHmmujD.jpg,N,real
25Lq7z1jDy.jpg,N,real
EUS58Urihz.jpg,F,real
3QZkkAxvCW.jpg,N,real
BRJujtcZDS.jpg,F,real
superimposed_GtUIekmhVr.jpg,N,super
superimposed_7ZigkcRgsO.jpg,N,super
sYLnsJ8pOW.jpg,F,real
lElj1khei1.jpg,F,real
nTXvTRTrXN.jpg,N,real
DZ2UWRmCJS.jpg,N,real
superimposed_MqdoMu1G20.jpg,N,super
Q3HlcvbPU2.jpg,F,real
superimposed_y2zb84NJRp.jpg,N,super
Ec6UjkQqJe.jpg,F,real
HGsp1lHesR.jpg,F,real
hshI5veoQp.jpg,F,real
superimposed_wdWjVBfTTa.jpg,N,super
HGxYxqj9SA.jpg,N,real
Y4SjFfBmYs.jpg,F,real
superimposed_YvI4c7Qo5x.jpg,N,super
PZls3ih3VU.jpg,N,real
p3yOVrJBHr.jpg,N,real
03sa0AoNyv.jpg,N,real
GSPnt6P91a.jpg,F,real
0fehA3PeA2.jpg,N,real
jS3GH7oM45.jpg,F,real
hGq01tU11T.jpg,F,real
superimposed_ISQaOmf2tK.jpg,N,super
superimposed_1411.jpeg,N,super
6Q3iGiKwiR.jpg,F,real
3BlJa4vhT8.jpg,F,real
rIKuaC0Rma.jpg,N,real
cL2K0YoDTz.jpg,F,real
2q4iNrN4rS.jpg,N,real
superimposed_rN4BTP4vbs.jpg,N,super
H9OGbpqcsO.jpg,F,real
wPLABxLkO5.jpg,N,real
xKu6pE6oTG.jpg,F,real
superimposed_jiydO495el.jpg,N,super
vHH0nvael0.jpg,F,real
pCWzObKeGF.jpg,F,real
gHkVuWUgrH.jpg,N,real
sDUFoht5Lp.jpg,F,real
IvV7N00o1K.jpg,F,real
aFvgJNP8jJ.jpg,N,real
8h5YjARfRS.jpg,F,real
p23H1XOrIH.jpg,F,real
superimposed_QErAc2LM9T.jpg,N,super
superimposed_1104.jpeg,N,super
superimposed_Wa2X3kX44a.jpg,N,super
vRI1r7a80L.jpg,F,real
hp14dTjss3.jpg,N,real
qWRk5P4wCR.jpg,N,real
te4fmSOh7t.jpg,F,real
S3AGtZKl4T.jpg,F,real
RziOPqGjMa.jpg,F,real
jXcnS2FTv0.jpg,F,real
S6SEvmZhAD.jpg,N,real
tjOwKZCuWk.jpg,N,real
gsuS6CEumR.jpg,N,real
5WcQ3jh6Ds.jpg,N,real
4BkNgGCXgS.jpg,F,real
superimposed_ICX2kwT90s.jpg,N,super
LnKFlf3YK6.jpg,F,real
hcM4UoAHOi.jpg,F,real
DW2dNWfNdj.jpg,N,real
superimposed_tCzqHa3PI7.jpg,N,super
AQYe5I6rF7.jpg,F,real
6QMcXTZcHk.jpg,F,real
02EJJhunhB.jpg,N,real
LQyGoN0ooq.jpg,F,real
dNx9T1Reqx.jpg,F,real
cHAI0BERJZ.jpg,F,real
mClJfWVamK.jpg,F,real
dtDVoCbV0Z.jpg,F,real
ubUFg8J4u9.jpg,F,real
IpzSkCtabL.jpg,N,real
3MUZW1vfrv.jpg,N,real
o78IwHtH9j.jpg,N,real
xGG7wuT524.jpg,N,real
HBPTF9r5fv.jpg,N,real
GtUIekmhVr.jpg,N,real
rfzIZkTFRM.jpg,F,real
superimposed_ZwkB2CBFDa.jpg,N,super
r3WGPMkQrg.jpg,F,real
superimposed_qyh3j0um3k.jpg,N,super
superimposed_Z2TrvNjFz8.jpg,N,super
A6TAfHm2J4.jpg,N,real
8lx81kA8LS.jpg,N,real
oaZP6lHsom.jpg,N,real
superimposed_IpzSkCtabL.jpg,N,super
mpYl5TwuKO.jpg,F,real
L6Q2UaIyGq.jpg,F,real
ZOZdOdZS0m.jpg,N,real
mXviXeI568.jpg,N,real
VwapSqv5Of.jpg,N,real
ilPVhAtcyR.jpg,N,real
KRaO2CbuZX.jpg,N,real
superimposed_AQiKLJnpUj.jpg,N,super
RgW0MwlaCZ.jpg,N,real
mznBhVsHPM.jpg,F,real
amhHtLZNps.jpg,F,real
S5HrunlYOM.jpg,F,real
1MMkYZz0xd.jpg,F,real
T6TmJrIjjd.jpg,F,real
mNyhbuewlR.jpg,N,real
mtHVhZyTfj.jpg,F,real
mnIzNPVVXK.jpg,N,real
TxXR5w9VH8.jpg,N,real
vBrOUexxJj.jpg,F,real
X0m3TOVGKd.jpg,N,real
D1AHlsoD5n.jpg,F,real
MOSP5eZ4LQ.jpg,F,real
wVHyFw4RlF.jpg,F,real
uohaJcRozT.jpg,F,real
cPERLGD7xc.jpg,F,real
FfpC2zlSR8.jpg,F,real
EZFHv3RAhv.jpg,N,real
oG8i1D8QXF.jpg,N,real
YN6lcCl2XZ.jpg,N,real
M6JGW3c9wZ.jpg,N,real
MRsw650f69.jpg,N,real
3za2y9zuLV.jpg,N,real
ZDXNIDxnJV.jpg,N,real
superimposed_pSvrToJ9Ve.jpg,N,super
qUgVW7YX6r.jpg,N,real
v87hGR52JX.jpg,F,real
kBeiRQ1jA4.jpg,F,real
hEvud4jSp1.jpg,N,real
superimposed_CvGKUpcJtY.jpg,N,super
superimposed_1138.jpeg,N,super
yk1gwm9nNG.jpg,N,real
superimposed_zUsEWGWwRd.jpg,N,super
kQBsFnNICT.jpg,F,real
kbDXqRd2CY.jpg,F,real
EkkGwck8iK.jpg,N,real
sfzTQY4rMU.jpg,N,real
0ZR5HZpNgX.jpg,F,real
Ukx5ig55Hf.jpg,N,real
superimposed_ofYRv5xgwH.jpg,N,super
superimposed_bOKQsRM4Iy.jpg,N,super
8364546Pso.jpg,F,real
DYB3PzuWIM.jpg,F,real
cg3pQIBWoO.jpg,N,real
bdtvTMA1Zh.jpg,F,real
Ar35BMyMWQ.jpg,F,real
nuGahlubcD.jpg,N,real
dScbhVBagL.jpg,N,real
UY58t5cWSn.jpg,N,real
JttV1s5E6W.jpg,F,real
TLvcb5aPjh.jpg,F,real
XbRYLOGH2F.jpg,F,real
Tzq3WbWvbC.jpg,F,real
superimposed_QiI9VtLF2r.jpg,N,super
z9Z7Vh7Hkj.jpg,N,real
X0Sr2ZjS1Z.jpg,F,real
3ul6IedxnH.jpg,N,real
d2cAkU0ugx.jpg,N,real
HBiJaLOuvx.jpg,F,real
oxHsXtOqGn.jpg,N,real
WplsxvbAAM.jpg,N,real
WWXT17pGEv.jpg,N,real
2ETxzqJtkR.jpg,F,real
2kkENVo24F.jpg,F,real
2SzOsnCdsK.jpg,F,real
Tf6MuLvSER.jpg,N,real
6Q9tks1QFu.jpg,N,real
F3tA0hHKmr.jpg,N,real
3uuSkg7HQT.jpg,N,real
bMtDHc0cGQ.jpg,N,real
Rmuzs1wULy.jpg,F,real
4ZfkKVXe42.jpg,F,real
csBN1sIjjD.jpg,F,real
QyFXcXmTWc.jpg,N,real
O3ORBJxCxO.jpg,F,real
U9gZry2Sbs.jpg,F,real
tfu2XE7G0t.jpg,F,real
Moy8tPQpmr.jpg,F,real
hAmR28qHpv.jpg,F,real
superimposed_kUa1KCI4JG.jpg,N,super
7ElMKmxxNH.jpg,N,real
9CimxUSQuj.jpg,N,real
hjYXAyhFKN.jpg,N,real
superimposed_IDlxAtbE5m.jpg,N,super
iUe2K6sNY5.jpg,N,real
u4tkKC44Dr.jpg,N,real
superimposed_1006.jpeg,N,super
superimposed_1389.jpeg,N,super
cep1YXZx8x.jpg,N,real
PdnOUoef5d.jpg,N,real
xkcqlRFYRH.jpg,F,real
TCTiZOnukO.jpg,F,real
g4dYwlX9Fw.jpg,N,real
QEY7IiNLYJ.jpg,F,real
YIqeLuBsZW.jpg,F,real
oXnRRxM2jt.jpg,N,real
aHHojj94KW.jpg,F,real
1or1BmOAZn.jpg,F,real
iXr5hhYUcC.jpg,F,real
OjaKJMKe3q.jpg,F,real
OWxo3Wq01q.jpg,F,real
S8xiiWZTiB.jpg,F,real
superimposed_1116.jpeg,N,super
F6YbRiZiGa.jpg,F,real
I7PI3bqnNj.jpg,F,real
5DcQ6PIWc0.jpg,N,real
OraUjfZloh.jpg,F,real
Jxas0EcSAY.jpg,F,real
dylg4PP6vX.jpg,N,real
dFYD0HNOnR.jpg,N,real
fi1Ny8wbZY.jpg,N,real
XbTipwg1J5.jpg,F,real
I2F0HSjq7c.jpg,N,real
superimposed_U4nLICue92.jpg,N,super
JByvWDGVzy.jpg,N,real
YSHVhFasnB.jpg,N,real
superimposed_Hm9bvEy2Uq.jpg,N,super
superimposed_R86YcbNmZo.jpg,N,super
xixF8aQRdV.jpg,N,real
B0H037CcIJ.jpg,N,real
AsZpwXaaB5.jpg,F,real
superimposed_HGZjst9LNP.jpg,N,super
superimposed_e3NBXSEZkY.jpg,N,super
superimposed_YRkytjfcOj.jpg,N,super
superimposed_3kmd3ZqVPt.jpg,N,super
H1ncDbsW2w.jpg,F,real
iaPDSGekbY.jpg,N,real
xYIL5IVisS.jpg,F,real
GxQIKg0Xco.jpg,F,real
superimposed_OyQchtTnBF.jpg,N,super
xyVAukVmfw.jpg,F,real
superimposed_tIRq431hEi.jpg,N,super
CRnK6bqba5.jpg,N,real
superimposed_9tVWD3iGcE.jpg,N,super
superimposed_1089.jpeg,N,super
VlSfyNEdwq.jpg,N,real
QnadTTAeZd.jpg,F,real
o8NB0djqlr.jpg,F,real
Fe8VAYxdy2.jpg,F,real
pQmFZmbKlE.jpg,F,real
VVhiU3esxm.jpg,F,real
superimposed_HcWmEtcoHp.jpg,N,super
RQ2VipEDHv.jpg,F,real
YOfrNrkLv6.jpg,N,real
gGOM2JdxKL.jpg,F,real
FjNRUGuuC5.jpg,F,real
wlRlHhydrN.jpg,N,real
fj91IV7WJ0.jpg,N,real
ovZBogNMtP.jpg,N,real
superimposed_LbaHTKuvUa.jpg,N,super
fkPy9sQu22.jpg,F,real
superimposed_WuDWkmcof8.jpg,N,super
superimposed_ph2VDkRBGZ.jpg,N,super
2eO9ueRKAz.jpg,N,real
superimposed_FOF64W4cZl.jpg,N,super
SDKWgzP30f.jpg,F,real
56dA0vV85g.jpg,F,real
TPTr7HJetg.jpg,N,real
LhkTD4oLL2.jpg,N,real
eRrRroq0F2.jpg,N,real
k6ve0rmvtr.jpg,N,real
z29WFwHICp.jpg,F,real
superimposed_w4QQ9mv8uu.jpg,N,super
bkBVnpkBos.jpg,N,real
yj5e7VYpHl.jpg,F,real
mLkJGbz4rd.jpg,F,real
ZaSU3w2kKa.jpg,N,real
2RUSuIYY3d.jpg,F,real
dLpBogeEic.jpg,N,real
ENEW5WH5MC.jpg,N,real
RKfScCutMw.jpg,N,real
glZRqNpCzV.jpg,N,real
fmPMVdcRzT.jpg,N,real
kABJ1gZGqw.jpg,F,real
WgmyIUMXkN.jpg,F,real
superimposed_hUt4ATkywX.jpg,N,super
DJggQz9WXj.jpg,F,real
Q7GgqWf5vR.jpg,N,real
fE2EtZ9pRN.jpg,N,real
superimposed_z0bsMDE2P1.jpg,N,super
Eb0Yr9N6PI.jpg,N,real
1zbgQ0mGRH.jpg,N,real
x0VayrHyiB.jpg,F,real
iralWduhuO.jpg,N,real
superimposed_6SySFAMQru.jpg,N,super
SFLZZn1Un6.jpg,N,real
CpnxPqLak5.jpg,N,real
QEcZuLS1PV.jpg,N,real
4wkKPPKN3K.jpg,N,real
RkWF8OvPkq.jpg,F,real
ooC6XxL9my.jpg,N,real
eUcdh5LcuR.jpg,F,real
tSpbZ2j6en.jpg,N,real
vmoItYWCi4.jpg,F,real
dl8aRC1hiP.jpg,F,real
rCJVPAv1LP.jpg,F,real
G451jeDF1C.jpg,F,real
HBxzjZXWP2.jpg,F,real
superimposed_XwYBtpYEmu.jpg,N,super
gFSfWDDqnu.jpg,N,real
Wv6TvVoh09.jpg,F,real
33vhEayQ1v.jpg,F,real
a5fippdYmX.jpg,F,real
BlYouPm7tG.jpg,N,real
udSd9pQar6.jpg,N,real
M8Wmv7CE3n.jpg,N,real
HmCzHmd4VF.jpg,N,real
8rN0gdwlcg.jpg,F,real
superimposed_8nzpZ04lNe.jpg,N,super
giLxrGUE7K.jpg,N,real
DnKdJ840hv.jpg,F,real
superimposed_1005.jpeg,N,super
8eJGv9RTYS.jpg,F,real
InoQfeQo7n.jpg,N,real
superimposed_LIusqjRkmP.jpg,N,super
superimposed_RJpZPWOlZU.jpg,N,super
Z0PoDvr2t5.jpg,N,real
NtWeY8oP6W.jpg,N,real
d8sDultuGn.jpg,F,real
15YsUm6987.jpg,N,real
6C0kge50qY.jpg,F,real
superimposed_GmIBH2TPC9.jpg,N,super
superimposed_YNtVlKBTkR.jpg,N,super
IAHA8Lx3CB.jpg,N,real
8IMI3TKtdz.jpg,N,real
aGED69i159.jpg,F,real
JfgG56V97Y.jpg,N,real
5nEYP4LJzB.jpg,N,real
fN5SQZQgYk.jpg,N,real
PJNYs9UHdF.jpg,F,real
HWFdSjsXJP.jpg,N,real
superimposed_zPGJom9t45.jpg,N,super
wgJXKPPKdL.jpg,N,real
4fIgyLYicy.jpg,F,real
Am9kKej3O4.jpg,N,real
x2iDh2hIgM.jpg,N,real
superimposed_5LRXSVCuD7.jpg,N,super
59VmzuVEhz.jpg,N,real
Ibg8ICqLJH.jpg,N,real
7ceULu7SQX.jpg,F,real
superimposed_1244.jpeg,N,super
Vqd90Tjaet.jpg,N,real
NPKJH2sjgG.jpg,N,real
qyh3j0um3k.jpg,N,real
R6noego2sB.jpg,F,real
GE6hrUZqXB.jpg,F,real
kNkK8AlQS6.jpg,N,real
8eLhvpjoqM.jpg,F,real
6pTKSghwaQ.jpg,N,real
j9kDwuqH2c.jpg,F,real
70IYGy4je9.jpg,F,real
QhjQkQN84D.jpg,F,real
XEkBw765aA.jpg,N,real
3cEuGebm7w.jpg,N,real
4RUT6EoR3I.jpg,N,real
y56Ic40NSO.jpg,F,real
7T04JwgYwq.jpg,F,real
XUs3NAGtUv.jpg,N,real
Yw97dnSu4x.jpg,F,real
k27jOVOLV6.jpg,N,real
superimposed_4WexdPSo7Q.jpg,N,super
luSXbWn8Ti.jpg,F,real
rWBIJovsWL.jpg,F,real
superimposed_DalnJqfAMl.jpg,N,super
B2hJu3tGlI.jpg,F,real
8ZxKVkITdQ.jpg,N,real
Z7jVn3zqGx.jpg,N,real
Z1Qviw57Dz.jpg,F,real
LBEmyVZIrI.jpg,N,real
dagPujFcbE.jpg,F,real
h22v9XDbqU.jpg,N,real
TfKjlNO4O3.jpg,N,real
L0gxxG8Y4t.jpg,N,real
D4mAxPi5Z9.jpg,N,real
jzj8AB7ynW.jpg,F,real
NpsGnwpHbZ.jpg,F,real
RBbqe4IYvl.jpg,N,real
fqbiNnlWM5.jpg,F,real
LskEUc1w7X.jpg,F,real
t51h5rLa41.jpg,F,real
superimposed_cAvAqV5NnU.jpg,N,super
twdGEpSIEd.jpg,N,real
olv1Vbtyfu.jpg,F,real
crhlN6HhES.jpg,N,real
NxqtWI5mpm.jpg,F,real
pjswNDKRgH.jpg,N,real
5Plh53WGIG.jpg,F,real
VRyjg3VV1b.jpg,N,real
superimposed_cOPp7eFyRA.jpg,N,super
UlkdWxMquh.jpg,F,real
UpHE5w9XEG.jpg,F,real
5t7rPAhPzK.jpg,N,real
vOq4MUvbiG.jpg,F,real
6LZzSWI8Tz.jpg,N,real
BdNFGwnKvl.jpg,N,real
vlr3J3AHFX.jpg,N,real
hBGIB71VYz.jpg,N,real
3MOyNjTqSj.jpg,F,real
JoLhFMn3cX.jpg,N,real
RdVBteKZk2.jpg,F,real
o0oTERLWpl.jpg,F,real
g2rablHUTL.jpg,N,real
1hZZLIEZA0.jpg,F,real
superimposed_gwDzjY8l3C.jpg,N,super
bfe6CjQAeH.jpg,N,real
l8kPVbFzjZ.jpg,N,real
6XUlb8JjKe.jpg,N,real
XwFocxdy3P.jpg,N,real
muBjErehbr.jpg,N,real
ujrluGWnLy.jpg,N,real
LrWCyv3Ggq.jpg,N,real
IMOyX9oyL0.jpg,N,real
Jxiju3cpGA.jpg,F,real
K4PgzFgVxq.jpg,N,real
mhPCov4hp0.jpg,N,real
9OeIhgv6Ba.jpg,N,real
DfZkwItgfl.jpg,N,real
0aB6jthUv3.jpg,F,real
2inS4KhrNI.jpg,N,real
85UVEzqtEs.jpg,F,real
1gzQOeJmA4.jpg,N,real
EDRhTcFq3L.jpg,N,real
Q9Nm523ZgM.jpg,F,real
in8XdCx2pr.jpg,N,real
jZ6mcPdhdk.jpg,N,real
superimposed_1412.jpeg,N,super
SrGJM9ncVL.jpg,N,real
superimposed_CLxYHooePH.jpg,N,super
OvZie0T9Rx.jpg,F,real
superimposed_3ul6IedxnH.jpg,N,super
kWhwJs5KCw.jpg,N,real
xRhzpsLs3K.jpg,N,real
fZHYJs06mw.jpg,F,real
smolUGpelr.jpg,N,real
wM7A8bHvYT.jpg,N,real
T1aqyBNe58.jpg,N,real
BZpc8yzSbq.jpg,N,real
superimposed_kXuIzbb9Pi.jpg,N,super
moA7eFjWTw.jpg,N,real
1uQZrHytD4.jpg,F,real
superimposed_I8E4fjIU1d.jpg,N,super
fnalScCY8L.jpg,N,real
zeXKCorA6B.jpg,F,real
Mn8PigYGgS.jpg,F,real
superimposed_KWkT4YHkhb.jpg,N,super
ApV4xT7YP4.jpg,F,real
mgm9YrZQ27.jpg,F,real
kiLSH0C59u.jpg,F,real
superimposed_JWn7MUKuBl.jpg,N,super
MgDJEBsrAH.jpg,F,real
1lwL7t5M7c.jpg,F,real
superimposed_xkgqmewlaj.jpg,N,super
9upLsYyStv.jpg,F,real
HV8HbHCIIC.jpg,F,real
qxXbwVmkHl.jpg,F,real
oepIffyZ1b.jpg,F,real
be4FUm1j95.jpg,N,real
BaTMEyaifC.jpg,N,real
wc0IubxTwt.jpg,F,real
PlrRrlgHop.jpg,F,real
RZedcG4JTB.jpg,F,real
UttzbKxFNF.jpg,F,real
superimposed_Vyn5N66JQf.jpg,N,super
KxKgRKO8j2.jpg,F,real
LEkjrY79bu.jpg,F,real
Ef6CkUO2Hs.jpg,N,real
QYNttgJork.jpg,N,real
p9LGbxaqu9.jpg,F,real
superimposed_zgtWhzYs6k.jpg,N,super
c76jAFjVLd.jpg,N,real
T5HjllXIh6.jpg,N,real
o5JpIOoFQq.jpg,N,real
superimposed_YpsqIJzY98.jpg,N,super
OOsve3szCx.jpg,F,real
aFkxf3f3Sg.jpg,F,real
BP2lpXmSgB.jpg,N,real
ts2TybOA44.jpg,N,real
superimposed_0plVVP2BLw.jpg,N,super
xSPEFshlzW.jpg,F,real
WjDBPod3Jf.jpg,N,real
fi1OAAJDZH.jpg,N,real
FztSzme9oO.jpg,F,real
superimposed_1102.jpeg,N,super
MZ14zLRMuG.jpg,N,real
ZF2R1Zcyl9.jpg,F,real
GFTcPX6JnS.jpg,F,real
superimposed_XwFocxdy3P.jpg,N,super
exjMz2xMVf.jpg,F,real
Wi80FysdhI.jpg,F,real
KOWWHFvRYj.jpg,N,real
X1tc02dL4K.jpg,F,real
WwtGqkwoay.jpg,F,real
xcxYMICR6d.jpg,N,real
superimposed_A4w3IwCJ5T.jpg,N,super
P2Ze3Ru9PY.jpg,N,real
csKJg43dTk.jpg,N,real
superimposed_mU9eA8alMr.jpg,N,super
wVu7FGdTLr.jpg,F,real
Eal2G9Mneq.jpg,N,real
4BSZDwNrT8.jpg,F,real
superimposed_VN2oZc8Zoz.jpg,N,super
ZOVkbY6s3z.jpg,F,real
WtKQP0nhCy.jpg,N,real
8JsVJEZIVj.jpg,F,real
BN1NVmSfPZ.jpg,N,real
superimposed_k6PN1ycAyp.jpg,N,super
cH29aRi6hB.jpg,F,real
ybRvI7TyZr.jpg,F,real
UIKgm9jilt.jpg,N,real
FXLZfJ4FC3.jpg,F,real
superimposed_1087.jpeg,N,super
c88sFyZwwR.jpg,F,real
sazSAVs8Vo.jpg,N,real
ptChFjIVK6.jpg,F,real
LsxeQeKJnQ.jpg,F,real
rNynIG8fmw.jpg,F,real
eN6VeGEXIA.jpg,F,real
SCgw40Yb4a.jpg,F,real
superimposed_KbIheF4xxU.jpg,N,super
d2gaM7glSn.jpg,N,real
4rqvDvUFut.jpg,F,real
2LgZiqrFPp.jpg,N,real
iJxS2vzc9j.jpg,N,real
sLgPdMFRPA.jpg,N,real
M75zf9fi8p.jpg,N,real
sqE3qMh0xT.jpg,N,real
superimposed_iralWduhuO.jpg,N,super
superimposed_NUlBYkvEAZ.jpg,N,super
R3c1znrqM0.jpg,F,real
cbCFIL9guT.jpg,N,real
L62BdNMgyY.jpg,F,real
mIb6l3nlx1.jpg,N,real
superimposed_1327.jpeg,N,super
ayNG5vH3Or.jpg,F,real
G19GyZipX4.jpg,F,real
eFXekIbRXX.jpg,F,real
kICZbnHkJi.jpg,F,real
9yXwmiTRur.jpg,F,real
d6Dnhu379x.jpg,F,real
superimposed_RqNroS2Ld8.jpg,N,super
superimposed_1105.jpeg,N,super
iv995rPEFl.jpg,F,real
wahNqchUIE.jpg,F,real
superimposed_IEB7n0YiZi.jpg,N,super
hHV9dwXuxi.jpg,F,real
BO8q3fUzBb.jpg,F,real
Ax1EgiggPM.jpg,F,real
5fzy46mtPZ.jpg,F,real
eBrPSLwjI5.jpg,N,real
BuTkpOwgpq.jpg,F,real
D6E5xiazy2.jpg,N,real
JRyFBgG0Y1.jpg,N,real
mR90YZXEpo.jpg,F,real
K1cm0GqHZg.jpg,F,real
liG3Ii10zA.jpg,F,real
brMK41U1iw.jpg,N,real
CGCNQRrGvo.jpg,N,real
74wnrB2Sdh.jpg,F,real
HziPl39Syn.jpg,F,real
superimposed_o5JpIOoFQq.jpg,N,super
8VSd0ZX8UU.jpg,F,real
BH4vGsEFGv.jpg,F,real
WCSZlmlzwQ.jpg,F,real
vdJWCdClyE.jpg,F,real
ce5BX4Gqpa.jpg,N,real
tCfU0JZimm.jpg,F,real
l3VnPo9dU4.jpg,N,real
XsouKHsKho.jpg,F,real
gs3VBc6DMO.jpg,N,real
superimposed_JEQi2ZzMHs.jpg,N,super
superimposed_yI46pelKcK.jpg,N,super
HLFmKfbEwV.jpg,N,real
74UOq6NKrm.jpg,N,real
EHqbBcSOlE.jpg,F,real
superimposed_yZqnYEgKo8.jpg,N,super
naLGk8VeYy.jpg,N,real
SivAtocWG0.jpg,F,real
RqBNq1Z9UY.jpg,F,real
uX0G3vWVoK.jpg,N,real
QFgsCss7Xu.jpg,F,real
iMp4pZtTQX.jpg,N,real
superimposed_NfEhe2ggIA.jpg,N,super
QLbHWemL9z.jpg,F,real
4bLT9kyNHM.jpg,N,real
4JhbHCK121.jpg,F,real
had29Cwj13.jpg,N,real
superimposed_NFgC9kG0OZ.jpg,N,super
vSvHBr41ip.jpg,N,real
ceLc1ywOMk.jpg,N,real
toI9xCnO3L.jpg,F,real
r5NnCLOqoO.jpg,F,real
URFs3Xq1lA.jpg,F,real
4JMsUPTiko.jpg,N,real
5GRqZ6u4U7.jpg,F,real
hNtfmoxMN6.jpg,N,real
BarYDE1xVD.jpg,F,real
a9nOvEDOsJ.jpg,F,real
uJxhrrdfcR.jpg,F,real
v4XMJC7Kuo.jpg,F,real
GY4WscOh3U.jpg,F,real
HAP3Cy9Ztv.jpg,F,real
piauxXROqL.jpg,N,real
iPr6Ga0BMo.jpg,F,real
kux47OKM4i.jpg,N,real
superimposed_T1aqyBNe58.jpg,N,super
VQmtZCTpJ6.jpg,F,real
I63AV1Asj9.jpg,F,real
ief5dMLVR8.jpg,N,real
z9FXFQv0nJ.jpg,F,real
yUNnKoPhdw.jpg,F,real
V9G5eKkyO2.jpg,F,real
VrlcowMipT.jpg,N,real
superimposed_1202.jpeg,N,super
LCKf05yliy.jpg,F,real
RCXTwghTA5.jpg,F,real
TqP5nzr4wE.jpg,N,real
myvMHC6b1x.jpg,N,real
ANURodt2JC.jpg,F,real
mcfGjCloMZ.jpg,F,real
lrnF2tFjcT.jpg,F,real
superimposed_1287.jpeg,N,super
squYNYrzTU.jpg,N,real
superimposed_gOPogE4wya.jpg,N,super
9Dnanfp3eX.jpg,F,real
superimposed_Sl00FymRog.jpg,N,super
GnLjYx6smO.jpg,N,real
aX9piFiu6h.jpg,N,real
MDAf0wKEyo.jpg,F,real
LNKWm6Z0oF.jpg,N,real
uZZbhxCGBo.jpg,F,real
cOPp7eFyRA.jpg,N,real
WAanZNzMTU.jpg,F,real
tAH0634H1Q.jpg,N,real
y99oZkgnvC.jpg,N,real
IDsdoqA5m3.jpg,N,real
VMSvaPaVVZ.jpg,N,real
hHAcxrqC7j.jpg,N,real
aVt70RJwv4.jpg,N,real
DSPVnjUp1v.jpg,N,real
superimposed_VNY4RQ05g2.jpg,N,super
7ndel1to08.jpg,F,real
iF4C62L85x.jpg,F,real
cku9Q7J4Zu.jpg,F,real
djonYIE839.jpg,F,real
eSBF7LjSzz.jpg,F,real
8zlNszDwuR.jpg,N,real
bQPksTHfTJ.jpg,F,real
5SbRSTRXHY.jpg,F,real
TPkPOGzfvi.jpg,N,real
superimposed_RrJrm2x5Gq.jpg,N,super
ZPcBBltzeg.jpg,N,real
foFRatuv8h.jpg,N,real
j8qoTZxbAg.jpg,F,real
SGSMhUoNIf.jpg,N,real
JI62AK8ROM.jpg,F,real
2T5TvnBwz3.jpg,F,real
Sno0N6wnWT.jpg,F,real
3g1MXdhrfo.jpg,F,real
vmkzfYrvWu.jpg,N,real
tkPOCc2i49.jpg,N,real
Oin7dto5gL.jpg,F,real
gwsur37cHb.jpg,F,real
JnBIiEX4zF.jpg,N,real
q7PsxVKxX1.jpg,F,real
QH4A3oVBXc.jpg,N,real
superimposed_nMpDYjjGG7.jpg,N,super
superimposed_ZCl1Svop0X.jpg,N,super
q7aDjOHcwH.jpg,N,real
qwWbFYQWpN.jpg,F,real
superimposed_CJJg6UNt4R.jpg,N,super
lrUzpVi58g.jpg,F,real
OyQchtTnBF.jpg,N,real
Tb8TsyuluT.jpg,F,real
ndpz44KRJy.jpg,F,real
cPeiwuxgP4.jpg,N,real
jNkVzRfFMS.jpg,N,real
OJfVRODDfX.jpg,F,real
bKNjrBJRsf.jpg,F,real
ojhTGMEF9X.jpg,N,real
W0e27ZzZaW.jpg,F,real
62Z7wUPXj5.jpg,F,real
Mc4q7MyEdG.jpg,N,real
superimposed_1226.jpeg,N,super
tM0a2cQ8Xf.jpg,N,real
lWlRHA4syY.jpg,F,real
ALhA7ldxy2.jpg,F,real
9hHhoaFfnc.jpg,N,real
superimposed_bHRjHYKBue.jpg,N,super
s5Q5Geeri1.jpg,N,real
msuANr7Cfy.jpg,F,real
superimposed_0V2etkTuv7.jpg,N,super
HkteKZ1dnK.jpg,N,real
4uBfCgg0j7.jpg,N,real
IIn4Jya4PM.jpg,N,real
PcvPtoSuPy.jpg,F,real
5wBWz4LSKK.jpg,N,real
superimposed_hwVs1VspLB.jpg,N,super
cyIWFXiMnI.jpg,F,real
Lyjit83wgI.jpg,N,real
KJaB0Av4dz.jpg,F,real
zWvxzDnt5R.jpg,N,real
5KBkzgMwEV.jpg,N,real
neqrVRIwPP.jpg,N,real
cp1fyhK5uF.jpg,F,real
l7l9bztjbp.jpg,F,real
D6yU85WHif.jpg,F,real
aNtTNM5GvG.jpg,F,real
z0bsMDE2P1.jpg,N,real
superimposed_AIZYXgWkbV.jpg,N,super
Mut7FYNQn8.jpg,N,real
XEIGMQjb6F.jpg,F,real
Aw2PnPlFGm.jpg,F,real
FXdxVm4Jdq.jpg,N,real
5kOvns7Urn.jpg,N,real
iE1V37cfxF.jpg,F,real
superimposed_iV2ZR7jVV6.jpg,N,super
Hr3NGjJxaF.jpg,F,real
zStg3RDOu8.jpg,F,real
superimposed_Exj7zQv4MP.jpg,N,super
wSHLuH1zSP.jpg,F,real
YK6ZrZfJuf.jpg,N,real
bvql1vpiSe.jpg,F,real
3W8peKKEhr.jpg,F,real
M5Sa1nXo8g.jpg,F,real
LbaHTKuvUa.jpg,N,real
DzUL8TszjY.jpg,N,real
hJWxweleNi.jpg,F,real
superimposed_dyrfuoqQiC.jpg,N,super
superimposed_QozYJiBFHT.jpg,N,super
ulxKm8SRZr.jpg,N,real
k7qY55eH9H.jpg,N,real
srTIlUMV53.jpg,F,real
Xmy9UA7aTs.jpg,N,real
RcEac3q8kS.jpg,F,real
superimposed_XLyuT26c2i.jpg,N,super
superimposed_iAuRVBJfUm.jpg,N,super
VPAwSlsA4K.jpg,N,real
z7Nikg4wm0.jpg,N,real
EHOAKO5Qyk.jpg,F,real
CKXsWlaI3q.jpg,N,real
CuDJ4QNfTx.jpg,F,real
H7xes8Zr9K.jpg,F,real
hfNzZAO7zg.jpg,N,real
zbnZuMczPi.jpg,N,real
superimposed_uX0G3vWVoK.jpg,N,super
utqsdEsaZD.jpg,F,real
B6qa4jVrkd.jpg,F,real
mzpYhp0Kzm.jpg,F,real
JMZtA0o6hG.jpg,N,real
LE26U3Yskx.jpg,N,real
ha792IgIYY.jpg,F,real
superimposed_aFGmupBXCE.jpg,N,super
XwtfhEGfV9.jpg,F,real
superimposed_bNzR2hkByT.jpg,N,super
TUZ3CodNMe.jpg,N,real
4mc91gqfXn.jpg,F,real
RNaCOgSegs.jpg,N,real
K3gygcntT5.jpg,N,real
JzfT0t2Vr8.jpg,F,real
6mYRjcalka.jpg,F,real
superimposed_cGa3cQU3Mi.jpg,N,super
cKAMlxXyXm.jpg,N,real
I1L0k3Nadp.jpg,N,real
superimposed_GJrcdxf6GX.jpg,N,super
dlZnUjS7ze.jpg,N,real
rF2rdKSv3O.jpg,N,real
superimposed_LJ10pt1zsV.jpg,N,super
stt0xTtOMs.jpg,F,real
2PPNv9nh3Q.jpg,N,real
superimposed_1311.jpeg,N,super
8i5yt6NAiX.jpg,F,real
ba9ew3anfF.jpg,F,real
XJK9kO6W9O.jpg,F,real
bAcDLM8eDm.jpg,F,real
QS1jNE9oiL.jpg,F,real
6YNJHc0H3V.jpg,F,real
superimposed_wLM93dAWeI.jpg,N,super
rfFiWrvgYy.jpg,F,real
6RY3CAGBVc.jpg,F,real
1hIrsE2UhM.jpg,F,real
f6nnV1cqZ1.jpg,N,real
QzmbUMaBFp.jpg,N,real
70WlICWnju.jpg,N,real
AtJmSEfDOx.jpg,N,real
uSxUkRedMV.jpg,N,real
6vPEuxWTv8.jpg,F,real
superimposed_eEMitPJMy1.jpg,N,super
N7dSlNDHjL.jpg,F,real
OD6wx7OAUP.jpg,F,real
STEXVzYGxf.jpg,F,real
GYeNhMpgCw.jpg,F,real
superimposed_2VdNr7388i.jpg,N,super
Mggdmi3hus.jpg,N,real
MCg7vgwGHO.jpg,F,real
jbQqi83t2L.jpg,F,real
YGSipav5Mk.jpg,F,real
7iZjCREyzp.jpg,F,real
OcKAtfuSjN.jpg,F,real
TKUzspcnkS.jpg,N,real
superimposed_1125.jpeg,N,super
elUInBPIkj.jpg,F,real
n57jSrMV5O.jpg,N,real
vzrOmJexMo.jpg,F,real
X0LwbxqLq0.jpg,N,real
i435UBBYg3.jpg,F,real
eVIV65Xtt8.jpg,N,real
superimposed_1128.jpeg,N,super
IQBVfMKCT3.jpg,N,real
69lTxgZ0z1.jpg,F,real
83bquX3qNg.jpg,F,real
ifWt65nShA.jpg,F,real
superimposed_kcefa0Sp7h.jpg,N,super
fBMJidf3Nt.jpg,F,real
gWsVQTh6wZ.jpg,N,real
qUifpomujr.jpg,N,real
VWqEiAoBho.jpg,N,real
AbYDhI5euk.jpg,F,real
dnc9a4ufQs.jpg,N,real
jxoSEM0ztb.jpg,F,real
superimposed_1264.jpeg,N,super
MTMLVYM804.jpg,F,real
9w6HAO4vxF.jpg,F,real
5G14DNNod9.jpg,N,real
bxROqgLT7j.jpg,F,real
HKLci8IL4N.jpg,N,real
hqkTegY2Sc.jpg,N,real
v6J5iObzK9.jpg,F,real
oUdq5lzTN9.jpg,F,real
FS6actJoge.jpg,N,real
gQLFozAMsY.jpg,N,real
eQfICdFfit.jpg,F,real
fdAeiI3woL.jpg,F,real
superimposed_1190.jpeg,N,super
m1it8oz5x5.jpg,N,real
9MbU7ZvI90.jpg,N,real
superimposed_1254.jpeg,N,super
qGFfu2iX9i.jpg,F,real
EfyW73OkmT.jpg,F,real
3f8y2lFKTT.jpg,F,real
hJ7uUOu9bW.jpg,N,real
9DZAHWaQX5.jpg,F,real
6iKIDydymC.jpg,N,real
superimposed_UGyUnUVE88.jpg,N,super
zBRUKgjCiF.jpg,F,real
9c5mBBRJsJ.jpg,F,real
IRH8TzVIVJ.jpg,N,real
zXH4NlMV4T.jpg,N,real
9SCeHQwqDA.jpg,N,real
nSs3diJNdV.jpg,F,real
uFvOUWJiYK.jpg,F,real
dwL67XKJhn.jpg,N,real
j5SqmFk586.jpg,F,real
gtIEwxdn02.jpg,N,real
QfsOOKVFxF.jpg,F,real
hBqkaldb66.jpg,F,real
WfoQLuBMwt.jpg,N,real
WGjHxbb1zL.jpg,F,real
SXMXSnexCu.jpg,F,real
superimposed_NoWFmqehmM.jpg,N,super
GQE2EaVEl6.jpg,F,real
Wo31wNTaYz.jpg,N,real
8cgEYy13PY.jpg,F,real
bvQy9f5rlc.jpg,N,real
DmOsGxqb2d.jpg,N,real
qRuTqr0mo8.jpg,N,real
rZyDBtp9Ke.jpg,N,real
I9JFBEUspW.jpg,F,real
deuE6CIFFZ.jpg,N,real
SdGMv0hBjc.jpg,F,real
VI7kR743HL.jpg,N,real
0iV0MVQFvT.jpg,F,real
rhtiLma4iw.jpg,N,real
4fYyhizJPd.jpg,F,real
superimposed_WXmo46iw6H.jpg,N,super
Or4XiA4D1j.jpg,F,real
RCHMbttv6f.jpg,N,real
ULN7Jep7xw.jpg,F,real
sw1Fc54pM3.jpg,N,real
cy0pENuU9n.jpg,N,real
FUdeeAydQw.jpg,F,real
Ep39B0unKA.jpg,F,real
yFeylMcZaS.jpg,F,real
7Q8vWBKUP5.jpg,N,real
2H4ecLkfSG.jpg,F,real
4DsGZC8kEA.jpg,F,real
OfnBqEUh5s.jpg,F,real
ZZ7Iw5ByYY.jpg,F,real
superimposed_IVwCGP0rGm.jpg,N,super
uIYKil2ur0.jpg,N,real
WFnS5xM8RI.jpg,F,real
superimposed_oQtct0QjgD.jpg,N,super
GmIBH2TPC9.jpg,N,real
QcjhzrLHPT.jpg,N,real
i4NYVpSrlu.jpg,N,real
Qnfm3tYndm.jpg,N,real
DVZOlNBuvS.jpg,F,real
5a0GtvERgt.jpg,F,real
ixPmQN4j5m.jpg,F,real
JmEjYszuIa.jpg,N,real
8uD6hV0Wim.jpg,F,real
AxR05cKqn7.jpg,N,real
T1CSL4UPOU.jpg,N,real
KN4XIpcqxZ.jpg,N,real
superimposed_3cEuGebm7w.jpg,N,super
LoOVAdKAPX.jpg,F,real
cU545SdC3c.jpg,N,real
ohQila070a.jpg,N,real
l4v9CglcCV.jpg,F,real
BUjbi8wQqD.jpg,F,real
zPGJom9t45.jpg,N,real
ZJiz9dC5US.jpg,F,real
U1XrS9oVIk.jpg,F,real
vMIrXsBWaO.jpg,F,real
YomBX3WaRm.jpg,F,real
9uvCyrxXzf.jpg,F,real
1FMsVBFsVn.jpg,N,real
OD0kIETIrO.jpg,F,real
mRXO2ez6jx.jpg,N,real
N64ao3sJmx.jpg,F,real
GenkP78wF6.jpg,F,real
superimposed_M531VwdgDK.jpg,N,super
x9CZ4JS9OE.jpg,N,real
superimposed_WFptglLsBA.jpg,N,super
3ZWAlbIbRx.jpg,F,real
d1WgzZ6pDV.jpg,F,real
T78SYshPjT.jpg,F,real
TuE5hTSgPY.jpg,N,real
KQevegY5Rk.jpg,F,real
superimposed_1279.jpeg,N,super
superimposed_CgHehQsRmk.jpg,N,super
hWJKPslHoH.jpg,N,real
FWXXQcG8Uf.jpg,N,real
NIjCeCTHf9.jpg,N,real
7WVooybyw2.jpg,N,real
XY78p4xhqv.jpg,F,real
6nEDkG4RQv.jpg,N,real
superimposed_n5PR5wETtw.jpg,N,super
AJzRiKtQGw.jpg,N,real
YxKufwjYYV.jpg,N,real
WIK8f5vu1U.jpg,N,real
KjpRXG75lj.jpg,N,real
superimposed_NOvMLUZBS8.jpg,N,super
superimposed_1221.jpeg,N,super
r7YKEbiXKo.jpg,N,real
0hR9QzR4yP.jpg,N,real
aMNayZDOif.jpg,N,real
3kh9kpD6gn.jpg,F,real
LsWCHMFTTP.jpg,F,real
0N2JwI2CY4.jpg,F,real
WZis9kJBjL.jpg,N,real
9YddsD7y04.jpg,F,real
XQq30kPDEQ.jpg,F,real
1oVkrPMrNP.jpg,F,real
NToMq9XLiB.jpg,F,real
VV66nI1AWl.jpg,N,real
4mlIvqUYO1.jpg,N,real
n66x2kuO92.jpg,F,real
LHOmlWAXyF.jpg,N,real
3W8SiiL5wk.jpg,F,real
uxlBSHmets.jpg,F,real
R86YcbNmZo.jpg,N,real
xYbTJfR2YH.jpg,N,real
FYQpaRJjM9.jpg,F,real
dhB2t9hjgq.jpg,F,real
stNzY4urY8.jpg,N,real
zoeTgP6ZXr.jpg,N,real
pTsnjmI3JI.jpg,F,real
nfE1QcHA7O.jpg,F,real
superimposed_mrhENVJxDr.jpg,N,super
9CZUKg8GaO.jpg,N,real
XDkIVIvXKj.jpg,N,real
PTjAXCyOjH.jpg,N,real
LhFddYrP6K.jpg,F,real
superimposed_R9zzcwicrG.jpg,N,super
uZWlkUUCzs.jpg,N,real
mqCZvhM9OX.jpg,F,real
SaBSZIsb5D.jpg,F,real
x8L1F2u1Mp.jpg,F,real
WbEDo8O7na.jpg,F,real
TJhIG50B2S.jpg,F,real
superimposed_oXnRRxM2jt.jpg,N,super
FEhrozcoVy.jpg,F,real
YBD7cPBGoO.jpg,N,real
superimposed_xKxSylYAAQ.jpg,N,super
hNgD7E1hin.jpg,N,real
UhkHqtEzzW.jpg,F,real
wOlSxQ2xvM.jpg,F,real
6MXoK4x7jp.jpg,F,real
superimposed_1046.jpeg,N,super
MqShafD1Mo.jpg,N,real
Rv1HcS6kUz.jpg,N,real
Py5ri7l4yi.jpg,F,real
Ezkg5ayMU4.jpg,N,real
AM20eO6iKA.jpg,F,real
CeKwXkTzGT.jpg,F,real
pRFg3imYsm.jpg,N,real
e6812Zeqck.jpg,N,real
superimposed_HMFAV3Zbma.jpg,N,super
superimposed_Lyjit83wgI.jpg,N,super
cBm9OXJvoI.jpg,N,real
9U9hvomTSG.jpg,F,real
O1OK94lAkQ.jpg,F,real
ePxPIxKxRS.jpg,F,real
zx8j60eAU5.jpg,N,real
superimposed_hGwuoJOzFH.jpg,N,super
superimposed_VlTzHq3lxj.jpg,N,super
superimposed_6PZC7HESlq.jpg,N,super
fZV8sbMaZb.jpg,N,real
4AcKqulYdT.jpg,N,real
k1j94E3Y9f.jpg,N,real
superimposed_b3Zfa5F8k9.jpg,N,super
DiP3xaqnNv.jpg,F,real
yVycEtFT5J.jpg,F,real
hQPXXygyWx.jpg,N,real
Z7w46u7QFy.jpg,F,real
0o8hAttpws.jpg,N,real
wU1hDNet7U.jpg,N,real
Nc5t0fvFeb.jpg,F,real
JCFclPgBAn.jpg,F,real
superimposed_IRuCrTpWV1.jpg,N,super
zKawOgaj8s.jpg,N,real
75QtZHDGtw.jpg,N,real
iwb47F4Q7E.jpg,F,real
QfLfBl1WME.jpg,F,real
MBDjQP4x4Q.jpg,N,real
G4G1BVJwbI.jpg,F,real
o3giHgc4j2.jpg,F,real
yBS9cXsUhG.jpg,F,real
vMhHHlY0K0.jpg,F,real
rs5HASEsY0.jpg,N,real
lstovfapBy.jpg,N,real
6nwXTmwjPX.jpg,F,real
QWXRIFuIsE.jpg,F,real
DMHpNB1pvz.jpg,N,real
NGGAPoegvJ.jpg,F,real
7yltcVbfSJ.jpg,F,real
1xkNuHRPjf.jpg,N,real
3moXjGLoZJ.jpg,F,real
CdUpF1qXrC.jpg,F,real
vfdRCkPjMu.jpg,N,real
D9mU0pceZj.jpg,F,real
superimposed_ywnhopVC26.jpg,N,super
L2EivU1agt.jpg,F,real
fhZ9QroBD8.jpg,N,real
superimposed_1235.jpeg,N,super
superimposed_vsTJbltaiO.jpg,N,super
7a84TqQy4d.jpg,N,real
757VxbMWaJ.jpg,N,real
fosTyQlGzX.jpg,N,real
RrwLXGw6Ny.jpg,F,real
q7WOicL6iW.jpg,F,real
kqGYclLbmu.jpg,N,real
bu6r0Okmyg.jpg,F,real
kI6sjpVJfU.jpg,F,real
71DPHDE0jT.jpg,N,real
V1JzbKO6uz.jpg,F,real
L6qgUe5Cy6.jpg,F,real
QHetT2XXY9.jpg,F,real
PizvATfZfo.jpg,F,real
dK7cpOYYlD.jpg,F,real
H69iDGogOc.jpg,N,real
iz5mnxIRR1.jpg,F,real
N1TJV7q2vz.jpg,F,real
Vh6HKw4Aq6.jpg,N,real
3WlZ5Wb1BT.jpg,N,real
HmlvKS9Mrl.jpg,F,real
UWCvPyfTNU.jpg,F,real
k3BVWjgCke.jpg,N,real
superimposed_Ht140TPMk7.jpg,N,super
MOgkjOsiNL.jpg,F,real
7cuLJlewnk.jpg,F,real
EYYeZwQIMy.jpg,F,real
Z1wZUCNT1J.jpg,N,real
Yyv0GXwre6.jpg,F,real
kkuUGxrsBE.jpg,N,real
superimposed_dScbhVBagL.jpg,N,super
BmvDYyIION.jpg,N,real
N5twXcHiDr.jpg,N,real
m0aymuZDp4.jpg,N,real
cMv4RWTEZz.jpg,F,real
I4POKqFFwZ.jpg,F,real
superimposed_nLyb9a8Ozu.jpg,N,super
QmTyG52e0Z.jpg,F,real
2ajHoL427k.jpg,N,real
superimposed_s1TocX9UIH.jpg,N,super
xCll0h6GF8.jpg,N,real
yPI1TTlg46.jpg,F,real
superimposed_qH7sylc0cO.jpg,N,super
SEybj9GaSI.jpg,F,real
DTFqQxWvF4.jpg,F,real
AbKsHaGKb5.jpg,F,real
2D8lvoOlPI.jpg,N,real
OqAfsLmLEr.jpg,F,real
OrFBKNwGvO.jpg,N,real
c8vUw5s63K.jpg,N,real
xRuIrN7541.jpg,N,real
8S7iWYY1A7.jpg,N,real
UTtuGWahBM.jpg,F,real
j8WiVDYh4O.jpg,N,real
o39xycQQoO.jpg,N,real
qiYs3EsqpT.jpg,F,real
rvVHKhIjHj.jpg,F,real
SHtjI8jig4.jpg,F,real
BqtdfN2NPv.jpg,F,real
zleVobM6DJ.jpg,F,real
qrHU1W6Wr4.jpg,N,real
iFd2szt7z2.jpg,N,real
AC4WqS56JB.jpg,F,real
21bCjF9EVg.jpg,F,real
DBMpsHCtaj.jpg,N,real
VNY4RQ05g2.jpg,N,real
Exj7zQv4MP.jpg,N,real
FY7pXuy2Lh.jpg,F,real
bb7lUz0Xgs.jpg,F,real
AeOsDjcrDB.jpg,F,real
DLWBOv4muf.jpg,F,real
superimposed_CjEthMbJee.jpg,N,super
eMQpuyAOdH.jpg,F,real
lHBADJCRN5.jpg,F,real
dmK7Jj2l2p.jpg,N,real
6yJfsw1J69.jpg,F,real
vuOvjZkb8E.jpg,N,real
I8E4fjIU1d.jpg,N,real
glGk7wEvWp.jpg,F,real
superimposed_wEUKQRY6WY.jpg,N,super
ln6exs4q1u.jpg,F,real
3RbcvXgV8O.jpg,N,real
qUfQ0LvpZN.jpg,N,real
OupMBTfiXd.jpg,F,real
uLtaI51Bm7.jpg,N,real
mzvSVtJjw4.jpg,N,real
qzAwCik0tt.jpg,N,real
superimposed_LgeNZEaFQN.jpg,N,super
superimposed_Zm48kvnKKP.jpg,N,super
superimposed_T1CSL4UPOU.jpg,N,super
stdo3mUrTu.jpg,F,real
QRq9iTX6Po.jpg,N,real
4z8T8AQc2j.jpg,F,real
1QsbriKdky.jpg,F,real
CiWoyhbWgr.jpg,N,real
4zex90JjC1.jpg,F,real
4sRFKpWgSv.jpg,F,real
UwliWRVOZI.jpg,N,real
superimposed_1217.jpeg,N,super
AXZPrXHKry.jpg,N,real
gbgKfTfC4r.jpg,F,real
corp1l1Jv2.jpg,N,real
ZuJznM8mHN.jpg,F,real
cQydN5zeai.jpg,F,real
LMeVaG74rW.jpg,N,real
superimposed_fBFMDebH5V.jpg,N,super
j5i64FK9EE.jpg,N,real
mt01xzp6p4.jpg,N,real
ONMP2SkxBB.jpg,N,real
7vEbPf9koY.jpg,F,real
3DVNBtQQYH.jpg,F,real
GuVMDBC0yL.jpg,N,real
Y2mfZ3KzXr.jpg,F,real
superimposed_kongiPvyb5.jpg,N,super
pjqVDjjv0P.jpg,F,real
superimposed_DMHpNB1pvz.jpg,N,super
waAlnuZ9Ki.jpg,F,real
f9Vcz6Ty4A.jpg,N,real
kMUUKeb0Pi.jpg,N,real
3Ja6wXw01X.jpg,N,real
nkgaS8743f.jpg,F,real
yoTPPM5oDw.jpg,N,real
5dphC1J7vr.jpg,F,real
superimposed_6iPaa31tJC.jpg,N,super
mgCcDDZ43g.jpg,N,real
XOQKFnd2lm.jpg,F,real
mL2oPYTSTT.jpg,F,real
de1685faJG.jpg,F,real
dp6HYa0TCs.jpg,N,real
7rjf7qagFS.jpg,F,real
CNfqz3XJJ6.jpg,N,real
NdONCuahFr.jpg,N,real
superimposed_1357.jpeg,N,super
rFjXGPdtNn.jpg,F,real
WE6no5XVqv.jpg,N,real
8Dje4kEyUE.jpg,F,real
YvLkWPXero.jpg,F,real
DlS534Ztda.jpg,F,real
aaCjVBsIEI.jpg,N,real
superimposed_X87aPmoLKG.jpg,N,super
GktlD4Nc6W.jpg,F,real
VTGFW8wE33.jpg,N,real
superimposed_f0lJsP4mvI.jpg,N,super
q75mrlCZFT.jpg,N,real
7PWAY0cH7n.jpg,F,real
E7HsUCtjTa.jpg,F,real
VsHyPwjx0O.jpg,F,real
1G5NUO5GGj.jpg,F,real
AnOwAcMLCN.jpg,F,real
DjqDKxcgLO.jpg,F,real
superimposed_bOc3yuILgA.jpg,N,super
8j4jVc33HN.jpg,N,real
TtYnl6HrWi.jpg,N,real
DeGaYrCeKp.jpg,F,real
nT7jvMHGCr.jpg,F,real
YDbrS2Ptjp.jpg,N,real
IDcgBAGxz0.jpg,N,real
IOR4dEQWc0.jpg,F,real
HjRweQOJje.jpg,N,real
aGyFWfcP0x.jpg,F,real
NbpcnLE61u.jpg,F,real
superimposed_IYVTYymHU4.jpg,N,super
eEmPNyqdq3.jpg,F,real
superimposed_1107.jpeg,N,super
sPhtepVS38.jpg,N,real
V1IPCWE65N.jpg,F,real
RH2CjOSlWM.jpg,N,real
jgK700s4k9.jpg,F,real
superimposed_1269.jpeg,N,super
gSbC6uRDFi.jpg,F,real
LJ10pt1zsV.jpg,N,real
13UQfD3Tnr.jpg,F,real
mU9eA8alMr.jpg,N,real
qgqB7tsuNc.jpg,N,real
PXAzgYN7Uv.jpg,N,real
superimposed_lysiiQW6zo.jpg,N,super
Bni2yApRlz.jpg,N,real
x6HG4kdMOT.jpg,F,real
MqdoMu1G20.jpg,N,real
h8dCz1jlFx.jpg,N,real
UUt8eltPMr.jpg,F,real
s0NvHSsIIp.jpg,N,real
UBQtVfGETP.jpg,F,real
Zm48kvnKKP.jpg,N,real
2DjPqhQL7E.jpg,F,real
ny0sp3RUsS.jpg,F,real
sHFC626rRU.jpg,N,real
superimposed_kX7gFl5dcX.jpg,N,super
eQtOiC8TAw.jpg,F,real
superimposed_XohbPAPgeG.jpg,N,super
superimposed_n57jSrMV5O.jpg,N,super
superimposed_RgW0MwlaCZ.jpg,N,super
tCSLt8fBRh.jpg,N,real
234cJ0qe1e.jpg,F,real
C7QkWGo0pM.jpg,N,real
8rgNa9KW3g.jpg,F,real
AqBHCZN0qu.jpg,N,real
yN5rzP3oQ8.jpg,N,real
WMybUtIWDD.jpg,F,real
superimposed_iUe2K6sNY5.jpg,N,super
superimposed_zigzxO8vFn.jpg,N,super
wTmD78BUmE.jpg,F,real
fIGXzlDD2G.jpg,F,real
superimposed_Ezkg5ayMU4.jpg,N,super
aEtC2TR5XU.jpg,F,real
mEDdrGWMLw.jpg,F,real
xvxr4Wvbkv.jpg,N,real
Ql80hLKaoJ.jpg,F,real
mOwyuT6Bio.jpg,N,real
B0Ik2WeOmh.jpg,F,real
LY8safTtNd.jpg,N,real
Xmr3ucFYpf.jpg,N,real
sfTZLZOlfl.jpg,F,real
superimposed_rDrBjbKvSS.jpg,N,super
4rV9rWrF2G.jpg,F,real
superimposed_1353.jpeg,N,super
ExolPMae7A.jpg,N,real
OchaVSGkUb.jpg,F,real
YF9qdLhCWN.jpg,N,real
zSvTRghhEx.jpg,F,real
UDBOYhtcqw.jpg,F,real
superimposed_OZI6XjQ91F.jpg,N,super
yNvOgLasZ2.jpg,N,real
W1U9RTHWbp.jpg,F,real
iTAeS54cK6.jpg,F,real
J9DB8RGXaJ.jpg,N,real
xg4143jyhC.jpg,F,real
mQijE1bAm5.jpg,N,real
D2aBD802cA.jpg,F,real
ni6hWUR4da.jpg,F,real
oqxfemKHQI.jpg,F,real
superimposed_QyFXcXmTWc.jpg,N,super
iJkKdbjyGT.jpg,F,real
setGTdaNs2.jpg,N,real
MGny6oxhye.jpg,N,real
KmJrkckZVO.jpg,N,real
Yx4xdjoZ1c.jpg,F,real
15CVuqr4mB.jpg,F,real
lZxKrJaabN.jpg,F,real
S2UnBh0UlX.jpg,F,real
dkoFbMtePN.jpg,N,real
HcWmEtcoHp.jpg,N,real
sx2FVEUg7i.jpg,F,real
superimposed_pViEKRPkXn.jpg,N,super
JJAHhTUhyN.jpg,N,real
3krPDShhKd.jpg,N,real
RJeRl6BVyt.jpg,N,real
9ARPSebvVg.jpg,N,real
Wf05Ib9IKh.jpg,N,real
1vkltIEeE5.jpg,F,real
p8rJ7tL5ch.jpg,N,real
vmzGk456Zz.jpg,N,real
BUsidkT719.jpg,F,real
CmqojJBj3z.jpg,F,real
MHcYlf2Do8.jpg,F,real
KM8bRRr3rU.jpg,F,real
superimposed_unqd00eFka.jpg,N,super
KoJaerqlzT.jpg,N,real
sISOjiIT5M.jpg,N,real
wDlZurJkxC.jpg,F,real
SRVkwjN5n3.jpg,F,real
Nc5bXvhyc7.jpg,F,real
vKJJvP0Gio.jpg,N,real
9yfJtXP5VJ.jpg,F,real
TyjJxO3Tme.jpg,F,real
364tBsODql.jpg,N,real
ZQAeX2SsZQ.jpg,F,real
superimposed_WyJfmDHXS5.jpg,N,super
kcefa0Sp7h.jpg,N,real
oDSxDR6a5d.jpg,F,real
D7hnR51JwG.jpg,F,real
5LHf3hvh1H.jpg,N,real
hGwuoJOzFH.jpg,N,real
e2mHg33zJs.jpg,N,real
8AwK3ltLka.jpg,N,real
superimposed_8SUmU53n0u.jpg,N,super
zcgir9R5Zv.jpg,F,real
u66Ftcc0dQ.jpg,F,real
superimposed_8DtQBWSFCr.jpg,N,super
tdZIU1cn11.jpg,F,real
L31b65MNMs.jpg,F,real
txJut8ZXsI.jpg,N,real
superimposed_bn3vKfQblT.jpg,N,super
gaNzOij49n.jpg,F,real
superimposed_Bpgqe6qn2a.jpg,N,super
superimposed_XTegxP414K.jpg,N,super
JxSjE5Ah3C.jpg,F,real
3Nd2KdSZeu.jpg,F,real
GYyLS622En.jpg,F,real
JxETYhaFxF.jpg,N,real
superimposed_v9qscYVzRP.jpg,N,super
kJUpPyqQEZ.jpg,F,real
lHEPAhp0IP.jpg,F,real
7ViXeMMNKv.jpg,N,real
P861nYXsAE.jpg,F,real
3o79M2m1Ep.jpg,N,real
uggVe4Zz5X.jpg,N,real
ptmIR0d6Kp.jpg,F,real
A0jsFtcPih.jpg,N,real
eZWXCQZd3B.jpg,F,real
gOPogE4wya.jpg,N,real
htEdfk4ZcV.jpg,F,real
y7ffQVcAFA.jpg,N,real
XcY0iZ90Q0.jpg,N,real
IsKXXiN5q2.jpg,F,real
o98sCEGDEN.jpg,N,real
superimposed_Nm6SGxk3gd.jpg,N,super
5zOp1RnCww.jpg,N,real
bHRjHYKBue.jpg,N,real
N4uUCi5pc4.jpg,F,real
cgGI7mpwZ5.jpg,F,real
yPQEyqL4G8.jpg,N,real
RP6rhtb1mC.jpg,F,real
e5gCCnZ55V.jpg,N,real
aYntob0ST7.jpg,N,real
6DrSPqAKNQ.jpg,N,real
kGrm3WY3qY.jpg,N,real
fDGgeBSPqJ.jpg,F,real
JUaJ5cRd5e.jpg,F,real
CKSi81iK1E.jpg,N,real
gUWJm2t98m.jpg,N,real
dlg3ndhmiR.jpg,F,real
A4w3IwCJ5T.jpg,N,real
1XHB7INQTB.jpg,N,real
0bzga8Vpqf.jpg,N,real
iV2ZR7jVV6.jpg,N,real
a85NX7rpWH.jpg,N,real
uHXNUqbsYr.jpg,F,real
MTg6ZDfhHu.jpg,N,real
N6caLJsLVZ.jpg,N,real
superimposed_hJ7uUOu9bW.jpg,N,super
5VHb2RVST6.jpg,N,real
fiRUcWmjyI.jpg,N,real
X9aZ0izAKH.jpg,F,real
2nmGvQMFn4.jpg,F,real
3UcvvhTvXt.jpg,N,real
AyeSEgn4Xy.jpg,N,real
hpSmh2vNgh.jpg,F,real
0FUMEX5nG9.jpg,F,real
Wptf7YwUnD.jpg,N,real
GYqJp8VTe7.jpg,N,real
ZokyZIq3SI.jpg,N,real
L7guOmAyHI.jpg,F,real
x5aeuqLiHt.jpg,F,real
superimposed_1139.jpeg,N,super
superimposed_jZ6mcPdhdk.jpg,N,super
X87aPmoLKG.jpg,N,real
rR2kVIcCE2.jpg,N,real
tYGuJ4m8QM.jpg,F,real
superimposed_7ViXeMMNKv.jpg,N,super
jIbf9ZFj4f.jpg,N,real
superimposed_wCRW6QVU45.jpg,N,super
3gMajHfxlT.jpg,N,real
NpilfenplA.jpg,F,real
NIIulSsc3X.jpg,F,real
superimposed_D4mAxPi5Z9.jpg,N,super
Fr05Hkii1H.jpg,F,real
OfxeJGkde5.jpg,N,real
superimposed_KmJrkckZVO.jpg,N,super
tqQegdzs3o.jpg,F,real
vAIUcWdPFu.jpg,N,real
Vyn5N66JQf.jpg,N,real
JlCqquGUSl.jpg,N,real
BMMF99Gtem.jpg,N,real
WbIqgpSH3v.jpg,F,real
JhTQcFh0zo.jpg,F,real
PamHyGrNO2.jpg,F,real
D7PxThAokH.jpg,F,real
TOvayMCujI.jpg,F,real
SqSYMTMXn4.jpg,F,real
X2Z0rm9T49.jpg,N,real
PuPt9GHzCO.jpg,N,real
e0m2cd0MP9.jpg,F,real
superimposed_pJSV40DrHJ.jpg,N,super
Z5baLgJu7U.jpg,F,real
CzFq3FeAjz.jpg,N,real
U2oqvKiI8J.jpg,F,real
5If4RJ7KsA.jpg,N,real
i1ROIDDDeT.jpg,F,real
V5yNK7eTAG.jpg,N,real
toewesQ5Bb.jpg,F,real
ZU2NHmuuzM.jpg,F,real
dNwa4QG7ga.jpg,N,real
1f4m9YQp3p.jpg,N,real
dH67KPQ19u.jpg,F,real
rtFQDld0Ij.jpg,F,real
nDzTjll1n6.jpg,N,real
superimposed_T9JpyiiNgZ.jpg,N,super
g3c4bCZ6gC.jpg,F,real
TM2PkBxCQu.jpg,F,real
bV0tMuMQRA.jpg,F,real
R7rjmHRWD3.jpg,F,real
tIUjz6hXoY.jpg,N,real
PmXfJgySgs.jpg,N,real
superimposed_sPhtepVS38.jpg,N,super
superimposed_XZRwgG4KWK.jpg,N,super
UWlU0iJi98.jpg,N,real
Rfw2bVIud3.jpg,N,real
lDDKKfiLii.jpg,F,real
6eG9KYcKgt.jpg,F,real
hwqrHHXziO.jpg,F,real
superimposed_3kTz2A9u1v.jpg,N,super
fJgUgssW8W.jpg,N,real
8lhBjAsxuf.jpg,F,real
ZheX5P508O.jpg,N,real
OyKEoGGGJK.jpg,F,real
XTegxP414K.jpg,N,real
Nww6vHTr7l.jpg,N,real
w4QQ9mv8uu.jpg,N,real
abpzj6tzlk.jpg,N,real
n6Zd9XYfy1.jpg,N,real
1lcgYIm4mp.jpg,F,real
5bXxEAm5k3.jpg,F,real
WqY8LpktNz.jpg,F,real
a6zU4vmBzI.jpg,F,real
DJadeZ581w.jpg,F,real
x1KwC1Xp7Y.jpg,F,real
HbvkIQrcRu.jpg,N,real
whJ9nyBFCZ.jpg,N,real
M9PVPEUuVE.jpg,F,real
2B8jBdELQT.jpg,F,real
superimposed_ZvNr7KAaNq.jpg,N,super
Dlpi2UT16p.jpg,N,real
ld0HAWZvqL.jpg,N,real
Asq5SIIQqE.jpg,F,real
Ghmg6S9HvI.jpg,F,real
PGNd23nKo5.jpg,F,real
WxJQRhewiW.jpg,N,real
Ov3KV7seLr.jpg,F,real
fBFMDebH5V.jpg,N,real
superimposed_wLWNa0Q4Wn.jpg,N,super
SqWGntBhMx.jpg,F,real
gValasTVv3.jpg,F,real
9lhO2n5yVq.jpg,F,real
superimposed_PeoapdU4xh.jpg,N,super
PqBol0sgbY.jpg,N,real
B7PkuKBXBQ.jpg,F,real
ZrDHUuKNSx.jpg,F,real
Q8JT78wtRq.jpg,N,real
d654uO6ONF.jpg,F,real
superimposed_QwAXLnB8xH.jpg,N,super
P9KRCh2RBE.jpg,F,real
sQuXC0o3S0.jpg,F,real
UXWR8Vhb2S.jpg,F,real
qPggUbbvv5.jpg,F,real
88iU0t3Lw6.jpg,F,real
gnTsZf0hMU.jpg,F,real
superimposed_tAH0634H1Q.jpg,N,super
BX7eU1NGbR.jpg,F,real
67jBgWcoXT.jpg,F,real
Ibc0NrAQeO.jpg,N,real
PhA2jQCZWz.jpg,F,real
Edbd0LSwJv.jpg,N,real
Uy5P2mu4vA.jpg,F,real
dxUIJrNDc9.jpg,F,real
1mwV2VRuly.jpg,F,real
superimposed_U8qdp857eL.jpg,N,super
9Qk0MoHJNm.jpg,N,real
55zOUorHgG.jpg,F,real
superimposed_ncDckl3ff4.jpg,N,super
yYgWO6EYRR.jpg,N,real
4A7dd1GYuN.jpg,F,real
pWIYcDOW5W.jpg,N,real
0hlEqpuGOD.jpg,F,real
ObIdE6GyOE.jpg,F,real
9OFG5mQXI6.jpg,F,real
superimposed_5wFzyMiz3H.jpg,N,super
Wz0sXqU6IW.jpg,F,real
H2A7LucOks.jpg,F,real
rDrBjbKvSS.jpg,N,real
heg8Nlvljx.jpg,F,real
ylpuDNyp8n.jpg,F,real
TXSv4gCffE.jpg,N,real
yF62nnLsyh.jpg,F,real
l9x98VxJfn.jpg,N,real
superimposed_iFd2szt7z2.jpg,N,super
LGDJGMjlNa.jpg,F,real
AczzmLVHGn.jpg,N,real
98BDzPy90Y.jpg,N,real
MM1XCUttYR.jpg,N,real
superimposed_JMZtA0o6hG.jpg,N,super
97odYqTXqH.jpg,F,real
BfZshBgpfA.jpg,F,real
UFlXj0JVDL.jpg,N,real
superimposed_o98sCEGDEN.jpg,N,super
superimposed_3QZkkAxvCW.jpg,N,super
KYrDs93TQT.jpg,N,real
kO6RBwGNHi.jpg,F,real
kapXfCCmFR.jpg,N,real
superimposed_QbjZA2szv5.jpg,N,super
24tchn8N0Y.jpg,F,real
MaeuLFLktf.jpg,N,real
superimposed_1164.jpeg,N,super
DxrTGVmYrW.jpg,N,real
eW72BGUFXu.jpg,F,real
S9AZq0qaAY.jpg,N,real
superimposed_1040.jpeg,N,super
h8UHX4Cmav.jpg,F,real
pj1qJL1cT9.jpg,F,real
7mbb5RFZ7r.jpg,N,real
QhtlDTsiZ7.jpg,N,real
superimposed_aMmASDf9i3.jpg,N,super
A8bNBER8T2.jpg,N,real
superimposed_I21vMdi5tK.jpg,N,super
dKmmhpveMq.jpg,N,real
tETToAZBRo.jpg,F,real
lsLs5SaLfv.jpg,F,real
ZHQYywTnmw.jpg,F,real
2BoJCvOkxf.jpg,F,real
5UzfstPECb.jpg,F,real
YqvEbJQhUw.jpg,N,real
YhcC7MQPIs.jpg,F,real
superimposed_q7aDjOHcwH.jpg,N,super
tu4T28oU7c.jpg,F,real
leT699nYUO.jpg,N,real
Px4X7gKfIb.jpg,N,real
superimposed_s1d7ff3rrp.jpg,N,super
superimposed_PZGqBp8O5D.jpg,N,super
superimposed_V9NxFJwmDX.jpg,N,super
z7fiZQiXat.jpg,N,real
urwNcG4kWU.jpg,N,real
ttxNtRKDpc.jpg,N,real
superimposed_MRsw650f69.jpg,N,super
superimposed_1074.jpeg,N,super
ba7FcSEtsK.jpg,F,real
PynNkTX7QG.jpg,N,real
cHQxDPbEPy.jpg,F,real
VnUBQacf4D.jpg,F,real
XhFW7FiQmH.jpg,F,real
xDuYCyt6Uf.jpg,F,real
superimposed_lGWNYcmWAj.jpg,N,super
nMpDYjjGG7.jpg,N,real
ZxzR9SE7u1.jpg,F,real
superimposed_jLoY3ZP7lD.jpg,N,super
0lmVv8wEKs.jpg,N,real
wBXUCKSom1.jpg,N,real
5wFzyMiz3H.jpg,N,real
IXySTCooih.jpg,N,real
IEB7n0YiZi.jpg,N,real
sZYjFOJaLf.jpg,F,real
fFtg9ztCrL.jpg,N,real
zPVp8CKkgs.jpg,N,real
K5O7BfTAEu.jpg,N,real
DUvtqdmig5.jpg,N,real
superimposed_OUWKaDEFMo.jpg,N,super
superimposed_3ELZjLMdwY.jpg,N,super
phaWsAmvjb.jpg,F,real
aRendtKYh4.jpg,F,real
superimposed_1380.jpeg,N,super
rfHOsULiD4.jpg,F,real
mqCj4xpJIo.jpg,F,real
BQTQTYz6F5.jpg,N,real
superimposed_vKJJvP0Gio.jpg,N,super
iBZWtegyKV.jpg,F,real
te5iKamYbj.jpg,F,real
AB5yylZYiA.jpg,F,real
wxiHu8DgQf.jpg,F,real
ikoCtjeAc9.jpg,N,real
qNsN3XTtBh.jpg,N,real
VAyD0YpGQ5.jpg,F,real
ZXASc6C92w.jpg,F,real
OxMK8kWdCT.jpg,N,real
kN82PseHLu.jpg,F,real
njNh5PKFJw.jpg,N,real
V3cbNN5Gws.jpg,N,real
YI0zS37Ak8.jpg,F,real
kWUWfXet0K.jpg,F,real
superimposed_k3BVWjgCke.jpg,N,super
OhJBL0MYOb.jpg,F,real
CSyaHBN3ej.jpg,N,real
ssMqDvbScE.jpg,N,real
LhWrrUeH5R.jpg,F,real
5k9KUgHN9x.jpg,N,real
ylDebYGXj4.jpg,N,real
superimposed_mmOIeVgRYy.jpg,N,super
Hm7QlMp4Nj.jpg,F,real
KsqPCMlVnL.jpg,F,real
DTtXYaoaH2.jpg,F,real
HpLkrbIQms.jpg,N,real
VqxUHSP1OW.jpg,F,real
ZCl1Svop0X.jpg,N,real
9PLzBTraXm.jpg,F,real
XQWUkLFGBy.jpg,N,real
mKfFUliZc0.jpg,F,real
TfIS0WWLOM.jpg,F,real
HnCsQ9Y4CA.jpg,F,real
BCeAWmjX78.jpg,N,real
G5PA8s34in.jpg,F,real
Pt4gSoOOvj.jpg,N,real
o1OhmMpJXd.jpg,F,real
izHmuyQA4r.jpg,N,real
MOaEpMh3QH.jpg,F,real
superimposed_x9CZ4JS9OE.jpg,N,super
aBuKsgHKkF.jpg,F,real
K1wHHPveYE.jpg,F,real
superimposed_1109.jpeg,N,super
HWJTjjp2zR.jpg,F,real
PZfkQnlbR7.jpg,N,real
l0RKpQ5DGf.jpg,N,real
x5fS5U30FG.jpg,N,real
Mati5uKusB.jpg,N,real
2T2j3uo9Ud.jpg,N,real
SzpowVQ5Si.jpg,F,real
sxShT48bKk.jpg,N,real
mPk30bOpJK.jpg,F,real
9jEpOSNQJy.jpg,N,real
0b4Jd5gVJU.jpg,N,real
q1cavWv3ug.jpg,F,real
ZGMLpaCaBi.jpg,F,real
superimposed_1405.jpeg,N,super
ST1V0SqlJi.jpg,N,real
a1TJUCFqDc.jpg,N,real
TlrQIkBZ8f.jpg,N,real
9JkoNWb45a.jpg,N,real
superimposed_vBYB6cllcj.jpg,N,super
Bbb6bT7k95.jpg,F,real
y0kLkPKSzB.jpg,N,real
superimposed_1193.jpeg,N,super
hEWTq33TSn.jpg,N,real
GVvjx5Ta9M.jpg,F,real
ekEmBSllND.jpg,F,real
superimposed_k8ftjjEXoI.jpg,N,super
z2TF2tJLvx.jpg,F,real
lShQz9TCe8.jpg,F,real
nLyb9a8Ozu.jpg,N,real
dNRYYxuKIH.jpg,F,real
olR87SJR7H.jpg,F,real
Yphv8Tv2qm.jpg,F,real
6UioEnOkD6.jpg,N,real
IKcyFm576y.jpg,F,real
superimposed_KoJaerqlzT.jpg,N,super
5YYDC2PHBW.jpg,N,real
HMpOobDAed.jpg,F,real
kR2VcCvFRV.jpg,F,real
qTwDQSwgRf.jpg,F,real
elnQ7viZMv.jpg,N,real
dEBidp8U1V.jpg,F,real
7g4SFm7KEY.jpg,F,real
KZzyEWQKRB.jpg,F,real
242DKk7l5P.jpg,N,real
qYWs5SNOwA.jpg,N,real
fh8uO5qoee.jpg,F,real
M8WqSGSTY3.jpg,F,real
ydyN56y246.jpg,N,real
JGJ1VaAm5n.jpg,F,real
k9RuKuelHX.jpg,N,real
IlTAgl0oWB.jpg,F,real
MsXhOepNFN.jpg,N,real
RGJYxtUmNc.jpg,N,real
TTZfpGVarj.jpg,F,real
rU6ivgjTAT.jpg,N,real
CbcrXazzfo.jpg,F,real
iAuRVBJfUm.jpg,N,real
OCEm6M8zWj.jpg,F,real
tsOiITCWKl.jpg,F,real
9nOq0jhp44.jpg,N,real
QPIM2RsegP.jpg,N,real
JkkIAt1W28.jpg,F,real
RCxfjWeEQj.jpg,F,real
Xc5k7yVrSr.jpg,N,real
7ZSmVJdWlS.jpg,F,real
y8AgiXpIi2.jpg,F,real
10LrAAIQtU.jpg,F,real
superimposed_MtChrBQ1bz.jpg,N,super
QozYJiBFHT.jpg,N,real
HigNLvLy46.jpg,F,real
FO1bnpthuW.jpg,N,real
superimposed_zgEGBZ33Op.jpg,N,super
vJl7T47Cy3.jpg,F,real
crp1eYwya9.jpg,N,real
UNMA4CUwBt.jpg,N,real
rHjpb72qj3.jpg,F,real
pJSV40DrHJ.jpg,N,real
hmQ82MPWPm.jpg,N,real
M0lLgl7Cmk.jpg,F,real
YXQTUI7Qn9.jpg,N,real
rkZ44Ly6KD.jpg,F,real
P8PDgmMP7z.jpg,F,real
superimposed_uOHah2L5ss.jpg,N,super
Es1wXrMIgk.jpg,F,real
TQUTy5JUvK.jpg,F,real
wnUu8OF4GC.jpg,F,real
superimposed_FOpPEkWJ0z.jpg,N,super
YwAB57RSzP.jpg,F,real
yjcOtutcGu.jpg,N,real
I0VbfZRiQL.jpg,F,real
wStltxnGDw.jpg,F,real
iA2BJHBpkD.jpg,N,real
3uLscIkf38.jpg,N,real
494iD5wtvk.jpg,N,real
uWKoDgPkxV.jpg,N,real
mXwCsKgUTD.jpg,F,real
ROfrizgP5G.jpg,F,real
superimposed_qHGIY3YvZo.jpg,N,super
V80Alx5ZWB.jpg,F,real
CLad6GMjDT.jpg,F,real
zRAVKYP7jc.jpg,N,real
GgERorrSlf.jpg,N,real
MtChrBQ1bz.jpg,N,real
Utlbn66Pir.jpg,N,real
MhHc4d80Be.jpg,F,real
03HUVZrTu2.jpg,N,real
InfSLs6Ltb.jpg,N,real
C3L3IoY0jm.jpg,F,real
superimposed_SbITdeGckO.jpg,N,super
v9qscYVzRP.jpg,N,real
ZKORa1cZYs.jpg,N,real
superimposed_8IMI3TKtdz.jpg,N,super
aV1SpY9AVo.jpg,F,real
9N5ZzmIUiT.jpg,N,real
superimposed_bkBVnpkBos.jpg,N,super
voLfDBA60J.jpg,F,real
nkeuI9IGMv.jpg,N,real
superimposed_xMswJWSkUD.jpg,N,super
mq7Owin2pe.jpg,N,real
fsIdhJCJTl.jpg,F,real
Lleq6LsIzs.jpg,F,real
superimposed_RKudUAgw3v.jpg,N,super
TTRQO04VnF.jpg,N,real
VOznrcJEwG.jpg,F,real
a8U7nt3F47.jpg,N,real
9tVWD3iGcE.jpg,N,real
GmKUYHI6HW.jpg,N,real
x1EQKRt0nl.jpg,N,real
superimposed_XDkIVIvXKj.jpg,N,super
mqstbMHgGa.jpg,N,real
superimposed_WDdtdpV6Ne.jpg,N,super
MRMfAXRMRM.jpg,N,real
qiCe6eu6j8.jpg,F,real
zAsJlwsrYN.jpg,F,real
M1jYRhFFMc.jpg,N,real
QlvYXfQuTj.jpg,N,real
3DjFNAM3LO.jpg,N,real
djJ89ntANj.jpg,N,real
rWQ7D7dnmo.jpg,N,real
mhqlTGR7iJ.jpg,N,real
wEWQA6Bugk.jpg,F,real
9CWv4dwpt6.jpg,F,real
sxO9Yz8dWb.jpg,F,real
PyNwnqghL0.jpg,F,real
73yXOtBnxE.jpg,N,real
b86oWSaaXD.jpg,N,real
superimposed_IAajSNwQHo.jpg,N,super
4H4v5suEhH.jpg,N,real
SOGZTlr7ge.jpg,F,real
0JiZk2NaET.jpg,N,real
XohbPAPgeG.jpg,N,real
iN46Y80mvl.jpg,F,real
KZLCFWGsEh.jpg,N,real
r7mwbrQ3lR.jpg,F,real
eKerG8d94Z.jpg,N,real
c6sORllFx5.jpg,F,real
qwU3X8gTM6.jpg,F,real
OyUYORsPfG.jpg,N,real
cbrTiKhlVA.jpg,N,real
21tsBPkmiZ.jpg,F,real
superimposed_nELjiyHA2B.jpg,N,super
usCTmbVZZs.jpg,N,real
cAvAqV5NnU.jpg,N,real
YudX8wZpp2.jpg,N,real
superimposed_x4PghWMQlb.jpg,N,super
DThFlurwHM.jpg,N,real
gnH5y5JPlV.jpg,F,real
AFYpixdKzj.jpg,F,real
Aw9eaExTOo.jpg,F,real
superimposed_XCBrUoI6Oe.jpg,N,super
superimposed_qUfQ0LvpZN.jpg,N,super
sLYsUy3GP2.jpg,N,real
LCMdpqypkb.jpg,N,real
hUt4ATkywX.jpg,N,real
St6w2NCr1u.jpg,N,real
KvOVFDyolN.jpg,F,real
1RTpunaDci.jpg,F,real
superimposed_pilKxr1cAA.jpg,N,super
OgN7E41qqA.jpg,F,real
superimposed_giLxrGUE7K.jpg,N,super
superimposed_rYPkDtUtRz.jpg,N,super
eNprMK4HGM.jpg,F,real
ofYRv5xgwH.jpg,N,real
Vocrptho4g.jpg,F,real
v5zfyZf8D8.jpg,F,real
HOPpmNTlDG.jpg,F,real
superimposed_BOYy5b637G.jpg,N,super
8jYFnJSycv.jpg,F,real
ifRtwXhaEm.jpg,N,real
00WE84fe6O.jpg,F,real
vwcwcYSG5H.jpg,N,real
3txLn4B8cE.jpg,N,real
SHNGUg10qs.jpg,F,real
3kQal0KKkW.jpg,N,real
H0SF2Ew98s.jpg,N,real
8PoDu5Tzk2.jpg,N,real
gcY1qlAUlr.jpg,F,real
uUgD1Qb8ja.jpg,N,real
cb6VViqAg2.jpg,F,real
1nBeBnb9jg.jpg,F,real
SrHBRpxjN0.jpg,F,real
superimposed_gM7nV8XihZ.jpg,N,super
ZQoJMtxaq7.jpg,F,real
GK763a0rP7.jpg,N,real
pTSrka1xb9.jpg,N,real
FjOfv9hJrp.jpg,N,real
superimposed_0QHZb3Ehxt.jpg,N,super
xOaPJMss1f.jpg,N,real
vCaFohrW4T.jpg,N,real
RqNroS2Ld8.jpg,N,real
hg6RENCXjj.jpg,F,real
IJKx2DjOUN.jpg,F,real
ojydSCBEX3.jpg,N,real
BCMAHpSFQi.jpg,F,real
O7BIh4oj4F.jpg,N,real
213kWC4WWb.jpg,F,real
A9Wv4QNXAA.jpg,F,real
superimposed_wApNPLjjE7.jpg,N,super
superimposed_oJNIkkuisK.jpg,N,super
CfXPOQguAH.jpg,F,real
LZPCUcIviO.jpg,F,real
HG8xkemtaS.jpg,F,real
UB8M2wbFp3.jpg,F,real
Jqt1xHl6tq.jpg,F,real
Sr9aNSZGIn.jpg,N,real
cwm5fXKecQ.jpg,F,real
5APE9W4JQD.jpg,F,real
superimposed_3qZpgF7V2q.jpg,N,super
djufFK7mKR.jpg,N,real
sGistiIRgV.jpg,F,real
HdrFGAjqNz.jpg,F,real
superimposed_q700actZfD.jpg,N,super
superimposed_1369.jpeg,N,super
ZbwDIcs1Ih.jpg,N,real
g5XNovmxdG.jpg,N,real
Vg3lYO4V35.jpg,N,real
XFMq3Xaxgg.jpg,N,real
GA7cuOuBrr.jpg,N,real
D1j23Eial7.jpg,N,real
cFvUl7SNzp.jpg,N,real
SbLvfXhXSe.jpg,N,real
8ejw0WUDrL.jpg,F,real
UOPSwyrwZT.jpg,F,real
QY4hKcDRaP.jpg,F,real
L3ovYbzXSf.jpg,N,real
7q5O2pZV2P.jpg,N,real
superimposed_ENEW5WH5MC.jpg,N,super
PkZMRHBiWW.jpg,F,real
ONS0mFcgwx.jpg,N,real
DG50yAynq8.jpg,F,real
ufKzQUHeLt.jpg,N,real
mBeyJq5dYC.jpg,F,real
N5dzz3uEpt.jpg,F,real
SGPqxUGSou.jpg,F,real
HE4X2VHqsB.jpg,F,real
HcxKbSsdiH.jpg,F,real
9T4CxPEQm8.jpg,F,real
superimposed_7InL5ZJfQi.jpg,N,super
QCAPLgL0rr.jpg,F,real
DCm4wQufB5.jpg,F,real
9dukMDQxT7.jpg,F,real
LOWI2ELoNo.jpg,F,real
superimposed_1072.jpeg,N,super
DINQ4Jh09W.jpg,F,real
TxDlQwZicn.jpg,F,real
QJKTtJjdOx.jpg,F,real
OZI6XjQ91F.jpg,N,real
superimposed_kMUUKeb0Pi.jpg,N,super
WM1M7I1loU.jpg,F,real
WoLA2FyaC3.jpg,N,real
2mFibn61Fk.jpg,N,real
superimposed_frxGn9a4BX.jpg,N,super
PEJCdtFCNZ.jpg,F,real
Yh6ZQ8b86T.jpg,F,real
dWo0nLS9Tz.jpg,F,real
QAQxXEJXgl.jpg,N,real
zuW9nnY4TZ.jpg,N,real
superimposed_vkL33332SX.jpg,N,super
StHaGQzm6v.jpg,F,real
XlitLh02p4.jpg,N,real
PsegfdQPlj.jpg,F,real
AtkLablawQ.jpg,N,real
vNqXjZLn8X.jpg,N,real
JG2EZjhmh7.jpg,F,real
teNptebc30.jpg,F,real
yVg1cmM3xV.jpg,F,real
superimposed_jPUnPiK1wZ.jpg,N,super
superimposed_Eal2G9Mneq.jpg,N,super
7Hs8EyXdJx.jpg,F,real
ncDckl3ff4.jpg,N,real
DrkA4VtRCR.jpg,F,real
G2j7Dd2lyC.jpg,N,real
gKumS5sJGE.jpg,N,real
U6dnDbUfMU.jpg,F,real
gdHOvSsuS5.jpg,F,real
superimposed_eBrPSLwjI5.jpg,N,super
superimposed_1259.jpeg,N,super
zJtNAOOsyt.jpg,F,real
KDW7HUSXLS.jpg,N,real
Ajk1DsYKzG.jpg,N,real
wqcE78ODkN.jpg,F,real
a1eQw6wyoQ.jpg,F,real
DjV6rA8PRm.jpg,F,real
EmtIFHC9l5.jpg,N,real
superimposed_PwV0C2hD6f.jpg,N,super
iGkeOhSt5g.jpg,N,real
superimposed_hWJKPslHoH.jpg,N,super
1PlEWoCfsG.jpg,F,real
sEbJjNyTl6.jpg,N,real
Dd6jV6U9pS.jpg,F,real
6W8C8Ad8P3.jpg,F,real
ujWSV2rcEd.jpg,N,real
wraTKe8fvF.jpg,N,real
qFcTC98aYC.jpg,N,real
a1PSc19fXl.jpg,N,real
WTjiSuk1YK.jpg,N,real
RlA5JlvtB9.jpg,N,real
7TFZINxFGg.jpg,N,real
Y1HFkvuX6v.jpg,N,real
superimposed_1117.jpeg,N,super
l5iAjYNawO.jpg,N,real
superimposed_glZRqNpCzV.jpg,N,super
3c6rpSQ7Hq.jpg,F,real
94YRe0o2TD.jpg,N,real
superimposed_uIYKil2ur0.jpg,N,super
JlicOJUIb5.jpg,N,real
Deh4HNyClZ.jpg,F,real
Dt6vri6c8s.jpg,F,real
mTpqZcXcRy.jpg,N,real
zgEK0eLWtH.jpg,F,real
akxmX9oaEr.jpg,N,real
WFptglLsBA.jpg,N,real
AlEH5LF6OK.jpg,N,real
bn3vKfQblT.jpg,N,real
70PrLGElTY.jpg,F,real
F08KIQHRML.jpg,N,real
ACsqN5iVJI.jpg,N,real
qISP1OjkIt.jpg,F,real
QfOTJd6CgD.jpg,F,real
superimposed_7pBSE5KUaw.jpg,N,super
superimposed_fQoM1TuQmD.jpg,N,super
y0j6RvRAAr.jpg,F,real
JSFhoLfahy.jpg,N,real
4ARHbCRIcZ.jpg,N,real
yEqD0lseXn.jpg,F,real
xJyjV6afxO.jpg,F,real
superimposed_cKAMlxXyXm.jpg,N,super
qH7sylc0cO.jpg,N,real
Ydad1pwUp4.jpg,F,real
c63XWOo75h.jpg,F,real
TYBZp8RwTe.jpg,N,real
zdKjLOX0gk.jpg,N,real
ShIWy7VYA2.jpg,N,real
MApN18QB4m.jpg,N,real
iNvBCl8ggw.jpg,N,real
psBJvY2sFx.jpg,N,real
b18LCGuRQm.jpg,N,real
dC22YgFHK9.jpg,N,real
awshRvhEJS.jpg,F,real
jHWMN0q6y0.jpg,N,real
nPRbNX2mTV.jpg,F,real
U4nLICue92.jpg,N,real
dOJjYKgAOI.jpg,F,real
QccndrTtPv.jpg,F,real
g9tM4R9gpY.jpg,N,real
0QFMECtx4A.jpg,F,real
x1cOUtUK8c.jpg,N,real
DHWIe5BhPc.jpg,N,real
y2hzz5ybFc.jpg,F,real
RFj2L093ZJ.jpg,N,real
ynuVmxHwgb.jpg,N,real
0mnVlMAOj3.jpg,N,real
gwDzjY8l3C.jpg,N,real
2vz5N37cev.jpg,N,real
superimposed_1124.jpeg,N,super
3YC8vN129n.jpg,N,real
M3anV3wwBu.jpg,F,real
IGGj1JtXjT.jpg,N,real
qozDEO9S8R.jpg,F,real
4MjNUMcjG8.jpg,N,real
qZI5yYIZMO.jpg,N,real
DeMNApJWHG.jpg,N,real
CfEQn6sPZx.jpg,N,real
efJNZEDlDM.jpg,N,real
2gpEA5F9s9.jpg,F,real
ljan4mcBb7.jpg,F,real
XlrtlMVYk6.jpg,F,real
superimposed_rnfVrCFKoQ.jpg,N,super
superimposed_2opflSnqJ1.jpg,N,super
BnhSS8uczb.jpg,N,real
superimposed_9Dl2uX5g17.jpg,N,super
v8oQLkabMd.jpg,N,real
eITG99F2i8.jpg,F,real
bSMD9Qu4ys.jpg,F,real
cYyBfQiLae.jpg,N,real
v4bGsFfGeO.jpg,F,real
zKtLCQXNUU.jpg,F,real
xRd0jPSK4g.jpg,F,real
L6HcR0QVGD.jpg,F,real
7InL5ZJfQi.jpg,N,real
XHZWN3U0Xo.jpg,N,real
269meLGrO5.jpg,N,real
superimposed_7kg7wAbLfB.jpg,N,super
ISQaOmf2tK.jpg,N,real
tpsno3MHED.jpg,N,real
BJ6Y4c2DBY.jpg,N,real
V2qjJokvPD.jpg,N,real
xTaXpcahag.jpg,N,real
tVaWQfoz22.jpg,N,real
0C22gpHfOc.jpg,N,real
NoWFmqehmM.jpg,N,real
OfVKwtcK0D.jpg,F,real
NBZtiiEDAo.jpg,F,real
BkWSUuEcHu.jpg,N,real
superimposed_tEouGupySZ.jpg,N,super
nbe7F0Vr1R.jpg,F,real
Ib0svCLos1.jpg,N,real
zDegbthvZq.jpg,F,real
QiI9VtLF2r.jpg,N,real
hlYa2rL9zf.jpg,F,real
tFxmew21ou.jpg,F,real
bjfwXgrooB.jpg,F,real
LJlWvYiYuV.jpg,F,real
wpGuCKSAr7.jpg,F,real
u7EFWrEVlW.jpg,F,real
N2YCzaZ1XF.jpg,F,real
wGK862O9m7.jpg,N,real
superimposed_xr6phoujRl.jpg,N,super
45Rp0Sixx7.jpg,F,real
gOU5licUP5.jpg,F,real
superimposed_2bZr7pvGcL.jpg,N,super
TaaQrrsoIW.jpg,N,real
superimposed_in8XdCx2pr.jpg,N,super
1kP15ZPqsi.jpg,F,real
C5L2uclxvr.jpg,N,real
UcL4k2yaKJ.jpg,F,real
superimposed_Jg1RozDEm9.jpg,N,super
5t8x6ac2pq.jpg,N,real
dZUVKNHgV3.jpg,F,real
superimposed_98S9SG5Q1i.jpg,N,super
hDMi7uafwm.jpg,F,real
xGhcocz6u0.jpg,N,real
DuTfKtXixC.jpg,F,real
superimposed_s5exZAlHz2.jpg,N,super
EaulwLFJlo.jpg,F,real
ysAGIENkg9.jpg,N,real
DHNHNyWwxX.jpg,F,real
9jUL9bLMCG.jpg,F,real
xKxSylYAAQ.jpg,N,real
1cXDUgKclo.jpg,N,real
muh93ofaLp.jpg,F,real
9iEFsBMDtX.jpg,F,real
TQwuRF0Fhf.jpg,N,real
7dZkm9aCJt.jpg,F,real
v3VO6aYzc5.jpg,N,real
superimposed_4PC1La1EMf.jpg,N,super
wtqQZm5H4y.jpg,F,real
superimposed_ryzW2nkVm9.jpg,N,super
VQqefq5ZB6.jpg,N,real
MTD1jYrS5z.jpg,N,real
z97V0MjfAf.jpg,F,real
DatHQbIY5c.jpg,F,real
vjVyUwwBbA.jpg,F,real
Nl0pUBawHI.jpg,F,real
Zf7OBDvbn1.jpg,N,real
SHq3FmAyiE.jpg,N,real
GnOuScEnaB.jpg,F,real
cwbcBXfyQl.jpg,F,real
rGlS70BGRa.jpg,F,real
NcRiF70sN4.jpg,N,real
oVJ4Wo9OxQ.jpg,F,real
CJR93Vs3a0.jpg,N,real
8AGbM7rXZS.jpg,N,real
superimposed_sISOjiIT5M.jpg,N,super
F6ot8EWZQs.jpg,F,real
svtPQEKOET.jpg,N,real
b3TYPpFva9.jpg,N,real
KobBNKZ4yb.jpg,F,real
4Xnz21xne8.jpg,N,real
superimposed_YMacZ7PhFL.jpg,N,super
680Ds0Sz9b.jpg,F,real
LYZichKl6w.jpg,N,real
CscUbWYpu3.jpg,N,real
splkrm7gFX.jpg,F,real
r8FRN4qrGa.jpg,N,real
0Sf8vBC9aC.jpg,F,real
4r8yjlXL3I.jpg,N,real
TAZa3dWxK0.jpg,N,real
jiydO495el.jpg,N,real
BeXtOuImKZ.jpg,N,real
NB6WbNRR31.jpg,N,real
RHfkY3Rh4h.jpg,N,real
nqfH8TtCOd.jpg,N,real
kHPZL7XeP7.jpg,F,real
PqClKrIguU.jpg,N,real
vg8ipNNk0r.jpg,N,real
Ar06zMxvGv.jpg,N,real
uNGcJAn5pM.jpg,F,real
superimposed_RlbPOnacZj.jpg,N,super
UAKCKCLPmj.jpg,F,real
O8FzIfPqOM.jpg,F,real
k74HK6InM9.jpg,N,real
ReFVDNCtUp.jpg,F,real
ctk1BztyEr.jpg,N,real
7ymoXRJIvd.jpg,F,real
OxdR9YfHaj.jpg,F,real
TB5k3oxztd.jpg,N,real
ph2VDkRBGZ.jpg,N,real
superimposed_eRrRroq0F2.jpg,N,super
sIzLp9s06b.jpg,F,real
iO9bICmYvM.jpg,F,real
siheABH4JT.jpg,N,real
pXyplA8rTi.jpg,N,real
6fFx2WKfJh.jpg,F,real
AqRMNMKsVa.jpg,F,real
kXuIzbb9Pi.jpg,N,real
ICX2kwT90s.jpg,N,real
dmFQqWNRxd.jpg,N,real
c5wZRtiQcX.jpg,N,real
XUvbM0Gkgh.jpg,N,real
tCzqHa3PI7.jpg,N,real
GvAj5EeCTY.jpg,N,real
kUezUZwuh0.jpg,N,real
FmRh6iYg8n.jpg,F,real
X1uqEA7L2M.jpg,N,real
zR2ifff771.jpg,F,real
superimposed_1cXDUgKclo.jpg,N,super
RDOalYH2Ob.jpg,F,real
pYebFBfCZR.jpg,N,real
GBHjKa06ct.jpg,F,real
8gbfdqq0Ke.jpg,N,real
b7r9LugNmC.jpg,N,real
asfL2yPKVx.jpg,F,real
8SUmU53n0u.jpg,N,real
YYwg4uXQx2.jpg,N,real
aofikGZ7y0.jpg,N,real
imJYIAu0o2.jpg,F,real
3ByKsgjpgK.jpg,F,real
Z4M2TZ0HT4.jpg,N,real
rXTZIg5RoR.jpg,N,real
superimposed_1021.jpeg,N,super
Cf0GlWx1rH.jpg,F,real
yKkslDQond.jpg,F,real
ALQUNquZhh.jpg,N,real
FtFuqxiAbq.jpg,F,real
7DZkSethro.jpg,N,real
superimposed_YldXS7aKA3.jpg,N,super
superimposed_jFMZRuR8UC.jpg,N,super
jCia1fZS6T.jpg,F,real
superimposed_aRFP24JpQy.jpg,N,super
2j84SCxUlk.jpg,N,real
sXaCU3TCJN.jpg,F,real
EZ8Clgn6KN.jpg,F,real
dywGWfeayR.jpg,F,real
oBqL8p4C7M.jpg,N,real
2Erf6Iidbd.jpg,N,real
qSI4NtPjrz.jpg,F,real
qEhRwxE1MM.jpg,F,real
superimposed_f9Vcz6Ty4A.jpg,N,super
CoxlIbrMiY.jpg,F,real
rBfr7zDyaX.jpg,N,real
9ZHLLQZpzO.jpg,F,real
E7fgYemUy4.jpg,F,real
lAtdRmJiU7.jpg,N,real
cvAAAuXnCQ.jpg,N,real
9GJJBKlcHJ.jpg,N,real
superimposed_m2mEZLP4LX.jpg,N,super
H6yNu41Bm1.jpg,N,real
6cYk5a55Tb.jpg,F,real
wEUKQRY6WY.jpg,N,real
udgHv4zMIy.jpg,N,real
rQlXJe1VSH.jpg,F,real
superimposed_1007.jpeg,N,super
k0cAGI6s3p.jpg,N,real
o06UIwhMxc.jpg,N,real
b581phgREr.jpg,F,real
YpsqIJzY98.jpg,N,real
xcBX2zLeqH.jpg,F,real
ApvfAofqgZ.jpg,F,real
oCsYYoJjae.jpg,F,real
superimposed_cbrTiKhlVA.jpg,N,super
ROwNeEQks5.jpg,F,real
q2TZ178djM.jpg,F,real
superimposed_1049.jpeg,N,super
meySHDNgoc.jpg,F,real
vcueN8XHF1.jpg,N,real
superimposed_SCAB79T07L.jpg,N,super
superimposed_ZVvXkyJ15O.jpg,N,super
VVdGynCubc.jpg,N,real
XYEMrrZ6jT.jpg,F,real
KBlQAVj5ov.jpg,F,real
dHA9z5JrtO.jpg,N,real
ZVvXkyJ15O.jpg,N,real
uQcmYL5R3a.jpg,F,real
5ZuE7M4iPj.jpg,F,real
superimposed_0LkBFjtA3t.jpg,N,super
VhmvLiowj2.jpg,N,real
npku8mfZT3.jpg,F,real
8yW341TnCM.jpg,N,real
1K1i5Anzak.jpg,N,real
m5nQDXaSwe.jpg,F,real
KyR45jMrh0.jpg,F,real
cMxRI3FlAX.jpg,F,real
5yVn39uS81.jpg,N,real
UflFxfHuyx.jpg,N,real
FFziFQlo36.jpg,N,real
superimposed_Ib0svCLos1.jpg,N,super
xVMvYLfVOS.jpg,F,real
superimposed_moA7eFjWTw.jpg,N,super
superimposed_6Q9tks1QFu.jpg,N,super
DHYuy8LIk0.jpg,F,real
bIQy2yTVWu.jpg,F,real
superimposed_o7iXfKMwDL.jpg,N,super
sDxPALz7fp.jpg,N,real
8gELg7yrlJ.jpg,N,real
HrTeUcMTTo.jpg,F,real
superimposed_gUss9mGk7N.jpg,N,super
QJqUTIlDPF.jpg,N,real
OP7H9J2XNE.jpg,F,real
superimposed_1136.jpeg,N,super
superimposed_b18LCGuRQm.jpg,N,super
OkTmiCoq1J.jpg,F,real
Y1omPgRByI.jpg,N,real
XoI1DlOsmf.jpg,N,real
superimposed_3OiHmBR6x1.jpg,N,super
superimposed_VQqefq5ZB6.jpg,N,super
NLotUOEUbe.jpg,F,real
FRQGvr8PaF.jpg,N,real
gruern623v.jpg,F,real
xr6phoujRl.jpg,N,real
superimposed_lr0fDofe68.jpg,N,super
superimposed_EvsfUGWvuJ.jpg,N,super
LIusqjRkmP.jpg,N,real
TlyTaGxoJk.jpg,N,real
Wa2X3kX44a.jpg,N,real
dtYMyALO4l.jpg,N,real
superimposed_8ZxKVkITdQ.jpg,N,super
s1d7ff3rrp.jpg,N,real
kC3zdr57yc.jpg,N,real
7oRrB8eUMU.jpg,N,real
hMBgUgWy5X.jpg,N,real
superimposed_MetL37Bs5n.jpg,N,super
lzSLLLsWTu.jpg,N,real
n3giPX5vnu.jpg,N,real
o1wnllAti5.jpg,N,real
yMQmp91Sf6.jpg,N,real
cPyW3DWzLw.jpg,N,real
ul4LNhjSY2.jpg,N,real
UbWJjIIxwe.jpg,N,real
hMe5xeAM8s.jpg,N,real
AaBUaEWsNg.jpg,F,real
pYYesYU5aR.jpg,F,real
29tVilY6yy.jpg,N,real
RoD4bIX0Ok.jpg,F,real
Ci85aMIWW0.jpg,N,real
H4G63kRZgE.jpg,N,real
wemWCEZ6GP.jpg,N,real
Of8C2Z5v0i.jpg,F,real
superimposed_YDbrS2Ptjp.jpg,N,super
rYxu51rKgM.jpg,N,real
Ib4g2B6OHk.jpg,F,real
superimposed_ALQUNquZhh.jpg,N,super
SX5iOldQmA.jpg,F,real
Y6GXnu02bn.jpg,F,real
F8Z7nWKHEh.jpg,N,real
T9wlMGjuwN.jpg,N,real
2Mm0GKmGWv.jpg,F,real
HdjcQOCorE.jpg,F,real
oJNIkkuisK.jpg,N,real
LZSGKpyy9s.jpg,F,real
yb5C5pyWCs.jpg,N,real
MhFvl53g4u.jpg,N,real
be6wdex70B.jpg,N,real
oPSev0kj0u.jpg,F,real
C5fOIqqHYO.jpg,F,real
superimposed_XdBjDfDnKr.jpg,N,super
vdXu9ENCfv.jpg,F,real
V1I06b9jtr.jpg,F,real
YUx3Bjj6G3.jpg,F,real
xyzrbKXdtT.jpg,F,real
FutYmALwa2.jpg,F,real
superimposed_F8Z7nWKHEh.jpg,N,super
superimposed_98uovFfMqv.jpg,N,super
superimposed_A8bNBER8T2.jpg,N,super
zUsEWGWwRd.jpg,N,real
QSMNU3BNNy.jpg,F,real
VJbDOmsJW6.jpg,F,real
iSKzMq6S0E.jpg,F,real
dSgTGJZwgU.jpg,F,real
XCyo5vdOjJ.jpg,N,real
YPZTq1hH1t.jpg,F,real
3cagX8QpuB.jpg,N,real
07uULk9R7E.jpg,N,real
rIuJgyYGh5.jpg,N,real
ozXy0VloF3.jpg,F,real
9Dl2uX5g17.jpg,N,real
Sl00FymRog.jpg,N,real
YH72eL2s39.jpg,F,real
raMhEzuyXB.jpg,N,real
2jojdnK94B.jpg,N,real
hhY7hw9I6l.jpg,F,real
396SrZDfwF.jpg,F,real
XurpCUVebc.jpg,F,real
ZhbgfnvhvP.jpg,N,real
5TBKanAW0c.jpg,F,real
3Nd3qNjaar.jpg,N,real
OccecUYGoC.jpg,N,real
kXLOrh5tBV.jpg,F,real
aYNmXd4Z0Q.jpg,F,real
CjQquCEZ0v.jpg,F,real
70I9MlNJF3.jpg,N,real
rBxRhVPoOs.jpg,F,real
superimposed_vmzGk456Zz.jpg,N,super
iVYzVPxLcQ.jpg,N,real
qCNjYr2MKG.jpg,N,real
ZnadrTaSmX.jpg,N,real
2WURRz1hCR.jpg,F,real
IoYFh01CDZ.jpg,F,real
wzZ96q3cL5.jpg,N,real
sXYVxc3lpu.jpg,N,real
8nF71YyKJU.jpg,F,real
iDtRhKcutJ.jpg,F,real
bbdxsYenLM.jpg,N,real
superimposed_ILIUEQlYo0.jpg,N,super
iL4CP4XsWE.jpg,F,real
smUFBiiYf8.jpg,F,real
HRfAqQsd2F.jpg,N,real
fshT18m830.jpg,N,real
iKuMqbaddn.jpg,F,real
DlWPCc1Fz8.jpg,F,real
5BKPGDw2cc.jpg,N,real
ZLrn5hRSZk.jpg,F,real
biD8xocEaS.jpg,F,real
G9DP3Ltx8E.jpg,N,real
YRoOjlc7t4.jpg,N,real
B7eBw4xXA5.jpg,F,real
ZSmBHv8SmI.jpg,F,real
9UK1Kqg2Kt.jpg,F,real
unGRZykuCJ.jpg,N,real
65CALoO3TW.jpg,F,real
VNIueUkXXe.jpg,F,real
superimposed_1345.jpeg,N,super
OOVjM5xNP5.jpg,N,real
MpN1DVxrr9.jpg,N,real
GkTlIQhYpT.jpg,F,real
61WesT65rg.jpg,N,real
uN457ibEhb.jpg,F,real
lpmhQPWj1N.jpg,N,real
LVvKp4aOMH.jpg,F,real
V4qTJHZqCJ.jpg,F,real
SrdKPQiQlK.jpg,F,real
QYbhJVBkDv.jpg,F,real
7nLSovzPTy.jpg,F,real
UFNLJZsDr2.jpg,F,real
Ant7Dmuicd.jpg,N,real
ZlvVz34LIG.jpg,N,real
NpEBL1TX5d.jpg,F,real
h1nHifQhaf.jpg,F,real
z2pid6KtAM.jpg,F,real
w44OmEQvO8.jpg,F,real
rXHdONlr1o.jpg,N,real
ZFkZDLUo5c.jpg,N,real
ckKn1rEKiR.jpg,N,real
superimposed_hmQ82MPWPm.jpg,N,super
XdBjDfDnKr.jpg,N,real
KkbeQtVYXQ.jpg,N,real
ZBo4s0RYOe.jpg,F,real
GopHy6npLu.jpg,N,real
uJWu1GWFY3.jpg,F,real
rmZ6BAGstI.jpg,N,real
pQobEKp00B.jpg,N,real
superimposed_uwQDTQ2HST.jpg,N,super
superimposed_M8YB4ZQLIp.jpg,N,super
JFftySqh0K.jpg,F,real
glmnw4cenY.jpg,F,real
Vh2E6PvaJZ.jpg,F,real
2yeR7yPvvM.jpg,N,real
yWM8dx0Bfo.jpg,F,real
Ej5y3qwsBt.jpg,N,real
H3mibUfXUO.jpg,F,real
o2AZM696Bb.jpg,F,real
superimposed_cbCFIL9guT.jpg,N,super
rv8ALh68br.jpg,N,real
Pz4uKDDB4e.jpg,N,real
superimposed_TqP5nzr4wE.jpg,N,super
Ckr9uZV4qq.jpg,F,real
0BUrBG8k0n.jpg,F,real
wXGekF0Jx8.jpg,F,real
GyK644u0ug.jpg,N,real
hIs07xm4v4.jpg,N,real
zgWO5f70R9.jpg,N,real
kYXbrFWfv3.jpg,N,real
superimposed_GDotDFLs9P.jpg,N,super
f8Uowmcqst.jpg,F,real
superimposed_1118.jpeg,N,super
PpdOViwGvO.jpg,F,real
Di13dgXHpE.jpg,F,real
U8v9eePcXb.jpg,N,real
rwB5mcfGxV.jpg,N,real
superimposed_1338.jpeg,N,super
HCYMzOnlVO.jpg,N,real
SG8Ly2CxfK.jpg,N,real
c6rHp9uyu3.jpg,F,real
ZV0ZcPVs5f.jpg,F,real
dgY6gYLgkP.jpg,N,real
DiVffVxbNz.jpg,N,real
superimposed_k6ve0rmvtr.jpg,N,super
gn4UnKPhba.jpg,N,real
csyGy1un95.jpg,F,real
P3VrvJotfI.jpg,F,real
58HCAQQU6d.jpg,F,real
hNynwnPQt2.jpg,F,real
LXwIF2Zvfz.jpg,N,real
superimposed_IMnhRan7rB.jpg,N,super
hOt2SWh0og.jpg,F,real
superimposed_u2ju3ImUkV.jpg,N,super
0jQtR1i24k.jpg,F,real
VlTzHq3lxj.jpg,N,real
PYxQDAZcnR.jpg,F,real
8j11PZdsq3.jpg,N,real
S6gd0gO7fz.jpg,F,real
RKWhgCCId2.jpg,F,real
x2JIQnsU2C.jpg,N,real
GjtcVdGir6.jpg,N,real
CjEthMbJee.jpg,N,real
tDc1URVO7w.jpg,N,real
IfuGO3YHZa.jpg,F,real
superimposed_UBfd1N1uhz.jpg,N,super
QOsImE90HG.jpg,F,real
mKQBNSExZb.jpg,F,real
2yeOuVbcPH.jpg,N,real
R4FxulqubA.jpg,F,real
OZMtvJh3po.jpg,N,real
P9rMEWpb82.jpg,N,real
NXVJUK9jKr.jpg,N,real
superimposed_LDzO4yTtuS.jpg,N,super
superimposed_uUgD1Qb8ja.jpg,N,super
652a3A1xMR.jpg,F,real
ubef8Q15f1.jpg,F,real
XCBrUoI6Oe.jpg,N,real
superimposed_LCMdpqypkb.jpg,N,super
SQtU9MVQcg.jpg,F,real
oaYLlNM4Nn.jpg,F,real
superimposed_WhSwYtxQav.jpg,N,super
y2rI7sk7ts.jpg,N,real
superimposed_l0RKpQ5DGf.jpg,N,super
qHGIY3YvZo.jpg,N,real
ywnhopVC26.jpg,N,real
xMswJWSkUD.jpg,N,real
FnzfLQ7xz1.jpg,F,real
superimposed_XoI1DlOsmf.jpg,N,super
IwSgdADq4x.jpg,F,real
GEYiKDMoYH.jpg,N,real
qKe3rDuhdS.jpg,N,real
d95JTc3tjo.jpg,F,real
1z8oLxY9DN.jpg,F,real
CamgHDEDVu.jpg,N,real
Ey7qQy16Cq.jpg,N,real
hswArXtvUN.jpg,N,real
y9jj97IMPY.jpg,N,real
TpZ3WBQBuq.jpg,F,real
pkUBPA3FDe.jpg,N,real
DMEG8y6kCQ.jpg,F,real
60rDXLsXph.jpg,F,real
9AASNDNCZf.jpg,F,real
6TclPhs19J.jpg,N,real
CRnPMCYXdf.jpg,N,real
WVCoVqPcKb.jpg,N,real
WtIVIDa7Qm.jpg,N,real
superimposed_HPRPgCdfRg.jpg,N,super
HC3qN7sazi.jpg,F,real
z7gm5OxgnM.jpg,F,real
87rO37gyX3.jpg,N,real
UNoKf4f3HZ.jpg,F,real
JrMkXDM4Os.jpg,F,real
Hm9bvEy2Uq.jpg,N,real
FMT888pYoM.jpg,N,real
XRNmDZC6yB.jpg,N,real
UwpqLsPrrB.jpg,F,real
Ee0SFGwg21.jpg,N,real
fvcutWlkw4.jpg,N,real
w6PQZijn9x.jpg,F,real
superimposed_nCoGDSoUUP.jpg,N,super
mf4qi2DM2h.jpg,F,real
bgGvf2Yb2S.jpg,F,real
6EZ1v2l00z.jpg,N,real
f6MqNZsvmq.jpg,N,real
vBYB6cllcj.jpg,N,real
YnFoAox3Cr.jpg,F,real
YJuHsEO2Jj.jpg,F,real
3P68vsMgtT.jpg,N,real
dAJafNu0GC.jpg,F,real
RagO8L2O1I.jpg,F,real
superimposed_InfSLs6Ltb.jpg,N,super
superimposed_g8Smj4wKBE.jpg,N,super
aH0I9vxubE.jpg,F,real
AeDc3oECZo.jpg,F,real
HzynY8qdPq.jpg,F,real
5NpV7Lw31p.jpg,N,real
cv1EMqd9ZY.jpg,F,real
97bnJzlJZx.jpg,F,real
qHBSotb7iU.jpg,N,real
jtCKvdIvsE.jpg,F,real
VHaue49J4s.jpg,N,real
7kg7wAbLfB.jpg,N,real
T5c69E0ESt.jpg,F,real
0LkBFjtA3t.jpg,N,real
Esy6BKbKLS.jpg,N,real
sH7tE8Zu5z.jpg,N,real
ycwMwAF3yX.jpg,N,real
mZnLNRL1kv.jpg,N,real
superimposed_1317.jpeg,N,super
BGPqIwhwS5.jpg,F,real
NpWWVHyx95.jpg,N,real
superimposed_zTekO2zYF1.jpg,N,super
A8NbvKXTYx.jpg,N,real
W2Ss3fX9zG.jpg,F,real
9Rk87tLJzL.jpg,F,real
