,Filename,Label
0,aug_430911558.png,Ericameria_nauseosa
1,aug_226173553.png,Ericameria_nauseosa
2,aug_424334750.png,Ericameria_nauseosa
3,aug_440503490.png,Ericameria_nauseosa
4,aug_437466745.png,Ericameria_nauseosa
5,aug_158446799.png,Ericameria_nauseosa
6,aug_437591249.png,Ericameria_nauseosa
7,aug_51815784.png,Ericameria_nauseosa
8,aug_305006858.png,Ericameria_nauseosa
9,aug_318649420.png,Ericameria_nauseosa
10,aug_267052073.png,Ericameria_nauseosa
11,aug_95930856.png,Ericameria_nauseosa
12,aug_167217935.png,Ericameria_nauseosa
13,aug_161949055.png,Ericameria_nauseosa
14,aug_105451345.png,Ericameria_nauseosa
15,aug_427917200.png,Ericameria_nauseosa
16,aug_154383724.png,Ericameria_nauseosa
17,aug_234615111.png,Ericameria_nauseosa
18,aug_104508444.png,Ericameria_nauseosa
19,aug_312720882.png,Ericameria_nauseosa
20,aug_98182255.png,Ericameria_nauseosa
21,aug_423424587.png,Ericameria_nauseosa
22,aug_263461463.png,Ericameria_nauseosa
23,aug_422847357.png,Ericameria_nauseosa
24,aug_444929984.png,Ericameria_nauseosa
25,aug_435788443.png,Ericameria_nauseosa
26,aug_231016449.png,Ericameria_nauseosa
27,aug_431360265.png,Ericameria_nauseosa
28,aug_412007576.png,Ericameria_nauseosa
29,aug_422862908.png,Ericameria_nauseosa
30,aug_312721021.png,Ericameria_nauseosa
31,aug_318521565.png,Ericameria_nauseosa
32,aug_322190574.png,Ericameria_nauseosa
33,aug_325366552.png,Ericameria_nauseosa
34,aug_438018598.png,Ericameria_nauseosa
35,aug_52539588.png,Ericameria_nauseosa
36,aug_418960544.png,Ericameria_nauseosa
37,aug_230504560.png,Ericameria_nauseosa
38,aug_434746265.png,Ericameria_nauseosa
39,aug_88423625.png,Ericameria_nauseosa
40,aug_226217615.png,Ericameria_nauseosa
41,aug_237683513.png,Ericameria_nauseosa
42,aug_440774312.png,Ericameria_nauseosa
43,aug_338114220.png,Ericameria_nauseosa
44,aug_431003496.png,Ericameria_nauseosa
45,aug_329613723.png,Ericameria_nauseosa
46,aug_437732462.png,Ericameria_nauseosa
47,aug_156308815.png,Ericameria_nauseosa
48,aug_445197369.png,Ericameria_nauseosa
49,aug_413591373.png,Ericameria_nauseosa
50,aug_312449935.png,Ericameria_nauseosa
51,aug_228113702.png,Ericameria_nauseosa
52,aug_421614969.png,Ericameria_nauseosa
53,aug_320807852.png,Ericameria_nauseosa
54,aug_440836850.png,Ericameria_nauseosa
55,aug_155565258.png,Ericameria_nauseosa
56,aug_424121599.png,Ericameria_nauseosa
57,aug_162532167.png,Ericameria_nauseosa
58,aug_450371128.png,Ericameria_nauseosa
59,aug_344746026.png,Ericameria_nauseosa
60,aug_84321200.png,Ericameria_nauseosa
61,aug_437050492.png,Ericameria_nauseosa
62,aug_94020662.png,Ericameria_nauseosa
63,aug_426991338.png,Ericameria_nauseosa
64,aug_101486141.png,Ericameria_nauseosa
65,aug_163628174.png,Ericameria_nauseosa
66,aug_237524936.png,Ericameria_nauseosa
67,aug_439900754.png,Ericameria_nauseosa
68,aug_311741207.png,Ericameria_nauseosa
69,aug_163158586.png,Ericameria_nauseosa
70,aug_412442889.png,Ericameria_nauseosa
71,aug_52082800.png,Ericameria_nauseosa
72,aug_460009393.png,Ericameria_nauseosa
73,aug_317390759.png,Ericameria_nauseosa
74,aug_94067199.png,Ericameria_nauseosa
75,aug_93310984.png,Ericameria_nauseosa
76,aug_52698704.png,Ericameria_nauseosa
77,aug_218243298.png,Ericameria_nauseosa
78,aug_332156101.png,Ericameria_nauseosa
79,aug_427309083.png,Ericameria_nauseosa
80,aug_423894839.png,Ericameria_nauseosa
81,aug_89597395.png,Ericameria_nauseosa
82,aug_222029966.png,Ericameria_nauseosa
83,aug_234464408.png,Ericameria_nauseosa
84,aug_313041262.png,Ericameria_nauseosa
85,aug_439233961.png,Ericameria_nauseosa
86,aug_162104453.png,Ericameria_nauseosa
87,aug_162579000.png,Ericameria_nauseosa
88,aug_53216484.png,Ericameria_nauseosa
89,aug_434518958.png,Ericameria_nauseosa
90,aug_162590057.png,Ericameria_nauseosa
91,aug_232944927.png,Ericameria_nauseosa
92,aug_428571894.png,Ericameria_nauseosa
93,aug_312722069.png,Ericameria_nauseosa
94,aug_233781285.png,Ericameria_nauseosa
95,aug_320820700.png,Ericameria_nauseosa
96,aug_115720616.png,Ericameria_nauseosa
97,aug_329274243.png,Ericameria_nauseosa
98,aug_163663592.png,Ericameria_nauseosa
99,aug_467744208.png,Ericameria_nauseosa
100,aug_314784567.png,Ericameria_nauseosa
101,aug_237530805.png,Ericameria_nauseosa
102,aug_93981108.png,Ericameria_nauseosa
103,aug_330789444.png,Ericameria_nauseosa
104,aug_224139017.png,Ericameria_nauseosa
105,aug_98036936.png,Ericameria_nauseosa
106,aug_438068555.png,Ericameria_nauseosa
107,aug_426610455.png,Ericameria_nauseosa
108,aug_420997635.png,Ericameria_nauseosa
109,aug_102561374.png,Ericameria_nauseosa
110,aug_442394650.png,Ericameria_nauseosa
111,aug_326785555.png,Ericameria_nauseosa
112,aug_230775939.png,Ericameria_nauseosa
113,aug_333269731.png,Ericameria_nauseosa
114,aug_134896752.png,Ericameria_nauseosa
115,aug_317667673.png,Ericameria_nauseosa
116,aug_166368429.png,Ericameria_nauseosa
117,aug_161087747.png,Ericameria_nauseosa
118,aug_228787347.png,Ericameria_nauseosa
119,aug_217571661.png,Ericameria_nauseosa
120,aug_233140292.png,Ericameria_nauseosa
121,aug_351855986.png,Ericameria_nauseosa
122,aug_417473952.png,Ericameria_nauseosa
123,aug_96810721.png,Ericameria_nauseosa
124,aug_319818444.png,Ericameria_nauseosa
125,aug_89848289.png,Ericameria_nauseosa
126,aug_51918934.png,Ericameria_nauseosa
127,aug_226389390.png,Ericameria_nauseosa
128,aug_435780965.png,Ericameria_nauseosa
129,aug_318173952.png,Ericameria_nauseosa
130,aug_469988635.png,Ericameria_nauseosa
131,aug_235163420.png,Ericameria_nauseosa
132,aug_241645651.png,Ericameria_nauseosa
133,aug_431147431.png,Ericameria_nauseosa
134,aug_429506426.png,Ericameria_nauseosa
135,aug_233752312.png,Ericameria_nauseosa
136,aug_316260199.png,Ericameria_nauseosa
137,aug_465839606.png,Ericameria_nauseosa
138,aug_331999090.png,Ericameria_nauseosa
139,aug_98306118.png,Ericameria_nauseosa
140,aug_96567313.png,Ericameria_nauseosa
141,aug_238950791.png,Ericameria_nauseosa
142,aug_329214807.png,Ericameria_nauseosa
143,aug_422954453.png,Ericameria_nauseosa
144,aug_234043739.png,Ericameria_nauseosa
145,aug_230986237.png,Ericameria_nauseosa
146,aug_87521716.png,Ericameria_nauseosa
147,aug_235621191.png,Ericameria_nauseosa
148,aug_161398483.png,Ericameria_nauseosa
149,aug_413169437.png,Ericameria_nauseosa
150,aug_312696636.png,Ericameria_nauseosa
151,aug_179676972.png,Ericameria_nauseosa
152,aug_53623732.png,Ericameria_nauseosa
153,aug_162579891.png,Ericameria_nauseosa
154,aug_53187690.png,Ericameria_nauseosa
155,aug_432467516.png,Ericameria_nauseosa
156,aug_428436907.png,Ericameria_nauseosa
157,aug_433244136.png,Ericameria_nauseosa
158,aug_102447493.png,Ericameria_nauseosa
159,aug_155675924.png,Ericameria_nauseosa
160,aug_421621570.png,Ericameria_nauseosa
161,aug_52618040.png,Ericameria_nauseosa
162,aug_417943895.png,Ericameria_nauseosa
163,aug_231481491.png,Ericameria_nauseosa
164,aug_96547217.png,Ericameria_nauseosa
165,aug_329550664.png,Ericameria_nauseosa
166,aug_313068112.png,Ericameria_nauseosa
167,aug_97310990.png,Ericameria_nauseosa
168,aug_94674225.png,Ericameria_nauseosa
169,aug_425306197.png,Ericameria_nauseosa
170,aug_235208360.png,Ericameria_nauseosa
171,aug_53889943.png,Ericameria_nauseosa
172,aug_321978081.png,Ericameria_nauseosa
173,aug_232461474.png,Ericameria_nauseosa
174,aug_148787809.png,Ericameria_nauseosa
175,aug_439811569.png,Ericameria_nauseosa
176,aug_403118516.png,Ericameria_nauseosa
177,aug_326107844.png,Ericameria_nauseosa
178,aug_229708332.png,Ericameria_nauseosa
179,aug_232721520.png,Ericameria_nauseosa
180,aug_234788644.png,Ericameria_nauseosa
181,aug_326524023.png,Ericameria_nauseosa
182,aug_412582506.png,Ericameria_nauseosa
183,aug_420198816.png,Ericameria_nauseosa
184,aug_409872689.png,Ericameria_nauseosa
185,aug_240456469.png,Ericameria_nauseosa
186,aug_441348922.png,Ericameria_nauseosa
187,aug_323577406.png,Ericameria_nauseosa
188,aug_229315824.png,Ericameria_nauseosa
189,aug_224387027.png,Ericameria_nauseosa
190,aug_98768124.png,Ericameria_nauseosa
191,aug_312450369.png,Ericameria_nauseosa
192,aug_53049024.png,Ericameria_nauseosa
193,aug_90153763.png,Ericameria_nauseosa
194,aug_333637362.png,Ericameria_nauseosa
195,aug_97017053.png,Ericameria_nauseosa
196,aug_414076253.png,Ericameria_nauseosa
197,aug_94721244.png,Ericameria_nauseosa
198,aug_228117595.png,Ericameria_nauseosa
199,aug_433735538.png,Ericameria_nauseosa
200,aug_101671043.png,Ericameria_nauseosa
201,aug_166074810.png,Ericameria_nauseosa
202,aug_418179853.png,Ericameria_nauseosa
203,aug_155990394.png,Ericameria_nauseosa
204,aug_330604249.png,Ericameria_nauseosa
205,aug_321961821.png,Ericameria_nauseosa
206,aug_331703052.png,Ericameria_nauseosa
207,aug_306588994.png,Ericameria_nauseosa
208,aug_332195523.png,Ericameria_nauseosa
209,aug_54069058.png,Ericameria_nauseosa
210,aug_325453351.png,Ericameria_nauseosa
211,aug_330181245.png,Ericameria_nauseosa
212,aug_312862519.png,Ericameria_nauseosa
213,aug_154436730.png,Ericameria_nauseosa
214,aug_70047358.png,Ericameria_nauseosa
215,aug_52888621.png,Ericameria_nauseosa
216,aug_321082778.png,Ericameria_nauseosa
217,aug_312720725.png,Ericameria_nauseosa
218,aug_431338035.png,Ericameria_nauseosa
219,aug_229760638.png,Ericameria_nauseosa
220,aug_321413167.png,Ericameria_nauseosa
221,aug_327752356.png,Ericameria_nauseosa
222,aug_321378829.png,Ericameria_nauseosa
223,aug_466053831.png,Ericameria_nauseosa
224,aug_99923790.png,Ericameria_nauseosa
225,aug_329599058.png,Ericameria_nauseosa
226,aug_436368326.png,Ericameria_nauseosa
227,aug_430523059.png,Ericameria_nauseosa
228,aug_322972645.png,Ericameria_nauseosa
229,aug_418796940.png,Ericameria_nauseosa
230,aug_157973498.png,Ericameria_nauseosa
231,aug_94074133.png,Ericameria_nauseosa
232,aug_90024285.png,Ericameria_nauseosa
233,aug_407149404.png,Ericameria_nauseosa
234,aug_154829410.png,Ericameria_nauseosa
235,aug_48901044.png,Ericameria_nauseosa
236,aug_440126437.png,Ericameria_nauseosa
237,aug_222206525.png,Ericameria_nauseosa
238,aug_316926803.png,Ericameria_nauseosa
239,aug_227895517.png,Ericameria_nauseosa
240,aug_327748063.png,Ericameria_nauseosa
241,aug_426603627.png,Ericameria_nauseosa
242,aug_338612436.png,Ericameria_nauseosa
243,aug_97877379.png,Ericameria_nauseosa
244,aug_53333057.png,Ericameria_nauseosa
245,aug_264315299.png,Ericameria_nauseosa
246,aug_323151247.png,Ericameria_nauseosa
247,aug_440797996.png,Ericameria_nauseosa
248,aug_412868036.png,Ericameria_nauseosa
249,aug_312448196.png,Ericameria_nauseosa
250,aug_431129240.png,Ericameria_nauseosa
251,aug_323142969.png,Ericameria_nauseosa
252,aug_56597402.png,Ericameria_nauseosa
253,aug_320486745.png,Ericameria_nauseosa
254,aug_325521815.png,Ericameria_nauseosa
255,aug_428815855.png,Ericameria_nauseosa
256,aug_436077680.png,Ericameria_nauseosa
257,aug_151933110.png,Ericameria_nauseosa
258,aug_316229302.png,Ericameria_nauseosa
259,aug_160985453.png,Ericameria_nauseosa
260,aug_430373048.png,Ericameria_nauseosa
261,aug_157074413.png,Ericameria_nauseosa
262,aug_233128620.png,Ericameria_nauseosa
263,aug_440518728.png,Ericameria_nauseosa
264,aug_427973716.png,Ericameria_nauseosa
265,aug_99039932.png,Ericameria_nauseosa
266,aug_313833001.png,Ericameria_nauseosa
267,aug_161099302.png,Ericameria_nauseosa
268,aug_328803430.png,Ericameria_nauseosa
269,aug_224915812.png,Ericameria_nauseosa
270,aug_160971659.png,Ericameria_nauseosa
271,aug_439541377.png,Ericameria_nauseosa
272,aug_49024433.png,Ericameria_nauseosa
273,aug_434957636.png,Ericameria_nauseosa
274,aug_456003881.png,Ericameria_nauseosa
275,aug_232701112.png,Ericameria_nauseosa
276,aug_430751658.png,Ericameria_nauseosa
277,aug_327213036.png,Ericameria_nauseosa
278,aug_51677572.png,Ericameria_nauseosa
279,aug_443993563.png,Ericameria_nauseosa
280,aug_53444141.png,Ericameria_nauseosa
281,aug_329583227.png,Ericameria_nauseosa
282,aug_412842719.png,Ericameria_nauseosa
283,aug_90198010.png,Ericameria_nauseosa
284,aug_94684347.png,Ericameria_nauseosa
285,aug_445737194.png,Ericameria_nauseosa
286,aug_348938936.png,Ericameria_nauseosa
287,aug_326245247.png,Ericameria_nauseosa
288,aug_434619598.png,Ericameria_nauseosa
289,aug_94543338.png,Ericameria_nauseosa
290,aug_330313006.png,Ericameria_nauseosa
291,aug_314119318.png,Ericameria_nauseosa
292,aug_161830703.png,Ericameria_nauseosa
293,aug_94103760.png,Ericameria_nauseosa
294,aug_169303409.png,Ericameria_nauseosa
295,aug_436160497.png,Ericameria_nauseosa
296,aug_330598970.png,Ericameria_nauseosa
297,aug_326656203.png,Ericameria_nauseosa
298,aug_236155718.png,Ericameria_nauseosa
299,aug_160159168.png,Ericameria_nauseosa
300,aug_312720794.png,Ericameria_nauseosa
301,aug_97003247.png,Ericameria_nauseosa
302,aug_237503005.png,Ericameria_nauseosa
303,aug_441167892.png,Ericameria_nauseosa
304,aug_444687497.png,Ericameria_nauseosa
305,aug_436618481.png,Ericameria_nauseosa
306,aug_94792862.png,Ericameria_nauseosa
307,aug_321493283.png,Ericameria_nauseosa
308,aug_440202709.png,Ericameria_nauseosa
309,aug_159222274.png,Ericameria_nauseosa
310,aug_233266782.png,Ericameria_nauseosa
311,aug_233850452.png,Ericameria_nauseosa
312,aug_435298142.png,Ericameria_nauseosa
313,aug_319404333.png,Ericameria_nauseosa
314,aug_159728608.png,Ericameria_nauseosa
315,aug_160567161.png,Ericameria_nauseosa
316,aug_422833997.png,Ericameria_nauseosa
317,aug_321484118.png,Ericameria_nauseosa
318,aug_375092914.png,Ericameria_nauseosa
319,aug_312450275.png,Ericameria_nauseosa
320,aug_224382089.png,Ericameria_nauseosa
321,aug_161934501.png,Ericameria_nauseosa
322,aug_442453169.png,Ericameria_nauseosa
323,aug_330351929.png,Ericameria_nauseosa
324,aug_100801295.png,Ericameria_nauseosa
325,aug_236143595.png,Ericameria_nauseosa
326,aug_425543021.png,Ericameria_nauseosa
327,aug_276873255.png,Ericameria_nauseosa
328,aug_439144725.png,Ericameria_nauseosa
329,aug_240667475.png,Ericameria_nauseosa
330,aug_323622441.png,Ericameria_nauseosa
331,aug_331857556.png,Ericameria_nauseosa
332,aug_49839380.png,Ericameria_nauseosa
333,aug_224357665.png,Ericameria_nauseosa
334,aug_331733306.png,Ericameria_nauseosa
335,aug_319936210.png,Ericameria_nauseosa
336,aug_48708350.png,Ericameria_nauseosa
337,aug_93495596.png,Ericameria_nauseosa
338,aug_315947702.png,Ericameria_nauseosa
339,aug_48808700.png,Ericameria_nauseosa
340,aug_422849528.png,Ericameria_nauseosa
341,aug_323721270.png,Ericameria_nauseosa
342,aug_423855647.png,Ericameria_nauseosa
343,aug_430822408.png,Ericameria_nauseosa
344,aug_160161531.png,Ericameria_nauseosa
345,aug_417467690.png,Ericameria_nauseosa
346,aug_165240474.png,Ericameria_nauseosa
347,aug_319936584.png,Ericameria_nauseosa
348,aug_436396780.png,Ericameria_nauseosa
349,aug_320857600.png,Ericameria_nauseosa
350,aug_431342771.png,Ericameria_nauseosa
351,aug_97612902.png,Ericameria_nauseosa
352,aug_329476392.png,Ericameria_nauseosa
353,aug_159889692.png,Ericameria_nauseosa
354,aug_101467904.png,Ericameria_nauseosa
355,aug_94637264.png,Ericameria_nauseosa
356,aug_233365929.png,Ericameria_nauseosa
357,aug_332173723.png,Ericameria_nauseosa
358,aug_53691387.png,Ericameria_nauseosa
359,aug_326395993.png,Ericameria_nauseosa
360,aug_230529260.png,Ericameria_nauseosa
361,aug_52161657.png,Ericameria_nauseosa
362,aug_160102494.png,Ericameria_nauseosa
363,aug_321535819.png,Ericameria_nauseosa
364,aug_328670360.png,Ericameria_nauseosa
365,aug_422162834.png,Ericameria_nauseosa
366,aug_321834232.png,Ericameria_nauseosa
367,aug_323853640.png,Ericameria_nauseosa
368,aug_236144254.png,Ericameria_nauseosa
369,aug_342419204.png,Ericameria_nauseosa
370,aug_424354424.png,Ericameria_nauseosa
371,aug_323685351.png,Ericameria_nauseosa
372,aug_159387984.png,Ericameria_nauseosa
373,aug_169959090.png,Ericameria_nauseosa
374,aug_95590172.png,Ericameria_nauseosa
375,aug_327305264.png,Ericameria_nauseosa
376,aug_333376109.png,Ericameria_nauseosa
377,aug_182796392.png,Ericameria_nauseosa
378,aug_442594744.png,Ericameria_nauseosa
379,aug_416396548.png,Ericameria_nauseosa
380,aug_335451059.png,Ericameria_nauseosa
381,aug_318521756.png,Ericameria_nauseosa
382,aug_430028530.png,Ericameria_nauseosa
383,aug_162810453.png,Ericameria_nauseosa
384,aug_152192114.png,Ericameria_nauseosa
385,aug_319964095.png,Ericameria_nauseosa
386,aug_90720420.png,Ericameria_nauseosa
387,aug_50609154.png,Ericameria_nauseosa
388,aug_155922426.png,Ericameria_nauseosa
389,aug_234576440.png,Ericameria_nauseosa
390,aug_325053097.png,Ericameria_nauseosa
391,aug_433500616.png,Ericameria_nauseosa
392,aug_332052440.png,Ericameria_nauseosa
393,aug_326651055.png,Ericameria_nauseosa
394,aug_307286209.png,Ericameria_nauseosa
395,aug_314837495.png,Ericameria_nauseosa
396,aug_95758418.png,Ericameria_nauseosa
397,aug_227979919.png,Ericameria_nauseosa
398,aug_414312017.png,Ericameria_nauseosa
399,aug_437283192.png,Ericameria_nauseosa
400,aug_444405372.png,Ericameria_nauseosa
401,aug_425634253.png,Ericameria_nauseosa
402,aug_332590206.png,Ericameria_nauseosa
403,aug_315675064.png,Ericameria_nauseosa
404,aug_161292913.png,Ericameria_nauseosa
405,aug_92847940.png,Ericameria_nauseosa
406,aug_417414058.png,Ericameria_nauseosa
407,aug_420636562.png,Ericameria_nauseosa
408,aug_321988168.png,Ericameria_nauseosa
409,aug_93780437.png,Ericameria_nauseosa
410,aug_308487715.png,Ericameria_nauseosa
411,aug_429068431.png,Ericameria_nauseosa
412,aug_110206313.png,Ericameria_nauseosa
413,aug_407012741.png,Ericameria_nauseosa
414,aug_412476812.png,Ericameria_nauseosa
415,aug_428172575.png,Ericameria_nauseosa
416,aug_433243167.png,Ericameria_nauseosa
417,aug_119778012.png,Ericameria_nauseosa
418,aug_428271458.png,Ericameria_nauseosa
419,aug_317687735.png,Ericameria_nauseosa
420,aug_324636449.png,Ericameria_nauseosa
421,aug_331856352.png,Ericameria_nauseosa
422,aug_164259008.png,Ericameria_nauseosa
423,aug_158387211.png,Ericameria_nauseosa
424,aug_331123694.png,Ericameria_nauseosa
425,aug_96326198.png,Ericameria_nauseosa
426,aug_325040496.png,Ericameria_nauseosa
427,aug_480161575.png,Ericameria_nauseosa
428,aug_437136332.png,Ericameria_nauseosa
429,aug_235416962.png,Ericameria_nauseosa
430,aug_432764482.png,Ericameria_nauseosa
431,aug_323142154.png,Ericameria_nauseosa
432,aug_312690035.png,Ericameria_nauseosa
433,aug_320614165.png,Ericameria_nauseosa
434,aug_414006408.png,Ericameria_nauseosa
435,aug_432831013.png,Ericameria_nauseosa
436,aug_433245697.png,Ericameria_nauseosa
437,aug_169827709.png,Ericameria_nauseosa
438,aug_318598261.png,Ericameria_nauseosa
439,aug_154421070.png,Ericameria_nauseosa
440,aug_330180087.png,Ericameria_nauseosa
441,aug_228698610.png,Ericameria_nauseosa
442,aug_58831193.png,Ericameria_nauseosa
443,aug_438616155.png,Ericameria_nauseosa
444,aug_228251816.png,Ericameria_nauseosa
445,aug_427341258.png,Ericameria_nauseosa
446,aug_433193107.png,Ericameria_nauseosa
447,aug_432764860.png,Ericameria_nauseosa
448,aug_409110714.png,Ericameria_nauseosa
449,aug_415607303.png,Ericameria_nauseosa
450,aug_412770557.png,Ericameria_nauseosa
451,aug_466175390.png,Ericameria_nauseosa
452,aug_430591345.png,Ericameria_nauseosa
453,aug_235003803.png,Ericameria_nauseosa
454,aug_99923919.png,Ericameria_nauseosa
455,aug_52819249.png,Ericameria_nauseosa
456,aug_99514118.png,Ericameria_nauseosa
457,aug_442216715.png,Ericameria_nauseosa
458,aug_96122889.png,Ericameria_nauseosa
459,aug_415592646.png,Ericameria_nauseosa
460,aug_327006879.png,Ericameria_nauseosa
461,aug_319878569.png,Ericameria_nauseosa
462,aug_155731382.png,Ericameria_nauseosa
463,aug_156500968.png,Ericameria_nauseosa
464,aug_236547586.png,Ericameria_nauseosa
465,aug_330326980.png,Ericameria_nauseosa
466,aug_247545773.png,Ericameria_nauseosa
467,aug_427988761.png,Ericameria_nauseosa
468,aug_442713239.png,Ericameria_nauseosa
469,aug_435633067.png,Ericameria_nauseosa
470,aug_162256936.png,Ericameria_nauseosa
471,aug_412252345.png,Ericameria_nauseosa
472,aug_49147605.png,Ericameria_nauseosa
473,aug_51783803.png,Ericameria_nauseosa
474,aug_160931930.png,Ericameria_nauseosa
475,aug_51594319.png,Ericameria_nauseosa
476,aug_313001478.png,Ericameria_nauseosa
477,aug_323634328.png,Ericameria_nauseosa
478,aug_311691544.png,Ericameria_nauseosa
479,aug_331121446.png,Ericameria_nauseosa
480,aug_166188862.png,Ericameria_nauseosa
481,aug_430512661.png,Ericameria_nauseosa
482,aug_415602776.png,Ericameria_nauseosa
483,aug_441167974.png,Ericameria_nauseosa
484,aug_157036102.png,Ericameria_nauseosa
485,aug_156465023.png,Ericameria_nauseosa
486,aug_50147755.png,Ericameria_nauseosa
487,aug_431274198.png,Ericameria_nauseosa
488,aug_216803877.png,Ericameria_nauseosa
489,aug_326499780.png,Ericameria_nauseosa
490,aug_102064113.png,Ericameria_nauseosa
491,aug_239616754.png,Ericameria_nauseosa
492,aug_323849830.png,Ericameria_nauseosa
493,aug_314784621.png,Ericameria_nauseosa
494,aug_90275687.png,Ericameria_nauseosa
495,aug_149551634.png,Ericameria_nauseosa
496,aug_228208695.png,Ericameria_nauseosa
497,aug_161707937.png,Ericameria_nauseosa
498,aug_157666258.png,Ericameria_nauseosa
499,aug_102226714.png,Ericameria_nauseosa
500,aug_445522426.png,Ericameria_nauseosa
501,aug_227935348.png,Ericameria_nauseosa
502,aug_256204229.png,Ericameria_nauseosa
503,aug_460212014.png,Ericameria_nauseosa
504,aug_422832707.png,Ericameria_nauseosa
505,aug_419974376.png,Ericameria_nauseosa
506,aug_323383555.png,Ericameria_nauseosa
507,aug_158908755.png,Ericameria_nauseosa
508,aug_321997876.png,Ericameria_nauseosa
509,aug_158167527.png,Ericameria_nauseosa
510,aug_438089874.png,Ericameria_nauseosa
511,aug_230150251.png,Ericameria_nauseosa
512,aug_431027413.png,Ericameria_nauseosa
513,aug_422013909.png,Ericameria_nauseosa
514,aug_431536843.png,Ericameria_nauseosa
515,aug_423250015.png,Ericameria_nauseosa
516,aug_312654816.png,Ericameria_nauseosa
517,aug_310849459.png,Ericameria_nauseosa
518,aug_96547881.png,Ericameria_nauseosa
519,aug_159681318.png,Ericameria_nauseosa
520,aug_226042908.png,Ericameria_nauseosa
521,aug_217961138.png,Ericameria_nauseosa
522,aug_447468756.png,Ericameria_nauseosa
523,aug_419840345.png,Ericameria_nauseosa
524,aug_99977497.png,Ericameria_nauseosa
525,aug_421969899.png,Ericameria_nauseosa
526,aug_318025079.png,Ericameria_nauseosa
527,aug_322673471.png,Ericameria_nauseosa
528,aug_49964641.png,Ericameria_nauseosa
529,aug_164113083.png,Ericameria_nauseosa
530,aug_220462939.png,Ericameria_nauseosa
531,aug_315300449.png,Ericameria_nauseosa
532,aug_178363468.png,Ericameria_nauseosa
533,aug_321169944.png,Ericameria_nauseosa
534,aug_161971662.png,Ericameria_nauseosa
535,aug_315626054.png,Ericameria_nauseosa
536,aug_152026562.png,Ericameria_nauseosa
537,aug_328582624.png,Ericameria_nauseosa
538,aug_225822007.png,Ericameria_nauseosa
539,aug_88105842.png,Ericameria_nauseosa
540,aug_422711949.png,Ericameria_nauseosa
541,aug_340640727.png,Ericameria_nauseosa
542,aug_440361433.png,Ericameria_nauseosa
543,aug_434610177.png,Ericameria_nauseosa
544,aug_341834638.png,Ericameria_nauseosa
545,aug_97890207.png,Ericameria_nauseosa
546,aug_430565341.png,Ericameria_nauseosa
547,aug_408398234.png,Ericameria_nauseosa
548,aug_320487128.png,Ericameria_nauseosa
549,aug_326251213.png,Ericameria_nauseosa
550,aug_298992073.png,Ericameria_nauseosa
551,aug_315339088.png,Ericameria_nauseosa
552,aug_404914750.png,Ericameria_nauseosa
553,aug_327213188.png,Ericameria_nauseosa
554,aug_153126114.png,Ericameria_nauseosa
555,aug_434145193.png,Ericameria_nauseosa
556,aug_159674481.png,Ericameria_nauseosa
557,aug_313833234.png,Ericameria_nauseosa
558,aug_326690404.png,Ericameria_nauseosa
559,aug_245935402.png,Ericameria_nauseosa
560,aug_157220661.png,Ericameria_nauseosa
561,aug_162659512.png,Ericameria_nauseosa
562,aug_233172856.png,Ericameria_nauseosa
563,aug_436590697.png,Ericameria_nauseosa
564,aug_94637954.png,Ericameria_nauseosa
565,aug_315947738.png,Ericameria_nauseosa
566,aug_321248889.png,Ericameria_nauseosa
567,aug_99069294.png,Ericameria_nauseosa
568,aug_94717105.png,Ericameria_nauseosa
569,aug_98938040.png,Ericameria_nauseosa
570,aug_161749913.png,Ericameria_nauseosa
571,aug_460805243.png,Ericameria_nauseosa
572,aug_421446652.png,Ericameria_nauseosa
573,aug_437075252.png,Ericameria_nauseosa
574,aug_453119052.png,Ericameria_nauseosa
575,aug_164585974.png,Ericameria_nauseosa
576,aug_417127165.png,Ericameria_nauseosa
577,aug_94246936.png,Ericameria_nauseosa
578,aug_330194529.png,Ericameria_nauseosa
579,aug_434634718.png,Ericameria_nauseosa
580,aug_237004106.png,Ericameria_nauseosa
581,aug_51783041.png,Ericameria_nauseosa
582,aug_433467070.png,Ericameria_nauseosa
583,aug_432769920.png,Ericameria_nauseosa
584,aug_158767389.png,Ericameria_nauseosa
585,aug_440682058.png,Ericameria_nauseosa
586,aug_330873966.png,Ericameria_nauseosa
587,aug_330570106.png,Ericameria_nauseosa
588,aug_94557304.png,Ericameria_nauseosa
589,aug_101510190.png,Ericameria_nauseosa
590,aug_321405182.png,Ericameria_nauseosa
591,aug_324020685.png,Ericameria_nauseosa
592,aug_160888800.png,Ericameria_nauseosa
593,aug_157621165.png,Ericameria_nauseosa
594,aug_314117582.png,Ericameria_nauseosa
595,aug_435085254.png,Ericameria_nauseosa
596,aug_415887687.png,Ericameria_nauseosa
597,aug_334401013.png,Ericameria_nauseosa
598,aug_161385106.png,Ericameria_nauseosa
599,aug_435934616.png,Ericameria_nauseosa
600,aug_329067144.png,Ericameria_nauseosa
601,aug_418988211.png,Ericameria_nauseosa
602,aug_435519401.png,Ericameria_nauseosa
603,aug_242264538.png,Ericameria_nauseosa
604,aug_435169157.png,Ericameria_nauseosa
605,aug_249817735.png,Ericameria_nauseosa
606,aug_118360022.png,Ericameria_nauseosa
607,aug_430360945.png,Ericameria_nauseosa
608,aug_327802675.png,Ericameria_nauseosa
609,aug_431361871.png,Ericameria_nauseosa
610,aug_403110142.png,Ericameria_nauseosa
611,aug_161072640.png,Ericameria_nauseosa
612,aug_106248305.png,Ericameria_nauseosa
613,aug_95402713.png,Ericameria_nauseosa
614,aug_231907329.png,Ericameria_nauseosa
615,aug_339129651.png,Ericameria_nauseosa
616,aug_99514199.png,Ericameria_nauseosa
617,aug_424946128.png,Ericameria_nauseosa
618,aug_420988582.png,Ericameria_nauseosa
619,aug_325210625.png,Ericameria_nauseosa
620,aug_314513425.png,Ericameria_nauseosa
621,aug_438859633.png,Ericameria_nauseosa
622,aug_307587378.png,Ericameria_nauseosa
623,aug_413820208.png,Ericameria_nauseosa
624,aug_430586346.png,Ericameria_nauseosa
625,aug_91829274.png,Ericameria_nauseosa
626,aug_431298555.png,Ericameria_nauseosa
627,aug_438166538.png,Ericameria_nauseosa
628,aug_429858016.png,Ericameria_nauseosa
629,aug_239556402.png,Ericameria_nauseosa
630,aug_366044879.png,Ericameria_nauseosa
631,aug_162019051.png,Ericameria_nauseosa
632,aug_319813626.png,Ericameria_nauseosa
633,aug_326162607.png,Ericameria_nauseosa
634,aug_171079649.png,Ericameria_nauseosa
635,aug_317234516.png,Ericameria_nauseosa
636,aug_433672488.png,Ericameria_nauseosa
637,aug_469709302.png,Ericameria_nauseosa
638,aug_239723920.png,Ericameria_nauseosa
639,aug_431772867.png,Ericameria_nauseosa
640,aug_149736629.png,Ericameria_nauseosa
641,aug_441890525.png,Ericameria_nauseosa
642,aug_496750404.png,Ericameria_nauseosa
643,aug_165980102.png,Ericameria_nauseosa
644,aug_430146254.png,Ericameria_nauseosa
645,aug_223967068.png,Ericameria_nauseosa
646,aug_49762765.png,Ericameria_nauseosa
647,aug_96136955.png,Ericameria_nauseosa
648,aug_434519189.png,Ericameria_nauseosa
649,aug_328314703.png,Ericameria_nauseosa
650,aug_438362543.png,Ericameria_nauseosa
651,aug_331115713.png,Ericameria_nauseosa
652,aug_211723162.png,Ericameria_nauseosa
653,aug_230809347.png,Ericameria_nauseosa
654,aug_53305454.png,Ericameria_nauseosa
655,aug_466710450.png,Ericameria_nauseosa
656,aug_442910541.png,Ericameria_nauseosa
657,aug_154783834.png,Ericameria_nauseosa
658,aug_424345019.png,Ericameria_nauseosa
659,aug_157725750.png,Ericameria_nauseosa
660,aug_98194467.png,Ericameria_nauseosa
661,aug_315948481.png,Ericameria_nauseosa
662,aug_155966440.png,Ericameria_nauseosa
663,aug_331553049.png,Ericameria_nauseosa
664,aug_172330127.png,Ericameria_nauseosa
665,aug_49102422.png,Ericameria_nauseosa
666,aug_49940327.png,Ericameria_nauseosa
667,aug_230329408.png,Ericameria_nauseosa
668,aug_423644986.png,Ericameria_nauseosa
669,aug_230900103.png,Ericameria_nauseosa
670,aug_312720871.png,Ericameria_nauseosa
671,aug_435156386.png,Ericameria_nauseosa
672,aug_318031323.png,Ericameria_nauseosa
673,aug_426373874.png,Ericameria_nauseosa
674,aug_357560550.png,Ericameria_nauseosa
675,aug_98150951.png,Ericameria_nauseosa
676,aug_52702288.png,Ericameria_nauseosa
677,aug_441841689.png,Ericameria_nauseosa
678,aug_435279645.png,Ericameria_nauseosa
679,aug_98526576.png,Ericameria_nauseosa
680,aug_99382727.png,Ericameria_nauseosa
681,aug_52517509.png,Ericameria_nauseosa
682,aug_100037013.png,Ericameria_nauseosa
683,aug_328195576.png,Ericameria_nauseosa
684,aug_102462569.png,Ericameria_nauseosa
685,aug_157539304.png,Ericameria_nauseosa
686,aug_108946937.png,Ericameria_nauseosa
687,aug_162327532.png,Ericameria_nauseosa
688,aug_229005217.png,Ericameria_nauseosa
689,aug_161568323.png,Ericameria_nauseosa
690,aug_471707553.png,Ericameria_nauseosa
691,aug_56113069.png,Ericameria_nauseosa
692,aug_319870046.png,Ericameria_nauseosa
693,aug_317810878.png,Ericameria_nauseosa
694,aug_93825714.png,Ericameria_nauseosa
695,aug_430550293.png,Ericameria_nauseosa
696,aug_165664129.png,Ericameria_nauseosa
697,aug_237665579.png,Ericameria_nauseosa
698,aug_324700366.png,Ericameria_nauseosa
699,aug_313002031.png,Ericameria_nauseosa
700,aug_411093968.png,Ericameria_nauseosa
701,aug_319150354.png,Ericameria_nauseosa
702,aug_375661780.png,Ericameria_nauseosa
703,aug_164140781.png,Ericameria_nauseosa
704,aug_435347121.png,Ericameria_nauseosa
705,aug_218342208.png,Ericameria_nauseosa
706,aug_96565329.png,Ericameria_nauseosa
707,aug_441881059.png,Ericameria_nauseosa
708,aug_171473187.png,Ericameria_nauseosa
709,aug_415976924.png,Ericameria_nauseosa
710,aug_446145908.png,Ericameria_nauseosa
711,aug_161718123.png,Ericameria_nauseosa
712,aug_95709464.png,Ericameria_nauseosa
713,aug_330176139.png,Ericameria_nauseosa
714,aug_155172458.png,Ericameria_nauseosa
715,aug_440793101.png,Ericameria_nauseosa
716,aug_101110794.png,Ericameria_nauseosa
717,aug_160938589.png,Ericameria_nauseosa
718,aug_95410340.png,Ericameria_nauseosa
719,aug_228073683.png,Ericameria_nauseosa
720,aug_100769276.png,Ericameria_nauseosa
721,aug_427252837.png,Ericameria_nauseosa
722,aug_327277715.png,Ericameria_nauseosa
723,aug_231589291.png,Ericameria_nauseosa
724,aug_441037451.png,Ericameria_nauseosa
725,aug_410214324.png,Ericameria_nauseosa
726,aug_437732446.png,Ericameria_nauseosa
727,aug_102338211.png,Ericameria_nauseosa
728,aug_429325986.png,Ericameria_nauseosa
729,aug_317198787.png,Ericameria_nauseosa
730,aug_99548594.png,Ericameria_nauseosa
731,aug_436773263.png,Ericameria_nauseosa
732,aug_330333273.png,Ericameria_nauseosa
733,aug_89808157.png,Ericameria_nauseosa
734,aug_326405567.png,Ericameria_nauseosa
735,aug_50082960.png,Ericameria_nauseosa
736,aug_234345173.png,Ericameria_nauseosa
737,aug_318025110.png,Ericameria_nauseosa
738,aug_161369953.png,Ericameria_nauseosa
739,aug_320545850.png,Ericameria_nauseosa
740,aug_429467959.png,Ericameria_nauseosa
741,aug_100559308.png,Ericameria_nauseosa
742,aug_94352193.png,Ericameria_nauseosa
743,aug_239692009.png,Ericameria_nauseosa
744,aug_94348871.png,Ericameria_nauseosa
745,aug_427692968.png,Ericameria_nauseosa
746,aug_323437710.png,Ericameria_nauseosa
747,aug_312421585.png,Ericameria_nauseosa
748,aug_443154094.png,Ericameria_nauseosa
749,aug_427344649.png,Ericameria_nauseosa
750,aug_435815081.png,Ericameria_nauseosa
751,aug_85775459.png,Ericameria_nauseosa
752,aug_326639049.png,Ericameria_nauseosa
753,aug_422648049.png,Ericameria_nauseosa
754,aug_94073432.png,Ericameria_nauseosa
755,aug_322551714.png,Ericameria_nauseosa
756,aug_437998125.png,Ericameria_nauseosa
757,aug_99103095.png,Ericameria_nauseosa
758,aug_320829447.png,Ericameria_nauseosa
759,aug_228931664.png,Ericameria_nauseosa
760,aug_367193096.png,Ericameria_nauseosa
761,aug_442284214.png,Ericameria_nauseosa
762,aug_331006398.png,Ericameria_nauseosa
763,aug_161195367.png,Ericameria_nauseosa
764,aug_437772433.png,Ericameria_nauseosa
765,aug_430926177.png,Ericameria_nauseosa
766,aug_159817263.png,Ericameria_nauseosa
767,aug_321970437.png,Ericameria_nauseosa
768,aug_96811835.png,Ericameria_nauseosa
769,aug_438087253.png,Ericameria_nauseosa
770,aug_430568827.png,Ericameria_nauseosa
771,aug_440296832.png,Ericameria_nauseosa
772,aug_422733003.png,Ericameria_nauseosa
773,aug_303286959.png,Ericameria_nauseosa
774,aug_443086287.png,Ericameria_nauseosa
775,aug_306965711.png,Ericameria_nauseosa
776,aug_162498115.png,Ericameria_nauseosa
777,aug_99009167.png,Ericameria_nauseosa
778,aug_217982298.png,Ericameria_nauseosa
779,aug_250628682.png,Ericameria_nauseosa
780,aug_53694372.png,Ericameria_nauseosa
781,aug_323203823.png,Ericameria_nauseosa
782,aug_351582349.png,Ericameria_nauseosa
783,aug_156285964.png,Ericameria_nauseosa
784,aug_441167627.png,Ericameria_nauseosa
785,aug_439520283.png,Ericameria_nauseosa
786,aug_92924844.png,Ericameria_nauseosa
787,aug_309042068.png,Ericameria_nauseosa
788,aug_98595582.png,Ericameria_nauseosa
789,aug_54275868.png,Ericameria_nauseosa
790,aug_99530735.png,Ericameria_nauseosa
791,aug_156267862.png,Ericameria_nauseosa
792,aug_301910212.png,Ericameria_nauseosa
793,aug_438432086.png,Ericameria_nauseosa
794,aug_439234002.png,Ericameria_nauseosa
795,aug_440343347.png,Ericameria_nauseosa
796,aug_99242289.png,Ericameria_nauseosa
797,aug_159287550.png,Ericameria_nauseosa
798,aug_318026197.png,Ericameria_nauseosa
799,aug_240385804.png,Ericameria_nauseosa
800,aug_321774483.png,Ericameria_nauseosa
801,aug_239328187.png,Ericameria_nauseosa
802,aug_217961256.png,Ericameria_nauseosa
803,aug_151513957.png,Ericameria_nauseosa
804,aug_321961884.png,Ericameria_nauseosa
805,aug_318332039.png,Ericameria_nauseosa
806,aug_160315172.png,Ericameria_nauseosa
807,aug_234788768.png,Ericameria_nauseosa
808,aug_95155076.png,Ericameria_nauseosa
809,aug_237021093.png,Ericameria_nauseosa
810,aug_236739848.png,Ericameria_nauseosa
811,aug_242140607.png,Ericameria_nauseosa
812,aug_233974001.png,Ericameria_nauseosa
813,aug_441167899.png,Ericameria_nauseosa
814,aug_229446424.png,Ericameria_nauseosa
815,aug_315044535.png,Ericameria_nauseosa
816,aug_90463221.png,Ericameria_nauseosa
817,aug_429040291.png,Ericameria_nauseosa
818,aug_159135806.png,Ericameria_nauseosa
819,aug_228063619.png,Ericameria_nauseosa
820,aug_424332452.png,Ericameria_nauseosa
821,aug_433031764.png,Ericameria_nauseosa
822,aug_435530989.png,Ericameria_nauseosa
823,aug_440644150.png,Ericameria_nauseosa
824,aug_323441340.png,Ericameria_nauseosa
825,aug_221772859.png,Ericameria_nauseosa
826,aug_428422914.png,Ericameria_nauseosa
827,aug_157219188.png,Ericameria_nauseosa
828,aug_350399762.png,Ericameria_nauseosa
829,aug_428716134.png,Ericameria_nauseosa
830,aug_320560174.png,Ericameria_nauseosa
831,aug_237703694.png,Ericameria_nauseosa
832,aug_361328204.png,Ericameria_nauseosa
833,aug_325437451.png,Ericameria_nauseosa
834,aug_99762606.png,Ericameria_nauseosa
835,aug_99244656.png,Ericameria_nauseosa
836,aug_94682358.png,Ericameria_nauseosa
837,aug_434785982.png,Ericameria_nauseosa
838,aug_159132564.png,Ericameria_nauseosa
839,aug_324523325.png,Ericameria_nauseosa
840,aug_163027209.png,Ericameria_nauseosa
841,aug_492600969.png,Ericameria_nauseosa
842,aug_432666247.png,Ericameria_nauseosa
843,aug_227954361.png,Ericameria_nauseosa
844,aug_318037716.png,Ericameria_nauseosa
845,aug_158173936.png,Ericameria_nauseosa
846,aug_105451255.png,Ericameria_nauseosa
847,aug_324854714.png,Ericameria_nauseosa
848,aug_246828611.png,Ericameria_nauseosa
849,aug_437930135.png,Ericameria_nauseosa
850,aug_97401398.png,Ericameria_nauseosa
851,aug_421373091.png,Ericameria_nauseosa
852,aug_99755813.png,Ericameria_nauseosa
853,aug_325402921.png,Ericameria_nauseosa
854,aug_321653608.png,Ericameria_nauseosa
855,aug_321252678.png,Ericameria_nauseosa
856,aug_153788618.png,Ericameria_nauseosa
857,aug_440471479.png,Ericameria_nauseosa
858,aug_160497185.png,Ericameria_nauseosa
859,aug_90969545.png,Ericameria_nauseosa
860,aug_230114075.png,Ericameria_nauseosa
861,aug_432100404.png,Ericameria_nauseosa
862,aug_443767543.png,Ericameria_nauseosa
863,aug_98272104.png,Ericameria_nauseosa
864,aug_224671180.png,Ericameria_nauseosa
865,aug_227251965.png,Ericameria_nauseosa
866,aug_164609345.png,Ericameria_nauseosa
867,aug_158164020.png,Ericameria_nauseosa
868,aug_312106416.png,Ericameria_nauseosa
869,aug_158219220.png,Ericameria_nauseosa
870,aug_231890862.png,Ericameria_nauseosa
871,aug_234979903.png,Ericameria_nauseosa
872,aug_321962558.png,Ericameria_nauseosa
873,aug_428362067.png,Ericameria_nauseosa
874,aug_456921273.png,Ericameria_nauseosa
875,aug_161728736.png,Ericameria_nauseosa
876,aug_427645697.png,Ericameria_nauseosa
877,aug_442040390.png,Ericameria_nauseosa
878,aug_225881752.png,Ericameria_nauseosa
879,aug_96840528.png,Ericameria_nauseosa
880,aug_329255408.png,Ericameria_nauseosa
881,aug_325615953.png,Ericameria_nauseosa
882,aug_54254712.png,Ericameria_nauseosa
883,aug_350266008.png,Ericameria_nauseosa
884,aug_436128415.png,Ericameria_nauseosa
885,aug_323151928.png,Ericameria_nauseosa
886,aug_308765637.png,Ericameria_nauseosa
887,aug_424348261.png,Ericameria_nauseosa
888,aug_98558473.png,Ericameria_nauseosa
889,aug_323982040.png,Ericameria_nauseosa
890,aug_100048316.png,Ericameria_nauseosa
891,aug_444864692.png,Ericameria_nauseosa
892,aug_325385787.png,Ericameria_nauseosa
893,aug_427679470.png,Ericameria_nauseosa
894,aug_340124595.png,Ericameria_nauseosa
895,aug_227158639.png,Ericameria_nauseosa
896,aug_313873120.png,Ericameria_nauseosa
897,aug_314513500.png,Ericameria_nauseosa
898,aug_437453378.png,Ericameria_nauseosa
899,aug_432364236.png,Ericameria_nauseosa
900,aug_50600839.png,Ericameria_nauseosa
901,aug_153605279.png,Ericameria_nauseosa
902,aug_235006795.png,Ericameria_nauseosa
903,aug_232576244.png,Ericameria_nauseosa
904,aug_170539200.png,Ericameria_nauseosa
905,aug_232964129.png,Ericameria_nauseosa
906,aug_228699495.png,Ericameria_nauseosa
907,aug_232668541.png,Ericameria_nauseosa
908,aug_53614298.png,Ericameria_nauseosa
909,aug_48099586.png,Ericameria_nauseosa
910,aug_327943020.png,Ericameria_nauseosa
911,aug_420966789.png,Ericameria_nauseosa
912,aug_95335788.png,Ericameria_nauseosa
913,aug_446398107.png,Ericameria_nauseosa
914,aug_407151487.png,Ericameria_nauseosa
915,aug_150081676.png,Ericameria_nauseosa
916,aug_234631025.png,Ericameria_nauseosa
917,aug_326832842.png,Ericameria_nauseosa
918,aug_234077400.png,Ericameria_nauseosa
919,aug_451169385.png,Ericameria_nauseosa
920,aug_96125286.png,Ericameria_nauseosa
921,aug_432041723.png,Ericameria_nauseosa
922,aug_217426814.png,Ericameria_nauseosa
923,aug_454740217.png,Ericameria_nauseosa
924,aug_248775198.png,Ericameria_nauseosa
925,aug_320713543.png,Ericameria_nauseosa
926,aug_322938148.png,Ericameria_nauseosa
927,aug_321851435.png,Ericameria_nauseosa
928,aug_443786100.png,Ericameria_nauseosa
929,aug_449508536.png,Ericameria_nauseosa
930,aug_164459965.png,Ericameria_nauseosa
931,aug_331857524.png,Ericameria_nauseosa
932,aug_174591868.png,Ericameria_nauseosa
933,aug_148223720.png,Ericameria_nauseosa
934,aug_422463850.png,Ericameria_nauseosa
935,aug_240353239.png,Ericameria_nauseosa
936,aug_318043965.png,Ericameria_nauseosa
937,aug_160146708.png,Ericameria_nauseosa
938,aug_314120723.png,Ericameria_nauseosa
939,aug_246119770.png,Ericameria_nauseosa
940,aug_159912206.png,Ericameria_nauseosa
941,aug_435789439.png,Ericameria_nauseosa
942,aug_52900341.png,Ericameria_nauseosa
943,aug_324825316.png,Ericameria_nauseosa
944,aug_382827210.png,Ericameria_nauseosa
945,aug_428744901.png,Ericameria_nauseosa
946,aug_318026263.png,Ericameria_nauseosa
947,aug_435017523.png,Ericameria_nauseosa
948,aug_158238870.png,Ericameria_nauseosa
949,aug_160219103.png,Ericameria_nauseosa
950,aug_428852774.png,Ericameria_nauseosa
951,aug_328877671.png,Ericameria_nauseosa
952,aug_320536594.png,Ericameria_nauseosa
953,aug_432430195.png,Ericameria_nauseosa
954,aug_99508352.png,Ericameria_nauseosa
955,aug_330333128.png,Ericameria_nauseosa
956,aug_99526210.png,Ericameria_nauseosa
957,aug_417148298.png,Ericameria_nauseosa
958,aug_322623096.png,Ericameria_nauseosa
959,aug_99529966.png,Ericameria_nauseosa
960,aug_150467018.png,Ericameria_nauseosa
961,aug_93262158.png,Ericameria_nauseosa
962,aug_53227766.png,Ericameria_nauseosa
963,aug_235516671.png,Ericameria_nauseosa
964,aug_223407624.png,Ericameria_nauseosa
965,aug_233579705.png,Ericameria_nauseosa
966,aug_310849486.png,Ericameria_nauseosa
967,aug_152095143.png,Ericameria_nauseosa
968,aug_51939523.png,Ericameria_nauseosa
969,aug_224436191.png,Ericameria_nauseosa
970,aug_250492919.png,Ericameria_nauseosa
971,aug_168848841.png,Ericameria_nauseosa
972,aug_326456938.png,Ericameria_nauseosa
973,aug_442293925.png,Ericameria_nauseosa
974,aug_155922018.png,Ericameria_nauseosa
975,aug_99717461.png,Ericameria_nauseosa
976,aug_322618129.png,Ericameria_nauseosa
977,aug_312996032.png,Ericameria_nauseosa
978,aug_211338702.png,Ericameria_nauseosa
979,aug_231319889.png,Ericameria_nauseosa
980,aug_415466041.png,Ericameria_nauseosa
981,aug_430473613.png,Ericameria_nauseosa
982,aug_329480797.png,Ericameria_nauseosa
983,aug_98438506.png,Ericameria_nauseosa
984,aug_260239218.png,Ericameria_nauseosa
985,aug_314120516.png,Ericameria_nauseosa
986,aug_100341202.png,Ericameria_nauseosa
987,aug_217961403.png,Ericameria_nauseosa
988,aug_441366581.png,Ericameria_nauseosa
989,aug_330264138.png,Ericameria_nauseosa
990,aug_435268154.png,Ericameria_nauseosa
991,aug_51666760.png,Ericameria_nauseosa
992,aug_444956293.png,Ericameria_nauseosa
993,aug_435575607.png,Ericameria_nauseosa
994,aug_159932172.png,Ericameria_nauseosa
995,aug_236353395.png,Ericameria_nauseosa
996,aug_237710531.png,Ericameria_nauseosa
997,aug_321703710.png,Ericameria_nauseosa
998,aug_436831945.png,Ericameria_nauseosa
999,aug_301831733.png,Ericameria_nauseosa
1000,aug_55552907.png,Ericameria_nauseosa
1001,aug_318252899.png,Ericameria_nauseosa
1002,aug_418987002.png,Ericameria_nauseosa
1003,aug_160919737.png,Ericameria_nauseosa
1004,aug_220544766.png,Ericameria_nauseosa
1005,aug_453392630.png,Ericameria_nauseosa
1006,aug_314528561.png,Ericameria_nauseosa
1007,aug_239216761.png,Ericameria_nauseosa
1008,aug_324694587.png,Ericameria_nauseosa
1009,aug_93691090.png,Ericameria_nauseosa
1010,aug_440368493.png,Ericameria_nauseosa
1011,aug_439106040.png,Ericameria_nauseosa
1012,aug_166014205.png,Ericameria_nauseosa
1013,aug_227262020.png,Ericameria_nauseosa
1014,aug_95656850.png,Ericameria_nauseosa
1015,aug_237539676.png,Ericameria_nauseosa
1016,aug_322830221.png,Ericameria_nauseosa
1017,aug_236153520.png,Ericameria_nauseosa
1018,aug_435126961.png,Ericameria_nauseosa
1019,aug_235582514.png,Ericameria_nauseosa
1020,aug_330406273.png,Ericameria_nauseosa
1021,aug_50448476.png,Ericameria_nauseosa
1022,aug_420457756.png,Ericameria_nauseosa
1023,aug_212055108.png,Ericameria_nauseosa
1024,aug_155303789.png,Ericameria_nauseosa
1025,aug_405035221.png,Ericameria_nauseosa
1026,aug_416419849.png,Ericameria_nauseosa
1027,aug_54110563.png,Ericameria_nauseosa
1028,aug_161305221.png,Ericameria_nauseosa
1029,aug_424345478.png,Ericameria_nauseosa
1030,aug_326478388.png,Ericameria_nauseosa
1031,aug_321875934.png,Ericameria_nauseosa
1032,aug_321544846.png,Ericameria_nauseosa
1033,aug_112526533.png,Ericameria_nauseosa
1034,aug_318647972.png,Ericameria_nauseosa
1035,aug_160017020.png,Ericameria_nauseosa
1036,aug_317212195.png,Ericameria_nauseosa
1037,aug_321191934.png,Ericameria_nauseosa
1038,aug_430822448.png,Ericameria_nauseosa
1039,aug_428444132.png,Ericameria_nauseosa
1040,aug_317386388.png,Ericameria_nauseosa
1041,aug_318213045.png,Ericameria_nauseosa
1042,aug_97445440.png,Ericameria_nauseosa
1043,aug_236557205.png,Ericameria_nauseosa
1044,aug_224288138.png,Ericameria_nauseosa
1045,aug_330115073.png,Ericameria_nauseosa
1046,aug_444934267.png,Ericameria_nauseosa
1047,aug_161405342.png,Ericameria_nauseosa
1048,aug_232980249.png,Ericameria_nauseosa
1049,aug_86887980.png,Ericameria_nauseosa
1050,aug_98330341.png,Ericameria_nauseosa
1051,aug_236108647.png,Ericameria_nauseosa
1052,aug_52197746.png,Ericameria_nauseosa
1053,aug_413315158.png,Ericameria_nauseosa
1054,aug_90479649.png,Ericameria_nauseosa
1055,aug_154577170.png,Ericameria_nauseosa
1056,aug_314725361.png,Ericameria_nauseosa
1057,aug_318702490.png,Ericameria_nauseosa
1058,aug_325089480.png,Ericameria_nauseosa
1059,aug_160160034.png,Ericameria_nauseosa
1060,aug_49711825.png,Ericameria_nauseosa
1061,aug_321219040.png,Ericameria_nauseosa
1062,aug_306965664.png,Ericameria_nauseosa
1063,aug_438345159.png,Ericameria_nauseosa
1064,aug_337972691.png,Ericameria_nauseosa
1065,aug_424958309.png,Ericameria_nauseosa
1066,aug_308557329.png,Ericameria_nauseosa
1067,aug_326966691.png,Ericameria_nauseosa
1068,aug_56201966.png,Ericameria_nauseosa
1069,aug_312450520.png,Ericameria_nauseosa
1070,aug_100922005.png,Ericameria_nauseosa
1071,aug_50076433.png,Ericameria_nauseosa
1072,aug_228558159.png,Ericameria_nauseosa
1073,aug_235180569.png,Ericameria_nauseosa
1074,aug_325740586.png,Ericameria_nauseosa
1075,aug_319529643.png,Ericameria_nauseosa
1076,aug_239086106.png,Ericameria_nauseosa
1077,aug_161343597.png,Ericameria_nauseosa
1078,aug_424328363.png,Ericameria_nauseosa
1079,aug_438112510.png,Ericameria_nauseosa
1080,aug_309845092.png,Ericameria_nauseosa
1081,aug_161177968.png,Ericameria_nauseosa
1082,aug_430817379.png,Ericameria_nauseosa
1083,aug_51772894.png,Ericameria_nauseosa
1084,aug_161062221.png,Ericameria_nauseosa
1085,aug_322758735.png,Ericameria_nauseosa
1086,aug_99348860.png,Ericameria_nauseosa
1087,aug_96106452.png,Ericameria_nauseosa
1088,aug_435985126.png,Ericameria_nauseosa
1089,aug_231294180.png,Ericameria_nauseosa
1090,aug_162531990.png,Ericameria_nauseosa
1091,aug_436745031.png,Ericameria_nauseosa
1092,aug_153907187.png,Ericameria_nauseosa
1093,aug_107627017.png,Ericameria_nauseosa
1094,aug_329071800.png,Ericameria_nauseosa
1095,aug_219056974.png,Ericameria_nauseosa
1096,aug_218536446.png,Ericameria_nauseosa
1097,aug_316268969.png,Ericameria_nauseosa
1098,aug_424397813.png,Ericameria_nauseosa
1099,aug_224435974.png,Ericameria_nauseosa
1100,aug_154001914.png,Ericameria_nauseosa
1101,aug_416459774.png,Ericameria_nauseosa
1102,aug_43430109.png,Ericameria_nauseosa
1103,aug_240742283.png,Ericameria_nauseosa
1104,aug_162469152.png,Ericameria_nauseosa
1105,aug_219579024.png,Ericameria_nauseosa
1106,aug_239688653.png,Ericameria_nauseosa
1107,aug_162203733.png,Ericameria_nauseosa
1108,aug_92568214.png,Ericameria_nauseosa
1109,aug_98851698.png,Ericameria_nauseosa
1110,aug_100018695.png,Ericameria_nauseosa
1111,aug_319784152.png,Ericameria_nauseosa
1112,aug_430737422.png,Ericameria_nauseosa
1113,aug_157991001.png,Ericameria_nauseosa
1114,aug_436387024.png,Ericameria_nauseosa
1115,aug_435199181.png,Ericameria_nauseosa
1116,aug_334438319.png,Ericameria_nauseosa
1117,aug_70887943.png,Ericameria_nauseosa
1118,aug_54204495.png,Ericameria_nauseosa
1119,aug_309898564.png,Ericameria_nauseosa
1120,aug_319190095.png,Ericameria_nauseosa
1121,aug_221088205.png,Ericameria_nauseosa
1122,aug_150083043.png,Ericameria_nauseosa
1123,aug_161807238.png,Ericameria_nauseosa
1124,aug_438166971.png,Ericameria_nauseosa
1125,aug_327046446.png,Ericameria_nauseosa
1126,aug_440440450.png,Ericameria_nauseosa
1127,aug_321119143.png,Ericameria_nauseosa
1128,aug_441525032.png,Ericameria_nauseosa
1129,aug_306441574.png,Ericameria_nauseosa
1130,aug_312377062.png,Ericameria_nauseosa
1131,aug_312736244.png,Ericameria_nauseosa
1132,aug_324941771.png,Ericameria_nauseosa
1133,aug_439276760.png,Ericameria_nauseosa
1134,aug_46200884.png,Ericameria_nauseosa
1135,aug_340594765.png,Ericameria_nauseosa
1136,aug_155697208.png,Ericameria_nauseosa
1137,aug_158500035.png,Ericameria_nauseosa
1138,aug_325019608.png,Ericameria_nauseosa
1139,aug_161880411.png,Ericameria_nauseosa
1140,aug_297424975.png,Ericameria_nauseosa
1141,aug_323990237.png,Ericameria_nauseosa
1142,aug_297364231.png,Ericameria_nauseosa
1143,aug_159875940.png,Ericameria_nauseosa
1144,aug_53070286.png,Ericameria_nauseosa
1145,aug_160020903.png,Ericameria_nauseosa
1146,aug_156800520.png,Ericameria_nauseosa
1147,aug_318548263.png,Ericameria_nauseosa
1148,aug_440210017.png,Ericameria_nauseosa
1149,aug_444662153.png,Ericameria_nauseosa
1150,aug_432504928.png,Ericameria_nauseosa
1151,aug_312720849.png,Ericameria_nauseosa
1152,aug_154810986.png,Ericameria_nauseosa
1153,aug_179064317.png,Ericameria_nauseosa
1154,aug_430977708.png,Ericameria_nauseosa
1155,aug_237721802.png,Ericameria_nauseosa
1156,aug_435326176.png,Ericameria_nauseosa
1157,aug_157982482.png,Ericameria_nauseosa
1158,aug_238158382.png,Ericameria_nauseosa
1159,aug_238157314.png,Ericameria_nauseosa
1160,aug_55533496.png,Ericameria_nauseosa
1161,aug_156157967.png,Ericameria_nauseosa
1162,aug_100620619.png,Ericameria_nauseosa
1163,aug_229032498.png,Ericameria_nauseosa
1164,aug_89452176.png,Ericameria_nauseosa
1165,aug_256303898.png,Ericameria_nauseosa
1166,aug_162663544.png,Ericameria_nauseosa
1167,aug_437476672.png,Ericameria_nauseosa
1168,aug_105692224.png,Ericameria_nauseosa
1169,aug_319794181.png,Ericameria_nauseosa
1170,aug_152929831.png,Ericameria_nauseosa
1171,aug_54643175.png,Ericameria_nauseosa
1172,aug_224430973.png,Ericameria_nauseosa
1173,aug_323590664.png,Ericameria_nauseosa
1174,aug_402236851.png,Ericameria_nauseosa
1175,aug_100138676.png,Ericameria_nauseosa
1176,aug_94806957.png,Ericameria_nauseosa
1177,aug_329551395.png,Ericameria_nauseosa
1178,aug_100039839.png,Ericameria_nauseosa
1179,aug_349742772.png,Ericameria_nauseosa
1180,aug_340951943.png,Ericameria_nauseosa
1181,aug_98444695.png,Ericameria_nauseosa
1182,aug_314749175.png,Ericameria_nauseosa
1183,aug_340125259.png,Ericameria_nauseosa
1184,aug_99890945.png,Ericameria_nauseosa
1185,aug_51780771.png,Ericameria_nauseosa
1186,aug_231268223.png,Ericameria_nauseosa
1187,aug_163331592.png,Ericameria_nauseosa
1188,aug_340770617.png,Ericameria_nauseosa
1189,aug_98417172.png,Ericameria_nauseosa
1190,aug_239457788.png,Ericameria_nauseosa
1191,aug_232885768.png,Ericameria_nauseosa
1192,aug_98713136.png,Ericameria_nauseosa
1193,aug_446176845.png,Ericameria_nauseosa
1194,aug_444119359.png,Ericameria_nauseosa
1195,aug_48976879.png,Ericameria_nauseosa
1196,aug_330200910.png,Ericameria_nauseosa
1197,aug_437136343.png,Ericameria_nauseosa
1198,aug_457384030.png,Ericameria_nauseosa
1199,aug_161070731.png,Ericameria_nauseosa
1200,aug_51781175.png,Ericameria_nauseosa
1201,aug_317804337.png,Ericameria_nauseosa
1202,aug_332209141.png,Ericameria_nauseosa
1203,aug_432471822.png,Ericameria_nauseosa
1204,aug_160749170.png,Ericameria_nauseosa
1205,aug_312421514.png,Ericameria_nauseosa
1206,aug_155052782.png,Ericameria_nauseosa
1207,aug_417257944.png,Ericameria_nauseosa
1208,aug_99877754.png,Ericameria_nauseosa
1209,aug_230778649.png,Ericameria_nauseosa
1210,aug_52437247.png,Ericameria_nauseosa
1211,aug_313746559.png,Ericameria_nauseosa
1212,aug_438069730.png,Ericameria_nauseosa
1213,aug_420490128.png,Ericameria_nauseosa
1214,aug_439038774.png,Ericameria_nauseosa
1215,aug_434563336.png,Ericameria_nauseosa
1216,aug_155622889.png,Ericameria_nauseosa
1217,aug_433148864.png,Ericameria_nauseosa
1218,aug_153401925.png,Ericameria_nauseosa
1219,aug_163389885.png,Ericameria_nauseosa
1220,aug_437467345.png,Ericameria_nauseosa
1221,aug_311863676.png,Ericameria_nauseosa
1222,aug_431928450.png,Ericameria_nauseosa
1223,aug_99961832.png,Ericameria_nauseosa
1224,aug_411876996.png,Ericameria_nauseosa
1225,aug_413566032.png,Ericameria_nauseosa
1226,aug_419747772.png,Ericameria_nauseosa
1227,aug_228910961.png,Ericameria_nauseosa
1228,aug_234421367.png,Ericameria_nauseosa
1229,aug_155779570.png,Ericameria_nauseosa
1230,aug_214215925.png,Ericameria_nauseosa
1231,aug_305987804.png,Ericameria_nauseosa
1232,aug_446696325.png,Ericameria_nauseosa
1233,aug_296569543.png,Ericameria_nauseosa
1234,aug_437424024.png,Ericameria_nauseosa
1235,aug_437136288.png,Ericameria_nauseosa
1236,aug_166681357.png,Ericameria_nauseosa
1237,aug_155908679.png,Ericameria_nauseosa
1238,aug_304854369.png,Ericameria_nauseosa
1239,aug_308825996.png,Ericameria_nauseosa
1240,aug_159938419.png,Ericameria_nauseosa
1241,aug_420610723.png,Ericameria_nauseosa
1242,aug_314170891.png,Ericameria_nauseosa
1243,aug_323687017.png,Ericameria_nauseosa
1244,aug_422064231.png,Ericameria_nauseosa
1245,aug_439936870.png,Ericameria_nauseosa
1246,aug_378790349.png,Ericameria_nauseosa
1247,aug_235265333.png,Ericameria_nauseosa
1248,aug_438379870.png,Ericameria_nauseosa
1249,aug_327666293.png,Ericameria_nauseosa
1250,aug_427014983.png,Ericameria_nauseosa
1251,aug_166094908.png,Ericameria_nauseosa
1252,aug_105720217.png,Ericameria_nauseosa
1253,aug_310221280.png,Ericameria_nauseosa
1254,aug_322490752.png,Ericameria_nauseosa
1255,aug_51421489.png,Ericameria_nauseosa
1256,aug_242888415.png,Ericameria_nauseosa
1257,aug_93704487.png,Ericameria_nauseosa
1258,aug_428857733.png,Ericameria_nauseosa
1259,aug_51780613.png,Ericameria_nauseosa
1260,aug_230919684.png,Ericameria_nauseosa
1261,aug_315604388.png,Ericameria_nauseosa
1262,aug_439551123.png,Ericameria_nauseosa
1263,aug_49828645.png,Ericameria_nauseosa
1264,aug_433577717.png,Ericameria_nauseosa
1265,aug_438085255.png,Ericameria_nauseosa
1266,aug_300283480.png,Ericameria_nauseosa
1267,aug_95588329.png,Ericameria_nauseosa
1268,aug_233256482.png,Ericameria_nauseosa
1269,aug_236288422.png,Ericameria_nauseosa
1270,aug_150518199.png,Ericameria_nauseosa
1271,aug_433112684.png,Ericameria_nauseosa
1272,aug_429715520.png,Ericameria_nauseosa
1273,aug_251827387.png,Ericameria_nauseosa
1274,aug_217960656.png,Ericameria_nauseosa
1275,aug_95143417.png,Ericameria_nauseosa
1276,aug_318605097.png,Ericameria_nauseosa
1277,aug_155922350.png,Ericameria_nauseosa
1278,aug_93963000.png,Ericameria_nauseosa
1279,aug_327829373.png,Ericameria_nauseosa
1280,aug_453345840.png,Ericameria_nauseosa
1281,aug_233870229.png,Ericameria_nauseosa
1282,aug_438395924.png,Ericameria_nauseosa
1283,aug_312720999.png,Ericameria_nauseosa
1284,aug_149324938.png,Ericameria_nauseosa
1285,aug_219624991.png,Ericameria_nauseosa
1286,aug_155521684.png,Ericameria_nauseosa
1287,aug_234555653.png,Ericameria_nauseosa
1288,aug_235233706.png,Ericameria_nauseosa
1289,aug_322940352.png,Ericameria_nauseosa
1290,aug_323142518.png,Ericameria_nauseosa
1291,aug_241915203.png,Ericameria_nauseosa
1292,aug_110217927.png,Ericameria_nauseosa
1293,aug_235889952.png,Ericameria_nauseosa
1294,aug_49749838.png,Ericameria_nauseosa
1295,aug_428774953.png,Ericameria_nauseosa
1296,aug_233420805.png,Ericameria_nauseosa
1297,aug_234031728.png,Ericameria_nauseosa
1298,aug_315379081.png,Ericameria_nauseosa
1299,aug_440764010.png,Ericameria_nauseosa
1300,aug_315334442.png,Ericameria_nauseosa
1301,aug_52517825.png,Ericameria_nauseosa
1302,aug_98986280.png,Ericameria_nauseosa
1303,aug_439611545.png,Ericameria_nauseosa
1304,aug_165700700.png,Ericameria_nauseosa
1305,aug_233791856.png,Ericameria_nauseosa
1306,aug_51297221.png,Ericameria_nauseosa
1307,aug_156828590.png,Ericameria_nauseosa
1308,aug_233852269.png,Ericameria_nauseosa
1309,aug_231305506.png,Ericameria_nauseosa
1310,aug_461035186.png,Ericameria_nauseosa
1311,aug_158844878.png,Ericameria_nauseosa
1312,aug_327675308.png,Ericameria_nauseosa
1313,aug_100448579.png,Ericameria_nauseosa
1314,aug_88607833.png,Ericameria_nauseosa
1315,aug_223870679.png,Ericameria_nauseosa
1316,aug_225759047.png,Ericameria_nauseosa
1317,aug_232265353.png,Ericameria_nauseosa
1318,aug_234796021.png,Ericameria_nauseosa
1319,aug_439019412.png,Ericameria_nauseosa
1320,aug_432515821.png,Ericameria_nauseosa
1321,aug_431943788.png,Ericameria_nauseosa
1322,aug_310849654.png,Ericameria_nauseosa
1323,aug_92645379.png,Ericameria_nauseosa
1324,aug_166900905.png,Ericameria_nauseosa
1325,aug_328585899.png,Ericameria_nauseosa
1326,aug_434786603.png,Ericameria_nauseosa
1327,aug_321936685.png,Ericameria_nauseosa
1328,aug_326843369.png,Ericameria_nauseosa
1329,aug_158927937.png,Ericameria_nauseosa
1330,aug_435194438.png,Ericameria_nauseosa
1331,aug_217960850.png,Ericameria_nauseosa
1332,aug_231410073.png,Ericameria_nauseosa
1333,aug_231013122.png,Ericameria_nauseosa
1334,aug_229306718.png,Ericameria_nauseosa
1335,aug_325436952.png,Ericameria_nauseosa
1336,aug_231971445.png,Ericameria_nauseosa
1337,aug_318702342.png,Ericameria_nauseosa
1338,aug_319216922.png,Ericameria_nauseosa
1339,aug_430376399.png,Ericameria_nauseosa
1340,aug_51572866.png,Ericameria_nauseosa
1341,aug_439277337.png,Ericameria_nauseosa
1342,aug_421703450.png,Ericameria_nauseosa
1343,aug_438362658.png,Ericameria_nauseosa
1344,aug_317212684.png,Ericameria_nauseosa
1345,aug_431404739.png,Ericameria_nauseosa
1346,aug_330604065.png,Ericameria_nauseosa
1347,aug_320689299.png,Ericameria_nauseosa
1348,aug_88547292.png,Ericameria_nauseosa
1349,aug_329803830.png,Ericameria_nauseosa
1350,aug_167630568.png,Ericameria_nauseosa
1351,aug_96533256.png,Ericameria_nauseosa
1352,aug_440084299.png,Ericameria_nauseosa
1353,aug_428404201.png,Ericameria_nauseosa
1354,aug_321180220.png,Ericameria_nauseosa
1355,aug_230060888.png,Ericameria_nauseosa
1356,aug_403842481.png,Ericameria_nauseosa
1357,aug_431782346.png,Ericameria_nauseosa
1358,aug_163881613.png,Ericameria_nauseosa
1359,aug_98739826.png,Ericameria_nauseosa
1360,aug_155671343.png,Ericameria_nauseosa
1361,aug_321215940.png,Ericameria_nauseosa
1362,aug_159448934.png,Ericameria_nauseosa
1363,aug_331060631.png,Ericameria_nauseosa
1364,aug_98605525.png,Ericameria_nauseosa
1365,aug_318917027.png,Ericameria_nauseosa
1366,aug_153015937.png,Ericameria_nauseosa
1367,aug_326490958.png,Ericameria_nauseosa
1368,aug_322177136.png,Ericameria_nauseosa
1369,aug_430193814.png,Ericameria_nauseosa
1370,aug_236142535.png,Ericameria_nauseosa
1371,aug_244462596.png,Ericameria_nauseosa
1372,aug_160179762.png,Ericameria_nauseosa
1373,aug_237629251.png,Ericameria_nauseosa
1374,aug_257496134.png,Ericameria_nauseosa
1375,aug_159277081.png,Ericameria_nauseosa
1376,aug_161075838.png,Ericameria_nauseosa
1377,aug_112526803.png,Ericameria_nauseosa
1378,aug_439030952.png,Ericameria_nauseosa
1379,aug_167198407.png,Ericameria_nauseosa
1380,aug_439588681.png,Ericameria_nauseosa
1381,aug_408717794.png,Ericameria_nauseosa
1382,aug_330559465.png,Ericameria_nauseosa
1383,aug_301017024.png,Ericameria_nauseosa
1384,aug_428385897.png,Ericameria_nauseosa
1385,aug_338637698.png,Ericameria_nauseosa
1386,aug_99068478.png,Ericameria_nauseosa
1387,aug_426074392.png,Ericameria_nauseosa
1388,aug_231794655.png,Ericameria_nauseosa
1389,aug_49944015.png,Ericameria_nauseosa
1390,aug_156928459.png,Ericameria_nauseosa
1391,aug_429822282.png,Ericameria_nauseosa
1392,aug_332019205.png,Ericameria_nauseosa
1393,aug_95786434.png,Ericameria_nauseosa
1394,aug_328641132.png,Ericameria_nauseosa
1395,aug_224815064.png,Ericameria_nauseosa
1396,aug_55443972.png,Ericameria_nauseosa
1397,aug_90143948.png,Ericameria_nauseosa
1398,aug_100004680.png,Ericameria_nauseosa
1399,aug_230147193.png,Ericameria_nauseosa
1400,aug_323743901.png,Ericameria_nauseosa
1401,aug_311950021.png,Ericameria_nauseosa
1402,aug_162824517.png,Ericameria_nauseosa
1403,aug_159919308.png,Ericameria_nauseosa
1404,aug_421295199.png,Ericameria_nauseosa
1405,aug_155430077.png,Ericameria_nauseosa
1406,aug_424167395.png,Ericameria_nauseosa
1407,aug_330050277.png,Ericameria_nauseosa
1408,aug_426625014.png,Ericameria_nauseosa
1409,aug_164796396.png,Ericameria_nauseosa
1410,aug_95591326.png,Ericameria_nauseosa
1411,aug_234319092.png,Ericameria_nauseosa
1412,aug_51773868.png,Ericameria_nauseosa
1413,aug_102452032.png,Ericameria_nauseosa
1414,aug_440472723.png,Ericameria_nauseosa
1415,aug_323878469.png,Ericameria_nauseosa
1416,aug_51002508.png,Ericameria_nauseosa
1417,aug_416453080.png,Ericameria_nauseosa
1418,aug_99531357.png,Ericameria_nauseosa
1419,aug_231398341.png,Ericameria_nauseosa
1420,aug_434051230.png,Ericameria_nauseosa
1421,aug_43565456.png,Ericameria_nauseosa
1422,aug_94080874.png,Ericameria_nauseosa
1423,aug_432762484.png,Ericameria_nauseosa
1424,aug_427626841.png,Ericameria_nauseosa
1425,aug_304898948.png,Ericameria_nauseosa
1426,aug_239112402.png,Ericameria_nauseosa
1427,aug_235671067.png,Ericameria_nauseosa
1428,aug_52453716.png,Ericameria_nauseosa
1429,aug_179326363.png,Ericameria_nauseosa
1430,aug_431545450.png,Ericameria_nauseosa
1431,aug_238589905.png,Ericameria_nauseosa
1432,aug_319767078.png,Ericameria_nauseosa
1433,aug_437157077.png,Ericameria_nauseosa
1434,aug_445492679.png,Ericameria_nauseosa
1435,aug_427041394.png,Ericameria_nauseosa
1436,aug_195861326.png,Ericameria_nauseosa
1437,aug_158854877.png,Ericameria_nauseosa
1438,aug_425021343.png,Ericameria_nauseosa
1439,aug_166024420.png,Ericameria_nauseosa
1440,aug_96345937.png,Ericameria_nauseosa
1441,aug_58041063.png,Ericameria_nauseosa
1442,aug_438740385.png,Ericameria_nauseosa
1443,aug_100435662.png,Ericameria_nauseosa
1444,aug_157957678.png,Ericameria_nauseosa
1445,aug_99531857.png,Ericameria_nauseosa
1446,aug_98456731.png,Ericameria_nauseosa
1447,aug_324659650.png,Ericameria_nauseosa
1448,aug_51963068.png,Ericameria_nauseosa
1449,aug_444238260.png,Ericameria_nauseosa
1450,aug_417320696.png,Ericameria_nauseosa
1451,aug_234312430.png,Ericameria_nauseosa
1452,aug_439029413.png,Ericameria_nauseosa
1453,aug_433636808.png,Ericameria_nauseosa
1454,aug_424966836.png,Ericameria_nauseosa
1455,aug_428291091.png,Ericameria_nauseosa
1456,aug_239431019.png,Ericameria_nauseosa
1457,aug_160416731.png,Ericameria_nauseosa
1458,aug_154850330.png,Ericameria_nauseosa
1459,aug_319788378.png,Ericameria_nauseosa
1460,aug_92290828.png,Ericameria_nauseosa
1461,aug_231210327.png,Ericameria_nauseosa
1462,aug_100058002.png,Ericameria_nauseosa
1463,aug_323979910.png,Ericameria_nauseosa
1464,aug_332209454.png,Ericameria_nauseosa
1465,aug_228454180.png,Ericameria_nauseosa
1466,aug_308600067.png,Ericameria_nauseosa
1467,aug_407178574.png,Ericameria_nauseosa
1468,aug_54315807.png,Ericameria_nauseosa
1469,aug_154291799.png,Ericameria_nauseosa
1470,aug_321359798.png,Ericameria_nauseosa
1471,aug_297425871.png,Ericameria_nauseosa
1472,aug_329602185.png,Ericameria_nauseosa
1473,aug_158462105.png,Ericameria_nauseosa
1474,aug_226950875.png,Ericameria_nauseosa
1475,aug_238736993.png,Ericameria_nauseosa
1476,aug_235836532.png,Ericameria_nauseosa
1477,aug_323052141.png,Ericameria_nauseosa
1478,aug_250493051.png,Ericameria_nauseosa
1479,aug_162828762.png,Ericameria_nauseosa
1480,aug_444949867.png,Ericameria_nauseosa
1481,aug_161915644.png,Ericameria_nauseosa
1482,aug_434103906.png,Ericameria_nauseosa
1483,aug_466276102.png,Ericameria_nauseosa
1484,aug_319675914.png,Ericameria_nauseosa
1485,aug_435833959.png,Ericameria_nauseosa
1486,aug_234337493.png,Ericameria_nauseosa
1487,aug_163556568.png,Ericameria_nauseosa
1488,aug_433136344.png,Ericameria_nauseosa
1489,aug_221577605.png,Ericameria_nauseosa
1490,aug_430511599.png,Ericameria_nauseosa
1491,aug_444286368.png,Ericameria_nauseosa
1492,aug_216893803.png,Ericameria_nauseosa
1493,aug_330325974.png,Ericameria_nauseosa
1494,aug_159708770.png,Ericameria_nauseosa
1495,aug_222027129.png,Ericameria_nauseosa
1496,aug_445092632.png,Ericameria_nauseosa
1497,aug_308222109.png,Ericameria_nauseosa
1498,aug_318715125.png,Ericameria_nauseosa
1499,aug_312696440.png,Ericameria_nauseosa
1500,aug_314101511.png,Ericameria_nauseosa
1501,aug_95930455.png,Ericameria_nauseosa
1502,aug_437600239.png,Ericameria_nauseosa
1503,aug_430574783.png,Ericameria_nauseosa
1504,aug_51252758.png,Ericameria_nauseosa
1505,aug_429497843.png,Ericameria_nauseosa
1506,aug_314784482.png,Ericameria_nauseosa
1507,aug_308087102.png,Ericameria_nauseosa
1508,aug_302158936.png,Ericameria_nauseosa
1509,aug_329550226.png,Ericameria_nauseosa
1510,aug_160894052.png,Ericameria_nauseosa
1511,aug_154288741.png,Ericameria_nauseosa
1512,aug_428664452.png,Ericameria_nauseosa
1513,aug_407943697.png,Ericameria_nauseosa
1514,aug_406222425.png,Ericameria_nauseosa
1515,aug_165677074.png,Ericameria_nauseosa
1516,aug_232032552.png,Ericameria_nauseosa
1517,aug_54495918.png,Ericameria_nauseosa
1518,aug_50600471.png,Ericameria_nauseosa
1519,aug_435579446.png,Ericameria_nauseosa
1520,aug_233167231.png,Ericameria_nauseosa
1521,aug_53237189.png,Ericameria_nauseosa
1522,aug_162693534.png,Ericameria_nauseosa
1523,aug_329212115.png,Ericameria_nauseosa
1524,aug_419634097.png,Ericameria_nauseosa
1525,aug_229452975.png,Ericameria_nauseosa
1526,aug_252873594.png,Ericameria_nauseosa
1527,aug_438844024.png,Ericameria_nauseosa
1528,aug_227926498.png,Ericameria_nauseosa
1529,aug_436933983.png,Ericameria_nauseosa
1530,aug_226561254.png,Ericameria_nauseosa
1531,aug_409069850.png,Ericameria_nauseosa
1532,aug_102545214.png,Ericameria_nauseosa
1533,aug_401797537.png,Ericameria_nauseosa
1534,aug_528325297.png,Achillea_millefolium
1535,aug_465059810.png,Achillea_millefolium
1536,aug_520283979.png,Achillea_millefolium
1537,aug_451737917.png,Achillea_millefolium
1538,aug_442492274.png,Achillea_millefolium
1539,aug_533076167.png,Achillea_millefolium
1540,aug_531606834.png,Achillea_millefolium
1541,aug_530551835.png,Achillea_millefolium
1542,aug_529913476.png,Achillea_millefolium
1543,aug_530805438.png,Achillea_millefolium
1544,aug_517965187.png,Achillea_millefolium
1545,aug_434877816.png,Achillea_millefolium
1546,aug_413988613.png,Achillea_millefolium
1547,aug_420537843.png,Achillea_millefolium
1548,aug_531753895.png,Achillea_millefolium
1549,aug_517406534.png,Achillea_millefolium
1550,aug_421403373.png,Achillea_millefolium
1551,aug_522718662.png,Achillea_millefolium
1552,aug_533531934.png,Achillea_millefolium
1553,aug_419503995.png,Achillea_millefolium
1554,aug_530716923.png,Achillea_millefolium
1555,aug_412676236.png,Achillea_millefolium
1556,aug_412071449.png,Achillea_millefolium
1557,aug_518871280.png,Achillea_millefolium
1558,aug_518724371.png,Achillea_millefolium
1559,aug_516904579.png,Achillea_millefolium
1560,aug_413289875.png,Achillea_millefolium
1561,aug_424555762.png,Achillea_millefolium
1562,aug_414404979.png,Achillea_millefolium
1563,aug_514879652.png,Achillea_millefolium
1564,aug_527355343.png,Achillea_millefolium
1565,aug_422832009.png,Achillea_millefolium
1566,aug_414429502.png,Achillea_millefolium
1567,aug_519448379.png,Achillea_millefolium
1568,aug_524647525.png,Achillea_millefolium
1569,aug_420384169.png,Achillea_millefolium
1570,aug_525345796.png,Achillea_millefolium
1571,aug_526086720.png,Achillea_millefolium
1572,aug_529355884.png,Achillea_millefolium
1573,aug_526558755.png,Achillea_millefolium
1574,aug_424662736.png,Achillea_millefolium
1575,aug_412498668.png,Achillea_millefolium
1576,aug_521409650.png,Achillea_millefolium
1577,aug_532097748.png,Achillea_millefolium
1578,aug_411287242.png,Achillea_millefolium
1579,aug_423856537.png,Achillea_millefolium
1580,aug_522609997.png,Achillea_millefolium
1581,aug_418295635.png,Achillea_millefolium
1582,aug_527753457.png,Achillea_millefolium
1583,aug_533721692.png,Achillea_millefolium
1584,aug_413184225.png,Achillea_millefolium
1585,aug_425155055.png,Achillea_millefolium
1586,aug_528117075.png,Achillea_millefolium
1587,aug_526645334.png,Achillea_millefolium
1588,aug_411377782.png,Achillea_millefolium
1589,aug_410834071.png,Achillea_millefolium
1590,aug_418522389.png,Achillea_millefolium
1591,aug_518034081.png,Achillea_millefolium
1592,aug_423168615.png,Achillea_millefolium
1593,aug_415974562.png,Achillea_millefolium
1594,aug_457603874.png,Achillea_millefolium
1595,aug_532510662.png,Achillea_millefolium
1596,aug_410733866.png,Achillea_millefolium
1597,aug_410683201.png,Achillea_millefolium
1598,aug_516808856.png,Achillea_millefolium
1599,aug_421372657.png,Achillea_millefolium
1600,aug_414440027.png,Achillea_millefolium
1601,aug_413463940.png,Achillea_millefolium
1602,aug_531498610.png,Achillea_millefolium
1603,aug_474788942.png,Achillea_millefolium
1604,aug_418357827.png,Achillea_millefolium
1605,aug_514829974.png,Achillea_millefolium
1606,aug_527097132.png,Achillea_millefolium
1607,aug_519967697.png,Achillea_millefolium
1608,aug_414816801.png,Achillea_millefolium
1609,aug_531164381.png,Achillea_millefolium
1610,aug_414237904.png,Achillea_millefolium
1611,aug_420168577.png,Achillea_millefolium
1612,aug_413649040.png,Achillea_millefolium
1613,aug_527081523.png,Achillea_millefolium
1614,aug_530303339.png,Achillea_millefolium
1615,aug_410371934.png,Achillea_millefolium
1616,aug_416988148.png,Achillea_millefolium
1617,aug_435850842.png,Achillea_millefolium
1618,aug_524126776.png,Achillea_millefolium
1619,aug_412005653.png,Achillea_millefolium
1620,aug_527564083.png,Achillea_millefolium
1621,aug_526803214.png,Achillea_millefolium
1622,aug_531760408.png,Achillea_millefolium
1623,aug_517460314.png,Achillea_millefolium
1624,aug_412049413.png,Achillea_millefolium
1625,aug_529981599.png,Achillea_millefolium
1626,aug_414329334.png,Achillea_millefolium
1627,aug_524770951.png,Achillea_millefolium
1628,aug_523158685.png,Achillea_millefolium
1629,aug_530259062.png,Achillea_millefolium
1630,aug_454927773.png,Achillea_millefolium
1631,aug_523970863.png,Achillea_millefolium
1632,aug_415673430.png,Achillea_millefolium
1633,aug_530032017.png,Achillea_millefolium
1634,aug_525876008.png,Achillea_millefolium
1635,aug_410326431.png,Achillea_millefolium
1636,aug_462001287.png,Achillea_millefolium
1637,aug_419026386.png,Achillea_millefolium
1638,aug_532686532.png,Achillea_millefolium
1639,aug_417637786.png,Achillea_millefolium
1640,aug_528407552.png,Achillea_millefolium
1641,aug_530966877.png,Achillea_millefolium
1642,aug_524110593.png,Achillea_millefolium
1643,aug_458176403.png,Achillea_millefolium
1644,aug_519333956.png,Achillea_millefolium
1645,aug_528870619.png,Achillea_millefolium
1646,aug_420540704.png,Achillea_millefolium
1647,aug_431611591.png,Achillea_millefolium
1648,aug_415640856.png,Achillea_millefolium
1649,aug_518014977.png,Achillea_millefolium
1650,aug_422025467.png,Achillea_millefolium
1651,aug_416705908.png,Achillea_millefolium
1652,aug_471271970.png,Achillea_millefolium
1653,aug_525738185.png,Achillea_millefolium
1654,aug_530033031.png,Achillea_millefolium
1655,aug_516847966.png,Achillea_millefolium
1656,aug_424527553.png,Achillea_millefolium
1657,aug_528972498.png,Achillea_millefolium
1658,aug_410419843.png,Achillea_millefolium
1659,aug_412020633.png,Achillea_millefolium
1660,aug_410646569.png,Achillea_millefolium
1661,aug_416426732.png,Achillea_millefolium
1662,aug_444816730.png,Achillea_millefolium
1663,aug_425631670.png,Achillea_millefolium
1664,aug_410229374.png,Achillea_millefolium
1665,aug_426957466.png,Achillea_millefolium
1666,aug_524529114.png,Achillea_millefolium
1667,aug_411238209.png,Achillea_millefolium
1668,aug_526476900.png,Achillea_millefolium
1669,aug_427139577.png,Achillea_millefolium
1670,aug_524681439.png,Achillea_millefolium
1671,aug_527266213.png,Achillea_millefolium
1672,aug_417850272.png,Achillea_millefolium
1673,aug_528556656.png,Achillea_millefolium
1674,aug_415178603.png,Achillea_millefolium
1675,aug_514200024.png,Achillea_millefolium
1676,aug_531020705.png,Achillea_millefolium
1677,aug_520602956.png,Achillea_millefolium
1678,aug_413525829.png,Achillea_millefolium
1679,aug_514322212.png,Achillea_millefolium
1680,aug_530102860.png,Achillea_millefolium
1681,aug_475363143.png,Achillea_millefolium
1682,aug_532900936.png,Achillea_millefolium
1683,aug_457758122.png,Achillea_millefolium
1684,aug_419493123.png,Achillea_millefolium
1685,aug_524819059.png,Achillea_millefolium
1686,aug_468975359.png,Achillea_millefolium
1687,aug_419687406.png,Achillea_millefolium
1688,aug_443020851.png,Achillea_millefolium
1689,aug_439487692.png,Achillea_millefolium
1690,aug_531088714.png,Achillea_millefolium
1691,aug_424613277.png,Achillea_millefolium
1692,aug_422726319.png,Achillea_millefolium
1693,aug_412265349.png,Achillea_millefolium
1694,aug_532954688.png,Achillea_millefolium
1695,aug_424592174.png,Achillea_millefolium
1696,aug_415052323.png,Achillea_millefolium
1697,aug_528917627.png,Achillea_millefolium
1698,aug_414677053.png,Achillea_millefolium
1699,aug_524864030.png,Achillea_millefolium
1700,aug_415040997.png,Achillea_millefolium
1701,aug_525700591.png,Achillea_millefolium
1702,aug_417653128.png,Achillea_millefolium
1703,aug_414409583.png,Achillea_millefolium
1704,aug_531986526.png,Achillea_millefolium
1705,aug_533525487.png,Achillea_millefolium
1706,aug_530884848.png,Achillea_millefolium
1707,aug_518869979.png,Achillea_millefolium
1708,aug_525971265.png,Achillea_millefolium
1709,aug_417599651.png,Achillea_millefolium
1710,aug_459362542.png,Achillea_millefolium
1711,aug_422304299.png,Achillea_millefolium
1712,aug_446372367.png,Achillea_millefolium
1713,aug_416736666.png,Achillea_millefolium
1714,aug_424013236.png,Achillea_millefolium
1715,aug_414288130.png,Achillea_millefolium
1716,aug_521035586.png,Achillea_millefolium
1717,aug_434153734.png,Achillea_millefolium
1718,aug_424109559.png,Achillea_millefolium
1719,aug_531096382.png,Achillea_millefolium
1720,aug_411596220.png,Achillea_millefolium
1721,aug_532925569.png,Achillea_millefolium
1722,aug_520345608.png,Achillea_millefolium
1723,aug_466958596.png,Achillea_millefolium
1724,aug_528205270.png,Achillea_millefolium
1725,aug_528682772.png,Achillea_millefolium
1726,aug_519046688.png,Achillea_millefolium
1727,aug_525587612.png,Achillea_millefolium
1728,aug_521641461.png,Achillea_millefolium
1729,aug_522896680.png,Achillea_millefolium
1730,aug_531015661.png,Achillea_millefolium
1731,aug_529548486.png,Achillea_millefolium
1732,aug_425578955.png,Achillea_millefolium
1733,aug_412836414.png,Achillea_millefolium
1734,aug_534062837.png,Achillea_millefolium
1735,aug_413116315.png,Achillea_millefolium
1736,aug_531330482.png,Achillea_millefolium
1737,aug_414992402.png,Achillea_millefolium
1738,aug_524085454.png,Achillea_millefolium
1739,aug_526795079.png,Achillea_millefolium
1740,aug_533148101.png,Achillea_millefolium
1741,aug_521422453.png,Achillea_millefolium
1742,aug_424551015.png,Achillea_millefolium
1743,aug_420806498.png,Achillea_millefolium
1744,aug_421416525.png,Achillea_millefolium
1745,aug_417159965.png,Achillea_millefolium
1746,aug_533143856.png,Achillea_millefolium
1747,aug_524477284.png,Achillea_millefolium
1748,aug_430194386.png,Achillea_millefolium
1749,aug_526110186.png,Achillea_millefolium
1750,aug_529866392.png,Achillea_millefolium
1751,aug_522696487.png,Achillea_millefolium
1752,aug_425981599.png,Achillea_millefolium
1753,aug_527867056.png,Achillea_millefolium
1754,aug_436286028.png,Achillea_millefolium
1755,aug_413222621.png,Achillea_millefolium
1756,aug_412711132.png,Achillea_millefolium
1757,aug_530948393.png,Achillea_millefolium
1758,aug_410905514.png,Achillea_millefolium
1759,aug_519577887.png,Achillea_millefolium
1760,aug_410716115.png,Achillea_millefolium
1761,aug_532588374.png,Achillea_millefolium
1762,aug_529580101.png,Achillea_millefolium
1763,aug_526187118.png,Achillea_millefolium
1764,aug_524672200.png,Achillea_millefolium
1765,aug_524090048.png,Achillea_millefolium
1766,aug_423452900.png,Achillea_millefolium
1767,aug_415554556.png,Achillea_millefolium
1768,aug_413164603.png,Achillea_millefolium
1769,aug_421384490.png,Achillea_millefolium
1770,aug_410655581.png,Achillea_millefolium
1771,aug_531279237.png,Achillea_millefolium
1772,aug_425293247.png,Achillea_millefolium
1773,aug_520831919.png,Achillea_millefolium
1774,aug_527827692.png,Achillea_millefolium
1775,aug_410820011.png,Achillea_millefolium
1776,aug_417787431.png,Achillea_millefolium
1777,aug_531488034.png,Achillea_millefolium
1778,aug_415908502.png,Achillea_millefolium
1779,aug_411977810.png,Achillea_millefolium
1780,aug_417782587.png,Achillea_millefolium
1781,aug_420392838.png,Achillea_millefolium
1782,aug_518462714.png,Achillea_millefolium
1783,aug_429737487.png,Achillea_millefolium
1784,aug_425246306.png,Achillea_millefolium
1785,aug_423471528.png,Achillea_millefolium
1786,aug_530844071.png,Achillea_millefolium
1787,aug_520592333.png,Achillea_millefolium
1788,aug_411661026.png,Achillea_millefolium
1789,aug_521371662.png,Achillea_millefolium
1790,aug_440476511.png,Achillea_millefolium
1791,aug_517180672.png,Achillea_millefolium
1792,aug_524740169.png,Achillea_millefolium
1793,aug_415482644.png,Achillea_millefolium
1794,aug_526306665.png,Achillea_millefolium
1795,aug_466830535.png,Achillea_millefolium
1796,aug_521065330.png,Achillea_millefolium
1797,aug_414315830.png,Achillea_millefolium
1798,aug_534057485.png,Achillea_millefolium
1799,aug_531109527.png,Achillea_millefolium
1800,aug_525890633.png,Achillea_millefolium
1801,aug_412266184.png,Achillea_millefolium
1802,aug_530424607.png,Achillea_millefolium
1803,aug_516122043.png,Achillea_millefolium
1804,aug_520964304.png,Achillea_millefolium
1805,aug_417035337.png,Achillea_millefolium
1806,aug_518514253.png,Achillea_millefolium
1807,aug_520805287.png,Achillea_millefolium
1808,aug_420720791.png,Achillea_millefolium
1809,aug_410837158.png,Achillea_millefolium
1810,aug_414317322.png,Achillea_millefolium
1811,aug_417428120.png,Achillea_millefolium
1812,aug_424924351.png,Achillea_millefolium
1813,aug_414351812.png,Achillea_millefolium
1814,aug_413664850.png,Achillea_millefolium
1815,aug_526293877.png,Achillea_millefolium
1816,aug_420925165.png,Achillea_millefolium
1817,aug_410350093.png,Achillea_millefolium
1818,aug_516353965.png,Achillea_millefolium
1819,aug_417970859.png,Achillea_millefolium
1820,aug_428839848.png,Achillea_millefolium
1821,aug_421616329.png,Achillea_millefolium
1822,aug_429781006.png,Achillea_millefolium
1823,aug_518033282.png,Achillea_millefolium
1824,aug_517250232.png,Achillea_millefolium
1825,aug_522651669.png,Achillea_millefolium
1826,aug_519282154.png,Achillea_millefolium
1827,aug_420919946.png,Achillea_millefolium
1828,aug_527413571.png,Achillea_millefolium
1829,aug_413974160.png,Achillea_millefolium
1830,aug_432685596.png,Achillea_millefolium
1831,aug_516752965.png,Achillea_millefolium
1832,aug_459947491.png,Achillea_millefolium
1833,aug_525931204.png,Achillea_millefolium
1834,aug_471012941.png,Achillea_millefolium
1835,aug_466512931.png,Achillea_millefolium
1836,aug_525436640.png,Achillea_millefolium
1837,aug_523594316.png,Achillea_millefolium
1838,aug_528071647.png,Achillea_millefolium
1839,aug_525409751.png,Achillea_millefolium
1840,aug_530044913.png,Achillea_millefolium
1841,aug_411480056.png,Achillea_millefolium
1842,aug_449022123.png,Achillea_millefolium
1843,aug_525308078.png,Achillea_millefolium
1844,aug_516881428.png,Achillea_millefolium
1845,aug_527795231.png,Achillea_millefolium
1846,aug_525659431.png,Achillea_millefolium
1847,aug_425792232.png,Achillea_millefolium
1848,aug_415538915.png,Achillea_millefolium
1849,aug_414626589.png,Achillea_millefolium
1850,aug_421413985.png,Achillea_millefolium
1851,aug_415144310.png,Achillea_millefolium
1852,aug_425862153.png,Achillea_millefolium
1853,aug_421662776.png,Achillea_millefolium
1854,aug_521133635.png,Achillea_millefolium
1855,aug_516340532.png,Achillea_millefolium
1856,aug_411787035.png,Achillea_millefolium
1857,aug_420179827.png,Achillea_millefolium
1858,aug_530351750.png,Achillea_millefolium
1859,aug_530082232.png,Achillea_millefolium
1860,aug_521574603.png,Achillea_millefolium
1861,aug_417105274.png,Achillea_millefolium
1862,aug_415148768.png,Achillea_millefolium
1863,aug_526453869.png,Achillea_millefolium
1864,aug_414088136.png,Achillea_millefolium
1865,aug_524156818.png,Achillea_millefolium
1866,aug_427209175.png,Achillea_millefolium
1867,aug_528100682.png,Achillea_millefolium
1868,aug_525454181.png,Achillea_millefolium
1869,aug_427710117.png,Achillea_millefolium
1870,aug_529899684.png,Achillea_millefolium
1871,aug_526333798.png,Achillea_millefolium
1872,aug_514100227.png,Achillea_millefolium
1873,aug_413469634.png,Achillea_millefolium
1874,aug_413512963.png,Achillea_millefolium
1875,aug_515158605.png,Achillea_millefolium
1876,aug_522601634.png,Achillea_millefolium
1877,aug_412425085.png,Achillea_millefolium
1878,aug_521691603.png,Achillea_millefolium
1879,aug_422125082.png,Achillea_millefolium
1880,aug_413256924.png,Achillea_millefolium
1881,aug_415831525.png,Achillea_millefolium
1882,aug_434945393.png,Achillea_millefolium
1883,aug_433150133.png,Achillea_millefolium
1884,aug_526459089.png,Achillea_millefolium
1885,aug_524819498.png,Achillea_millefolium
1886,aug_416999804.png,Achillea_millefolium
1887,aug_530382226.png,Achillea_millefolium
1888,aug_450655526.png,Achillea_millefolium
1889,aug_528721017.png,Achillea_millefolium
1890,aug_531986529.png,Achillea_millefolium
1891,aug_410904459.png,Achillea_millefolium
1892,aug_521986447.png,Achillea_millefolium
1893,aug_411584089.png,Achillea_millefolium
1894,aug_424908646.png,Achillea_millefolium
1895,aug_409954192.png,Achillea_millefolium
1896,aug_525620273.png,Achillea_millefolium
1897,aug_412941620.png,Achillea_millefolium
1898,aug_522080835.png,Achillea_millefolium
1899,aug_442622694.png,Achillea_millefolium
1900,aug_519402435.png,Achillea_millefolium
1901,aug_416602724.png,Achillea_millefolium
1902,aug_412434017.png,Achillea_millefolium
1903,aug_516207676.png,Achillea_millefolium
1904,aug_410255337.png,Achillea_millefolium
1905,aug_530985860.png,Achillea_millefolium
1906,aug_464977621.png,Achillea_millefolium
1907,aug_528689486.png,Achillea_millefolium
1908,aug_524516692.png,Achillea_millefolium
1909,aug_412037787.png,Achillea_millefolium
1910,aug_423076827.png,Achillea_millefolium
1911,aug_529470145.png,Achillea_millefolium
1912,aug_417317741.png,Achillea_millefolium
1913,aug_521772224.png,Achillea_millefolium
1914,aug_411540610.png,Achillea_millefolium
1915,aug_464978794.png,Achillea_millefolium
1916,aug_448625975.png,Achillea_millefolium
1917,aug_417345808.png,Achillea_millefolium
1918,aug_417378855.png,Achillea_millefolium
1919,aug_526777817.png,Achillea_millefolium
1920,aug_423888621.png,Achillea_millefolium
1921,aug_411913213.png,Achillea_millefolium
1922,aug_414063112.png,Achillea_millefolium
1923,aug_530440361.png,Achillea_millefolium
1924,aug_422679564.png,Achillea_millefolium
1925,aug_410000530.png,Achillea_millefolium
1926,aug_428733199.png,Achillea_millefolium
1927,aug_417357350.png,Achillea_millefolium
1928,aug_526872412.png,Achillea_millefolium
1929,aug_419081061.png,Achillea_millefolium
1930,aug_525639264.png,Achillea_millefolium
1931,aug_526257567.png,Achillea_millefolium
1932,aug_527326357.png,Achillea_millefolium
1933,aug_524094764.png,Achillea_millefolium
1934,aug_423025679.png,Achillea_millefolium
1935,aug_419848970.png,Achillea_millefolium
1936,aug_528780822.png,Achillea_millefolium
1937,aug_414698182.png,Achillea_millefolium
1938,aug_521380780.png,Achillea_millefolium
1939,aug_423518654.png,Achillea_millefolium
1940,aug_529522831.png,Achillea_millefolium
1941,aug_422516123.png,Achillea_millefolium
1942,aug_531238391.png,Achillea_millefolium
1943,aug_420966180.png,Achillea_millefolium
1944,aug_425510827.png,Achillea_millefolium
1945,aug_418974276.png,Achillea_millefolium
1946,aug_421045444.png,Achillea_millefolium
1947,aug_415587418.png,Achillea_millefolium
1948,aug_410025867.png,Achillea_millefolium
1949,aug_519793631.png,Achillea_millefolium
1950,aug_452404029.png,Achillea_millefolium
1951,aug_532294479.png,Achillea_millefolium
1952,aug_497781621.png,Achillea_millefolium
1953,aug_515198026.png,Achillea_millefolium
1954,aug_417934126.png,Achillea_millefolium
1955,aug_531184833.png,Achillea_millefolium
1956,aug_524197517.png,Achillea_millefolium
1957,aug_528007501.png,Achillea_millefolium
1958,aug_521953070.png,Achillea_millefolium
1959,aug_411835097.png,Achillea_millefolium
1960,aug_526265730.png,Achillea_millefolium
1961,aug_530068098.png,Achillea_millefolium
1962,aug_435615001.png,Achillea_millefolium
1963,aug_516738387.png,Achillea_millefolium
1964,aug_521650519.png,Achillea_millefolium
1965,aug_530007152.png,Achillea_millefolium
1966,aug_409975372.png,Achillea_millefolium
1967,aug_526821068.png,Achillea_millefolium
1968,aug_523047033.png,Achillea_millefolium
1969,aug_419107877.png,Achillea_millefolium
1970,aug_410605634.png,Achillea_millefolium
1971,aug_526357717.png,Achillea_millefolium
1972,aug_464966757.png,Achillea_millefolium
1973,aug_462194670.png,Achillea_millefolium
1974,aug_521619758.png,Achillea_millefolium
1975,aug_416021809.png,Achillea_millefolium
1976,aug_529559473.png,Achillea_millefolium
1977,aug_434977779.png,Achillea_millefolium
1978,aug_525727482.png,Achillea_millefolium
1979,aug_419488837.png,Achillea_millefolium
1980,aug_434134351.png,Achillea_millefolium
1981,aug_516716962.png,Achillea_millefolium
1982,aug_525994382.png,Achillea_millefolium
1983,aug_514696853.png,Achillea_millefolium
1984,aug_415897315.png,Achillea_millefolium
1985,aug_415693427.png,Achillea_millefolium
1986,aug_527362057.png,Achillea_millefolium
1987,aug_415380331.png,Achillea_millefolium
1988,aug_520967806.png,Achillea_millefolium
1989,aug_533177865.png,Achillea_millefolium
1990,aug_529822244.png,Achillea_millefolium
1991,aug_472083754.png,Achillea_millefolium
1992,aug_526293504.png,Achillea_millefolium
1993,aug_533708150.png,Achillea_millefolium
1994,aug_529435875.png,Achillea_millefolium
1995,aug_414743131.png,Achillea_millefolium
1996,aug_520939750.png,Achillea_millefolium
1997,aug_520119798.png,Achillea_millefolium
1998,aug_530293854.png,Achillea_millefolium
1999,aug_527088621.png,Achillea_millefolium
2000,aug_526859785.png,Achillea_millefolium
2001,aug_533610904.png,Achillea_millefolium
2002,aug_410277272.png,Achillea_millefolium
2003,aug_410403518.png,Achillea_millefolium
2004,aug_465363027.png,Achillea_millefolium
2005,aug_515646519.png,Achillea_millefolium
2006,aug_415152849.png,Achillea_millefolium
2007,aug_417933568.png,Achillea_millefolium
2008,aug_527628889.png,Achillea_millefolium
2009,aug_521384760.png,Achillea_millefolium
2010,aug_516468047.png,Achillea_millefolium
2011,aug_533594868.png,Achillea_millefolium
2012,aug_533576769.png,Achillea_millefolium
2013,aug_523256380.png,Achillea_millefolium
2014,aug_412060965.png,Achillea_millefolium
2015,aug_413286443.png,Achillea_millefolium
2016,aug_422986504.png,Achillea_millefolium
2017,aug_414455290.png,Achillea_millefolium
2018,aug_518960340.png,Achillea_millefolium
2019,aug_527689556.png,Achillea_millefolium
2020,aug_416346910.png,Achillea_millefolium
2021,aug_421367185.png,Achillea_millefolium
2022,aug_437370692.png,Achillea_millefolium
2023,aug_525870413.png,Achillea_millefolium
2024,aug_520372733.png,Achillea_millefolium
2025,aug_423996801.png,Achillea_millefolium
2026,aug_524701813.png,Achillea_millefolium
2027,aug_525127835.png,Achillea_millefolium
2028,aug_523658455.png,Achillea_millefolium
2029,aug_520929108.png,Achillea_millefolium
2030,aug_530065298.png,Achillea_millefolium
2031,aug_421834326.png,Achillea_millefolium
2032,aug_525088987.png,Achillea_millefolium
2033,aug_519546990.png,Achillea_millefolium
2034,aug_534007848.png,Achillea_millefolium
2035,aug_410329845.png,Achillea_millefolium
2036,aug_531984853.png,Achillea_millefolium
2037,aug_533676439.png,Achillea_millefolium
2038,aug_530130256.png,Achillea_millefolium
2039,aug_419847362.png,Achillea_millefolium
2040,aug_524397999.png,Achillea_millefolium
2041,aug_531084301.png,Achillea_millefolium
2042,aug_418712519.png,Achillea_millefolium
2043,aug_516827384.png,Achillea_millefolium
2044,aug_412808305.png,Achillea_millefolium
2045,aug_521705641.png,Achillea_millefolium
2046,aug_410772471.png,Achillea_millefolium
2047,aug_514161054.png,Achillea_millefolium
2048,aug_518402383.png,Achillea_millefolium
2049,aug_420843502.png,Achillea_millefolium
2050,aug_410363303.png,Achillea_millefolium
2051,aug_414220081.png,Achillea_millefolium
2052,aug_415184987.png,Achillea_millefolium
2053,aug_520247316.png,Achillea_millefolium
2054,aug_517335517.png,Achillea_millefolium
2055,aug_456956853.png,Achillea_millefolium
2056,aug_410564554.png,Achillea_millefolium
2057,aug_422784891.png,Achillea_millefolium
2058,aug_516440139.png,Achillea_millefolium
2059,aug_523570632.png,Achillea_millefolium
2060,aug_528623450.png,Achillea_millefolium
2061,aug_413994740.png,Achillea_millefolium
2062,aug_415508433.png,Achillea_millefolium
2063,aug_531342115.png,Achillea_millefolium
2064,aug_530905067.png,Achillea_millefolium
2065,aug_411531620.png,Achillea_millefolium
2066,aug_515357832.png,Achillea_millefolium
2067,aug_515770070.png,Achillea_millefolium
2068,aug_525179973.png,Achillea_millefolium
2069,aug_424645095.png,Achillea_millefolium
2070,aug_417426637.png,Achillea_millefolium
2071,aug_423435422.png,Achillea_millefolium
2072,aug_422430675.png,Achillea_millefolium
2073,aug_521638391.png,Achillea_millefolium
2074,aug_457472791.png,Achillea_millefolium
2075,aug_526317134.png,Achillea_millefolium
2076,aug_516940144.png,Achillea_millefolium
2077,aug_460304350.png,Achillea_millefolium
2078,aug_419475030.png,Achillea_millefolium
2079,aug_522671682.png,Achillea_millefolium
2080,aug_414082042.png,Achillea_millefolium
2081,aug_415870587.png,Achillea_millefolium
2082,aug_423830761.png,Achillea_millefolium
2083,aug_515922626.png,Achillea_millefolium
2084,aug_410773072.png,Achillea_millefolium
2085,aug_522756122.png,Achillea_millefolium
2086,aug_414653978.png,Achillea_millefolium
2087,aug_419277731.png,Achillea_millefolium
2088,aug_456883289.png,Achillea_millefolium
2089,aug_418241478.png,Achillea_millefolium
2090,aug_424694734.png,Achillea_millefolium
2091,aug_414278828.png,Achillea_millefolium
2092,aug_425776130.png,Achillea_millefolium
2093,aug_421398502.png,Achillea_millefolium
2094,aug_531487028.png,Achillea_millefolium
2095,aug_425282217.png,Achillea_millefolium
2096,aug_516646017.png,Achillea_millefolium
2097,aug_532006007.png,Achillea_millefolium
2098,aug_527344938.png,Achillea_millefolium
2099,aug_411578742.png,Achillea_millefolium
2100,aug_414960106.png,Achillea_millefolium
2101,aug_419722361.png,Achillea_millefolium
2102,aug_416840388.png,Achillea_millefolium
2103,aug_520549446.png,Achillea_millefolium
2104,aug_414342662.png,Achillea_millefolium
2105,aug_415596032.png,Achillea_millefolium
2106,aug_411222614.png,Achillea_millefolium
2107,aug_526724021.png,Achillea_millefolium
2108,aug_447199569.png,Achillea_millefolium
2109,aug_526350650.png,Achillea_millefolium
2110,aug_417918792.png,Achillea_millefolium
2111,aug_420618517.png,Achillea_millefolium
2112,aug_526336611.png,Achillea_millefolium
2113,aug_526951695.png,Achillea_millefolium
2114,aug_419485504.png,Achillea_millefolium
2115,aug_531069904.png,Achillea_millefolium
2116,aug_411892655.png,Achillea_millefolium
2117,aug_415960692.png,Achillea_millefolium
2118,aug_532381106.png,Achillea_millefolium
2119,aug_529014883.png,Achillea_millefolium
2120,aug_526255508.png,Achillea_millefolium
2121,aug_531441617.png,Achillea_millefolium
2122,aug_412418757.png,Achillea_millefolium
2123,aug_517976909.png,Achillea_millefolium
2124,aug_525274839.png,Achillea_millefolium
2125,aug_525435187.png,Achillea_millefolium
2126,aug_413330761.png,Achillea_millefolium
2127,aug_531297336.png,Achillea_millefolium
2128,aug_421029952.png,Achillea_millefolium
2129,aug_457567944.png,Achillea_millefolium
2130,aug_423579227.png,Achillea_millefolium
2131,aug_413500434.png,Achillea_millefolium
2132,aug_519797796.png,Achillea_millefolium
2133,aug_523571720.png,Achillea_millefolium
2134,aug_412249770.png,Achillea_millefolium
2135,aug_529016538.png,Achillea_millefolium
2136,aug_532718238.png,Achillea_millefolium
2137,aug_523333768.png,Achillea_millefolium
2138,aug_533004920.png,Achillea_millefolium
2139,aug_448067604.png,Achillea_millefolium
2140,aug_527877554.png,Achillea_millefolium
2141,aug_422795031.png,Achillea_millefolium
2142,aug_414669797.png,Achillea_millefolium
2143,aug_422625678.png,Achillea_millefolium
2144,aug_521338931.png,Achillea_millefolium
2145,aug_522265024.png,Achillea_millefolium
2146,aug_514133045.png,Achillea_millefolium
2147,aug_411908043.png,Achillea_millefolium
2148,aug_423592827.png,Achillea_millefolium
2149,aug_517751996.png,Achillea_millefolium
2150,aug_454457064.png,Achillea_millefolium
2151,aug_470606232.png,Achillea_millefolium
2152,aug_444613065.png,Achillea_millefolium
2153,aug_515445784.png,Achillea_millefolium
2154,aug_419819224.png,Achillea_millefolium
2155,aug_421641015.png,Achillea_millefolium
2156,aug_424979683.png,Achillea_millefolium
2157,aug_518446098.png,Achillea_millefolium
2158,aug_533355032.png,Achillea_millefolium
2159,aug_424704014.png,Achillea_millefolium
2160,aug_425016410.png,Achillea_millefolium
2161,aug_460616784.png,Achillea_millefolium
2162,aug_414798403.png,Achillea_millefolium
2163,aug_459464086.png,Achillea_millefolium
2164,aug_519628708.png,Achillea_millefolium
2165,aug_469183448.png,Achillea_millefolium
2166,aug_414455748.png,Achillea_millefolium
2167,aug_526893050.png,Achillea_millefolium
2168,aug_426996093.png,Achillea_millefolium
2169,aug_517854796.png,Achillea_millefolium
2170,aug_412682971.png,Achillea_millefolium
2171,aug_492980233.png,Achillea_millefolium
2172,aug_473511173.png,Achillea_millefolium
2173,aug_418947055.png,Achillea_millefolium
2174,aug_417253105.png,Achillea_millefolium
2175,aug_524586223.png,Achillea_millefolium
2176,aug_525011427.png,Achillea_millefolium
2177,aug_517379180.png,Achillea_millefolium
2178,aug_519422783.png,Achillea_millefolium
2179,aug_511209084.png,Achillea_millefolium
2180,aug_424604540.png,Achillea_millefolium
2181,aug_440919871.png,Achillea_millefolium
2182,aug_413631338.png,Achillea_millefolium
2183,aug_411926515.png,Achillea_millefolium
2184,aug_516723357.png,Achillea_millefolium
2185,aug_519386749.png,Achillea_millefolium
2186,aug_527896719.png,Achillea_millefolium
2187,aug_428410180.png,Achillea_millefolium
2188,aug_527637325.png,Achillea_millefolium
2189,aug_531788898.png,Achillea_millefolium
2190,aug_531078463.png,Achillea_millefolium
2191,aug_529237243.png,Achillea_millefolium
2192,aug_421141904.png,Achillea_millefolium
2193,aug_436654916.png,Achillea_millefolium
2194,aug_461761851.png,Achillea_millefolium
2195,aug_533042825.png,Achillea_millefolium
2196,aug_419696646.png,Achillea_millefolium
2197,aug_528076476.png,Achillea_millefolium
2198,aug_416337060.png,Achillea_millefolium
2199,aug_442483031.png,Achillea_millefolium
2200,aug_429560482.png,Achillea_millefolium
2201,aug_519082682.png,Achillea_millefolium
2202,aug_515463184.png,Achillea_millefolium
2203,aug_520050607.png,Achillea_millefolium
2204,aug_418748856.png,Achillea_millefolium
2205,aug_420598395.png,Achillea_millefolium
2206,aug_521546652.png,Achillea_millefolium
2207,aug_533119101.png,Achillea_millefolium
2208,aug_422160575.png,Achillea_millefolium
2209,aug_531554688.png,Achillea_millefolium
2210,aug_528806195.png,Achillea_millefolium
2211,aug_414628243.png,Achillea_millefolium
2212,aug_431774916.png,Achillea_millefolium
2213,aug_424682033.png,Achillea_millefolium
2214,aug_417659856.png,Achillea_millefolium
2215,aug_448890837.png,Achillea_millefolium
2216,aug_421645123.png,Achillea_millefolium
2217,aug_409994688.png,Achillea_millefolium
2218,aug_421677259.png,Achillea_millefolium
2219,aug_529457343.png,Achillea_millefolium
2220,aug_531437719.png,Achillea_millefolium
2221,aug_413628412.png,Achillea_millefolium
2222,aug_418356793.png,Achillea_millefolium
2223,aug_410996078.png,Achillea_millefolium
2224,aug_520310804.png,Achillea_millefolium
2225,aug_523023936.png,Achillea_millefolium
2226,aug_530604560.png,Achillea_millefolium
2227,aug_416688593.png,Achillea_millefolium
2228,aug_519049725.png,Achillea_millefolium
2229,aug_416787293.png,Achillea_millefolium
2230,aug_417129061.png,Achillea_millefolium
2231,aug_532019728.png,Achillea_millefolium
2232,aug_412837061.png,Achillea_millefolium
2233,aug_411620175.png,Achillea_millefolium
2234,aug_528207901.png,Achillea_millefolium
2235,aug_456444580.png,Achillea_millefolium
2236,aug_530013253.png,Achillea_millefolium
2237,aug_527351384.png,Achillea_millefolium
2238,aug_417305342.png,Achillea_millefolium
2239,aug_523695081.png,Achillea_millefolium
2240,aug_415911708.png,Achillea_millefolium
2241,aug_519254144.png,Achillea_millefolium
2242,aug_415246990.png,Achillea_millefolium
2243,aug_528681438.png,Achillea_millefolium
2244,aug_522434378.png,Achillea_millefolium
2245,aug_411769753.png,Achillea_millefolium
2246,aug_517070141.png,Achillea_millefolium
2247,aug_527834074.png,Achillea_millefolium
2248,aug_416384026.png,Achillea_millefolium
2249,aug_436686614.png,Achillea_millefolium
2250,aug_414711461.png,Achillea_millefolium
2251,aug_522779139.png,Achillea_millefolium
2252,aug_409969964.png,Achillea_millefolium
2253,aug_517152813.png,Achillea_millefolium
2254,aug_424180534.png,Achillea_millefolium
2255,aug_441479652.png,Achillea_millefolium
2256,aug_414822474.png,Achillea_millefolium
2257,aug_508635078.png,Achillea_millefolium
2258,aug_420089806.png,Achillea_millefolium
2259,aug_525535069.png,Achillea_millefolium
2260,aug_531965867.png,Achillea_millefolium
2261,aug_477373805.png,Achillea_millefolium
2262,aug_414642054.png,Achillea_millefolium
2263,aug_416306611.png,Achillea_millefolium
2264,aug_409952600.png,Achillea_millefolium
2265,aug_414223089.png,Achillea_millefolium
2266,aug_461969421.png,Achillea_millefolium
2267,aug_420790897.png,Achillea_millefolium
2268,aug_421048578.png,Achillea_millefolium
2269,aug_533105599.png,Achillea_millefolium
2270,aug_522067985.png,Achillea_millefolium
2271,aug_516368590.png,Achillea_millefolium
2272,aug_455009397.png,Achillea_millefolium
2273,aug_419237351.png,Achillea_millefolium
2274,aug_518422825.png,Achillea_millefolium
2275,aug_523254570.png,Achillea_millefolium
2276,aug_528056369.png,Achillea_millefolium
2277,aug_414625159.png,Achillea_millefolium
2278,aug_522107748.png,Achillea_millefolium
2279,aug_411967386.png,Achillea_millefolium
2280,aug_457968654.png,Achillea_millefolium
2281,aug_421003271.png,Achillea_millefolium
2282,aug_528297181.png,Achillea_millefolium
2283,aug_414423416.png,Achillea_millefolium
2284,aug_417915908.png,Achillea_millefolium
2285,aug_434134214.png,Achillea_millefolium
2286,aug_411604292.png,Achillea_millefolium
2287,aug_534018123.png,Achillea_millefolium
2288,aug_464207793.png,Achillea_millefolium
2289,aug_414095311.png,Achillea_millefolium
2290,aug_419318770.png,Achillea_millefolium
2291,aug_533437695.png,Achillea_millefolium
2292,aug_435038772.png,Achillea_millefolium
2293,aug_525371572.png,Achillea_millefolium
2294,aug_425339545.png,Achillea_millefolium
2295,aug_417825632.png,Achillea_millefolium
2296,aug_415082455.png,Achillea_millefolium
2297,aug_410406939.png,Achillea_millefolium
2298,aug_461165460.png,Achillea_millefolium
2299,aug_526921574.png,Achillea_millefolium
2300,aug_420493247.png,Achillea_millefolium
2301,aug_414270731.png,Achillea_millefolium
2302,aug_410287524.png,Achillea_millefolium
2303,aug_411599708.png,Achillea_millefolium
2304,aug_519947588.png,Achillea_millefolium
2305,aug_523234999.png,Achillea_millefolium
2306,aug_419879122.png,Achillea_millefolium
2307,aug_517879191.png,Achillea_millefolium
2308,aug_417381864.png,Achillea_millefolium
2309,aug_420599979.png,Achillea_millefolium
2310,aug_419360495.png,Achillea_millefolium
2311,aug_524441551.png,Achillea_millefolium
2312,aug_526624596.png,Achillea_millefolium
2313,aug_411545327.png,Achillea_millefolium
2314,aug_422435329.png,Achillea_millefolium
2315,aug_458539378.png,Achillea_millefolium
2316,aug_437493586.png,Achillea_millefolium
2317,aug_419419282.png,Achillea_millefolium
2318,aug_521848492.png,Achillea_millefolium
2319,aug_531590891.png,Achillea_millefolium
2320,aug_521395483.png,Achillea_millefolium
2321,aug_529920935.png,Achillea_millefolium
2322,aug_518958146.png,Achillea_millefolium
2323,aug_534149041.png,Achillea_millefolium
2324,aug_415457354.png,Achillea_millefolium
2325,aug_455620890.png,Achillea_millefolium
2326,aug_528299316.png,Achillea_millefolium
2327,aug_463679407.png,Achillea_millefolium
2328,aug_412845749.png,Achillea_millefolium
2329,aug_420463661.png,Achillea_millefolium
2330,aug_411654715.png,Achillea_millefolium
2331,aug_465106063.png,Achillea_millefolium
2332,aug_424449036.png,Achillea_millefolium
2333,aug_514688945.png,Achillea_millefolium
2334,aug_525840200.png,Achillea_millefolium
2335,aug_440372467.png,Achillea_millefolium
2336,aug_464618508.png,Achillea_millefolium
2337,aug_416411595.png,Achillea_millefolium
2338,aug_531621530.png,Achillea_millefolium
2339,aug_526907273.png,Achillea_millefolium
2340,aug_525213219.png,Achillea_millefolium
2341,aug_528651337.png,Achillea_millefolium
2342,aug_527754894.png,Achillea_millefolium
2343,aug_413241433.png,Achillea_millefolium
2344,aug_532609171.png,Achillea_millefolium
2345,aug_416057983.png,Achillea_millefolium
2346,aug_531770835.png,Achillea_millefolium
2347,aug_420235263.png,Achillea_millefolium
2348,aug_410665338.png,Achillea_millefolium
2349,aug_518028951.png,Achillea_millefolium
2350,aug_416435156.png,Achillea_millefolium
2351,aug_413270107.png,Achillea_millefolium
2352,aug_412453762.png,Achillea_millefolium
2353,aug_530949289.png,Achillea_millefolium
2354,aug_519462342.png,Achillea_millefolium
2355,aug_532994114.png,Achillea_millefolium
2356,aug_418403677.png,Achillea_millefolium
2357,aug_517090665.png,Achillea_millefolium
2358,aug_409953463.png,Achillea_millefolium
2359,aug_426313748.png,Achillea_millefolium
2360,aug_520904984.png,Achillea_millefolium
2361,aug_413527228.png,Achillea_millefolium
2362,aug_521884345.png,Achillea_millefolium
2363,aug_527310207.png,Achillea_millefolium
2364,aug_528921622.png,Achillea_millefolium
2365,aug_525658779.png,Achillea_millefolium
2366,aug_521086312.png,Achillea_millefolium
2367,aug_415500679.png,Achillea_millefolium
2368,aug_424604340.png,Achillea_millefolium
2369,aug_421544353.png,Achillea_millefolium
2370,aug_423651352.png,Achillea_millefolium
2371,aug_416735696.png,Achillea_millefolium
2372,aug_413610688.png,Achillea_millefolium
2373,aug_533659587.png,Achillea_millefolium
2374,aug_410080761.png,Achillea_millefolium
2375,aug_437363610.png,Achillea_millefolium
2376,aug_527224100.png,Achillea_millefolium
2377,aug_527610897.png,Achillea_millefolium
2378,aug_521676726.png,Achillea_millefolium
2379,aug_419408823.png,Achillea_millefolium
2380,aug_410268192.png,Achillea_millefolium
2381,aug_422609498.png,Achillea_millefolium
2382,aug_414798708.png,Achillea_millefolium
2383,aug_426084857.png,Achillea_millefolium
2384,aug_421684158.png,Achillea_millefolium
2385,aug_527359201.png,Achillea_millefolium
2386,aug_421083841.png,Achillea_millefolium
2387,aug_518977757.png,Achillea_millefolium
2388,aug_518368784.png,Achillea_millefolium
2389,aug_533924316.png,Achillea_millefolium
2390,aug_428639619.png,Achillea_millefolium
2391,aug_412444493.png,Achillea_millefolium
2392,aug_521260794.png,Achillea_millefolium
2393,aug_531081383.png,Achillea_millefolium
2394,aug_489731205.png,Achillea_millefolium
2395,aug_517998448.png,Achillea_millefolium
2396,aug_462517551.png,Achillea_millefolium
2397,aug_417591805.png,Achillea_millefolium
2398,aug_533436923.png,Achillea_millefolium
2399,aug_526011281.png,Achillea_millefolium
2400,aug_420466101.png,Achillea_millefolium
2401,aug_522029399.png,Achillea_millefolium
2402,aug_413797720.png,Achillea_millefolium
2403,aug_516299446.png,Achillea_millefolium
2404,aug_528400788.png,Achillea_millefolium
2405,aug_419387693.png,Achillea_millefolium
2406,aug_529573500.png,Achillea_millefolium
2407,aug_445897675.png,Achillea_millefolium
2408,aug_516823445.png,Achillea_millefolium
2409,aug_526639851.png,Achillea_millefolium
2410,aug_527299748.png,Achillea_millefolium
2411,aug_411778579.png,Achillea_millefolium
2412,aug_419492804.png,Achillea_millefolium
2413,aug_525385377.png,Achillea_millefolium
2414,aug_460485415.png,Achillea_millefolium
2415,aug_424236172.png,Achillea_millefolium
2416,aug_519128256.png,Achillea_millefolium
2417,aug_410080820.png,Achillea_millefolium
2418,aug_520036457.png,Achillea_millefolium
2419,aug_525400673.png,Achillea_millefolium
2420,aug_532329492.png,Achillea_millefolium
2421,aug_526132055.png,Achillea_millefolium
2422,aug_462363201.png,Achillea_millefolium
2423,aug_410009472.png,Achillea_millefolium
2424,aug_459834166.png,Achillea_millefolium
2425,aug_410362277.png,Achillea_millefolium
2426,aug_425328732.png,Achillea_millefolium
2427,aug_532297018.png,Achillea_millefolium
2428,aug_412789042.png,Achillea_millefolium
2429,aug_516208593.png,Achillea_millefolium
2430,aug_423052002.png,Achillea_millefolium
2431,aug_416247116.png,Achillea_millefolium
2432,aug_411569017.png,Achillea_millefolium
2433,aug_518479916.png,Achillea_millefolium
2434,aug_516640415.png,Achillea_millefolium
2435,aug_414977689.png,Achillea_millefolium
2436,aug_414606615.png,Achillea_millefolium
2437,aug_446650045.png,Achillea_millefolium
2438,aug_467615423.png,Achillea_millefolium
2439,aug_416819368.png,Achillea_millefolium
2440,aug_410053390.png,Achillea_millefolium
2441,aug_420116835.png,Achillea_millefolium
2442,aug_423973346.png,Achillea_millefolium
2443,aug_415438923.png,Achillea_millefolium
2444,aug_517968952.png,Achillea_millefolium
2445,aug_471238170.png,Achillea_millefolium
2446,aug_531882258.png,Achillea_millefolium
2447,aug_436815179.png,Achillea_millefolium
2448,aug_414945001.png,Achillea_millefolium
2449,aug_519970627.png,Achillea_millefolium
2450,aug_424199522.png,Achillea_millefolium
2451,aug_421368003.png,Achillea_millefolium
2452,aug_411033268.png,Achillea_millefolium
2453,aug_421613659.png,Achillea_millefolium
2454,aug_463891589.png,Achillea_millefolium
2455,aug_417259863.png,Achillea_millefolium
2456,aug_414528988.png,Achillea_millefolium
2457,aug_422379708.png,Achillea_millefolium
2458,aug_521106834.png,Achillea_millefolium
2459,aug_420601932.png,Achillea_millefolium
2460,aug_419739113.png,Achillea_millefolium
2461,aug_516887381.png,Achillea_millefolium
2462,aug_421058778.png,Achillea_millefolium
2463,aug_531044447.png,Achillea_millefolium
2464,aug_411216402.png,Achillea_millefolium
2465,aug_457562445.png,Achillea_millefolium
2466,aug_526721512.png,Achillea_millefolium
2467,aug_421738584.png,Achillea_millefolium
2468,aug_417326438.png,Achillea_millefolium
2469,aug_527995696.png,Achillea_millefolium
2470,aug_417502305.png,Achillea_millefolium
2471,aug_527525045.png,Achillea_millefolium
2472,aug_419055354.png,Achillea_millefolium
2473,aug_418976436.png,Achillea_millefolium
2474,aug_418735045.png,Achillea_millefolium
2475,aug_523768412.png,Achillea_millefolium
2476,aug_522546729.png,Achillea_millefolium
2477,aug_413116727.png,Achillea_millefolium
2478,aug_454336186.png,Achillea_millefolium
2479,aug_522538288.png,Achillea_millefolium
2480,aug_529545232.png,Achillea_millefolium
2481,aug_520473550.png,Achillea_millefolium
2482,aug_418203134.png,Achillea_millefolium
2483,aug_417085547.png,Achillea_millefolium
2484,aug_426247959.png,Achillea_millefolium
2485,aug_413990583.png,Achillea_millefolium
2486,aug_530804672.png,Achillea_millefolium
2487,aug_425162790.png,Achillea_millefolium
2488,aug_527402476.png,Achillea_millefolium
2489,aug_416482383.png,Achillea_millefolium
2490,aug_467856559.png,Achillea_millefolium
2491,aug_513806732.png,Achillea_millefolium
2492,aug_410887497.png,Achillea_millefolium
2493,aug_428128513.png,Achillea_millefolium
2494,aug_523203460.png,Achillea_millefolium
2495,aug_524134213.png,Achillea_millefolium
2496,aug_472433025.png,Achillea_millefolium
2497,aug_419118118.png,Achillea_millefolium
2498,aug_530049477.png,Achillea_millefolium
2499,aug_410814532.png,Achillea_millefolium
2500,aug_529877505.png,Achillea_millefolium
2501,aug_411369133.png,Achillea_millefolium
2502,aug_523599130.png,Achillea_millefolium
2503,aug_467662276.png,Achillea_millefolium
2504,aug_411508613.png,Achillea_millefolium
2505,aug_519854743.png,Achillea_millefolium
2506,aug_524405672.png,Achillea_millefolium
2507,aug_424023107.png,Achillea_millefolium
2508,aug_419607865.png,Achillea_millefolium
2509,aug_449691503.png,Achillea_millefolium
2510,aug_528354822.png,Achillea_millefolium
2511,aug_522395916.png,Achillea_millefolium
2512,aug_489031297.png,Achillea_millefolium
2513,aug_442932775.png,Achillea_millefolium
2514,aug_420976635.png,Achillea_millefolium
2515,aug_534252413.png,Achillea_millefolium
2516,aug_523552132.png,Achillea_millefolium
2517,aug_530363263.png,Achillea_millefolium
2518,aug_529525790.png,Achillea_millefolium
2519,aug_417147124.png,Achillea_millefolium
2520,aug_412581279.png,Achillea_millefolium
2521,aug_529739956.png,Achillea_millefolium
2522,aug_411773744.png,Achillea_millefolium
2523,aug_466404241.png,Achillea_millefolium
2524,aug_530014779.png,Achillea_millefolium
2525,aug_532460044.png,Achillea_millefolium
2526,aug_425768442.png,Achillea_millefolium
2527,aug_522615653.png,Achillea_millefolium
2528,aug_417778801.png,Achillea_millefolium
2529,aug_533553635.png,Achillea_millefolium
2530,aug_519843680.png,Achillea_millefolium
2531,aug_410835742.png,Achillea_millefolium
2532,aug_529511310.png,Achillea_millefolium
2533,aug_418467541.png,Achillea_millefolium
2534,aug_529001205.png,Achillea_millefolium
2535,aug_519877417.png,Achillea_millefolium
2536,aug_421999392.png,Achillea_millefolium
2537,aug_410480626.png,Achillea_millefolium
2538,aug_414996510.png,Achillea_millefolium
2539,aug_424466032.png,Achillea_millefolium
2540,aug_416262976.png,Achillea_millefolium
2541,aug_410456818.png,Achillea_millefolium
2542,aug_519434998.png,Achillea_millefolium
2543,aug_528872980.png,Achillea_millefolium
2544,aug_524438499.png,Achillea_millefolium
2545,aug_527655175.png,Achillea_millefolium
2546,aug_524226307.png,Achillea_millefolium
2547,aug_514060707.png,Achillea_millefolium
2548,aug_418365692.png,Achillea_millefolium
2549,aug_516315468.png,Achillea_millefolium
2550,aug_414947920.png,Achillea_millefolium
2551,aug_531424785.png,Achillea_millefolium
2552,aug_524798003.png,Achillea_millefolium
2553,aug_414669049.png,Achillea_millefolium
2554,aug_415947318.png,Achillea_millefolium
2555,aug_416816059.png,Achillea_millefolium
2556,aug_530005878.png,Achillea_millefolium
2557,aug_415689271.png,Achillea_millefolium
2558,aug_424583521.png,Achillea_millefolium
2559,aug_527195710.png,Achillea_millefolium
2560,aug_412360364.png,Achillea_millefolium
2561,aug_524704107.png,Achillea_millefolium
2562,aug_532396497.png,Achillea_millefolium
2563,aug_456925061.png,Achillea_millefolium
2564,aug_530042943.png,Achillea_millefolium
2565,aug_516168818.png,Achillea_millefolium
2566,aug_415478736.png,Achillea_millefolium
2567,aug_522775872.png,Achillea_millefolium
2568,aug_522439438.png,Achillea_millefolium
2569,aug_415208143.png,Achillea_millefolium
2570,aug_519793711.png,Achillea_millefolium
2571,aug_420640265.png,Achillea_millefolium
2572,aug_523174616.png,Achillea_millefolium
2573,aug_424934173.png,Achillea_millefolium
2574,aug_412028113.png,Achillea_millefolium
2575,aug_530996853.png,Achillea_millefolium
2576,aug_531998978.png,Achillea_millefolium
2577,aug_412064371.png,Achillea_millefolium
2578,aug_532745345.png,Achillea_millefolium
2579,aug_414852623.png,Achillea_millefolium
2580,aug_532321532.png,Achillea_millefolium
2581,aug_531509936.png,Achillea_millefolium
2582,aug_413559365.png,Achillea_millefolium
2583,aug_417394629.png,Achillea_millefolium
2584,aug_527847228.png,Achillea_millefolium
2585,aug_425875659.png,Achillea_millefolium
2586,aug_422427610.png,Achillea_millefolium
2587,aug_525314861.png,Achillea_millefolium
2588,aug_410818955.png,Achillea_millefolium
2589,aug_411191801.png,Achillea_millefolium
2590,aug_518481522.png,Achillea_millefolium
2591,aug_518358583.png,Achillea_millefolium
2592,aug_515194454.png,Achillea_millefolium
2593,aug_523094830.png,Achillea_millefolium
2594,aug_420150309.png,Achillea_millefolium
2595,aug_422418260.png,Achillea_millefolium
2596,aug_523062023.png,Achillea_millefolium
2597,aug_522763912.png,Achillea_millefolium
2598,aug_522172313.png,Achillea_millefolium
2599,aug_524924420.png,Achillea_millefolium
2600,aug_468366252.png,Achillea_millefolium
2601,aug_420037958.png,Achillea_millefolium
2602,aug_519498427.png,Achillea_millefolium
2603,aug_530730556.png,Achillea_millefolium
2604,aug_527106794.png,Achillea_millefolium
2605,aug_444172596.png,Achillea_millefolium
2606,aug_518505205.png,Achillea_millefolium
2607,aug_531522233.png,Achillea_millefolium
2608,aug_414222673.png,Achillea_millefolium
2609,aug_412345367.png,Achillea_millefolium
2610,aug_415478414.png,Achillea_millefolium
2611,aug_530509609.png,Achillea_millefolium
2612,aug_420220657.png,Achillea_millefolium
2613,aug_518182946.png,Achillea_millefolium
2614,aug_522961775.png,Achillea_millefolium
2615,aug_426232806.png,Achillea_millefolium
2616,aug_457792576.png,Achillea_millefolium
2617,aug_528807633.png,Achillea_millefolium
2618,aug_519984611.png,Achillea_millefolium
2619,aug_415957351.png,Achillea_millefolium
2620,aug_410360493.png,Achillea_millefolium
2621,aug_419164906.png,Achillea_millefolium
2622,aug_525923069.png,Achillea_millefolium
2623,aug_533115397.png,Achillea_millefolium
2624,aug_526282298.png,Achillea_millefolium
2625,aug_517419902.png,Achillea_millefolium
2626,aug_416218224.png,Achillea_millefolium
2627,aug_446921721.png,Achillea_millefolium
2628,aug_423181410.png,Achillea_millefolium
2629,aug_411762397.png,Achillea_millefolium
2630,aug_417591873.png,Achillea_millefolium
2631,aug_414329715.png,Achillea_millefolium
2632,aug_515202060.png,Achillea_millefolium
2633,aug_530885221.png,Achillea_millefolium
2634,aug_470581503.png,Achillea_millefolium
2635,aug_409986258.png,Achillea_millefolium
2636,aug_518301781.png,Achillea_millefolium
2637,aug_521737389.png,Achillea_millefolium
2638,aug_514874244.png,Achillea_millefolium
2639,aug_532112204.png,Achillea_millefolium
2640,aug_521662587.png,Achillea_millefolium
2641,aug_530048437.png,Achillea_millefolium
2642,aug_420572393.png,Achillea_millefolium
2643,aug_526462897.png,Achillea_millefolium
2644,aug_523269063.png,Achillea_millefolium
2645,aug_526337634.png,Achillea_millefolium
2646,aug_530087676.png,Achillea_millefolium
2647,aug_518475447.png,Achillea_millefolium
2648,aug_435031226.png,Achillea_millefolium
2649,aug_415502263.png,Achillea_millefolium
2650,aug_516934800.png,Achillea_millefolium
2651,aug_411268562.png,Achillea_millefolium
2652,aug_422717872.png,Achillea_millefolium
2653,aug_416542983.png,Achillea_millefolium
2654,aug_414371264.png,Achillea_millefolium
2655,aug_517319224.png,Achillea_millefolium
2656,aug_533892454.png,Achillea_millefolium
2657,aug_423182950.png,Achillea_millefolium
2658,aug_417002623.png,Achillea_millefolium
2659,aug_532306896.png,Achillea_millefolium
2660,aug_415676788.png,Achillea_millefolium
2661,aug_446325625.png,Achillea_millefolium
2662,aug_520778727.png,Achillea_millefolium
2663,aug_522740309.png,Achillea_millefolium
2664,aug_417011700.png,Achillea_millefolium
2665,aug_476545275.png,Achillea_millefolium
2666,aug_527541273.png,Achillea_millefolium
2667,aug_521989782.png,Achillea_millefolium
2668,aug_414594916.png,Achillea_millefolium
2669,aug_532155899.png,Achillea_millefolium
2670,aug_488107433.png,Achillea_millefolium
2671,aug_533032450.png,Achillea_millefolium
2672,aug_410649920.png,Achillea_millefolium
2673,aug_479443817.png,Achillea_millefolium
2674,aug_412300009.png,Achillea_millefolium
2675,aug_529155884.png,Achillea_millefolium
2676,aug_530725736.png,Achillea_millefolium
2677,aug_413099957.png,Achillea_millefolium
2678,aug_451909397.png,Achillea_millefolium
2679,aug_532155687.png,Achillea_millefolium
2680,aug_422492826.png,Achillea_millefolium
2681,aug_523491346.png,Achillea_millefolium
2682,aug_412051263.png,Achillea_millefolium
2683,aug_431612329.png,Achillea_millefolium
2684,aug_418966545.png,Achillea_millefolium
2685,aug_517439313.png,Achillea_millefolium
2686,aug_412208705.png,Achillea_millefolium
2687,aug_514662966.png,Achillea_millefolium
2688,aug_419069053.png,Achillea_millefolium
2689,aug_528371935.png,Achillea_millefolium
2690,aug_437696798.png,Achillea_millefolium
2691,aug_528676765.png,Achillea_millefolium
2692,aug_533589289.png,Achillea_millefolium
2693,aug_411596196.png,Achillea_millefolium
2694,aug_518550210.png,Achillea_millefolium
2695,aug_414179825.png,Achillea_millefolium
2696,aug_417623009.png,Achillea_millefolium
2697,aug_518046812.png,Achillea_millefolium
2698,aug_529262830.png,Achillea_millefolium
2699,aug_528731283.png,Achillea_millefolium
2700,aug_416523834.png,Achillea_millefolium
2701,aug_528090314.png,Achillea_millefolium
2702,aug_421025819.png,Achillea_millefolium
2703,aug_526350089.png,Achillea_millefolium
2704,aug_523990564.png,Achillea_millefolium
2705,aug_521695831.png,Achillea_millefolium
2706,aug_410501592.png,Achillea_millefolium
2707,aug_424310406.png,Achillea_millefolium
2708,aug_522720152.png,Achillea_millefolium
2709,aug_525838703.png,Achillea_millefolium
2710,aug_519910260.png,Achillea_millefolium
2711,aug_413544090.png,Achillea_millefolium
2712,aug_528132917.png,Achillea_millefolium
2713,aug_409930580.png,Achillea_millefolium
2714,aug_451849811.png,Achillea_millefolium
2715,aug_417721007.png,Achillea_millefolium
2716,aug_526628865.png,Achillea_millefolium
2717,aug_492774085.png,Achillea_millefolium
2718,aug_522048676.png,Achillea_millefolium
2719,aug_426179769.png,Achillea_millefolium
2720,aug_428204592.png,Achillea_millefolium
2721,aug_420576060.png,Achillea_millefolium
2722,aug_421429063.png,Achillea_millefolium
2723,aug_412001413.png,Achillea_millefolium
2724,aug_412937869.png,Achillea_millefolium
2725,aug_417408113.png,Achillea_millefolium
2726,aug_531604224.png,Achillea_millefolium
2727,aug_525891826.png,Achillea_millefolium
2728,aug_521733255.png,Achillea_millefolium
2729,aug_419356015.png,Achillea_millefolium
2730,aug_418667050.png,Achillea_millefolium
2731,aug_526458472.png,Achillea_millefolium
2732,aug_519028916.png,Achillea_millefolium
2733,aug_516405729.png,Achillea_millefolium
2734,aug_420000554.png,Achillea_millefolium
2735,aug_414019122.png,Achillea_millefolium
2736,aug_531295404.png,Achillea_millefolium
2737,aug_520485992.png,Achillea_millefolium
2738,aug_427062663.png,Achillea_millefolium
2739,aug_520906498.png,Achillea_millefolium
2740,aug_526864406.png,Achillea_millefolium
2741,aug_522072475.png,Achillea_millefolium
2742,aug_526198764.png,Achillea_millefolium
2743,aug_526864177.png,Achillea_millefolium
2744,aug_533078766.png,Achillea_millefolium
2745,aug_531219952.png,Achillea_millefolium
2746,aug_531466973.png,Achillea_millefolium
2747,aug_521951725.png,Achillea_millefolium
2748,aug_417374810.png,Achillea_millefolium
2749,aug_527131115.png,Achillea_millefolium
2750,aug_521292887.png,Achillea_millefolium
2751,aug_425523678.png,Achillea_millefolium
2752,aug_410842789.png,Achillea_millefolium
2753,aug_424969557.png,Achillea_millefolium
2754,aug_531630528.png,Achillea_millefolium
2755,aug_525100188.png,Achillea_millefolium
2756,aug_419121200.png,Achillea_millefolium
2757,aug_421614103.png,Achillea_millefolium
2758,aug_411113461.png,Achillea_millefolium
2759,aug_454411497.png,Achillea_millefolium
2760,aug_464978838.png,Achillea_millefolium
2761,aug_527307380.png,Achillea_millefolium
2762,aug_533752986.png,Achillea_millefolium
2763,aug_531549679.png,Achillea_millefolium
2764,aug_529595633.png,Achillea_millefolium
2765,aug_419276844.png,Achillea_millefolium
2766,aug_521626179.png,Achillea_millefolium
2767,aug_436941959.png,Achillea_millefolium
2768,aug_528400822.png,Achillea_millefolium
2769,aug_410777197.png,Achillea_millefolium
2770,aug_514819380.png,Achillea_millefolium
2771,aug_418700763.png,Achillea_millefolium
2772,aug_533129408.png,Achillea_millefolium
2773,aug_528826130.png,Achillea_millefolium
2774,aug_520685981.png,Achillea_millefolium
2775,aug_415184428.png,Achillea_millefolium
2776,aug_410013805.png,Achillea_millefolium
2777,aug_418943733.png,Achillea_millefolium
2778,aug_411769355.png,Achillea_millefolium
2779,aug_413339443.png,Achillea_millefolium
2780,aug_432643442.png,Achillea_millefolium
2781,aug_530922898.png,Achillea_millefolium
2782,aug_425018586.png,Achillea_millefolium
2783,aug_411270674.png,Achillea_millefolium
2784,aug_410506065.png,Achillea_millefolium
2785,aug_518061124.png,Achillea_millefolium
2786,aug_214441910.png,Achillea_millefolium
2787,aug_411285770.png,Achillea_millefolium
2788,aug_519580079.png,Achillea_millefolium
2789,aug_531356529.png,Achillea_millefolium
2790,aug_452467901.png,Achillea_millefolium
2791,aug_411785752.png,Achillea_millefolium
2792,aug_449564175.png,Achillea_millefolium
2793,aug_523269718.png,Achillea_millefolium
2794,aug_517124578.png,Achillea_millefolium
2795,aug_413720843.png,Achillea_millefolium
2796,aug_520059314.png,Achillea_millefolium
2797,aug_425753634.png,Achillea_millefolium
2798,aug_462901826.png,Achillea_millefolium
2799,aug_417269444.png,Achillea_millefolium
2800,aug_412940899.png,Achillea_millefolium
2801,aug_418335486.png,Achillea_millefolium
2802,aug_460810930.png,Achillea_millefolium
2803,aug_515472890.png,Achillea_millefolium
2804,aug_416456326.png,Achillea_millefolium
2805,aug_410438232.png,Achillea_millefolium
2806,aug_413505709.png,Achillea_millefolium
2807,aug_465781373.png,Achillea_millefolium
2808,aug_415605750.png,Achillea_millefolium
2809,aug_518449838.png,Achillea_millefolium
2810,aug_519918618.png,Achillea_millefolium
2811,aug_532142447.png,Achillea_millefolium
2812,aug_410532737.png,Achillea_millefolium
2813,aug_412657815.png,Achillea_millefolium
2814,aug_526623810.png,Achillea_millefolium
2815,aug_412274843.png,Achillea_millefolium
2816,aug_419972960.png,Achillea_millefolium
2817,aug_414000850.png,Achillea_millefolium
2818,aug_412330308.png,Achillea_millefolium
2819,aug_415567926.png,Achillea_millefolium
2820,aug_425990867.png,Achillea_millefolium
2821,aug_421398308.png,Achillea_millefolium
2822,aug_413553987.png,Achillea_millefolium
2823,aug_410062319.png,Achillea_millefolium
2824,aug_417783792.png,Achillea_millefolium
2825,aug_530815557.png,Achillea_millefolium
2826,aug_515012811.png,Achillea_millefolium
2827,aug_527329054.png,Achillea_millefolium
2828,aug_522227637.png,Achillea_millefolium
2829,aug_527839212.png,Achillea_millefolium
2830,aug_523251896.png,Achillea_millefolium
2831,aug_420518424.png,Achillea_millefolium
2832,aug_416102060.png,Achillea_millefolium
2833,aug_526454951.png,Achillea_millefolium
2834,aug_423378578.png,Achillea_millefolium
2835,aug_532719543.png,Achillea_millefolium
2836,aug_429461514.png,Achillea_millefolium
2837,aug_524926084.png,Achillea_millefolium
2838,aug_528849083.png,Achillea_millefolium
2839,aug_452523343.png,Achillea_millefolium
2840,aug_527266688.png,Achillea_millefolium
2841,aug_411261739.png,Achillea_millefolium
2842,aug_523529543.png,Achillea_millefolium
2843,aug_530262336.png,Achillea_millefolium
2844,aug_412964512.png,Achillea_millefolium
2845,aug_518972741.png,Achillea_millefolium
2846,aug_417312201.png,Achillea_millefolium
2847,aug_417720498.png,Achillea_millefolium
2848,aug_520843996.png,Achillea_millefolium
2849,aug_412207241.png,Achillea_millefolium
2850,aug_533545291.png,Achillea_millefolium
2851,aug_469292562.png,Achillea_millefolium
2852,aug_414471586.png,Achillea_millefolium
2853,aug_520392584.png,Achillea_millefolium
2854,aug_526891738.png,Achillea_millefolium
2855,aug_521868853.png,Achillea_millefolium
2856,aug_529277706.png,Achillea_millefolium
2857,aug_415425396.png,Achillea_millefolium
2858,aug_524130010.png,Achillea_millefolium
2859,aug_416720212.png,Achillea_millefolium
2860,aug_529414522.png,Achillea_millefolium
2861,aug_454717324.png,Achillea_millefolium
2862,aug_425469722.png,Achillea_millefolium
2863,aug_481678483.png,Achillea_millefolium
2864,aug_442696513.png,Achillea_millefolium
2865,aug_416193788.png,Achillea_millefolium
2866,aug_432709600.png,Achillea_millefolium
2867,aug_523665733.png,Achillea_millefolium
2868,aug_525897885.png,Achillea_millefolium
2869,aug_516265729.png,Achillea_millefolium
2870,aug_520498207.png,Achillea_millefolium
2871,aug_416401971.png,Achillea_millefolium
2872,aug_450285374.png,Achillea_millefolium
2873,aug_523711180.png,Achillea_millefolium
2874,aug_423451694.png,Achillea_millefolium
2875,aug_516794661.png,Achillea_millefolium
2876,aug_514714414.png,Achillea_millefolium
2877,aug_520841353.png,Achillea_millefolium
2878,aug_530914790.png,Achillea_millefolium
2879,aug_524713564.png,Achillea_millefolium
2880,aug_438267209.png,Achillea_millefolium
2881,aug_420129689.png,Achillea_millefolium
2882,aug_532105726.png,Achillea_millefolium
2883,aug_525655747.png,Achillea_millefolium
2884,aug_424886423.png,Achillea_millefolium
2885,aug_425515986.png,Achillea_millefolium
2886,aug_415853368.png,Achillea_millefolium
2887,aug_532005602.png,Achillea_millefolium
2888,aug_527837923.png,Achillea_millefolium
2889,aug_520861181.png,Achillea_millefolium
2890,aug_524026064.png,Achillea_millefolium
2891,aug_522568065.png,Achillea_millefolium
2892,aug_416450127.png,Achillea_millefolium
2893,aug_413818845.png,Achillea_millefolium
2894,aug_518995350.png,Achillea_millefolium
2895,aug_411948434.png,Achillea_millefolium
2896,aug_423540584.png,Achillea_millefolium
2897,aug_422389130.png,Achillea_millefolium
2898,aug_533756932.png,Achillea_millefolium
2899,aug_417699726.png,Achillea_millefolium
2900,aug_455530610.png,Achillea_millefolium
2901,aug_531595883.png,Achillea_millefolium
2902,aug_413734358.png,Achillea_millefolium
2903,aug_528336683.png,Achillea_millefolium
2904,aug_526229712.png,Achillea_millefolium
2905,aug_415858682.png,Achillea_millefolium
2906,aug_522067269.png,Achillea_millefolium
2907,aug_533711122.png,Achillea_millefolium
2908,aug_421203878.png,Achillea_millefolium
2909,aug_424253117.png,Achillea_millefolium
2910,aug_415820369.png,Achillea_millefolium
2911,aug_420501789.png,Achillea_millefolium
2912,aug_525118542.png,Achillea_millefolium
2913,aug_424562346.png,Achillea_millefolium
2914,aug_423973883.png,Achillea_millefolium
2915,aug_517326770.png,Achillea_millefolium
2916,aug_525314887.png,Achillea_millefolium
2917,aug_414229528.png,Achillea_millefolium
2918,aug_525486583.png,Achillea_millefolium
2919,aug_533696705.png,Achillea_millefolium
2920,aug_419768637.png,Achillea_millefolium
2921,aug_521975135.png,Achillea_millefolium
2922,aug_517254163.png,Achillea_millefolium
2923,aug_522732429.png,Achillea_millefolium
2924,aug_422442437.png,Achillea_millefolium
2925,aug_530433146.png,Achillea_millefolium
2926,aug_414839517.png,Achillea_millefolium
2927,aug_524486347.png,Achillea_millefolium
2928,aug_532566365.png,Achillea_millefolium
2929,aug_528702472.png,Achillea_millefolium
2930,aug_414060591.png,Achillea_millefolium
2931,aug_533732758.png,Achillea_millefolium
2932,aug_522601589.png,Achillea_millefolium
2933,aug_417665688.png,Achillea_millefolium
2934,aug_418947646.png,Achillea_millefolium
2935,aug_428030106.png,Achillea_millefolium
2936,aug_516861426.png,Achillea_millefolium
2937,aug_523257618.png,Achillea_millefolium
2938,aug_518351009.png,Achillea_millefolium
2939,aug_424964712.png,Achillea_millefolium
2940,aug_415168257.png,Achillea_millefolium
2941,aug_524124182.png,Achillea_millefolium
2942,aug_517867476.png,Achillea_millefolium
2943,aug_528266304.png,Achillea_millefolium
2944,aug_411303696.png,Achillea_millefolium
2945,aug_410037690.png,Achillea_millefolium
2946,aug_528592613.png,Achillea_millefolium
2947,aug_410040155.png,Achillea_millefolium
2948,aug_524572785.png,Achillea_millefolium
2949,aug_522143162.png,Achillea_millefolium
2950,aug_526464115.png,Achillea_millefolium
2951,aug_528323865.png,Achillea_millefolium
2952,aug_520494141.png,Achillea_millefolium
2953,aug_528847537.png,Achillea_millefolium
2954,aug_514564197.png,Achillea_millefolium
2955,aug_525458425.png,Achillea_millefolium
2956,aug_532691368.png,Achillea_millefolium
2957,aug_515095215.png,Achillea_millefolium
2958,aug_410884771.png,Achillea_millefolium
2959,aug_521715641.png,Achillea_millefolium
2960,aug_422161546.png,Achillea_millefolium
2961,aug_414437505.png,Achillea_millefolium
2962,aug_522431548.png,Achillea_millefolium
2963,aug_528913411.png,Achillea_millefolium
2964,aug_532749199.png,Achillea_millefolium
2965,aug_425172431.png,Achillea_millefolium
2966,aug_416099527.png,Achillea_millefolium
2967,aug_451920162.png,Achillea_millefolium
2968,aug_410277154.png,Achillea_millefolium
2969,aug_418879663.png,Achillea_millefolium
2970,aug_417932070.png,Achillea_millefolium
2971,aug_448241540.png,Achillea_millefolium
2972,aug_531681567.png,Achillea_millefolium
2973,aug_307573610.png,Anaphalis_margaritacea
2974,aug_460275473.png,Anaphalis_margaritacea
2975,aug_397505083.png,Anaphalis_margaritacea
2976,aug_299486704.png,Anaphalis_margaritacea
2977,aug_315375913.png,Anaphalis_margaritacea
2978,aug_221550859.png,Anaphalis_margaritacea
2979,aug_532311341.png,Anaphalis_margaritacea
2980,aug_419225778.png,Anaphalis_margaritacea
2981,aug_293551601.png,Anaphalis_margaritacea
2982,aug_311903330.png,Anaphalis_margaritacea
2983,aug_414968853.png,Anaphalis_margaritacea
2984,aug_414646316.png,Anaphalis_margaritacea
2985,aug_310817562.png,Anaphalis_margaritacea
2986,aug_221605539.png,Anaphalis_margaritacea
2987,aug_429453272.png,Anaphalis_margaritacea
2988,aug_310685905.png,Anaphalis_margaritacea
2989,aug_313335244.png,Anaphalis_margaritacea
2990,aug_310843116.png,Anaphalis_margaritacea
2991,aug_425024265.png,Anaphalis_margaritacea
2992,aug_312064537.png,Anaphalis_margaritacea
2993,aug_334807011.png,Anaphalis_margaritacea
2994,aug_449926624.png,Anaphalis_margaritacea
2995,aug_308347269.png,Anaphalis_margaritacea
2996,aug_303718519.png,Anaphalis_margaritacea
2997,aug_416767930.png,Anaphalis_margaritacea
2998,aug_311474438.png,Anaphalis_margaritacea
2999,aug_423928025.png,Anaphalis_margaritacea
3000,aug_414008501.png,Anaphalis_margaritacea
3001,aug_402501355.png,Anaphalis_margaritacea
3002,aug_422130768.png,Anaphalis_margaritacea
3003,aug_422961801.png,Anaphalis_margaritacea
3004,aug_312062333.png,Anaphalis_margaritacea
3005,aug_315695424.png,Anaphalis_margaritacea
3006,aug_223099022.png,Anaphalis_margaritacea
3007,aug_221562579.png,Anaphalis_margaritacea
3008,aug_317466325.png,Anaphalis_margaritacea
3009,aug_245736790.png,Anaphalis_margaritacea
3010,aug_534160104.png,Anaphalis_margaritacea
3011,aug_226837530.png,Anaphalis_margaritacea
3012,aug_406736730.png,Anaphalis_margaritacea
3013,aug_534133826.png,Anaphalis_margaritacea
3014,aug_311540734.png,Anaphalis_margaritacea
3015,aug_310825039.png,Anaphalis_margaritacea
3016,aug_334857609.png,Anaphalis_margaritacea
3017,aug_314729531.png,Anaphalis_margaritacea
3018,aug_225120157.png,Anaphalis_margaritacea
3019,aug_309652936.png,Anaphalis_margaritacea
3020,aug_226216512.png,Anaphalis_margaritacea
3021,aug_437373521.png,Anaphalis_margaritacea
3022,aug_225062835.png,Anaphalis_margaritacea
3023,aug_308958956.png,Anaphalis_margaritacea
3024,aug_307503812.png,Anaphalis_margaritacea
3025,aug_313529261.png,Anaphalis_margaritacea
3026,aug_224781583.png,Anaphalis_margaritacea
3027,aug_308747138.png,Anaphalis_margaritacea
3028,aug_222355553.png,Anaphalis_margaritacea
3029,aug_308103962.png,Anaphalis_margaritacea
3030,aug_296137375.png,Anaphalis_margaritacea
3031,aug_303646183.png,Anaphalis_margaritacea
3032,aug_300313148.png,Anaphalis_margaritacea
3033,aug_306856168.png,Anaphalis_margaritacea
3034,aug_304604955.png,Anaphalis_margaritacea
3035,aug_313458734.png,Anaphalis_margaritacea
3036,aug_227034917.png,Anaphalis_margaritacea
3037,aug_312450924.png,Anaphalis_margaritacea
3038,aug_534301836.png,Anaphalis_margaritacea
3039,aug_466803209.png,Anaphalis_margaritacea
3040,aug_309125950.png,Anaphalis_margaritacea
3041,aug_226850912.png,Anaphalis_margaritacea
3042,aug_529449677.png,Anaphalis_margaritacea
3043,aug_311112842.png,Anaphalis_margaritacea
3044,aug_451637439.png,Anaphalis_margaritacea
3045,aug_414579192.png,Anaphalis_margaritacea
3046,aug_310043381.png,Anaphalis_margaritacea
3047,aug_291473871.png,Anaphalis_margaritacea
3048,aug_303028823.png,Anaphalis_margaritacea
3049,aug_423577674.png,Anaphalis_margaritacea
3050,aug_405768098.png,Anaphalis_margaritacea
3051,aug_305302943.png,Anaphalis_margaritacea
3052,aug_435421106.png,Anaphalis_margaritacea
3053,aug_407952669.png,Anaphalis_margaritacea
3054,aug_224832059.png,Anaphalis_margaritacea
3055,aug_312055940.png,Anaphalis_margaritacea
3056,aug_422408644.png,Anaphalis_margaritacea
3057,aug_302953125.png,Anaphalis_margaritacea
3058,aug_308655105.png,Anaphalis_margaritacea
3059,aug_425299395.png,Anaphalis_margaritacea
3060,aug_416570465.png,Anaphalis_margaritacea
3061,aug_422111525.png,Anaphalis_margaritacea
3062,aug_409471585.png,Anaphalis_margaritacea
3063,aug_312438755.png,Anaphalis_margaritacea
3064,aug_239749894.png,Anaphalis_margaritacea
3065,aug_412459939.png,Anaphalis_margaritacea
3066,aug_304304983.png,Anaphalis_margaritacea
3067,aug_312299921.png,Anaphalis_margaritacea
3068,aug_314747551.png,Anaphalis_margaritacea
3069,aug_225052229.png,Anaphalis_margaritacea
3070,aug_400957198.png,Anaphalis_margaritacea
3071,aug_416782310.png,Anaphalis_margaritacea
3072,aug_228082248.png,Anaphalis_margaritacea
3073,aug_357630435.png,Anaphalis_margaritacea
3074,aug_417753433.png,Anaphalis_margaritacea
3075,aug_221775328.png,Anaphalis_margaritacea
3076,aug_222887528.png,Anaphalis_margaritacea
3077,aug_418301395.png,Anaphalis_margaritacea
3078,aug_309478928.png,Anaphalis_margaritacea
3079,aug_223550101.png,Anaphalis_margaritacea
3080,aug_255509667.png,Anaphalis_margaritacea
3081,aug_414012231.png,Anaphalis_margaritacea
3082,aug_235908026.png,Anaphalis_margaritacea
3083,aug_306320556.png,Anaphalis_margaritacea
3084,aug_414033508.png,Anaphalis_margaritacea
3085,aug_223577292.png,Anaphalis_margaritacea
3086,aug_311661867.png,Anaphalis_margaritacea
3087,aug_239140192.png,Anaphalis_margaritacea
3088,aug_223111913.png,Anaphalis_margaritacea
3089,aug_301577547.png,Anaphalis_margaritacea
3090,aug_534174602.png,Anaphalis_margaritacea
3091,aug_223755373.png,Anaphalis_margaritacea
3092,aug_439202514.png,Anaphalis_margaritacea
3093,aug_225787258.png,Anaphalis_margaritacea
3094,aug_223390257.png,Anaphalis_margaritacea
3095,aug_312034624.png,Anaphalis_margaritacea
3096,aug_306905415.png,Anaphalis_margaritacea
3097,aug_415900141.png,Anaphalis_margaritacea
3098,aug_303293166.png,Anaphalis_margaritacea
3099,aug_297481779.png,Anaphalis_margaritacea
3100,aug_223555078.png,Anaphalis_margaritacea
3101,aug_294801200.png,Anaphalis_margaritacea
3102,aug_416283282.png,Anaphalis_margaritacea
3103,aug_425696532.png,Anaphalis_margaritacea
3104,aug_224638283.png,Anaphalis_margaritacea
3105,aug_414585562.png,Anaphalis_margaritacea
3106,aug_423996681.png,Anaphalis_margaritacea
3107,aug_444025714.png,Anaphalis_margaritacea
3108,aug_312034944.png,Anaphalis_margaritacea
3109,aug_222985450.png,Anaphalis_margaritacea
3110,aug_425569026.png,Anaphalis_margaritacea
3111,aug_515990749.png,Anaphalis_margaritacea
3112,aug_315369596.png,Anaphalis_margaritacea
3113,aug_410497921.png,Anaphalis_margaritacea
3114,aug_225592647.png,Anaphalis_margaritacea
3115,aug_314637050.png,Anaphalis_margaritacea
3116,aug_305283506.png,Anaphalis_margaritacea
3117,aug_309123783.png,Anaphalis_margaritacea
3118,aug_407075191.png,Anaphalis_margaritacea
3119,aug_228064742.png,Anaphalis_margaritacea
3120,aug_310554586.png,Anaphalis_margaritacea
3121,aug_414459253.png,Anaphalis_margaritacea
3122,aug_221759405.png,Anaphalis_margaritacea
3123,aug_301911623.png,Anaphalis_margaritacea
3124,aug_301946182.png,Anaphalis_margaritacea
3125,aug_312694164.png,Anaphalis_margaritacea
3126,aug_231036790.png,Anaphalis_margaritacea
3127,aug_316954024.png,Anaphalis_margaritacea
3128,aug_303668558.png,Anaphalis_margaritacea
3129,aug_317147501.png,Anaphalis_margaritacea
3130,aug_466745918.png,Anaphalis_margaritacea
3131,aug_310269759.png,Anaphalis_margaritacea
3132,aug_532667059.png,Anaphalis_margaritacea
3133,aug_311678519.png,Anaphalis_margaritacea
3134,aug_302525018.png,Anaphalis_margaritacea
3135,aug_300102944.png,Anaphalis_margaritacea
3136,aug_421007891.png,Anaphalis_margaritacea
3137,aug_424241777.png,Anaphalis_margaritacea
3138,aug_533761455.png,Anaphalis_margaritacea
3139,aug_310555631.png,Anaphalis_margaritacea
3140,aug_419633259.png,Anaphalis_margaritacea
3141,aug_416692448.png,Anaphalis_margaritacea
3142,aug_306577396.png,Anaphalis_margaritacea
3143,aug_222050112.png,Anaphalis_margaritacea
3144,aug_311630340.png,Anaphalis_margaritacea
3145,aug_228700173.png,Anaphalis_margaritacea
3146,aug_313589136.png,Anaphalis_margaritacea
3147,aug_315777099.png,Anaphalis_margaritacea
3148,aug_265311544.png,Anaphalis_margaritacea
3149,aug_312407215.png,Anaphalis_margaritacea
3150,aug_224064528.png,Anaphalis_margaritacea
3151,aug_247460447.png,Anaphalis_margaritacea
3152,aug_416373798.png,Anaphalis_margaritacea
3153,aug_312737897.png,Anaphalis_margaritacea
3154,aug_424854661.png,Anaphalis_margaritacea
3155,aug_410142944.png,Anaphalis_margaritacea
3156,aug_430239942.png,Anaphalis_margaritacea
3157,aug_306317096.png,Anaphalis_margaritacea
3158,aug_291900814.png,Anaphalis_margaritacea
3159,aug_302458798.png,Anaphalis_margaritacea
3160,aug_224363703.png,Anaphalis_margaritacea
3161,aug_424610458.png,Anaphalis_margaritacea
3162,aug_226934014.png,Anaphalis_margaritacea
3163,aug_410061165.png,Anaphalis_margaritacea
3164,aug_532893798.png,Anaphalis_margaritacea
3165,aug_306317848.png,Anaphalis_margaritacea
3166,aug_226763088.png,Anaphalis_margaritacea
3167,aug_445117893.png,Anaphalis_margaritacea
3168,aug_221689776.png,Anaphalis_margaritacea
3169,aug_307544703.png,Anaphalis_margaritacea
3170,aug_225439861.png,Anaphalis_margaritacea
3171,aug_311752649.png,Anaphalis_margaritacea
3172,aug_224047607.png,Anaphalis_margaritacea
3173,aug_439639848.png,Anaphalis_margaritacea
3174,aug_426602585.png,Anaphalis_margaritacea
3175,aug_308088274.png,Anaphalis_margaritacea
3176,aug_315634350.png,Anaphalis_margaritacea
3177,aug_306320359.png,Anaphalis_margaritacea
3178,aug_235920675.png,Anaphalis_margaritacea
3179,aug_493971707.png,Anaphalis_margaritacea
3180,aug_310030190.png,Anaphalis_margaritacea
3181,aug_283200781.png,Anaphalis_margaritacea
3182,aug_466775333.png,Anaphalis_margaritacea
3183,aug_227608868.png,Anaphalis_margaritacea
3184,aug_307952469.png,Anaphalis_margaritacea
3185,aug_417256037.png,Anaphalis_margaritacea
3186,aug_306336159.png,Anaphalis_margaritacea
3187,aug_418306663.png,Anaphalis_margaritacea
3188,aug_405242745.png,Anaphalis_margaritacea
3189,aug_408018064.png,Anaphalis_margaritacea
3190,aug_222012710.png,Anaphalis_margaritacea
3191,aug_418783414.png,Anaphalis_margaritacea
3192,aug_222325408.png,Anaphalis_margaritacea
3193,aug_434564882.png,Anaphalis_margaritacea
3194,aug_307567334.png,Anaphalis_margaritacea
3195,aug_407619200.png,Anaphalis_margaritacea
3196,aug_425021658.png,Anaphalis_margaritacea
3197,aug_402949520.png,Anaphalis_margaritacea
3198,aug_362724141.png,Anaphalis_margaritacea
3199,aug_294181364.png,Anaphalis_margaritacea
3200,aug_311155200.png,Anaphalis_margaritacea
3201,aug_414178429.png,Anaphalis_margaritacea
3202,aug_419054071.png,Anaphalis_margaritacea
3203,aug_421627455.png,Anaphalis_margaritacea
3204,aug_303930606.png,Anaphalis_margaritacea
3205,aug_226848839.png,Anaphalis_margaritacea
3206,aug_475674759.png,Anaphalis_margaritacea
3207,aug_221139876.png,Anaphalis_margaritacea
3208,aug_455456617.png,Anaphalis_margaritacea
3209,aug_533282489.png,Anaphalis_margaritacea
3210,aug_307910057.png,Anaphalis_margaritacea
3211,aug_423614537.png,Anaphalis_margaritacea
3212,aug_300193828.png,Anaphalis_margaritacea
3213,aug_466789702.png,Anaphalis_margaritacea
3214,aug_239193058.png,Anaphalis_margaritacea
3215,aug_292541188.png,Anaphalis_margaritacea
3216,aug_412923810.png,Anaphalis_margaritacea
3217,aug_292458429.png,Anaphalis_margaritacea
3218,aug_347342270.png,Anaphalis_margaritacea
3219,aug_343117403.png,Anaphalis_margaritacea
3220,aug_316070514.png,Anaphalis_margaritacea
3221,aug_307917508.png,Anaphalis_margaritacea
3222,aug_303204290.png,Anaphalis_margaritacea
3223,aug_307111266.png,Anaphalis_margaritacea
3224,aug_221866876.png,Anaphalis_margaritacea
3225,aug_409392872.png,Anaphalis_margaritacea
3226,aug_418749506.png,Anaphalis_margaritacea
3227,aug_305651453.png,Anaphalis_margaritacea
3228,aug_308213603.png,Anaphalis_margaritacea
3229,aug_306328705.png,Anaphalis_margaritacea
3230,aug_414211641.png,Anaphalis_margaritacea
3231,aug_240157196.png,Anaphalis_margaritacea
3232,aug_487463665.png,Anaphalis_margaritacea
3233,aug_412011831.png,Anaphalis_margaritacea
3234,aug_301889237.png,Anaphalis_margaritacea
3235,aug_417510329.png,Anaphalis_margaritacea
3236,aug_303383676.png,Anaphalis_margaritacea
3237,aug_303697881.png,Anaphalis_margaritacea
3238,aug_412857323.png,Anaphalis_margaritacea
3239,aug_308064091.png,Anaphalis_margaritacea
3240,aug_532621440.png,Anaphalis_margaritacea
3241,aug_420835989.png,Anaphalis_margaritacea
3242,aug_306294965.png,Anaphalis_margaritacea
3243,aug_309484309.png,Anaphalis_margaritacea
3244,aug_310454777.png,Anaphalis_margaritacea
3245,aug_305933949.png,Anaphalis_margaritacea
3246,aug_294113284.png,Anaphalis_margaritacea
3247,aug_232540130.png,Anaphalis_margaritacea
3248,aug_531494802.png,Anaphalis_margaritacea
3249,aug_308172144.png,Anaphalis_margaritacea
3250,aug_225370166.png,Anaphalis_margaritacea
3251,aug_222307485.png,Anaphalis_margaritacea
3252,aug_307516394.png,Anaphalis_margaritacea
3253,aug_269192395.png,Anaphalis_margaritacea
3254,aug_308916095.png,Anaphalis_margaritacea
3255,aug_413279746.png,Anaphalis_margaritacea
3256,aug_223522200.png,Anaphalis_margaritacea
3257,aug_407424788.png,Anaphalis_margaritacea
3258,aug_316113184.png,Anaphalis_margaritacea
3259,aug_308655488.png,Anaphalis_margaritacea
3260,aug_313141158.png,Anaphalis_margaritacea
3261,aug_224902163.png,Anaphalis_margaritacea
3262,aug_319329000.png,Anaphalis_margaritacea
3263,aug_403988459.png,Anaphalis_margaritacea
3264,aug_223548595.png,Anaphalis_margaritacea
3265,aug_221627697.png,Anaphalis_margaritacea
3266,aug_418121135.png,Anaphalis_margaritacea
3267,aug_221104135.png,Anaphalis_margaritacea
3268,aug_347428007.png,Anaphalis_margaritacea
3269,aug_415082815.png,Anaphalis_margaritacea
3270,aug_411746297.png,Anaphalis_margaritacea
3271,aug_309297218.png,Anaphalis_margaritacea
3272,aug_423797569.png,Anaphalis_margaritacea
3273,aug_425112448.png,Anaphalis_margaritacea
3274,aug_306486640.png,Anaphalis_margaritacea
3275,aug_351801573.png,Anaphalis_margaritacea
3276,aug_418248970.png,Anaphalis_margaritacea
3277,aug_307398717.png,Anaphalis_margaritacea
3278,aug_407934165.png,Anaphalis_margaritacea
3279,aug_307552796.png,Anaphalis_margaritacea
3280,aug_432783411.png,Anaphalis_margaritacea
3281,aug_415267547.png,Anaphalis_margaritacea
3282,aug_305644051.png,Anaphalis_margaritacea
3283,aug_475489415.png,Anaphalis_margaritacea
3284,aug_394751660.png,Anaphalis_margaritacea
3285,aug_302493205.png,Anaphalis_margaritacea
3286,aug_301394719.png,Anaphalis_margaritacea
3287,aug_222815839.png,Anaphalis_margaritacea
3288,aug_305981898.png,Anaphalis_margaritacea
3289,aug_223113330.png,Anaphalis_margaritacea
3290,aug_307964952.png,Anaphalis_margaritacea
3291,aug_510984297.png,Anaphalis_margaritacea
3292,aug_224000229.png,Anaphalis_margaritacea
3293,aug_223752193.png,Anaphalis_margaritacea
3294,aug_299351813.png,Anaphalis_margaritacea
3295,aug_225352859.png,Anaphalis_margaritacea
3296,aug_420939234.png,Anaphalis_margaritacea
3297,aug_302984742.png,Anaphalis_margaritacea
3298,aug_424160634.png,Anaphalis_margaritacea
3299,aug_302622880.png,Anaphalis_margaritacea
3300,aug_330872154.png,Anaphalis_margaritacea
3301,aug_413065830.png,Anaphalis_margaritacea
3302,aug_223040480.png,Anaphalis_margaritacea
3303,aug_316364910.png,Anaphalis_margaritacea
3304,aug_408558255.png,Anaphalis_margaritacea
3305,aug_228310481.png,Anaphalis_margaritacea
3306,aug_308297194.png,Anaphalis_margaritacea
3307,aug_411642325.png,Anaphalis_margaritacea
3308,aug_311018215.png,Anaphalis_margaritacea
3309,aug_313862039.png,Anaphalis_margaritacea
3310,aug_415107435.png,Anaphalis_margaritacea
3311,aug_221627044.png,Anaphalis_margaritacea
3312,aug_298659830.png,Anaphalis_margaritacea
3313,aug_527859961.png,Anaphalis_margaritacea
3314,aug_404669545.png,Anaphalis_margaritacea
3315,aug_415236238.png,Anaphalis_margaritacea
3316,aug_408945593.png,Anaphalis_margaritacea
3317,aug_412935006.png,Anaphalis_margaritacea
3318,aug_413930775.png,Anaphalis_margaritacea
3319,aug_311618090.png,Anaphalis_margaritacea
3320,aug_221596521.png,Anaphalis_margaritacea
3321,aug_309062444.png,Anaphalis_margaritacea
3322,aug_321729287.png,Anaphalis_margaritacea
3323,aug_417092889.png,Anaphalis_margaritacea
3324,aug_228958088.png,Anaphalis_margaritacea
3325,aug_225216875.png,Anaphalis_margaritacea
3326,aug_223408120.png,Anaphalis_margaritacea
3327,aug_421069829.png,Anaphalis_margaritacea
3328,aug_308558884.png,Anaphalis_margaritacea
3329,aug_419982934.png,Anaphalis_margaritacea
3330,aug_404256231.png,Anaphalis_margaritacea
3331,aug_304045000.png,Anaphalis_margaritacea
3332,aug_222544595.png,Anaphalis_margaritacea
3333,aug_298309002.png,Anaphalis_margaritacea
3334,aug_420535285.png,Anaphalis_margaritacea
3335,aug_425023959.png,Anaphalis_margaritacea
3336,aug_465265764.png,Anaphalis_margaritacea
3337,aug_422144046.png,Anaphalis_margaritacea
3338,aug_420544235.png,Anaphalis_margaritacea
3339,aug_299320545.png,Anaphalis_margaritacea
3340,aug_398819794.png,Anaphalis_margaritacea
3341,aug_304401032.png,Anaphalis_margaritacea
3342,aug_221621159.png,Anaphalis_margaritacea
3343,aug_307707992.png,Anaphalis_margaritacea
3344,aug_310216613.png,Anaphalis_margaritacea
3345,aug_309861784.png,Anaphalis_margaritacea
3346,aug_221336397.png,Anaphalis_margaritacea
3347,aug_226605066.png,Anaphalis_margaritacea
3348,aug_424315701.png,Anaphalis_margaritacea
3349,aug_416684615.png,Anaphalis_margaritacea
3350,aug_222822188.png,Anaphalis_margaritacea
3351,aug_419957234.png,Anaphalis_margaritacea
3352,aug_302939693.png,Anaphalis_margaritacea
3353,aug_223113883.png,Anaphalis_margaritacea
3354,aug_307825017.png,Anaphalis_margaritacea
3355,aug_304317365.png,Anaphalis_margaritacea
3356,aug_222824873.png,Anaphalis_margaritacea
3357,aug_420625470.png,Anaphalis_margaritacea
3358,aug_305750092.png,Anaphalis_margaritacea
3359,aug_309332635.png,Anaphalis_margaritacea
3360,aug_238227408.png,Anaphalis_margaritacea
3361,aug_423240057.png,Anaphalis_margaritacea
3362,aug_223806058.png,Anaphalis_margaritacea
3363,aug_414228507.png,Anaphalis_margaritacea
3364,aug_305475623.png,Anaphalis_margaritacea
3365,aug_459534934.png,Anaphalis_margaritacea
3366,aug_249163357.png,Anaphalis_margaritacea
3367,aug_410795657.png,Anaphalis_margaritacea
3368,aug_473090758.png,Anaphalis_margaritacea
3369,aug_463020474.png,Anaphalis_margaritacea
3370,aug_306975062.png,Anaphalis_margaritacea
3371,aug_363065498.png,Anaphalis_margaritacea
3372,aug_298281284.png,Anaphalis_margaritacea
3373,aug_425665129.png,Anaphalis_margaritacea
3374,aug_310112804.png,Anaphalis_margaritacea
3375,aug_301636059.png,Anaphalis_margaritacea
3376,aug_297461607.png,Anaphalis_margaritacea
3377,aug_222207690.png,Anaphalis_margaritacea
3378,aug_424234514.png,Anaphalis_margaritacea
3379,aug_305685014.png,Anaphalis_margaritacea
3380,aug_319503296.png,Anaphalis_margaritacea
3381,aug_301010449.png,Anaphalis_margaritacea
3382,aug_444850278.png,Anaphalis_margaritacea
3383,aug_407208402.png,Anaphalis_margaritacea
3384,aug_301558174.png,Anaphalis_margaritacea
3385,aug_411385816.png,Anaphalis_margaritacea
3386,aug_304266994.png,Anaphalis_margaritacea
3387,aug_442276318.png,Anaphalis_margaritacea
3388,aug_305684874.png,Anaphalis_margaritacea
3389,aug_525932791.png,Anaphalis_margaritacea
3390,aug_298853650.png,Anaphalis_margaritacea
3391,aug_402619448.png,Anaphalis_margaritacea
3392,aug_421076199.png,Anaphalis_margaritacea
3393,aug_312752681.png,Anaphalis_margaritacea
3394,aug_423060302.png,Anaphalis_margaritacea
3395,aug_315571167.png,Anaphalis_margaritacea
3396,aug_408003710.png,Anaphalis_margaritacea
3397,aug_307366284.png,Anaphalis_margaritacea
3398,aug_312767794.png,Anaphalis_margaritacea
3399,aug_422018494.png,Anaphalis_margaritacea
3400,aug_533189841.png,Anaphalis_margaritacea
3401,aug_526312854.png,Anaphalis_margaritacea
3402,aug_225974671.png,Anaphalis_margaritacea
3403,aug_267739876.png,Anaphalis_margaritacea
3404,aug_306131586.png,Anaphalis_margaritacea
3405,aug_420493869.png,Anaphalis_margaritacea
3406,aug_317671019.png,Anaphalis_margaritacea
3407,aug_417823329.png,Anaphalis_margaritacea
3408,aug_310734064.png,Anaphalis_margaritacea
3409,aug_311525045.png,Anaphalis_margaritacea
3410,aug_301035471.png,Anaphalis_margaritacea
3411,aug_226274238.png,Anaphalis_margaritacea
3412,aug_456112546.png,Anaphalis_margaritacea
3413,aug_327933655.png,Anaphalis_margaritacea
3414,aug_220797176.png,Anaphalis_margaritacea
3415,aug_236342157.png,Anaphalis_margaritacea
3416,aug_416294359.png,Anaphalis_margaritacea
3417,aug_312702360.png,Anaphalis_margaritacea
3418,aug_396717938.png,Anaphalis_margaritacea
3419,aug_221614794.png,Anaphalis_margaritacea
3420,aug_357408155.png,Anaphalis_margaritacea
3421,aug_319489319.png,Anaphalis_margaritacea
3422,aug_305858707.png,Anaphalis_margaritacea
3423,aug_315812846.png,Anaphalis_margaritacea
3424,aug_304356227.png,Anaphalis_margaritacea
3425,aug_311034035.png,Anaphalis_margaritacea
3426,aug_425690347.png,Anaphalis_margaritacea
3427,aug_226007877.png,Anaphalis_margaritacea
3428,aug_418287077.png,Anaphalis_margaritacea
3429,aug_410437185.png,Anaphalis_margaritacea
3430,aug_255053044.png,Anaphalis_margaritacea
3431,aug_505337747.png,Anaphalis_margaritacea
3432,aug_309541203.png,Anaphalis_margaritacea
3433,aug_224109514.png,Anaphalis_margaritacea
3434,aug_420208151.png,Anaphalis_margaritacea
3435,aug_223566392.png,Anaphalis_margaritacea
3436,aug_415402459.png,Anaphalis_margaritacea
3437,aug_222208111.png,Anaphalis_margaritacea
3438,aug_530966063.png,Anaphalis_margaritacea
3439,aug_416226500.png,Anaphalis_margaritacea
3440,aug_533732215.png,Anaphalis_margaritacea
3441,aug_421075543.png,Anaphalis_margaritacea
3442,aug_416470789.png,Anaphalis_margaritacea
3443,aug_329483898.png,Anaphalis_margaritacea
3444,aug_403871199.png,Anaphalis_margaritacea
3445,aug_419208859.png,Anaphalis_margaritacea
3446,aug_294560247.png,Anaphalis_margaritacea
3447,aug_530448830.png,Anaphalis_margaritacea
3448,aug_311563328.png,Anaphalis_margaritacea
3449,aug_354361119.png,Anaphalis_margaritacea
3450,aug_312811416.png,Anaphalis_margaritacea
3451,aug_419968389.png,Anaphalis_margaritacea
3452,aug_421889890.png,Anaphalis_margaritacea
3453,aug_517919577.png,Anaphalis_margaritacea
3454,aug_420020599.png,Anaphalis_margaritacea
3455,aug_236845773.png,Anaphalis_margaritacea
3456,aug_416180734.png,Anaphalis_margaritacea
3457,aug_262548179.png,Anaphalis_margaritacea
3458,aug_305626936.png,Anaphalis_margaritacea
3459,aug_306320677.png,Anaphalis_margaritacea
3460,aug_416047956.png,Anaphalis_margaritacea
3461,aug_220805614.png,Anaphalis_margaritacea
3462,aug_226899529.png,Anaphalis_margaritacea
3463,aug_224658586.png,Anaphalis_margaritacea
3464,aug_308662239.png,Anaphalis_margaritacea
3465,aug_220843958.png,Anaphalis_margaritacea
3466,aug_302846651.png,Anaphalis_margaritacea
3467,aug_223152896.png,Anaphalis_margaritacea
3468,aug_302475643.png,Anaphalis_margaritacea
3469,aug_308934236.png,Anaphalis_margaritacea
3470,aug_224837824.png,Anaphalis_margaritacea
3471,aug_437981559.png,Anaphalis_margaritacea
3472,aug_414586371.png,Anaphalis_margaritacea
3473,aug_419749233.png,Anaphalis_margaritacea
3474,aug_222045954.png,Anaphalis_margaritacea
3475,aug_221648851.png,Anaphalis_margaritacea
3476,aug_417833034.png,Anaphalis_margaritacea
3477,aug_415218923.png,Anaphalis_margaritacea
3478,aug_417296541.png,Anaphalis_margaritacea
3479,aug_310141792.png,Anaphalis_margaritacea
3480,aug_224003087.png,Anaphalis_margaritacea
3481,aug_414933490.png,Anaphalis_margaritacea
3482,aug_312357332.png,Anaphalis_margaritacea
3483,aug_425737833.png,Anaphalis_margaritacea
3484,aug_227931384.png,Anaphalis_margaritacea
3485,aug_224659242.png,Anaphalis_margaritacea
3486,aug_300467976.png,Anaphalis_margaritacea
3487,aug_306914314.png,Anaphalis_margaritacea
3488,aug_306360923.png,Anaphalis_margaritacea
3489,aug_415550126.png,Anaphalis_margaritacea
3490,aug_222178004.png,Anaphalis_margaritacea
3491,aug_222241679.png,Anaphalis_margaritacea
3492,aug_412661152.png,Anaphalis_margaritacea
3493,aug_305106580.png,Anaphalis_margaritacea
3494,aug_418955857.png,Anaphalis_margaritacea
3495,aug_299026487.png,Anaphalis_margaritacea
3496,aug_311441704.png,Anaphalis_margaritacea
3497,aug_232010337.png,Anaphalis_margaritacea
3498,aug_342721291.png,Anaphalis_margaritacea
3499,aug_225078828.png,Anaphalis_margaritacea
3500,aug_415161678.png,Anaphalis_margaritacea
3501,aug_526419174.png,Anaphalis_margaritacea
3502,aug_315313884.png,Anaphalis_margaritacea
3503,aug_312682268.png,Anaphalis_margaritacea
3504,aug_296449986.png,Anaphalis_margaritacea
3505,aug_253777324.png,Anaphalis_margaritacea
3506,aug_313867247.png,Anaphalis_margaritacea
3507,aug_418701973.png,Anaphalis_margaritacea
3508,aug_449537206.png,Anaphalis_margaritacea
3509,aug_418505837.png,Anaphalis_margaritacea
3510,aug_408691025.png,Anaphalis_margaritacea
3511,aug_224647922.png,Anaphalis_margaritacea
3512,aug_411281264.png,Anaphalis_margaritacea
3513,aug_411593929.png,Anaphalis_margaritacea
3514,aug_238378310.png,Anaphalis_margaritacea
3515,aug_417056236.png,Anaphalis_margaritacea
3516,aug_451445255.png,Anaphalis_margaritacea
3517,aug_521973331.png,Anaphalis_margaritacea
3518,aug_224356235.png,Anaphalis_margaritacea
3519,aug_409407755.png,Anaphalis_margaritacea
3520,aug_532767239.png,Anaphalis_margaritacea
3521,aug_419845764.png,Anaphalis_margaritacea
3522,aug_423244603.png,Anaphalis_margaritacea
3523,aug_418596022.png,Anaphalis_margaritacea
3524,aug_531600141.png,Anaphalis_margaritacea
3525,aug_532451106.png,Anaphalis_margaritacea
3526,aug_420453400.png,Anaphalis_margaritacea
3527,aug_305888181.png,Anaphalis_margaritacea
3528,aug_432192928.png,Anaphalis_margaritacea
3529,aug_313041063.png,Anaphalis_margaritacea
3530,aug_310160698.png,Anaphalis_margaritacea
3531,aug_415703786.png,Anaphalis_margaritacea
3532,aug_304958225.png,Anaphalis_margaritacea
3533,aug_297888785.png,Anaphalis_margaritacea
3534,aug_426616778.png,Anaphalis_margaritacea
3535,aug_313595353.png,Anaphalis_margaritacea
3536,aug_423507809.png,Anaphalis_margaritacea
3537,aug_303114250.png,Anaphalis_margaritacea
3538,aug_419491123.png,Anaphalis_margaritacea
3539,aug_308058413.png,Anaphalis_margaritacea
3540,aug_313181597.png,Anaphalis_margaritacea
3541,aug_432756178.png,Anaphalis_margaritacea
3542,aug_317026838.png,Anaphalis_margaritacea
3543,aug_488440791.png,Anaphalis_margaritacea
3544,aug_421548100.png,Anaphalis_margaritacea
3545,aug_316172449.png,Anaphalis_margaritacea
3546,aug_312950989.png,Anaphalis_margaritacea
3547,aug_423160982.png,Anaphalis_margaritacea
3548,aug_413816055.png,Anaphalis_margaritacea
3549,aug_416920715.png,Anaphalis_margaritacea
3550,aug_310249399.png,Anaphalis_margaritacea
3551,aug_532397276.png,Anaphalis_margaritacea
3552,aug_416652699.png,Anaphalis_margaritacea
3553,aug_409355296.png,Anaphalis_margaritacea
3554,aug_225824015.png,Anaphalis_margaritacea
3555,aug_326656976.png,Anaphalis_margaritacea
3556,aug_227965127.png,Anaphalis_margaritacea
3557,aug_410013595.png,Anaphalis_margaritacea
3558,aug_315269169.png,Anaphalis_margaritacea
3559,aug_421253784.png,Anaphalis_margaritacea
3560,aug_423934625.png,Anaphalis_margaritacea
3561,aug_224840393.png,Anaphalis_margaritacea
3562,aug_397331238.png,Anaphalis_margaritacea
3563,aug_415081629.png,Anaphalis_margaritacea
3564,aug_418505713.png,Anaphalis_margaritacea
3565,aug_411668691.png,Anaphalis_margaritacea
3566,aug_477585031.png,Anaphalis_margaritacea
3567,aug_410414045.png,Anaphalis_margaritacea
3568,aug_239110550.png,Anaphalis_margaritacea
3569,aug_532382510.png,Anaphalis_margaritacea
3570,aug_414759080.png,Anaphalis_margaritacea
3571,aug_437135072.png,Anaphalis_margaritacea
3572,aug_312891619.png,Anaphalis_margaritacea
3573,aug_418313745.png,Anaphalis_margaritacea
3574,aug_413098810.png,Anaphalis_margaritacea
3575,aug_419367417.png,Anaphalis_margaritacea
3576,aug_408845825.png,Anaphalis_margaritacea
3577,aug_421578137.png,Anaphalis_margaritacea
3578,aug_307763423.png,Anaphalis_margaritacea
3579,aug_421332199.png,Anaphalis_margaritacea
3580,aug_408596907.png,Anaphalis_margaritacea
3581,aug_409039203.png,Anaphalis_margaritacea
3582,aug_417732286.png,Anaphalis_margaritacea
3583,aug_525182130.png,Anaphalis_margaritacea
3584,aug_304549392.png,Anaphalis_margaritacea
3585,aug_232278862.png,Anaphalis_margaritacea
3586,aug_487329565.png,Anaphalis_margaritacea
3587,aug_307130709.png,Anaphalis_margaritacea
3588,aug_533037319.png,Anaphalis_margaritacea
3589,aug_301829241.png,Anaphalis_margaritacea
3590,aug_233273906.png,Anaphalis_margaritacea
3591,aug_307457010.png,Anaphalis_margaritacea
3592,aug_416823551.png,Anaphalis_margaritacea
3593,aug_422397381.png,Anaphalis_margaritacea
3594,aug_425792738.png,Anaphalis_margaritacea
3595,aug_301217112.png,Anaphalis_margaritacea
3596,aug_404405512.png,Anaphalis_margaritacea
3597,aug_405881524.png,Anaphalis_margaritacea
3598,aug_433062938.png,Anaphalis_margaritacea
3599,aug_424500213.png,Anaphalis_margaritacea
3600,aug_295879231.png,Anaphalis_margaritacea
3601,aug_423585897.png,Anaphalis_margaritacea
3602,aug_296921904.png,Anaphalis_margaritacea
3603,aug_307463061.png,Anaphalis_margaritacea
3604,aug_221123105.png,Anaphalis_margaritacea
3605,aug_420583423.png,Anaphalis_margaritacea
3606,aug_302764179.png,Anaphalis_margaritacea
3607,aug_527825812.png,Anaphalis_margaritacea
3608,aug_306317908.png,Anaphalis_margaritacea
3609,aug_308347018.png,Anaphalis_margaritacea
3610,aug_304994136.png,Anaphalis_margaritacea
3611,aug_312570478.png,Anaphalis_margaritacea
3612,aug_417552497.png,Anaphalis_margaritacea
3613,aug_406511226.png,Anaphalis_margaritacea
3614,aug_411578104.png,Anaphalis_margaritacea
3615,aug_415686690.png,Anaphalis_margaritacea
3616,aug_221869246.png,Anaphalis_margaritacea
3617,aug_429563580.png,Anaphalis_margaritacea
3618,aug_413630800.png,Anaphalis_margaritacea
3619,aug_308434385.png,Anaphalis_margaritacea
3620,aug_222896759.png,Anaphalis_margaritacea
3621,aug_306020821.png,Anaphalis_margaritacea
3622,aug_226029520.png,Anaphalis_margaritacea
3623,aug_410456764.png,Anaphalis_margaritacea
3624,aug_528788084.png,Anaphalis_margaritacea
3625,aug_420135198.png,Anaphalis_margaritacea
3626,aug_417085649.png,Anaphalis_margaritacea
3627,aug_222941152.png,Anaphalis_margaritacea
3628,aug_516645270.png,Anaphalis_margaritacea
3629,aug_301007113.png,Anaphalis_margaritacea
3630,aug_294225478.png,Anaphalis_margaritacea
3631,aug_223806324.png,Anaphalis_margaritacea
3632,aug_308917786.png,Anaphalis_margaritacea
3633,aug_424948738.png,Anaphalis_margaritacea
3634,aug_220859761.png,Anaphalis_margaritacea
3635,aug_408606774.png,Anaphalis_margaritacea
3636,aug_226267264.png,Anaphalis_margaritacea
3637,aug_473272957.png,Anaphalis_margaritacea
3638,aug_225467188.png,Anaphalis_margaritacea
3639,aug_365015218.png,Anaphalis_margaritacea
3640,aug_300197090.png,Anaphalis_margaritacea
3641,aug_226532067.png,Anaphalis_margaritacea
3642,aug_437321311.png,Anaphalis_margaritacea
3643,aug_411617222.png,Anaphalis_margaritacea
3644,aug_458132653.png,Anaphalis_margaritacea
3645,aug_419309310.png,Anaphalis_margaritacea
3646,aug_455207094.png,Anaphalis_margaritacea
3647,aug_421440740.png,Anaphalis_margaritacea
3648,aug_415407835.png,Anaphalis_margaritacea
3649,aug_418741966.png,Anaphalis_margaritacea
3650,aug_417305354.png,Anaphalis_margaritacea
3651,aug_417158863.png,Anaphalis_margaritacea
3652,aug_417023433.png,Anaphalis_margaritacea
3653,aug_421062777.png,Anaphalis_margaritacea
3654,aug_424641678.png,Anaphalis_margaritacea
3655,aug_402531636.png,Anaphalis_margaritacea
3656,aug_419105787.png,Anaphalis_margaritacea
3657,aug_419371853.png,Anaphalis_margaritacea
3658,aug_408480420.png,Anaphalis_margaritacea
3659,aug_312390104.png,Anaphalis_margaritacea
3660,aug_408968381.png,Anaphalis_margaritacea
3661,aug_303920168.png,Anaphalis_margaritacea
3662,aug_305606720.png,Anaphalis_margaritacea
3663,aug_418301774.png,Anaphalis_margaritacea
3664,aug_307580984.png,Anaphalis_margaritacea
3665,aug_381816001.png,Anaphalis_margaritacea
3666,aug_302481137.png,Anaphalis_margaritacea
3667,aug_311007727.png,Anaphalis_margaritacea
3668,aug_405972795.png,Anaphalis_margaritacea
3669,aug_301339195.png,Anaphalis_margaritacea
3670,aug_319748814.png,Anaphalis_margaritacea
3671,aug_310208918.png,Anaphalis_margaritacea
3672,aug_222258923.png,Anaphalis_margaritacea
3673,aug_421653590.png,Anaphalis_margaritacea
3674,aug_246298011.png,Anaphalis_margaritacea
3675,aug_306301923.png,Anaphalis_margaritacea
3676,aug_417333255.png,Anaphalis_margaritacea
3677,aug_411967359.png,Anaphalis_margaritacea
3678,aug_222233121.png,Anaphalis_margaritacea
3679,aug_424880235.png,Anaphalis_margaritacea
3680,aug_416647807.png,Anaphalis_margaritacea
3681,aug_426935922.png,Anaphalis_margaritacea
3682,aug_426181941.png,Anaphalis_margaritacea
3683,aug_419711272.png,Anaphalis_margaritacea
3684,aug_530020465.png,Anaphalis_margaritacea
3685,aug_411669659.png,Anaphalis_margaritacea
3686,aug_296861220.png,Anaphalis_margaritacea
3687,aug_306298449.png,Anaphalis_margaritacea
3688,aug_314573248.png,Anaphalis_margaritacea
3689,aug_425179359.png,Anaphalis_margaritacea
3690,aug_311417658.png,Anaphalis_margaritacea
3691,aug_420636226.png,Anaphalis_margaritacea
3692,aug_424982340.png,Anaphalis_margaritacea
3693,aug_474754867.png,Anaphalis_margaritacea
3694,aug_308844094.png,Anaphalis_margaritacea
3695,aug_223086067.png,Anaphalis_margaritacea
3696,aug_420513524.png,Anaphalis_margaritacea
3697,aug_222336928.png,Anaphalis_margaritacea
3698,aug_353483398.png,Anaphalis_margaritacea
3699,aug_444178717.png,Anaphalis_margaritacea
3700,aug_305838033.png,Anaphalis_margaritacea
3701,aug_413233406.png,Anaphalis_margaritacea
3702,aug_415381852.png,Anaphalis_margaritacea
3703,aug_414676736.png,Anaphalis_margaritacea
3704,aug_417903267.png,Anaphalis_margaritacea
3705,aug_329013441.png,Anaphalis_margaritacea
3706,aug_307127734.png,Anaphalis_margaritacea
3707,aug_410018361.png,Anaphalis_margaritacea
3708,aug_437821398.png,Anaphalis_margaritacea
3709,aug_224263019.png,Anaphalis_margaritacea
3710,aug_299326564.png,Anaphalis_margaritacea
3711,aug_227892716.png,Anaphalis_margaritacea
3712,aug_311406210.png,Anaphalis_margaritacea
3713,aug_419641699.png,Anaphalis_margaritacea
3714,aug_305218373.png,Anaphalis_margaritacea
3715,aug_416261206.png,Anaphalis_margaritacea
3716,aug_228085203.png,Anaphalis_margaritacea
3717,aug_419561580.png,Anaphalis_margaritacea
3718,aug_417700199.png,Anaphalis_margaritacea
3719,aug_303319792.png,Anaphalis_margaritacea
3720,aug_425242584.png,Anaphalis_margaritacea
3721,aug_313262924.png,Anaphalis_margaritacea
3722,aug_420583314.png,Anaphalis_margaritacea
3723,aug_308331401.png,Anaphalis_margaritacea
3724,aug_440232229.png,Anaphalis_margaritacea
3725,aug_221445833.png,Anaphalis_margaritacea
3726,aug_415171354.png,Anaphalis_margaritacea
3727,aug_311982983.png,Anaphalis_margaritacea
3728,aug_307827199.png,Anaphalis_margaritacea
3729,aug_312324792.png,Anaphalis_margaritacea
3730,aug_292772568.png,Anaphalis_margaritacea
3731,aug_226296543.png,Anaphalis_margaritacea
3732,aug_418729663.png,Anaphalis_margaritacea
3733,aug_412938860.png,Anaphalis_margaritacea
3734,aug_220533714.png,Anaphalis_margaritacea
3735,aug_424284603.png,Anaphalis_margaritacea
3736,aug_317150978.png,Anaphalis_margaritacea
3737,aug_400950018.png,Anaphalis_margaritacea
3738,aug_301838646.png,Anaphalis_margaritacea
3739,aug_299403922.png,Anaphalis_margaritacea
3740,aug_307913065.png,Anaphalis_margaritacea
3741,aug_306296022.png,Anaphalis_margaritacea
3742,aug_295813917.png,Anaphalis_margaritacea
3743,aug_440586534.png,Anaphalis_margaritacea
3744,aug_308105428.png,Anaphalis_margaritacea
3745,aug_304212491.png,Anaphalis_margaritacea
3746,aug_258885262.png,Anaphalis_margaritacea
3747,aug_423772179.png,Anaphalis_margaritacea
3748,aug_306961930.png,Anaphalis_margaritacea
3749,aug_422118851.png,Anaphalis_margaritacea
3750,aug_425335248.png,Anaphalis_margaritacea
3751,aug_423631144.png,Anaphalis_margaritacea
3752,aug_406993979.png,Anaphalis_margaritacea
3753,aug_336081760.png,Anaphalis_margaritacea
3754,aug_406519485.png,Anaphalis_margaritacea
3755,aug_410557249.png,Anaphalis_margaritacea
3756,aug_309426298.png,Anaphalis_margaritacea
3757,aug_514835966.png,Anaphalis_margaritacea
3758,aug_312841847.png,Anaphalis_margaritacea
3759,aug_309868327.png,Anaphalis_margaritacea
3760,aug_323289325.png,Anaphalis_margaritacea
3761,aug_407857166.png,Anaphalis_margaritacea
3762,aug_305942010.png,Anaphalis_margaritacea
3763,aug_306320334.png,Anaphalis_margaritacea
3764,aug_533408289.png,Anaphalis_margaritacea
3765,aug_307097348.png,Anaphalis_margaritacea
3766,aug_419807161.png,Anaphalis_margaritacea
3767,aug_420098122.png,Anaphalis_margaritacea
3768,aug_306213765.png,Anaphalis_margaritacea
3769,aug_425607984.png,Anaphalis_margaritacea
3770,aug_429401624.png,Anaphalis_margaritacea
3771,aug_221116371.png,Anaphalis_margaritacea
3772,aug_420818533.png,Anaphalis_margaritacea
3773,aug_450662254.png,Anaphalis_margaritacea
3774,aug_220736313.png,Anaphalis_margaritacea
3775,aug_439936081.png,Anaphalis_margaritacea
3776,aug_303700008.png,Anaphalis_margaritacea
3777,aug_307992362.png,Anaphalis_margaritacea
3778,aug_414328056.png,Anaphalis_margaritacea
3779,aug_421313088.png,Anaphalis_margaritacea
3780,aug_416098505.png,Anaphalis_margaritacea
3781,aug_419834636.png,Anaphalis_margaritacea
3782,aug_416710938.png,Anaphalis_margaritacea
3783,aug_422472644.png,Anaphalis_margaritacea
3784,aug_400817438.png,Anaphalis_margaritacea
3785,aug_423486446.png,Anaphalis_margaritacea
3786,aug_424570181.png,Anaphalis_margaritacea
3787,aug_308794331.png,Anaphalis_margaritacea
3788,aug_424063219.png,Anaphalis_margaritacea
3789,aug_406538596.png,Anaphalis_margaritacea
3790,aug_222695745.png,Anaphalis_margaritacea
3791,aug_306916160.png,Anaphalis_margaritacea
3792,aug_302837729.png,Anaphalis_margaritacea
3793,aug_303254368.png,Anaphalis_margaritacea
3794,aug_309709647.png,Anaphalis_margaritacea
3795,aug_406325605.png,Anaphalis_margaritacea
3796,aug_314233200.png,Anaphalis_margaritacea
3797,aug_416415086.png,Anaphalis_margaritacea
3798,aug_220424673.png,Anaphalis_margaritacea
3799,aug_425036318.png,Anaphalis_margaritacea
3800,aug_425138205.png,Anaphalis_margaritacea
3801,aug_253349506.png,Anaphalis_margaritacea
3802,aug_259774600.png,Anaphalis_margaritacea
3803,aug_421042602.png,Anaphalis_margaritacea
3804,aug_425048028.png,Anaphalis_margaritacea
3805,aug_426336277.png,Anaphalis_margaritacea
3806,aug_402168586.png,Anaphalis_margaritacea
3807,aug_225507311.png,Anaphalis_margaritacea
3808,aug_419347522.png,Anaphalis_margaritacea
3809,aug_533275938.png,Anaphalis_margaritacea
3810,aug_424935820.png,Anaphalis_margaritacea
3811,aug_420089065.png,Anaphalis_margaritacea
3812,aug_423615655.png,Anaphalis_margaritacea
3813,aug_304043319.png,Anaphalis_margaritacea
3814,aug_312345902.png,Anaphalis_margaritacea
3815,aug_423626334.png,Anaphalis_margaritacea
3816,aug_312122421.png,Anaphalis_margaritacea
3817,aug_220777429.png,Anaphalis_margaritacea
3818,aug_416584777.png,Anaphalis_margaritacea
3819,aug_427210765.png,Anaphalis_margaritacea
3820,aug_307888332.png,Anaphalis_margaritacea
3821,aug_422399728.png,Anaphalis_margaritacea
3822,aug_529492125.png,Anaphalis_margaritacea
3823,aug_413871998.png,Anaphalis_margaritacea
3824,aug_308304797.png,Anaphalis_margaritacea
3825,aug_425001109.png,Anaphalis_margaritacea
3826,aug_449000475.png,Anaphalis_margaritacea
3827,aug_414438838.png,Anaphalis_margaritacea
3828,aug_312036060.png,Anaphalis_margaritacea
3829,aug_399880008.png,Anaphalis_margaritacea
3830,aug_230826722.png,Anaphalis_margaritacea
3831,aug_255893550.png,Anaphalis_margaritacea
3832,aug_423632391.png,Anaphalis_margaritacea
3833,aug_305888992.png,Anaphalis_margaritacea
3834,aug_419963763.png,Anaphalis_margaritacea
3835,aug_313191506.png,Anaphalis_margaritacea
3836,aug_296037130.png,Anaphalis_margaritacea
3837,aug_418513904.png,Anaphalis_margaritacea
3838,aug_405164132.png,Anaphalis_margaritacea
3839,aug_411037288.png,Anaphalis_margaritacea
3840,aug_410506783.png,Anaphalis_margaritacea
3841,aug_310164589.png,Anaphalis_margaritacea
3842,aug_416017833.png,Anaphalis_margaritacea
3843,aug_247581642.png,Anaphalis_margaritacea
3844,aug_424458406.png,Anaphalis_margaritacea
3845,aug_294490123.png,Anaphalis_margaritacea
3846,aug_418329457.png,Anaphalis_margaritacea
3847,aug_420423010.png,Anaphalis_margaritacea
3848,aug_427651161.png,Anaphalis_margaritacea
3849,aug_418129467.png,Anaphalis_margaritacea
3850,aug_309658472.png,Anaphalis_margaritacea
3851,aug_220828168.png,Anaphalis_margaritacea
3852,aug_477488549.png,Anaphalis_margaritacea
3853,aug_304248242.png,Anaphalis_margaritacea
3854,aug_420937086.png,Anaphalis_margaritacea
3855,aug_303629968.png,Anaphalis_margaritacea
3856,aug_304227716.png,Anaphalis_margaritacea
3857,aug_440122515.png,Anaphalis_margaritacea
3858,aug_403843364.png,Anaphalis_margaritacea
3859,aug_410976532.png,Anaphalis_margaritacea
3860,aug_238375913.png,Anaphalis_margaritacea
3861,aug_224140327.png,Anaphalis_margaritacea
3862,aug_426194420.png,Anaphalis_margaritacea
3863,aug_306829276.png,Anaphalis_margaritacea
3864,aug_414437743.png,Anaphalis_margaritacea
3865,aug_320872571.png,Anaphalis_margaritacea
3866,aug_303278321.png,Anaphalis_margaritacea
3867,aug_223136109.png,Anaphalis_margaritacea
3868,aug_409387786.png,Anaphalis_margaritacea
3869,aug_416909555.png,Anaphalis_margaritacea
3870,aug_222370974.png,Anaphalis_margaritacea
3871,aug_224657273.png,Anaphalis_margaritacea
3872,aug_227396727.png,Anaphalis_margaritacea
3873,aug_420969391.png,Anaphalis_margaritacea
3874,aug_311982476.png,Anaphalis_margaritacea
3875,aug_421323801.png,Anaphalis_margaritacea
3876,aug_518381934.png,Anaphalis_margaritacea
3877,aug_423667238.png,Anaphalis_margaritacea
3878,aug_307777026.png,Anaphalis_margaritacea
3879,aug_308429324.png,Anaphalis_margaritacea
3880,aug_409875996.png,Anaphalis_margaritacea
3881,aug_305756212.png,Anaphalis_margaritacea
3882,aug_409985046.png,Anaphalis_margaritacea
3883,aug_534175837.png,Anaphalis_margaritacea
3884,aug_522198202.png,Anaphalis_margaritacea
3885,aug_326974343.png,Anaphalis_margaritacea
3886,aug_418287613.png,Anaphalis_margaritacea
3887,aug_405953844.png,Anaphalis_margaritacea
3888,aug_303771687.png,Anaphalis_margaritacea
3889,aug_409038377.png,Anaphalis_margaritacea
3890,aug_315246180.png,Anaphalis_margaritacea
3891,aug_467037853.png,Anaphalis_margaritacea
3892,aug_405982753.png,Anaphalis_margaritacea
3893,aug_299627918.png,Anaphalis_margaritacea
3894,aug_423806625.png,Anaphalis_margaritacea
3895,aug_226188216.png,Anaphalis_margaritacea
3896,aug_531479207.png,Anaphalis_margaritacea
3897,aug_422128231.png,Anaphalis_margaritacea
3898,aug_310837061.png,Anaphalis_margaritacea
3899,aug_517432615.png,Anaphalis_margaritacea
3900,aug_425917538.png,Anaphalis_margaritacea
3901,aug_307148096.png,Anaphalis_margaritacea
3902,aug_422782405.png,Anaphalis_margaritacea
3903,aug_422583281.png,Anaphalis_margaritacea
3904,aug_467664027.png,Anaphalis_margaritacea
3905,aug_308268479.png,Anaphalis_margaritacea
3906,aug_223800582.png,Anaphalis_margaritacea
3907,aug_307990616.png,Anaphalis_margaritacea
3908,aug_374297469.png,Anaphalis_margaritacea
3909,aug_410854127.png,Anaphalis_margaritacea
3910,aug_252183881.png,Anaphalis_margaritacea
3911,aug_221709229.png,Anaphalis_margaritacea
3912,aug_413861810.png,Anaphalis_margaritacea
3913,aug_420142306.png,Anaphalis_margaritacea
3914,aug_293516667.png,Anaphalis_margaritacea
3915,aug_414385664.png,Anaphalis_margaritacea
3916,aug_226449837.png,Anaphalis_margaritacea
3917,aug_223110159.png,Anaphalis_margaritacea
3918,aug_310552398.png,Anaphalis_margaritacea
3919,aug_261962155.png,Anaphalis_margaritacea
3920,aug_464600080.png,Anaphalis_margaritacea
3921,aug_418282998.png,Anaphalis_margaritacea
3922,aug_223371838.png,Anaphalis_margaritacea
3923,aug_309360076.png,Anaphalis_margaritacea
3924,aug_422107548.png,Anaphalis_margaritacea
3925,aug_314005137.png,Anaphalis_margaritacea
3926,aug_438225685.png,Anaphalis_margaritacea
3927,aug_223359412.png,Anaphalis_margaritacea
3928,aug_412820790.png,Anaphalis_margaritacea
3929,aug_224475595.png,Anaphalis_margaritacea
3930,aug_408128006.png,Anaphalis_margaritacea
3931,aug_224430649.png,Anaphalis_margaritacea
3932,aug_501875794.png,Anaphalis_margaritacea
3933,aug_220636563.png,Anaphalis_margaritacea
3934,aug_304301149.png,Anaphalis_margaritacea
3935,aug_311366744.png,Anaphalis_margaritacea
3936,aug_408945725.png,Anaphalis_margaritacea
3937,aug_309598056.png,Anaphalis_margaritacea
3938,aug_425343639.png,Anaphalis_margaritacea
3939,aug_305297053.png,Anaphalis_margaritacea
3940,aug_405566516.png,Anaphalis_margaritacea
3941,aug_532503528.png,Anaphalis_margaritacea
3942,aug_417654757.png,Anaphalis_margaritacea
3943,aug_312388334.png,Anaphalis_margaritacea
3944,aug_290448440.png,Anaphalis_margaritacea
3945,aug_411000804.png,Anaphalis_margaritacea
3946,aug_303906388.png,Anaphalis_margaritacea
3947,aug_311665057.png,Anaphalis_margaritacea
3948,aug_421457920.png,Anaphalis_margaritacea
3949,aug_309091369.png,Anaphalis_margaritacea
3950,aug_422087300.png,Anaphalis_margaritacea
3951,aug_437693662.png,Anaphalis_margaritacea
3952,aug_417495021.png,Anaphalis_margaritacea
3953,aug_306766654.png,Anaphalis_margaritacea
3954,aug_412248142.png,Anaphalis_margaritacea
3955,aug_406292222.png,Anaphalis_margaritacea
3956,aug_299662531.png,Anaphalis_margaritacea
3957,aug_412193634.png,Anaphalis_margaritacea
3958,aug_403526325.png,Anaphalis_margaritacea
3959,aug_421010257.png,Anaphalis_margaritacea
3960,aug_303641119.png,Anaphalis_margaritacea
3961,aug_409792618.png,Anaphalis_margaritacea
3962,aug_493952291.png,Anaphalis_margaritacea
3963,aug_237612521.png,Anaphalis_margaritacea
3964,aug_422792232.png,Anaphalis_margaritacea
3965,aug_301717089.png,Anaphalis_margaritacea
3966,aug_420546383.png,Anaphalis_margaritacea
3967,aug_315221953.png,Anaphalis_margaritacea
3968,aug_401652239.png,Anaphalis_margaritacea
3969,aug_342241129.png,Anaphalis_margaritacea
3970,aug_221060297.png,Anaphalis_margaritacea
3971,aug_412292484.png,Anaphalis_margaritacea
3972,aug_222278546.png,Anaphalis_margaritacea
3973,aug_303531545.png,Anaphalis_margaritacea
3974,aug_304274154.png,Anaphalis_margaritacea
3975,aug_407249940.png,Anaphalis_margaritacea
3976,aug_423153475.png,Anaphalis_margaritacea
3977,aug_220427616.png,Anaphalis_margaritacea
3978,aug_306289611.png,Anaphalis_margaritacea
3979,aug_418720528.png,Anaphalis_margaritacea
3980,aug_405450443.png,Anaphalis_margaritacea
3981,aug_300154950.png,Anaphalis_margaritacea
3982,aug_425051117.png,Anaphalis_margaritacea
3983,aug_409085037.png,Anaphalis_margaritacea
3984,aug_246165600.png,Anaphalis_margaritacea
3985,aug_422377075.png,Anaphalis_margaritacea
3986,aug_418083672.png,Anaphalis_margaritacea
3987,aug_404798135.png,Anaphalis_margaritacea
3988,aug_222332615.png,Anaphalis_margaritacea
3989,aug_413149356.png,Anaphalis_margaritacea
3990,aug_306221673.png,Anaphalis_margaritacea
3991,aug_399288307.png,Anaphalis_margaritacea
3992,aug_418229439.png,Anaphalis_margaritacea
3993,aug_411182290.png,Anaphalis_margaritacea
3994,aug_406636060.png,Anaphalis_margaritacea
3995,aug_426694213.png,Anaphalis_margaritacea
3996,aug_301346828.png,Anaphalis_margaritacea
3997,aug_413444212.png,Anaphalis_margaritacea
3998,aug_423076050.png,Anaphalis_margaritacea
3999,aug_532092428.png,Anaphalis_margaritacea
4000,aug_411124428.png,Anaphalis_margaritacea
4001,aug_416095390.png,Anaphalis_margaritacea
4002,aug_225104961.png,Anaphalis_margaritacea
4003,aug_530453255.png,Anaphalis_margaritacea
4004,aug_315117269.png,Anaphalis_margaritacea
4005,aug_308297748.png,Anaphalis_margaritacea
4006,aug_225592111.png,Anaphalis_margaritacea
4007,aug_304547953.png,Anaphalis_margaritacea
4008,aug_411676759.png,Anaphalis_margaritacea
4009,aug_261953398.png,Anaphalis_margaritacea
4010,aug_224316226.png,Anaphalis_margaritacea
4011,aug_517700845.png,Anaphalis_margaritacea
4012,aug_416945243.png,Anaphalis_margaritacea
4013,aug_532093865.png,Anaphalis_margaritacea
4014,aug_221630864.png,Anaphalis_margaritacea
4015,aug_228154838.png,Anaphalis_margaritacea
4016,aug_406967614.png,Anaphalis_margaritacea
4017,aug_413664149.png,Anaphalis_margaritacea
4018,aug_220733807.png,Anaphalis_margaritacea
4019,aug_415184253.png,Anaphalis_margaritacea
4020,aug_222476969.png,Anaphalis_margaritacea
4021,aug_311420887.png,Anaphalis_margaritacea
4022,aug_405491641.png,Anaphalis_margaritacea
4023,aug_408506666.png,Anaphalis_margaritacea
4024,aug_412895288.png,Anaphalis_margaritacea
4025,aug_413859369.png,Anaphalis_margaritacea
4026,aug_407598211.png,Anaphalis_margaritacea
4027,aug_421713874.png,Anaphalis_margaritacea
4028,aug_224606678.png,Anaphalis_margaritacea
4029,aug_302210668.png,Anaphalis_margaritacea
4030,aug_462137553.png,Anaphalis_margaritacea
4031,aug_223838103.png,Anaphalis_margaritacea
4032,aug_293121150.png,Anaphalis_margaritacea
4033,aug_421573818.png,Anaphalis_margaritacea
4034,aug_228780285.png,Anaphalis_margaritacea
4035,aug_221594881.png,Anaphalis_margaritacea
4036,aug_303749474.png,Anaphalis_margaritacea
4037,aug_225729220.png,Anaphalis_margaritacea
4038,aug_226682635.png,Anaphalis_margaritacea
4039,aug_309248053.png,Anaphalis_margaritacea
4040,aug_533717960.png,Anaphalis_margaritacea
4041,aug_424962707.png,Anaphalis_margaritacea
4042,aug_426550328.png,Anaphalis_margaritacea
4043,aug_302977589.png,Anaphalis_margaritacea
4044,aug_416996535.png,Anaphalis_margaritacea
4045,aug_411283671.png,Anaphalis_margaritacea
4046,aug_307045109.png,Anaphalis_margaritacea
4047,aug_311382050.png,Anaphalis_margaritacea
4048,aug_311690624.png,Anaphalis_margaritacea
4049,aug_306199375.png,Anaphalis_margaritacea
4050,aug_303198261.png,Anaphalis_margaritacea
4051,aug_414612218.png,Anaphalis_margaritacea
4052,aug_411088656.png,Anaphalis_margaritacea
4053,aug_419118444.png,Anaphalis_margaritacea
4054,aug_312662777.png,Anaphalis_margaritacea
4055,aug_417713686.png,Anaphalis_margaritacea
4056,aug_409619206.png,Anaphalis_margaritacea
4057,aug_223228733.png,Anaphalis_margaritacea
4058,aug_313535101.png,Anaphalis_margaritacea
4059,aug_421391730.png,Anaphalis_margaritacea
4060,aug_411368673.png,Anaphalis_margaritacea
4061,aug_221369935.png,Anaphalis_margaritacea
4062,aug_474159909.png,Anaphalis_margaritacea
4063,aug_423473981.png,Anaphalis_margaritacea
4064,aug_502573983.png,Anaphalis_margaritacea
4065,aug_423469840.png,Anaphalis_margaritacea
4066,aug_222934637.png,Anaphalis_margaritacea
4067,aug_425730438.png,Anaphalis_margaritacea
4068,aug_306974899.png,Anaphalis_margaritacea
4069,aug_303006477.png,Anaphalis_margaritacea
4070,aug_306948391.png,Anaphalis_margaritacea
4071,aug_227327761.png,Anaphalis_margaritacea
4072,aug_314077827.png,Anaphalis_margaritacea
4073,aug_306707762.png,Anaphalis_margaritacea
4074,aug_223277476.png,Anaphalis_margaritacea
4075,aug_312372149.png,Anaphalis_margaritacea
4076,aug_344321567.png,Anaphalis_margaritacea
4077,aug_409216491.png,Anaphalis_margaritacea
4078,aug_404427322.png,Anaphalis_margaritacea
4079,aug_347558701.png,Anaphalis_margaritacea
4080,aug_421327742.png,Anaphalis_margaritacea
4081,aug_305955249.png,Anaphalis_margaritacea
4082,aug_418222418.png,Anaphalis_margaritacea
4083,aug_420616904.png,Anaphalis_margaritacea
4084,aug_416692344.png,Anaphalis_margaritacea
4085,aug_312968130.png,Anaphalis_margaritacea
4086,aug_411048063.png,Anaphalis_margaritacea
4087,aug_413242710.png,Anaphalis_margaritacea
4088,aug_421230298.png,Anaphalis_margaritacea
4089,aug_531595411.png,Anaphalis_margaritacea
4090,aug_419497170.png,Anaphalis_margaritacea
4091,aug_406384085.png,Anaphalis_margaritacea
4092,aug_419798471.png,Anaphalis_margaritacea
4093,aug_225058140.png,Anaphalis_margaritacea
4094,aug_375517355.png,Anaphalis_margaritacea
4095,aug_223911870.png,Anaphalis_margaritacea
4096,aug_419842503.png,Anaphalis_margaritacea
4097,aug_327212009.png,Anaphalis_margaritacea
4098,aug_394410885.png,Anaphalis_margaritacea
4099,aug_414369095.png,Anaphalis_margaritacea
4100,aug_530363539.png,Anaphalis_margaritacea
4101,aug_415702034.png,Anaphalis_margaritacea
4102,aug_414216543.png,Anaphalis_margaritacea
4103,aug_424858335.png,Anaphalis_margaritacea
4104,aug_411200355.png,Anaphalis_margaritacea
4105,aug_302849660.png,Anaphalis_margaritacea
4106,aug_403418686.png,Anaphalis_margaritacea
4107,aug_305569861.png,Anaphalis_margaritacea
4108,aug_413416282.png,Anaphalis_margaritacea
4109,aug_310490538.png,Anaphalis_margaritacea
4110,aug_304168133.png,Anaphalis_margaritacea
4111,aug_301918044.png,Anaphalis_margaritacea
4112,aug_315389689.png,Anaphalis_margaritacea
4113,aug_223472646.png,Anaphalis_margaritacea
4114,aug_415891465.png,Anaphalis_margaritacea
4115,aug_428911505.png,Anaphalis_margaritacea
4116,aug_411566723.png,Anaphalis_margaritacea
4117,aug_345483611.png,Anaphalis_margaritacea
4118,aug_226331160.png,Anaphalis_margaritacea
4119,aug_410462451.png,Anaphalis_margaritacea
4120,aug_464600344.png,Anaphalis_margaritacea
4121,aug_419989061.png,Anaphalis_margaritacea
4122,aug_238031201.png,Anaphalis_margaritacea
4123,aug_384939469.png,Anaphalis_margaritacea
4124,aug_410174637.png,Anaphalis_margaritacea
4125,aug_428125510.png,Anaphalis_margaritacea
4126,aug_470417058.png,Anaphalis_margaritacea
4127,aug_312770431.png,Anaphalis_margaritacea
4128,aug_425344572.png,Anaphalis_margaritacea
4129,aug_417010774.png,Anaphalis_margaritacea
4130,aug_232937916.png,Anaphalis_margaritacea
4131,aug_304780771.png,Anaphalis_margaritacea
4132,aug_308137677.png,Anaphalis_margaritacea
4133,aug_411826547.png,Anaphalis_margaritacea
4134,aug_221378943.png,Anaphalis_margaritacea
4135,aug_418907078.png,Anaphalis_margaritacea
4136,aug_420210586.png,Anaphalis_margaritacea
4137,aug_408699965.png,Anaphalis_margaritacea
4138,aug_414380817.png,Anaphalis_margaritacea
4139,aug_304400366.png,Anaphalis_margaritacea
4140,aug_306800544.png,Anaphalis_margaritacea
4141,aug_298710023.png,Anaphalis_margaritacea
4142,aug_232223209.png,Anaphalis_margaritacea
4143,aug_225471897.png,Anaphalis_margaritacea
4144,aug_474874574.png,Anaphalis_margaritacea
4145,aug_220671400.png,Anaphalis_margaritacea
4146,aug_312231854.png,Anaphalis_margaritacea
4147,aug_417452017.png,Anaphalis_margaritacea
4148,aug_311330638.png,Anaphalis_margaritacea
4149,aug_220575529.png,Anaphalis_margaritacea
4150,aug_226358204.png,Anaphalis_margaritacea
4151,aug_426060297.png,Anaphalis_margaritacea
4152,aug_423537058.png,Anaphalis_margaritacea
4153,aug_423220698.png,Anaphalis_margaritacea
4154,aug_310231941.png,Anaphalis_margaritacea
4155,aug_405256547.png,Anaphalis_margaritacea
4156,aug_417625045.png,Anaphalis_margaritacea
4157,aug_423652729.png,Anaphalis_margaritacea
4158,aug_222649746.png,Anaphalis_margaritacea
4159,aug_317205865.png,Anaphalis_margaritacea
4160,aug_227001569.png,Anaphalis_margaritacea
4161,aug_302611901.png,Anaphalis_margaritacea
4162,aug_292773041.png,Anaphalis_margaritacea
4163,aug_420529487.png,Anaphalis_margaritacea
4164,aug_298442581.png,Anaphalis_margaritacea
4165,aug_315271105.png,Anaphalis_margaritacea
4166,aug_407911118.png,Anaphalis_margaritacea
4167,aug_410786961.png,Anaphalis_margaritacea
4168,aug_532189178.png,Anaphalis_margaritacea
4169,aug_413505180.png,Anaphalis_margaritacea
4170,aug_418353854.png,Anaphalis_margaritacea
4171,aug_434572428.png,Anaphalis_margaritacea
4172,aug_304934622.png,Anaphalis_margaritacea
4173,aug_313270473.png,Anaphalis_margaritacea
4174,aug_416385232.png,Anaphalis_margaritacea
4175,aug_421037973.png,Anaphalis_margaritacea
4176,aug_460175718.png,Anaphalis_margaritacea
4177,aug_310536147.png,Anaphalis_margaritacea
4178,aug_502426823.png,Apocynum_androsaemifolium
4179,aug_400289460.png,Apocynum_androsaemifolium
4180,aug_405235786.png,Apocynum_androsaemifolium
4181,aug_218102117.png,Apocynum_androsaemifolium
4182,aug_217972091.png,Apocynum_androsaemifolium
4183,aug_294510615.png,Apocynum_androsaemifolium
4184,aug_404215423.png,Apocynum_androsaemifolium
4185,aug_292216856.png,Apocynum_androsaemifolium
4186,aug_296399816.png,Apocynum_androsaemifolium
4187,aug_292100939.png,Apocynum_androsaemifolium
4188,aug_395066733.png,Apocynum_androsaemifolium
4189,aug_257207932.png,Apocynum_androsaemifolium
4190,aug_305630757.png,Apocynum_androsaemifolium
4191,aug_297695396.png,Apocynum_androsaemifolium
4192,aug_470613804.png,Apocynum_androsaemifolium
4193,aug_409984291.png,Apocynum_androsaemifolium
4194,aug_218771900.png,Apocynum_androsaemifolium
4195,aug_290749158.png,Apocynum_androsaemifolium
4196,aug_294134810.png,Apocynum_androsaemifolium
4197,aug_217005595.png,Apocynum_androsaemifolium
4198,aug_398233808.png,Apocynum_androsaemifolium
4199,aug_296146510.png,Apocynum_androsaemifolium
4200,aug_302526767.png,Apocynum_androsaemifolium
4201,aug_401344358.png,Apocynum_androsaemifolium
4202,aug_212293776.png,Apocynum_androsaemifolium
4203,aug_296263266.png,Apocynum_androsaemifolium
4204,aug_305521630.png,Apocynum_androsaemifolium
4205,aug_523578919.png,Apocynum_androsaemifolium
4206,aug_530859001.png,Apocynum_androsaemifolium
4207,aug_401412617.png,Apocynum_androsaemifolium
4208,aug_216799915.png,Apocynum_androsaemifolium
4209,aug_421190416.png,Apocynum_androsaemifolium
4210,aug_524168912.png,Apocynum_androsaemifolium
4211,aug_212019348.png,Apocynum_androsaemifolium
4212,aug_290187252.png,Apocynum_androsaemifolium
4213,aug_211579592.png,Apocynum_androsaemifolium
4214,aug_217786425.png,Apocynum_androsaemifolium
4215,aug_226302064.png,Apocynum_androsaemifolium
4216,aug_395054478.png,Apocynum_androsaemifolium
4217,aug_217972311.png,Apocynum_androsaemifolium
4218,aug_405574683.png,Apocynum_androsaemifolium
4219,aug_302021302.png,Apocynum_androsaemifolium
4220,aug_320571987.png,Apocynum_androsaemifolium
4221,aug_299577584.png,Apocynum_androsaemifolium
4222,aug_304155555.png,Apocynum_androsaemifolium
4223,aug_215349199.png,Apocynum_androsaemifolium
4224,aug_454777941.png,Apocynum_androsaemifolium
4225,aug_215137721.png,Apocynum_androsaemifolium
4226,aug_297865615.png,Apocynum_androsaemifolium
4227,aug_527705352.png,Apocynum_androsaemifolium
4228,aug_528126996.png,Apocynum_androsaemifolium
4229,aug_290790418.png,Apocynum_androsaemifolium
4230,aug_291125347.png,Apocynum_androsaemifolium
4231,aug_213202966.png,Apocynum_androsaemifolium
4232,aug_304607375.png,Apocynum_androsaemifolium
4233,aug_521668601.png,Apocynum_androsaemifolium
4234,aug_293851421.png,Apocynum_androsaemifolium
4235,aug_213998573.png,Apocynum_androsaemifolium
4236,aug_302715584.png,Apocynum_androsaemifolium
4237,aug_458107603.png,Apocynum_androsaemifolium
4238,aug_218043922.png,Apocynum_androsaemifolium
4239,aug_288330198.png,Apocynum_androsaemifolium
4240,aug_412016498.png,Apocynum_androsaemifolium
4241,aug_527344235.png,Apocynum_androsaemifolium
4242,aug_531621569.png,Apocynum_androsaemifolium
4243,aug_299998866.png,Apocynum_androsaemifolium
4244,aug_300395375.png,Apocynum_androsaemifolium
4245,aug_219501281.png,Apocynum_androsaemifolium
4246,aug_216026485.png,Apocynum_androsaemifolium
4247,aug_289491200.png,Apocynum_androsaemifolium
4248,aug_410731331.png,Apocynum_androsaemifolium
4249,aug_527898758.png,Apocynum_androsaemifolium
4250,aug_410397333.png,Apocynum_androsaemifolium
4251,aug_215546846.png,Apocynum_androsaemifolium
4252,aug_298958273.png,Apocynum_androsaemifolium
4253,aug_307798665.png,Apocynum_androsaemifolium
4254,aug_523558378.png,Apocynum_androsaemifolium
4255,aug_395923676.png,Apocynum_androsaemifolium
4256,aug_530185536.png,Apocynum_androsaemifolium
4257,aug_299006782.png,Apocynum_androsaemifolium
4258,aug_209712393.png,Apocynum_androsaemifolium
4259,aug_306030201.png,Apocynum_androsaemifolium
4260,aug_302564011.png,Apocynum_androsaemifolium
4261,aug_398642594.png,Apocynum_androsaemifolium
4262,aug_222329176.png,Apocynum_androsaemifolium
4263,aug_210687972.png,Apocynum_androsaemifolium
4264,aug_299024588.png,Apocynum_androsaemifolium
4265,aug_527111832.png,Apocynum_androsaemifolium
4266,aug_399656439.png,Apocynum_androsaemifolium
4267,aug_518230232.png,Apocynum_androsaemifolium
4268,aug_397789501.png,Apocynum_androsaemifolium
4269,aug_316777328.png,Apocynum_androsaemifolium
4270,aug_212658740.png,Apocynum_androsaemifolium
4271,aug_297619435.png,Apocynum_androsaemifolium
4272,aug_524202455.png,Apocynum_androsaemifolium
4273,aug_298162122.png,Apocynum_androsaemifolium
4274,aug_290383292.png,Apocynum_androsaemifolium
4275,aug_405015903.png,Apocynum_androsaemifolium
4276,aug_403922956.png,Apocynum_androsaemifolium
4277,aug_302601899.png,Apocynum_androsaemifolium
4278,aug_293530401.png,Apocynum_androsaemifolium
4279,aug_521667555.png,Apocynum_androsaemifolium
4280,aug_211425689.png,Apocynum_androsaemifolium
4281,aug_266632333.png,Apocynum_androsaemifolium
4282,aug_413901061.png,Apocynum_androsaemifolium
4283,aug_300572935.png,Apocynum_androsaemifolium
4284,aug_528381196.png,Apocynum_androsaemifolium
4285,aug_302006970.png,Apocynum_androsaemifolium
4286,aug_534648531.png,Apocynum_androsaemifolium
4287,aug_292818534.png,Apocynum_androsaemifolium
4288,aug_299602968.png,Apocynum_androsaemifolium
4289,aug_411638760.png,Apocynum_androsaemifolium
4290,aug_412787640.png,Apocynum_androsaemifolium
4291,aug_298622133.png,Apocynum_androsaemifolium
4292,aug_211822035.png,Apocynum_androsaemifolium
4293,aug_411998518.png,Apocynum_androsaemifolium
4294,aug_211019310.png,Apocynum_androsaemifolium
4295,aug_291787034.png,Apocynum_androsaemifolium
4296,aug_214486298.png,Apocynum_androsaemifolium
4297,aug_300450205.png,Apocynum_androsaemifolium
4298,aug_403012245.png,Apocynum_androsaemifolium
4299,aug_532370992.png,Apocynum_androsaemifolium
4300,aug_392882487.png,Apocynum_androsaemifolium
4301,aug_292822112.png,Apocynum_androsaemifolium
4302,aug_210941971.png,Apocynum_androsaemifolium
4303,aug_291100140.png,Apocynum_androsaemifolium
4304,aug_519473510.png,Apocynum_androsaemifolium
4305,aug_290410988.png,Apocynum_androsaemifolium
4306,aug_214379838.png,Apocynum_androsaemifolium
4307,aug_212041462.png,Apocynum_androsaemifolium
4308,aug_292532094.png,Apocynum_androsaemifolium
4309,aug_526911170.png,Apocynum_androsaemifolium
4310,aug_216578189.png,Apocynum_androsaemifolium
4311,aug_212410968.png,Apocynum_androsaemifolium
4312,aug_297359287.png,Apocynum_androsaemifolium
4313,aug_401859723.png,Apocynum_androsaemifolium
4314,aug_412910664.png,Apocynum_androsaemifolium
4315,aug_396666846.png,Apocynum_androsaemifolium
4316,aug_292279166.png,Apocynum_androsaemifolium
4317,aug_287462326.png,Apocynum_androsaemifolium
4318,aug_525747840.png,Apocynum_androsaemifolium
4319,aug_438583579.png,Apocynum_androsaemifolium
4320,aug_211954878.png,Apocynum_androsaemifolium
4321,aug_414756105.png,Apocynum_androsaemifolium
4322,aug_410004894.png,Apocynum_androsaemifolium
4323,aug_297836838.png,Apocynum_androsaemifolium
4324,aug_403470742.png,Apocynum_androsaemifolium
4325,aug_296399754.png,Apocynum_androsaemifolium
4326,aug_420617479.png,Apocynum_androsaemifolium
4327,aug_529012436.png,Apocynum_androsaemifolium
4328,aug_296234335.png,Apocynum_androsaemifolium
4329,aug_405639872.png,Apocynum_androsaemifolium
4330,aug_403243355.png,Apocynum_androsaemifolium
4331,aug_302011322.png,Apocynum_androsaemifolium
4332,aug_424561796.png,Apocynum_androsaemifolium
4333,aug_299270365.png,Apocynum_androsaemifolium
4334,aug_298514870.png,Apocynum_androsaemifolium
4335,aug_471954666.png,Apocynum_androsaemifolium
4336,aug_211241917.png,Apocynum_androsaemifolium
4337,aug_529461176.png,Apocynum_androsaemifolium
4338,aug_301321557.png,Apocynum_androsaemifolium
4339,aug_526047813.png,Apocynum_androsaemifolium
4340,aug_210867954.png,Apocynum_androsaemifolium
4341,aug_533431821.png,Apocynum_androsaemifolium
4342,aug_211132592.png,Apocynum_androsaemifolium
4343,aug_298647972.png,Apocynum_androsaemifolium
4344,aug_307777333.png,Apocynum_androsaemifolium
4345,aug_517386841.png,Apocynum_androsaemifolium
4346,aug_398601217.png,Apocynum_androsaemifolium
4347,aug_404928944.png,Apocynum_androsaemifolium
4348,aug_418057167.png,Apocynum_androsaemifolium
4349,aug_295494285.png,Apocynum_androsaemifolium
4350,aug_288074425.png,Apocynum_androsaemifolium
4351,aug_520493539.png,Apocynum_androsaemifolium
4352,aug_216277027.png,Apocynum_androsaemifolium
4353,aug_300243511.png,Apocynum_androsaemifolium
4354,aug_288332004.png,Apocynum_androsaemifolium
4355,aug_386193043.png,Apocynum_androsaemifolium
4356,aug_411543337.png,Apocynum_androsaemifolium
4357,aug_310077775.png,Apocynum_androsaemifolium
4358,aug_528350978.png,Apocynum_androsaemifolium
4359,aug_408718345.png,Apocynum_androsaemifolium
4360,aug_215861901.png,Apocynum_androsaemifolium
4361,aug_534626289.png,Apocynum_androsaemifolium
4362,aug_300238768.png,Apocynum_androsaemifolium
4363,aug_214129423.png,Apocynum_androsaemifolium
4364,aug_210303983.png,Apocynum_androsaemifolium
4365,aug_410869029.png,Apocynum_androsaemifolium
4366,aug_443994598.png,Apocynum_androsaemifolium
4367,aug_299653818.png,Apocynum_androsaemifolium
4368,aug_213897596.png,Apocynum_androsaemifolium
4369,aug_217515565.png,Apocynum_androsaemifolium
4370,aug_326966577.png,Apocynum_androsaemifolium
4371,aug_534204185.png,Apocynum_androsaemifolium
4372,aug_293370231.png,Apocynum_androsaemifolium
4373,aug_218344336.png,Apocynum_androsaemifolium
4374,aug_297278648.png,Apocynum_androsaemifolium
4375,aug_212279415.png,Apocynum_androsaemifolium
4376,aug_298498119.png,Apocynum_androsaemifolium
4377,aug_533682933.png,Apocynum_androsaemifolium
4378,aug_396886283.png,Apocynum_androsaemifolium
4379,aug_218919191.png,Apocynum_androsaemifolium
4380,aug_210662997.png,Apocynum_androsaemifolium
4381,aug_295097066.png,Apocynum_androsaemifolium
4382,aug_353230136.png,Apocynum_androsaemifolium
4383,aug_288074354.png,Apocynum_androsaemifolium
4384,aug_217602097.png,Apocynum_androsaemifolium
4385,aug_526800730.png,Apocynum_androsaemifolium
4386,aug_212404342.png,Apocynum_androsaemifolium
4387,aug_419398449.png,Apocynum_androsaemifolium
4388,aug_405338605.png,Apocynum_androsaemifolium
4389,aug_527858137.png,Apocynum_androsaemifolium
4390,aug_405158561.png,Apocynum_androsaemifolium
4391,aug_211887416.png,Apocynum_androsaemifolium
4392,aug_533556876.png,Apocynum_androsaemifolium
4393,aug_304666426.png,Apocynum_androsaemifolium
4394,aug_256960771.png,Apocynum_androsaemifolium
4395,aug_395449908.png,Apocynum_androsaemifolium
4396,aug_289632375.png,Apocynum_androsaemifolium
4397,aug_393164520.png,Apocynum_androsaemifolium
4398,aug_413303447.png,Apocynum_androsaemifolium
4399,aug_297927534.png,Apocynum_androsaemifolium
4400,aug_394819646.png,Apocynum_androsaemifolium
4401,aug_410442929.png,Apocynum_androsaemifolium
4402,aug_399384930.png,Apocynum_androsaemifolium
4403,aug_299050480.png,Apocynum_androsaemifolium
4404,aug_408609125.png,Apocynum_androsaemifolium
4405,aug_412375125.png,Apocynum_androsaemifolium
4406,aug_218991777.png,Apocynum_androsaemifolium
4407,aug_405171104.png,Apocynum_androsaemifolium
4408,aug_292835082.png,Apocynum_androsaemifolium
4409,aug_210550409.png,Apocynum_androsaemifolium
4410,aug_527820417.png,Apocynum_androsaemifolium
4411,aug_527385188.png,Apocynum_androsaemifolium
4412,aug_420775757.png,Apocynum_androsaemifolium
4413,aug_529027413.png,Apocynum_androsaemifolium
4414,aug_299482682.png,Apocynum_androsaemifolium
4415,aug_531040134.png,Apocynum_androsaemifolium
4416,aug_214229906.png,Apocynum_androsaemifolium
4417,aug_523598959.png,Apocynum_androsaemifolium
4418,aug_341397075.png,Apocynum_androsaemifolium
4419,aug_299977149.png,Apocynum_androsaemifolium
4420,aug_305927473.png,Apocynum_androsaemifolium
4421,aug_300276892.png,Apocynum_androsaemifolium
4422,aug_293170611.png,Apocynum_androsaemifolium
4423,aug_525354715.png,Apocynum_androsaemifolium
4424,aug_301401455.png,Apocynum_androsaemifolium
4425,aug_407385191.png,Apocynum_androsaemifolium
4426,aug_393474675.png,Apocynum_androsaemifolium
4427,aug_530717013.png,Apocynum_androsaemifolium
4428,aug_523980142.png,Apocynum_androsaemifolium
4429,aug_403724368.png,Apocynum_androsaemifolium
4430,aug_263621151.png,Apocynum_androsaemifolium
4431,aug_405564252.png,Apocynum_androsaemifolium
4432,aug_216576189.png,Apocynum_androsaemifolium
4433,aug_308504185.png,Apocynum_androsaemifolium
4434,aug_293260748.png,Apocynum_androsaemifolium
4435,aug_302856484.png,Apocynum_androsaemifolium
4436,aug_325915147.png,Apocynum_androsaemifolium
4437,aug_407772628.png,Apocynum_androsaemifolium
4438,aug_290439992.png,Apocynum_androsaemifolium
4439,aug_212892611.png,Apocynum_androsaemifolium
4440,aug_532296714.png,Apocynum_androsaemifolium
4441,aug_391882823.png,Apocynum_androsaemifolium
4442,aug_408497662.png,Apocynum_androsaemifolium
4443,aug_299972652.png,Apocynum_androsaemifolium
4444,aug_211161024.png,Apocynum_androsaemifolium
4445,aug_209872817.png,Apocynum_androsaemifolium
4446,aug_530706655.png,Apocynum_androsaemifolium
4447,aug_303498339.png,Apocynum_androsaemifolium
4448,aug_527120225.png,Apocynum_androsaemifolium
4449,aug_398840701.png,Apocynum_androsaemifolium
4450,aug_291926679.png,Apocynum_androsaemifolium
4451,aug_531757940.png,Apocynum_androsaemifolium
4452,aug_296231223.png,Apocynum_androsaemifolium
4453,aug_293490856.png,Apocynum_androsaemifolium
4454,aug_300479142.png,Apocynum_androsaemifolium
4455,aug_298270411.png,Apocynum_androsaemifolium
4456,aug_530258752.png,Apocynum_androsaemifolium
4457,aug_219068002.png,Apocynum_androsaemifolium
4458,aug_289747803.png,Apocynum_androsaemifolium
4459,aug_296740025.png,Apocynum_androsaemifolium
4460,aug_210768068.png,Apocynum_androsaemifolium
4461,aug_290950425.png,Apocynum_androsaemifolium
4462,aug_359428267.png,Apocynum_androsaemifolium
4463,aug_289895612.png,Apocynum_androsaemifolium
4464,aug_300844872.png,Apocynum_androsaemifolium
4465,aug_532305547.png,Apocynum_androsaemifolium
4466,aug_291968739.png,Apocynum_androsaemifolium
4467,aug_305440332.png,Apocynum_androsaemifolium
4468,aug_526857351.png,Apocynum_androsaemifolium
4469,aug_530048558.png,Apocynum_androsaemifolium
4470,aug_528873844.png,Apocynum_androsaemifolium
4471,aug_295995703.png,Apocynum_androsaemifolium
4472,aug_528240979.png,Apocynum_androsaemifolium
4473,aug_470605527.png,Apocynum_androsaemifolium
4474,aug_242498743.png,Apocynum_androsaemifolium
4475,aug_524750426.png,Apocynum_androsaemifolium
4476,aug_219731694.png,Apocynum_androsaemifolium
4477,aug_212532585.png,Apocynum_androsaemifolium
4478,aug_286365992.png,Apocynum_androsaemifolium
4479,aug_300390249.png,Apocynum_androsaemifolium
4480,aug_291745026.png,Apocynum_androsaemifolium
4481,aug_521510655.png,Apocynum_androsaemifolium
4482,aug_526562958.png,Apocynum_androsaemifolium
4483,aug_214460982.png,Apocynum_androsaemifolium
4484,aug_293167364.png,Apocynum_androsaemifolium
4485,aug_533531878.png,Apocynum_androsaemifolium
4486,aug_528320358.png,Apocynum_androsaemifolium
4487,aug_296233086.png,Apocynum_androsaemifolium
4488,aug_410472043.png,Apocynum_androsaemifolium
4489,aug_521716240.png,Apocynum_androsaemifolium
4490,aug_213523777.png,Apocynum_androsaemifolium
4491,aug_217573548.png,Apocynum_androsaemifolium
4492,aug_310478423.png,Apocynum_androsaemifolium
4493,aug_531436970.png,Apocynum_androsaemifolium
4494,aug_211587128.png,Apocynum_androsaemifolium
4495,aug_302811509.png,Apocynum_androsaemifolium
4496,aug_534563560.png,Apocynum_androsaemifolium
4497,aug_530814282.png,Apocynum_androsaemifolium
4498,aug_217779972.png,Apocynum_androsaemifolium
4499,aug_225443003.png,Apocynum_androsaemifolium
4500,aug_398037696.png,Apocynum_androsaemifolium
4501,aug_530573395.png,Apocynum_androsaemifolium
4502,aug_291038404.png,Apocynum_androsaemifolium
4503,aug_529007856.png,Apocynum_androsaemifolium
4504,aug_293282135.png,Apocynum_androsaemifolium
4505,aug_298131906.png,Apocynum_androsaemifolium
4506,aug_212355738.png,Apocynum_androsaemifolium
4507,aug_290653921.png,Apocynum_androsaemifolium
4508,aug_422844067.png,Apocynum_androsaemifolium
4509,aug_219027976.png,Apocynum_androsaemifolium
4510,aug_291887058.png,Apocynum_androsaemifolium
4511,aug_524793465.png,Apocynum_androsaemifolium
4512,aug_390565409.png,Apocynum_androsaemifolium
4513,aug_293439116.png,Apocynum_androsaemifolium
4514,aug_402151518.png,Apocynum_androsaemifolium
4515,aug_411951227.png,Apocynum_androsaemifolium
4516,aug_295796492.png,Apocynum_androsaemifolium
4517,aug_304667574.png,Apocynum_androsaemifolium
4518,aug_413212944.png,Apocynum_androsaemifolium
4519,aug_405262909.png,Apocynum_androsaemifolium
4520,aug_220315562.png,Apocynum_androsaemifolium
4521,aug_405885986.png,Apocynum_androsaemifolium
4522,aug_521574238.png,Apocynum_androsaemifolium
4523,aug_292202776.png,Apocynum_androsaemifolium
4524,aug_398419983.png,Apocynum_androsaemifolium
4525,aug_215032175.png,Apocynum_androsaemifolium
4526,aug_302128403.png,Apocynum_androsaemifolium
4527,aug_403058437.png,Apocynum_androsaemifolium
4528,aug_403396472.png,Apocynum_androsaemifolium
4529,aug_430023264.png,Apocynum_androsaemifolium
4530,aug_407902704.png,Apocynum_androsaemifolium
4531,aug_407220579.png,Apocynum_androsaemifolium
4532,aug_530005726.png,Apocynum_androsaemifolium
4533,aug_211225640.png,Apocynum_androsaemifolium
4534,aug_401641355.png,Apocynum_androsaemifolium
4535,aug_287685369.png,Apocynum_androsaemifolium
4536,aug_301133823.png,Apocynum_androsaemifolium
4537,aug_216450550.png,Apocynum_androsaemifolium
4538,aug_214979681.png,Apocynum_androsaemifolium
4539,aug_299054040.png,Apocynum_androsaemifolium
4540,aug_401716741.png,Apocynum_androsaemifolium
4541,aug_531012140.png,Apocynum_androsaemifolium
4542,aug_522059041.png,Apocynum_androsaemifolium
4543,aug_327529566.png,Apocynum_androsaemifolium
4544,aug_295533806.png,Apocynum_androsaemifolium
4545,aug_457884404.png,Apocynum_androsaemifolium
4546,aug_215099256.png,Apocynum_androsaemifolium
4547,aug_209642803.png,Apocynum_androsaemifolium
4548,aug_405566820.png,Apocynum_androsaemifolium
4549,aug_526455177.png,Apocynum_androsaemifolium
4550,aug_216932081.png,Apocynum_androsaemifolium
4551,aug_217262579.png,Apocynum_androsaemifolium
4552,aug_533742690.png,Apocynum_androsaemifolium
4553,aug_292645002.png,Apocynum_androsaemifolium
4554,aug_217754933.png,Apocynum_androsaemifolium
4555,aug_319510897.png,Apocynum_androsaemifolium
4556,aug_297384628.png,Apocynum_androsaemifolium
4557,aug_303141900.png,Apocynum_androsaemifolium
4558,aug_525303275.png,Apocynum_androsaemifolium
4559,aug_297554846.png,Apocynum_androsaemifolium
4560,aug_529299357.png,Apocynum_androsaemifolium
4561,aug_357379633.png,Apocynum_androsaemifolium
4562,aug_529705328.png,Apocynum_androsaemifolium
4563,aug_300624917.png,Apocynum_androsaemifolium
4564,aug_528159821.png,Apocynum_androsaemifolium
4565,aug_407950011.png,Apocynum_androsaemifolium
4566,aug_212489236.png,Apocynum_androsaemifolium
4567,aug_292861476.png,Apocynum_androsaemifolium
4568,aug_533649520.png,Apocynum_androsaemifolium
4569,aug_393115372.png,Apocynum_androsaemifolium
4570,aug_211298335.png,Apocynum_androsaemifolium
4571,aug_299663146.png,Apocynum_androsaemifolium
4572,aug_393239944.png,Apocynum_androsaemifolium
4573,aug_291415576.png,Apocynum_androsaemifolium
4574,aug_298985612.png,Apocynum_androsaemifolium
4575,aug_304006488.png,Apocynum_androsaemifolium
4576,aug_212156745.png,Apocynum_androsaemifolium
4577,aug_397785257.png,Apocynum_androsaemifolium
4578,aug_302159678.png,Apocynum_androsaemifolium
4579,aug_300650329.png,Apocynum_androsaemifolium
4580,aug_534047843.png,Apocynum_androsaemifolium
4581,aug_397980413.png,Apocynum_androsaemifolium
4582,aug_247279356.png,Apocynum_androsaemifolium
4583,aug_293938660.png,Apocynum_androsaemifolium
4584,aug_301061387.png,Apocynum_androsaemifolium
4585,aug_295797801.png,Apocynum_androsaemifolium
4586,aug_292039550.png,Apocynum_androsaemifolium
4587,aug_359692561.png,Apocynum_androsaemifolium
4588,aug_399485664.png,Apocynum_androsaemifolium
4589,aug_526647040.png,Apocynum_androsaemifolium
4590,aug_302631573.png,Apocynum_androsaemifolium
4591,aug_209729370.png,Apocynum_androsaemifolium
4592,aug_403756418.png,Apocynum_androsaemifolium
4593,aug_294960173.png,Apocynum_androsaemifolium
4594,aug_295288769.png,Apocynum_androsaemifolium
4595,aug_213511432.png,Apocynum_androsaemifolium
4596,aug_524692917.png,Apocynum_androsaemifolium
4597,aug_400096212.png,Apocynum_androsaemifolium
4598,aug_531774966.png,Apocynum_androsaemifolium
4599,aug_293018109.png,Apocynum_androsaemifolium
4600,aug_211613739.png,Apocynum_androsaemifolium
4601,aug_298314640.png,Apocynum_androsaemifolium
4602,aug_410988785.png,Apocynum_androsaemifolium
4603,aug_528969773.png,Apocynum_androsaemifolium
4604,aug_405523320.png,Apocynum_androsaemifolium
4605,aug_216300428.png,Apocynum_androsaemifolium
4606,aug_417207502.png,Apocynum_androsaemifolium
4607,aug_525604723.png,Apocynum_androsaemifolium
4608,aug_305171548.png,Apocynum_androsaemifolium
4609,aug_214181763.png,Apocynum_androsaemifolium
4610,aug_302874460.png,Apocynum_androsaemifolium
4611,aug_211832487.png,Apocynum_androsaemifolium
4612,aug_399956182.png,Apocynum_androsaemifolium
4613,aug_210374873.png,Apocynum_androsaemifolium
4614,aug_531598511.png,Apocynum_androsaemifolium
4615,aug_303334658.png,Apocynum_androsaemifolium
4616,aug_293302880.png,Apocynum_androsaemifolium
4617,aug_405736198.png,Apocynum_androsaemifolium
4618,aug_399572041.png,Apocynum_androsaemifolium
4619,aug_531408736.png,Apocynum_androsaemifolium
4620,aug_413831903.png,Apocynum_androsaemifolium
4621,aug_307618723.png,Apocynum_androsaemifolium
4622,aug_287665464.png,Apocynum_androsaemifolium
4623,aug_521121289.png,Apocynum_androsaemifolium
4624,aug_407583768.png,Apocynum_androsaemifolium
4625,aug_218288998.png,Apocynum_androsaemifolium
4626,aug_213733180.png,Apocynum_androsaemifolium
4627,aug_293954715.png,Apocynum_androsaemifolium
4628,aug_243755373.png,Apocynum_androsaemifolium
4629,aug_296812549.png,Apocynum_androsaemifolium
4630,aug_292752544.png,Apocynum_androsaemifolium
4631,aug_532443968.png,Apocynum_androsaemifolium
4632,aug_394285639.png,Apocynum_androsaemifolium
4633,aug_236149571.png,Apocynum_androsaemifolium
4634,aug_299626815.png,Apocynum_androsaemifolium
4635,aug_300996765.png,Apocynum_androsaemifolium
4636,aug_216846263.png,Apocynum_androsaemifolium
4637,aug_218953147.png,Apocynum_androsaemifolium
4638,aug_286551553.png,Apocynum_androsaemifolium
4639,aug_401788257.png,Apocynum_androsaemifolium
4640,aug_528442915.png,Apocynum_androsaemifolium
4641,aug_530860533.png,Apocynum_androsaemifolium
4642,aug_291380041.png,Apocynum_androsaemifolium
4643,aug_407540384.png,Apocynum_androsaemifolium
4644,aug_288740449.png,Apocynum_androsaemifolium
4645,aug_532656196.png,Apocynum_androsaemifolium
4646,aug_523019115.png,Apocynum_androsaemifolium
4647,aug_454510484.png,Apocynum_androsaemifolium
4648,aug_215514772.png,Apocynum_androsaemifolium
4649,aug_293385590.png,Apocynum_androsaemifolium
4650,aug_527595752.png,Apocynum_androsaemifolium
4651,aug_527823330.png,Apocynum_androsaemifolium
4652,aug_399931627.png,Apocynum_androsaemifolium
4653,aug_471689376.png,Apocynum_androsaemifolium
4654,aug_299794767.png,Apocynum_androsaemifolium
4655,aug_291411525.png,Apocynum_androsaemifolium
4656,aug_211645071.png,Apocynum_androsaemifolium
4657,aug_222839831.png,Apocynum_androsaemifolium
4658,aug_517876575.png,Apocynum_androsaemifolium
4659,aug_520548058.png,Apocynum_androsaemifolium
4660,aug_291008323.png,Apocynum_androsaemifolium
4661,aug_377806184.png,Apocynum_androsaemifolium
4662,aug_532005995.png,Apocynum_androsaemifolium
4663,aug_213225794.png,Apocynum_androsaemifolium
4664,aug_296113628.png,Apocynum_androsaemifolium
4665,aug_403888203.png,Apocynum_androsaemifolium
4666,aug_291765929.png,Apocynum_androsaemifolium
4667,aug_333710019.png,Apocynum_androsaemifolium
4668,aug_211871541.png,Apocynum_androsaemifolium
4669,aug_522187716.png,Apocynum_androsaemifolium
4670,aug_531943108.png,Apocynum_androsaemifolium
4671,aug_293396149.png,Apocynum_androsaemifolium
4672,aug_532008109.png,Apocynum_androsaemifolium
4673,aug_216695222.png,Apocynum_androsaemifolium
4674,aug_304643492.png,Apocynum_androsaemifolium
4675,aug_463800582.png,Apocynum_androsaemifolium
4676,aug_303882528.png,Apocynum_androsaemifolium
4677,aug_534000187.png,Apocynum_androsaemifolium
4678,aug_407855202.png,Apocynum_androsaemifolium
4679,aug_210410128.png,Apocynum_androsaemifolium
4680,aug_337417692.png,Apocynum_androsaemifolium
4681,aug_408360790.png,Apocynum_androsaemifolium
4682,aug_533174715.png,Apocynum_androsaemifolium
4683,aug_405966883.png,Apocynum_androsaemifolium
4684,aug_288085739.png,Apocynum_androsaemifolium
4685,aug_216505880.png,Apocynum_androsaemifolium
4686,aug_294875272.png,Apocynum_androsaemifolium
4687,aug_287436001.png,Apocynum_androsaemifolium
4688,aug_397792842.png,Apocynum_androsaemifolium
4689,aug_409304023.png,Apocynum_androsaemifolium
4690,aug_215143620.png,Apocynum_androsaemifolium
4691,aug_210988874.png,Apocynum_androsaemifolium
4692,aug_405564084.png,Apocynum_androsaemifolium
4693,aug_293458956.png,Apocynum_androsaemifolium
4694,aug_215745787.png,Apocynum_androsaemifolium
4695,aug_292763706.png,Apocynum_androsaemifolium
4696,aug_531592530.png,Apocynum_androsaemifolium
4697,aug_355552221.png,Apocynum_androsaemifolium
4698,aug_529518790.png,Apocynum_androsaemifolium
4699,aug_293524624.png,Apocynum_androsaemifolium
4700,aug_306271446.png,Apocynum_androsaemifolium
4701,aug_534241311.png,Apocynum_androsaemifolium
4702,aug_524836240.png,Apocynum_androsaemifolium
4703,aug_304784516.png,Apocynum_androsaemifolium
4704,aug_405197667.png,Apocynum_androsaemifolium
4705,aug_521062522.png,Apocynum_androsaemifolium
4706,aug_249303683.png,Apocynum_androsaemifolium
4707,aug_295040690.png,Apocynum_androsaemifolium
4708,aug_291418410.png,Apocynum_androsaemifolium
4709,aug_299976913.png,Apocynum_androsaemifolium
4710,aug_402977398.png,Apocynum_androsaemifolium
4711,aug_212285288.png,Apocynum_androsaemifolium
4712,aug_209686284.png,Apocynum_androsaemifolium
4713,aug_526434482.png,Apocynum_androsaemifolium
4714,aug_296738478.png,Apocynum_androsaemifolium
4715,aug_531429573.png,Apocynum_androsaemifolium
4716,aug_211610278.png,Apocynum_androsaemifolium
4717,aug_418062314.png,Apocynum_androsaemifolium
4718,aug_291627951.png,Apocynum_androsaemifolium
4719,aug_529542749.png,Apocynum_androsaemifolium
4720,aug_218671627.png,Apocynum_androsaemifolium
4721,aug_290007891.png,Apocynum_androsaemifolium
4722,aug_211178663.png,Apocynum_androsaemifolium
4723,aug_452257306.png,Apocynum_androsaemifolium
4724,aug_224810227.png,Apocynum_androsaemifolium
4725,aug_289600011.png,Apocynum_androsaemifolium
4726,aug_529759853.png,Apocynum_androsaemifolium
4727,aug_216352240.png,Apocynum_androsaemifolium
4728,aug_286694440.png,Apocynum_androsaemifolium
4729,aug_221822053.png,Apocynum_androsaemifolium
4730,aug_220757012.png,Apocynum_androsaemifolium
4731,aug_468547533.png,Apocynum_androsaemifolium
4732,aug_215375881.png,Apocynum_androsaemifolium
4733,aug_529003630.png,Apocynum_androsaemifolium
4734,aug_423337341.png,Apocynum_androsaemifolium
4735,aug_306278759.png,Apocynum_androsaemifolium
4736,aug_469606477.png,Apocynum_androsaemifolium
4737,aug_211885902.png,Apocynum_androsaemifolium
4738,aug_304249612.png,Apocynum_androsaemifolium
4739,aug_210218647.png,Apocynum_androsaemifolium
4740,aug_401375130.png,Apocynum_androsaemifolium
4741,aug_304391612.png,Apocynum_androsaemifolium
4742,aug_290554184.png,Apocynum_androsaemifolium
4743,aug_366942906.png,Apocynum_androsaemifolium
4744,aug_218569391.png,Apocynum_androsaemifolium
4745,aug_213683298.png,Apocynum_androsaemifolium
4746,aug_287682827.png,Apocynum_androsaemifolium
4747,aug_219498545.png,Apocynum_androsaemifolium
4748,aug_213130541.png,Apocynum_androsaemifolium
4749,aug_282278547.png,Apocynum_androsaemifolium
4750,aug_209837059.png,Apocynum_androsaemifolium
4751,aug_406225236.png,Apocynum_androsaemifolium
4752,aug_521691066.png,Apocynum_androsaemifolium
4753,aug_412318122.png,Apocynum_androsaemifolium
4754,aug_410306693.png,Apocynum_androsaemifolium
4755,aug_297210576.png,Apocynum_androsaemifolium
4756,aug_292324433.png,Apocynum_androsaemifolium
4757,aug_409872140.png,Apocynum_androsaemifolium
4758,aug_524030186.png,Apocynum_androsaemifolium
4759,aug_299626486.png,Apocynum_androsaemifolium
4760,aug_218353268.png,Apocynum_androsaemifolium
4761,aug_406348960.png,Apocynum_androsaemifolium
4762,aug_401449258.png,Apocynum_androsaemifolium
4763,aug_396555881.png,Apocynum_androsaemifolium
4764,aug_401772983.png,Apocynum_androsaemifolium
4765,aug_297896384.png,Apocynum_androsaemifolium
4766,aug_292087436.png,Apocynum_androsaemifolium
4767,aug_297166096.png,Apocynum_androsaemifolium
4768,aug_408586233.png,Apocynum_androsaemifolium
4769,aug_294772645.png,Apocynum_androsaemifolium
4770,aug_291548662.png,Apocynum_androsaemifolium
4771,aug_403414036.png,Apocynum_androsaemifolium
4772,aug_287619730.png,Apocynum_androsaemifolium
4773,aug_301020484.png,Apocynum_androsaemifolium
4774,aug_300235327.png,Apocynum_androsaemifolium
4775,aug_212259660.png,Apocynum_androsaemifolium
4776,aug_402269723.png,Apocynum_androsaemifolium
4777,aug_296100882.png,Apocynum_androsaemifolium
4778,aug_210973539.png,Apocynum_androsaemifolium
4779,aug_517184124.png,Apocynum_androsaemifolium
4780,aug_521630961.png,Apocynum_androsaemifolium
4781,aug_404199783.png,Apocynum_androsaemifolium
4782,aug_286777491.png,Apocynum_androsaemifolium
4783,aug_465466641.png,Apocynum_androsaemifolium
4784,aug_289806158.png,Apocynum_androsaemifolium
4785,aug_526584919.png,Apocynum_androsaemifolium
4786,aug_210179723.png,Apocynum_androsaemifolium
4787,aug_520061990.png,Apocynum_androsaemifolium
4788,aug_405564281.png,Apocynum_androsaemifolium
4789,aug_530941024.png,Apocynum_androsaemifolium
4790,aug_528159852.png,Apocynum_androsaemifolium
4791,aug_391441679.png,Apocynum_androsaemifolium
4792,aug_291850611.png,Apocynum_androsaemifolium
4793,aug_415715519.png,Apocynum_androsaemifolium
4794,aug_290050411.png,Apocynum_androsaemifolium
4795,aug_212933964.png,Apocynum_androsaemifolium
4796,aug_300249690.png,Apocynum_androsaemifolium
4797,aug_289654439.png,Apocynum_androsaemifolium
4798,aug_357715526.png,Apocynum_androsaemifolium
4799,aug_404209551.png,Apocynum_androsaemifolium
4800,aug_221132556.png,Apocynum_androsaemifolium
4801,aug_210666069.png,Apocynum_androsaemifolium
4802,aug_290458371.png,Apocynum_androsaemifolium
4803,aug_303714877.png,Apocynum_androsaemifolium
4804,aug_525234101.png,Apocynum_androsaemifolium
4805,aug_294134572.png,Apocynum_androsaemifolium
4806,aug_292829643.png,Apocynum_androsaemifolium
4807,aug_305088187.png,Apocynum_androsaemifolium
4808,aug_290634414.png,Apocynum_androsaemifolium
4809,aug_304515718.png,Apocynum_androsaemifolium
4810,aug_400974792.png,Apocynum_androsaemifolium
4811,aug_399057699.png,Apocynum_androsaemifolium
4812,aug_217606758.png,Apocynum_androsaemifolium
4813,aug_529570935.png,Apocynum_androsaemifolium
4814,aug_408023555.png,Apocynum_androsaemifolium
4815,aug_305266501.png,Apocynum_androsaemifolium
4816,aug_213392736.png,Apocynum_androsaemifolium
4817,aug_288318014.png,Apocynum_androsaemifolium
4818,aug_290088198.png,Apocynum_androsaemifolium
4819,aug_288633988.png,Apocynum_androsaemifolium
4820,aug_300866031.png,Apocynum_androsaemifolium
4821,aug_216058431.png,Apocynum_androsaemifolium
4822,aug_292303208.png,Apocynum_androsaemifolium
4823,aug_213048712.png,Apocynum_androsaemifolium
4824,aug_394673068.png,Apocynum_androsaemifolium
4825,aug_531460420.png,Apocynum_androsaemifolium
4826,aug_291803331.png,Apocynum_androsaemifolium
4827,aug_211007252.png,Apocynum_androsaemifolium
4828,aug_296899737.png,Apocynum_androsaemifolium
4829,aug_293037139.png,Apocynum_androsaemifolium
4830,aug_521033911.png,Apocynum_androsaemifolium
4831,aug_289945910.png,Apocynum_androsaemifolium
4832,aug_532446117.png,Apocynum_androsaemifolium
4833,aug_532039437.png,Apocynum_androsaemifolium
4834,aug_412749572.png,Apocynum_androsaemifolium
4835,aug_410454891.png,Apocynum_androsaemifolium
4836,aug_212597513.png,Apocynum_androsaemifolium
4837,aug_519575774.png,Apocynum_androsaemifolium
4838,aug_293466106.png,Apocynum_androsaemifolium
4839,aug_518090026.png,Apocynum_androsaemifolium
4840,aug_401485326.png,Apocynum_androsaemifolium
4841,aug_217365787.png,Apocynum_androsaemifolium
4842,aug_213742347.png,Apocynum_androsaemifolium
4843,aug_296165675.png,Apocynum_androsaemifolium
4844,aug_531537321.png,Apocynum_androsaemifolium
4845,aug_402549589.png,Apocynum_androsaemifolium
4846,aug_528766740.png,Apocynum_androsaemifolium
4847,aug_215727304.png,Apocynum_androsaemifolium
4848,aug_409842360.png,Apocynum_androsaemifolium
4849,aug_293148178.png,Apocynum_androsaemifolium
4850,aug_529596892.png,Apocynum_androsaemifolium
4851,aug_299861827.png,Apocynum_androsaemifolium
4852,aug_211228947.png,Apocynum_androsaemifolium
4853,aug_292383087.png,Apocynum_androsaemifolium
4854,aug_215084000.png,Apocynum_androsaemifolium
4855,aug_293928284.png,Apocynum_androsaemifolium
4856,aug_397911355.png,Apocynum_androsaemifolium
4857,aug_250038566.png,Apocynum_androsaemifolium
4858,aug_304974085.png,Apocynum_androsaemifolium
4859,aug_297611717.png,Apocynum_androsaemifolium
4860,aug_298869768.png,Apocynum_androsaemifolium
4861,aug_442201647.png,Apocynum_androsaemifolium
4862,aug_406348836.png,Apocynum_androsaemifolium
4863,aug_304906988.png,Apocynum_androsaemifolium
4864,aug_390027498.png,Apocynum_androsaemifolium
4865,aug_293304874.png,Apocynum_androsaemifolium
4866,aug_211333850.png,Apocynum_androsaemifolium
4867,aug_525884583.png,Apocynum_androsaemifolium
4868,aug_531552657.png,Apocynum_androsaemifolium
4869,aug_406957351.png,Apocynum_androsaemifolium
4870,aug_292991791.png,Apocynum_androsaemifolium
4871,aug_295766574.png,Apocynum_androsaemifolium
4872,aug_525982440.png,Apocynum_androsaemifolium
4873,aug_401933320.png,Apocynum_androsaemifolium
4874,aug_530043760.png,Apocynum_androsaemifolium
4875,aug_218013765.png,Apocynum_androsaemifolium
4876,aug_294535935.png,Apocynum_androsaemifolium
4877,aug_406791177.png,Apocynum_androsaemifolium
4878,aug_406385820.png,Apocynum_androsaemifolium
4879,aug_214249304.png,Apocynum_androsaemifolium
4880,aug_300519163.png,Apocynum_androsaemifolium
4881,aug_527860960.png,Apocynum_androsaemifolium
4882,aug_212113593.png,Apocynum_androsaemifolium
4883,aug_514414781.png,Apocynum_androsaemifolium
4884,aug_534045431.png,Apocynum_androsaemifolium
4885,aug_211856042.png,Apocynum_androsaemifolium
4886,aug_218944409.png,Apocynum_androsaemifolium
4887,aug_211580388.png,Apocynum_androsaemifolium
4888,aug_522088269.png,Apocynum_androsaemifolium
4889,aug_292181428.png,Apocynum_androsaemifolium
4890,aug_211814139.png,Apocynum_androsaemifolium
4891,aug_295634947.png,Apocynum_androsaemifolium
4892,aug_290654187.png,Apocynum_androsaemifolium
4893,aug_396356084.png,Apocynum_androsaemifolium
4894,aug_529052458.png,Apocynum_androsaemifolium
4895,aug_289493681.png,Apocynum_androsaemifolium
4896,aug_325114902.png,Apocynum_androsaemifolium
4897,aug_301510752.png,Apocynum_androsaemifolium
4898,aug_392657770.png,Apocynum_androsaemifolium
4899,aug_410424002.png,Apocynum_androsaemifolium
4900,aug_402061492.png,Apocynum_androsaemifolium
4901,aug_400083347.png,Apocynum_androsaemifolium
4902,aug_412630131.png,Apocynum_androsaemifolium
4903,aug_520600148.png,Apocynum_androsaemifolium
4904,aug_289231723.png,Apocynum_androsaemifolium
4905,aug_412625909.png,Apocynum_androsaemifolium
4906,aug_521002893.png,Apocynum_androsaemifolium
4907,aug_525404638.png,Apocynum_androsaemifolium
4908,aug_522762218.png,Apocynum_androsaemifolium
4909,aug_210456172.png,Apocynum_androsaemifolium
4910,aug_399912444.png,Apocynum_androsaemifolium
4911,aug_211301905.png,Apocynum_androsaemifolium
4912,aug_304860906.png,Apocynum_androsaemifolium
4913,aug_291040674.png,Apocynum_androsaemifolium
4914,aug_489521051.png,Apocynum_androsaemifolium
4915,aug_369791933.png,Apocynum_androsaemifolium
4916,aug_529558437.png,Apocynum_androsaemifolium
4917,aug_296847861.png,Apocynum_androsaemifolium
4918,aug_300397615.png,Apocynum_androsaemifolium
4919,aug_217500749.png,Apocynum_androsaemifolium
4920,aug_524368642.png,Apocynum_androsaemifolium
4921,aug_521926903.png,Apocynum_androsaemifolium
4922,aug_297262335.png,Apocynum_androsaemifolium
4923,aug_215706285.png,Apocynum_androsaemifolium
4924,aug_404233010.png,Apocynum_androsaemifolium
4925,aug_433463466.png,Apocynum_androsaemifolium
4926,aug_295088983.png,Apocynum_androsaemifolium
4927,aug_224419272.png,Apocynum_androsaemifolium
4928,aug_396140967.png,Apocynum_androsaemifolium
4929,aug_520071458.png,Apocynum_androsaemifolium
4930,aug_534216686.png,Apocynum_androsaemifolium
4931,aug_216329055.png,Apocynum_androsaemifolium
4932,aug_295451633.png,Apocynum_androsaemifolium
4933,aug_299034233.png,Apocynum_androsaemifolium
4934,aug_218102359.png,Apocynum_androsaemifolium
4935,aug_405566647.png,Apocynum_androsaemifolium
4936,aug_404108202.png,Apocynum_androsaemifolium
4937,aug_533013396.png,Apocynum_androsaemifolium
4938,aug_400958017.png,Apocynum_androsaemifolium
4939,aug_534025835.png,Apocynum_androsaemifolium
4940,aug_295189444.png,Apocynum_androsaemifolium
4941,aug_299829975.png,Apocynum_androsaemifolium
4942,aug_219501322.png,Apocynum_androsaemifolium
4943,aug_295658287.png,Apocynum_androsaemifolium
4944,aug_402016176.png,Apocynum_androsaemifolium
4945,aug_407170967.png,Apocynum_androsaemifolium
4946,aug_523665508.png,Apocynum_androsaemifolium
4947,aug_288094060.png,Apocynum_androsaemifolium
4948,aug_455272912.png,Apocynum_androsaemifolium
4949,aug_413827407.png,Apocynum_androsaemifolium
4950,aug_210109620.png,Apocynum_androsaemifolium
4951,aug_217178657.png,Apocynum_androsaemifolium
4952,aug_402256888.png,Apocynum_androsaemifolium
4953,aug_528037084.png,Apocynum_androsaemifolium
4954,aug_215572107.png,Apocynum_androsaemifolium
4955,aug_522379330.png,Apocynum_androsaemifolium
4956,aug_211802006.png,Apocynum_androsaemifolium
4957,aug_523479146.png,Apocynum_androsaemifolium
4958,aug_304193209.png,Apocynum_androsaemifolium
4959,aug_460957540.png,Apocynum_androsaemifolium
4960,aug_397832327.png,Apocynum_androsaemifolium
4961,aug_528757316.png,Apocynum_androsaemifolium
4962,aug_256044479.png,Apocynum_androsaemifolium
4963,aug_292449720.png,Apocynum_androsaemifolium
4964,aug_293108316.png,Apocynum_androsaemifolium
4965,aug_215350044.png,Apocynum_androsaemifolium
4966,aug_393462962.png,Apocynum_androsaemifolium
4967,aug_410283400.png,Apocynum_androsaemifolium
4968,aug_527611682.png,Apocynum_androsaemifolium
4969,aug_210470713.png,Apocynum_androsaemifolium
4970,aug_412658773.png,Apocynum_androsaemifolium
4971,aug_218843333.png,Apocynum_androsaemifolium
4972,aug_290434530.png,Apocynum_androsaemifolium
4973,aug_530431780.png,Apocynum_androsaemifolium
4974,aug_216622668.png,Apocynum_androsaemifolium
4975,aug_518426770.png,Apocynum_androsaemifolium
4976,aug_287909043.png,Apocynum_androsaemifolium
4977,aug_298030883.png,Apocynum_androsaemifolium
4978,aug_466475266.png,Apocynum_androsaemifolium
4979,aug_526324139.png,Apocynum_androsaemifolium
4980,aug_408802553.png,Apocynum_androsaemifolium
4981,aug_406333701.png,Apocynum_androsaemifolium
4982,aug_530886565.png,Apocynum_androsaemifolium
4983,aug_407449682.png,Apocynum_androsaemifolium
4984,aug_209820266.png,Apocynum_androsaemifolium
4985,aug_402374107.png,Apocynum_androsaemifolium
4986,aug_524931949.png,Apocynum_androsaemifolium
4987,aug_217573609.png,Apocynum_androsaemifolium
4988,aug_412892968.png,Apocynum_androsaemifolium
4989,aug_298279059.png,Apocynum_androsaemifolium
4990,aug_530812967.png,Apocynum_androsaemifolium
4991,aug_449387598.png,Apocynum_androsaemifolium
4992,aug_523595428.png,Apocynum_androsaemifolium
4993,aug_221618050.png,Apocynum_androsaemifolium
4994,aug_292195797.png,Apocynum_androsaemifolium
4995,aug_218830135.png,Apocynum_androsaemifolium
4996,aug_299647783.png,Apocynum_androsaemifolium
4997,aug_399583962.png,Apocynum_androsaemifolium
4998,aug_321379794.png,Apocynum_androsaemifolium
4999,aug_295714577.png,Apocynum_androsaemifolium
5000,aug_300595639.png,Apocynum_androsaemifolium
5001,aug_210221112.png,Apocynum_androsaemifolium
5002,aug_215709381.png,Apocynum_androsaemifolium
5003,aug_518928823.png,Apocynum_androsaemifolium
5004,aug_293704976.png,Apocynum_androsaemifolium
5005,aug_298113567.png,Apocynum_androsaemifolium
5006,aug_424259314.png,Apocynum_androsaemifolium
5007,aug_405633268.png,Apocynum_androsaemifolium
5008,aug_291877996.png,Apocynum_androsaemifolium
5009,aug_524765035.png,Apocynum_androsaemifolium
5010,aug_394514157.png,Apocynum_androsaemifolium
5011,aug_528630357.png,Apocynum_androsaemifolium
5012,aug_295784630.png,Apocynum_androsaemifolium
5013,aug_411083095.png,Apocynum_androsaemifolium
5014,aug_215550823.png,Apocynum_androsaemifolium
5015,aug_525805353.png,Apocynum_androsaemifolium
5016,aug_210487234.png,Apocynum_androsaemifolium
5017,aug_395822163.png,Apocynum_androsaemifolium
5018,aug_292620447.png,Apocynum_androsaemifolium
5019,aug_410559672.png,Apocynum_androsaemifolium
5020,aug_407512734.png,Apocynum_androsaemifolium
5021,aug_291485176.png,Apocynum_androsaemifolium
5022,aug_217086422.png,Apocynum_androsaemifolium
5023,aug_405571625.png,Apocynum_androsaemifolium
5024,aug_291094373.png,Apocynum_androsaemifolium
5025,aug_292392337.png,Apocynum_androsaemifolium
5026,aug_303240273.png,Apocynum_androsaemifolium
5027,aug_533426920.png,Apocynum_androsaemifolium
5028,aug_531073430.png,Apocynum_androsaemifolium
5029,aug_296713394.png,Apocynum_androsaemifolium
5030,aug_291075903.png,Apocynum_androsaemifolium
5031,aug_298146281.png,Apocynum_androsaemifolium
5032,aug_300312782.png,Apocynum_androsaemifolium
5033,aug_402501643.png,Apocynum_androsaemifolium
5034,aug_409541866.png,Apocynum_androsaemifolium
5035,aug_217072686.png,Apocynum_androsaemifolium
5036,aug_528881322.png,Apocynum_androsaemifolium
5037,aug_213622774.png,Apocynum_androsaemifolium
5038,aug_399663027.png,Apocynum_androsaemifolium
5039,aug_406775386.png,Apocynum_androsaemifolium
5040,aug_210954143.png,Apocynum_androsaemifolium
5041,aug_398406581.png,Apocynum_androsaemifolium
5042,aug_325905050.png,Apocynum_androsaemifolium
5043,aug_292010970.png,Apocynum_androsaemifolium
5044,aug_412355388.png,Apocynum_androsaemifolium
5045,aug_210392166.png,Apocynum_androsaemifolium
5046,aug_301957357.png,Apocynum_androsaemifolium
5047,aug_225719880.png,Apocynum_androsaemifolium
5048,aug_216316278.png,Apocynum_androsaemifolium
5049,aug_216671177.png,Apocynum_androsaemifolium
5050,aug_519405935.png,Apocynum_androsaemifolium
5051,aug_299068265.png,Apocynum_androsaemifolium
5052,aug_398473681.png,Apocynum_androsaemifolium
5053,aug_293178871.png,Apocynum_androsaemifolium
5054,aug_302611237.png,Apocynum_androsaemifolium
5055,aug_405263193.png,Apocynum_androsaemifolium
5056,aug_287990487.png,Apocynum_androsaemifolium
5057,aug_413184459.png,Apocynum_androsaemifolium
5058,aug_424461332.png,Apocynum_androsaemifolium
5059,aug_218499168.png,Apocynum_androsaemifolium
5060,aug_294326208.png,Apocynum_androsaemifolium
5061,aug_213705721.png,Apocynum_androsaemifolium
5062,aug_218048291.png,Apocynum_androsaemifolium
5063,aug_293129963.png,Apocynum_androsaemifolium
5064,aug_406560911.png,Apocynum_androsaemifolium
5065,aug_397548407.png,Apocynum_androsaemifolium
5066,aug_214911043.png,Apocynum_androsaemifolium
5067,aug_414229834.png,Apocynum_androsaemifolium
5068,aug_291767427.png,Apocynum_androsaemifolium
5069,aug_392133330.png,Apocynum_androsaemifolium
5070,aug_297675065.png,Apocynum_androsaemifolium
5071,aug_529574237.png,Apocynum_androsaemifolium
5072,aug_521900269.png,Apocynum_androsaemifolium
5073,aug_400728427.png,Apocynum_androsaemifolium
5074,aug_294483018.png,Apocynum_androsaemifolium
5075,aug_423710482.png,Apocynum_androsaemifolium
5076,aug_211290581.png,Apocynum_androsaemifolium
5077,aug_295448840.png,Apocynum_androsaemifolium
5078,aug_402826645.png,Apocynum_androsaemifolium
5079,aug_302299437.png,Apocynum_androsaemifolium
5080,aug_210437945.png,Apocynum_androsaemifolium
5081,aug_311157796.png,Apocynum_androsaemifolium
5082,aug_530486506.png,Apocynum_androsaemifolium
5083,aug_305110535.png,Apocynum_androsaemifolium
5084,aug_403971891.png,Apocynum_androsaemifolium
5085,aug_215477338.png,Apocynum_androsaemifolium
5086,aug_405513772.png,Apocynum_androsaemifolium
5087,aug_534469106.png,Apocynum_androsaemifolium
5088,aug_291490713.png,Apocynum_androsaemifolium
5089,aug_528675575.png,Apocynum_androsaemifolium
5090,aug_407274190.png,Apocynum_androsaemifolium
5091,aug_407519535.png,Apocynum_androsaemifolium
5092,aug_411876317.png,Apocynum_androsaemifolium
5093,aug_289124376.png,Apocynum_androsaemifolium
5094,aug_524702055.png,Apocynum_androsaemifolium
5095,aug_411418407.png,Apocynum_androsaemifolium
5096,aug_229681848.png,Apocynum_androsaemifolium
5097,aug_526758036.png,Apocynum_androsaemifolium
5098,aug_214810738.png,Apocynum_androsaemifolium
5099,aug_294869637.png,Apocynum_androsaemifolium
5100,aug_294915880.png,Apocynum_androsaemifolium
5101,aug_301063383.png,Apocynum_androsaemifolium
5102,aug_336771943.png,Apocynum_androsaemifolium
5103,aug_303974817.png,Apocynum_androsaemifolium
5104,aug_403366141.png,Apocynum_androsaemifolium
5105,aug_308242806.png,Apocynum_androsaemifolium
5106,aug_294827941.png,Apocynum_androsaemifolium
5107,aug_296188977.png,Apocynum_androsaemifolium
5108,aug_298853585.png,Apocynum_androsaemifolium
5109,aug_294206279.png,Apocynum_androsaemifolium
5110,aug_526070145.png,Apocynum_androsaemifolium
5111,aug_209691925.png,Apocynum_androsaemifolium
5112,aug_300572430.png,Apocynum_androsaemifolium
5113,aug_422261517.png,Apocynum_androsaemifolium
5114,aug_296207448.png,Apocynum_androsaemifolium
5115,aug_297657640.png,Apocynum_androsaemifolium
5116,aug_300396522.png,Apocynum_androsaemifolium
5117,aug_211027631.png,Apocynum_androsaemifolium
5118,aug_329357120.png,Apocynum_androsaemifolium
5119,aug_518914447.png,Apocynum_androsaemifolium
5120,aug_291542316.png,Apocynum_androsaemifolium
5121,aug_292713207.png,Apocynum_androsaemifolium
5122,aug_519097717.png,Apocynum_androsaemifolium
5123,aug_407844966.png,Apocynum_androsaemifolium
5124,aug_519601531.png,Apocynum_androsaemifolium
5125,aug_521693985.png,Apocynum_androsaemifolium
5126,aug_401207155.png,Apocynum_androsaemifolium
5127,aug_305479697.png,Apocynum_androsaemifolium
5128,aug_212773232.png,Apocynum_androsaemifolium
5129,aug_298829987.png,Apocynum_androsaemifolium
5130,aug_217506046.png,Apocynum_androsaemifolium
5131,aug_397104310.png,Apocynum_androsaemifolium
5132,aug_399397484.png,Apocynum_androsaemifolium
5133,aug_295463424.png,Apocynum_androsaemifolium
5134,aug_297426086.png,Apocynum_androsaemifolium
5135,aug_209725889.png,Apocynum_androsaemifolium
5136,aug_403192206.png,Apocynum_androsaemifolium
5137,aug_405127622.png,Apocynum_androsaemifolium
5138,aug_298289896.png,Apocynum_androsaemifolium
5139,aug_287859235.png,Apocynum_androsaemifolium
5140,aug_209879996.png,Apocynum_androsaemifolium
5141,aug_293352613.png,Apocynum_androsaemifolium
5142,aug_217541416.png,Apocynum_androsaemifolium
5143,aug_285736332.png,Apocynum_androsaemifolium
5144,aug_212033156.png,Apocynum_androsaemifolium
5145,aug_533701859.png,Apocynum_androsaemifolium
5146,aug_401336877.png,Apocynum_androsaemifolium
5147,aug_216964600.png,Apocynum_androsaemifolium
5148,aug_305426930.png,Apocynum_androsaemifolium
5149,aug_522233638.png,Apocynum_androsaemifolium
5150,aug_395512519.png,Apocynum_androsaemifolium
5151,aug_294151805.png,Apocynum_androsaemifolium
5152,aug_324846274.png,Apocynum_androsaemifolium
5153,aug_210696166.png,Apocynum_androsaemifolium
5154,aug_531919866.png,Apocynum_androsaemifolium
5155,aug_291106771.png,Apocynum_androsaemifolium
5156,aug_291875832.png,Apocynum_androsaemifolium
5157,aug_395154019.png,Apocynum_androsaemifolium
5158,aug_210706463.png,Apocynum_androsaemifolium
5159,aug_413664272.png,Apocynum_androsaemifolium
5160,aug_526361358.png,Apocynum_androsaemifolium
5161,aug_524703664.png,Apocynum_androsaemifolium
5162,aug_403838400.png,Apocynum_androsaemifolium
5163,aug_212882727.png,Apocynum_androsaemifolium
5164,aug_302602256.png,Apocynum_androsaemifolium
5165,aug_217248520.png,Apocynum_androsaemifolium
5166,aug_296454948.png,Apocynum_androsaemifolium
5167,aug_211844130.png,Apocynum_androsaemifolium
5168,aug_528213691.png,Apocynum_androsaemifolium
5169,aug_398019335.png,Apocynum_androsaemifolium
5170,aug_300135842.png,Apocynum_androsaemifolium
5171,aug_531827414.png,Apocynum_androsaemifolium
5172,aug_288933086.png,Apocynum_androsaemifolium
5173,aug_299791278.png,Apocynum_androsaemifolium
5174,aug_395691337.png,Apocynum_androsaemifolium
5175,aug_289600929.png,Apocynum_androsaemifolium
5176,aug_301696297.png,Apocynum_androsaemifolium
5177,aug_327017501.png,Apocynum_androsaemifolium
5178,aug_395956774.png,Apocynum_androsaemifolium
5179,aug_292011742.png,Apocynum_androsaemifolium
5180,aug_212037018.png,Apocynum_androsaemifolium
5181,aug_306472417.png,Apocynum_androsaemifolium
5182,aug_350610962.png,Apocynum_androsaemifolium
5183,aug_211557357.png,Apocynum_androsaemifolium
5184,aug_525852625.png,Apocynum_androsaemifolium
5185,aug_516344830.png,Apocynum_androsaemifolium
5186,aug_218632241.png,Apocynum_androsaemifolium
5187,aug_215822767.png,Apocynum_androsaemifolium
5188,aug_530869765.png,Apocynum_androsaemifolium
5189,aug_290219083.png,Apocynum_androsaemifolium
5190,aug_394296374.png,Apocynum_androsaemifolium
5191,aug_400798441.png,Apocynum_androsaemifolium
5192,aug_406203168.png,Apocynum_androsaemifolium
5193,aug_410640109.png,Apocynum_androsaemifolium
5194,aug_304793949.png,Apocynum_androsaemifolium
5195,aug_529477845.png,Apocynum_androsaemifolium
5196,aug_403987570.png,Apocynum_androsaemifolium
5197,aug_295843944.png,Apocynum_androsaemifolium
5198,aug_407605378.png,Apocynum_androsaemifolium
5199,aug_534184651.png,Apocynum_androsaemifolium
5200,aug_302857072.png,Apocynum_androsaemifolium
5201,aug_531480457.png,Apocynum_androsaemifolium
5202,aug_290584759.png,Apocynum_androsaemifolium
5203,aug_527307458.png,Apocynum_androsaemifolium
5204,aug_470952055.png,Apocynum_androsaemifolium
5205,aug_300541138.png,Apocynum_androsaemifolium
5206,aug_304338503.png,Apocynum_androsaemifolium
5207,aug_533515878.png,Apocynum_androsaemifolium
5208,aug_303240667.png,Apocynum_androsaemifolium
5209,aug_298870460.png,Apocynum_androsaemifolium
5210,aug_215570099.png,Apocynum_androsaemifolium
5211,aug_306929980.png,Apocynum_androsaemifolium
5212,aug_530486431.png,Apocynum_androsaemifolium
5213,aug_528006079.png,Apocynum_androsaemifolium
5214,aug_294029400.png,Apocynum_androsaemifolium
5215,aug_296351566.png,Apocynum_androsaemifolium
5216,aug_403773395.png,Apocynum_androsaemifolium
5217,aug_295117834.png,Apocynum_androsaemifolium
5218,aug_262870573.png,Apocynum_androsaemifolium
5219,aug_216137908.png,Apocynum_androsaemifolium
5220,aug_530483424.png,Apocynum_androsaemifolium
5221,aug_408387711.png,Apocynum_androsaemifolium
5222,aug_500753575.png,Apocynum_androsaemifolium
5223,aug_296822162.png,Apocynum_androsaemifolium
5224,aug_294876078.png,Apocynum_androsaemifolium
5225,aug_405946998.png,Apocynum_androsaemifolium
5226,aug_211618564.png,Apocynum_androsaemifolium
5227,aug_291776416.png,Apocynum_androsaemifolium
5228,aug_211559391.png,Apocynum_androsaemifolium
5229,aug_211312874.png,Apocynum_androsaemifolium
5230,aug_214579552.png,Apocynum_androsaemifolium
5231,aug_218785003.png,Apocynum_androsaemifolium
5232,aug_409580747.png,Apocynum_androsaemifolium
5233,aug_302338970.png,Apocynum_androsaemifolium
5234,aug_291705288.png,Apocynum_androsaemifolium
5235,aug_297140335.png,Apocynum_androsaemifolium
5236,aug_304391939.png,Apocynum_androsaemifolium
5237,aug_211868056.png,Apocynum_androsaemifolium
5238,aug_295186416.png,Apocynum_androsaemifolium
5239,aug_398816229.png,Apocynum_androsaemifolium
5240,aug_402867277.png,Apocynum_androsaemifolium
5241,aug_212100227.png,Apocynum_androsaemifolium
5242,aug_533841503.png,Apocynum_androsaemifolium
5243,aug_526407623.png,Apocynum_androsaemifolium
5244,aug_327265630.png,Apocynum_androsaemifolium
5245,aug_237502057.png,Apocynum_androsaemifolium
5246,aug_303006010.png,Apocynum_androsaemifolium
5247,aug_291664765.png,Apocynum_androsaemifolium
5248,aug_335360007.png,Apocynum_androsaemifolium
5249,aug_522638245.png,Apocynum_androsaemifolium
5250,aug_288334818.png,Apocynum_androsaemifolium
5251,aug_210337728.png,Apocynum_androsaemifolium
5252,aug_303658301.png,Apocynum_androsaemifolium
5253,aug_212941685.png,Apocynum_androsaemifolium
5254,aug_417894471.png,Apocynum_androsaemifolium
5255,aug_295107537.png,Apocynum_androsaemifolium
5256,aug_255585088.png,Apocynum_androsaemifolium
5257,aug_402484299.png,Apocynum_androsaemifolium
5258,aug_410836712.png,Apocynum_androsaemifolium
5259,aug_529442123.png,Apocynum_androsaemifolium
5260,aug_406307919.png,Apocynum_androsaemifolium
5261,aug_418055202.png,Apocynum_androsaemifolium
5262,aug_214826880.png,Apocynum_androsaemifolium
5263,aug_296174565.png,Apocynum_androsaemifolium
5264,aug_214268939.png,Apocynum_androsaemifolium
5265,aug_530294689.png,Apocynum_androsaemifolium
5266,aug_295213383.png,Apocynum_androsaemifolium
5267,aug_215313493.png,Apocynum_androsaemifolium
5268,aug_212754381.png,Apocynum_androsaemifolium
5269,aug_295419133.png,Apocynum_androsaemifolium
5270,aug_413157438.png,Apocynum_androsaemifolium
5271,aug_399190929.png,Apocynum_androsaemifolium
5272,aug_296498186.png,Apocynum_androsaemifolium
5273,aug_527087667.png,Apocynum_androsaemifolium
5274,aug_405973970.png,Apocynum_androsaemifolium
5275,aug_295955492.png,Apocynum_androsaemifolium
5276,aug_290711999.png,Apocynum_androsaemifolium
5277,aug_402509317.png,Apocynum_androsaemifolium
5278,aug_406356904.png,Apocynum_androsaemifolium
5279,aug_304006359.png,Apocynum_androsaemifolium
5280,aug_243547872.png,Apocynum_androsaemifolium
5281,aug_395987297.png,Apocynum_androsaemifolium
5282,aug_290129347.png,Apocynum_androsaemifolium
5283,aug_300481331.png,Apocynum_androsaemifolium
5284,aug_259978844.png,Apocynum_androsaemifolium
5285,aug_395195500.png,Apocynum_androsaemifolium
5286,aug_410475759.png,Apocynum_androsaemifolium
5287,aug_223818866.png,Apocynum_androsaemifolium
5288,aug_413831452.png,Apocynum_androsaemifolium
5289,aug_211421324.png,Apocynum_androsaemifolium
5290,aug_401261788.png,Apocynum_androsaemifolium
5291,aug_402201987.png,Apocynum_androsaemifolium
5292,aug_210557472.png,Apocynum_androsaemifolium
5293,aug_302494539.png,Apocynum_androsaemifolium
5294,aug_348146755.png,Apocynum_androsaemifolium
5295,aug_278293676.png,Apocynum_androsaemifolium
5296,aug_296948269.png,Apocynum_androsaemifolium
5297,aug_405574784.png,Apocynum_androsaemifolium
5298,aug_520930692.png,Apocynum_androsaemifolium
5299,aug_299828867.png,Apocynum_androsaemifolium
5300,aug_529487959.png,Apocynum_androsaemifolium
5301,aug_403005665.png,Apocynum_androsaemifolium
5302,aug_399258984.png,Apocynum_androsaemifolium
5303,aug_249061783.png,Apocynum_androsaemifolium
5304,aug_229821429.png,Apocynum_androsaemifolium
5305,aug_295310155.png,Apocynum_androsaemifolium
5306,aug_521092105.png,Apocynum_androsaemifolium
5307,aug_293354776.png,Apocynum_androsaemifolium
5308,aug_530785800.png,Apocynum_androsaemifolium
5309,aug_215655349.png,Apocynum_androsaemifolium
5310,aug_461537886.png,Apocynum_androsaemifolium
5311,aug_288714204.png,Apocynum_androsaemifolium
5312,aug_292824727.png,Apocynum_androsaemifolium
5313,aug_300938009.png,Apocynum_androsaemifolium
5314,aug_518474218.png,Apocynum_androsaemifolium
5315,aug_257352117.png,Apocynum_androsaemifolium
5316,aug_303413700.png,Apocynum_androsaemifolium
5317,aug_213362241.png,Apocynum_androsaemifolium
5318,aug_409589885.png,Apocynum_androsaemifolium
5319,aug_366864744.png,Apocynum_androsaemifolium
5320,aug_292150950.png,Apocynum_androsaemifolium
5321,aug_290600793.png,Apocynum_androsaemifolium
5322,aug_321662910.png,Apocynum_androsaemifolium
5323,aug_321384547.png,Apocynum_androsaemifolium
5324,aug_525897778.png,Apocynum_androsaemifolium
5325,aug_532975995.png,Apocynum_androsaemifolium
5326,aug_306722094.png,Apocynum_androsaemifolium
5327,aug_294079210.png,Apocynum_androsaemifolium
5328,aug_531016761.png,Apocynum_androsaemifolium
5329,aug_524385786.png,Apocynum_androsaemifolium
5330,aug_397022862.png,Apocynum_androsaemifolium
5331,aug_212533131.png,Apocynum_androsaemifolium
5332,aug_406673159.png,Apocynum_androsaemifolium
5333,aug_214724888.png,Apocynum_androsaemifolium
5334,aug_405969892.png,Apocynum_androsaemifolium
5335,aug_410671591.png,Apocynum_androsaemifolium
5336,aug_408971621.png,Apocynum_androsaemifolium
5337,aug_407109548.png,Apocynum_androsaemifolium
5338,aug_304593469.png,Apocynum_androsaemifolium
5339,aug_304333629.png,Apocynum_androsaemifolium
5340,aug_526958609.png,Apocynum_androsaemifolium
5341,aug_289801350.png,Apocynum_androsaemifolium
5342,aug_526416201.png,Apocynum_androsaemifolium
5343,aug_257301753.png,Apocynum_androsaemifolium
5344,aug_525866801.png,Apocynum_androsaemifolium
5345,aug_305824420.png,Apocynum_androsaemifolium
5346,aug_524838202.png,Apocynum_androsaemifolium
5347,aug_297363930.png,Apocynum_androsaemifolium
5348,aug_406969335.png,Apocynum_androsaemifolium
5349,aug_525403577.png,Apocynum_androsaemifolium
5350,aug_407571018.png,Apocynum_androsaemifolium
5351,aug_224187091.png,Apocynum_androsaemifolium
5352,aug_529251256.png,Apocynum_androsaemifolium
5353,aug_214735187.png,Apocynum_androsaemifolium
5354,aug_219352642.png,Apocynum_androsaemifolium
5355,aug_210899966.png,Apocynum_androsaemifolium
5356,aug_341376300.png,Apocynum_androsaemifolium
5357,aug_302734133.png,Apocynum_androsaemifolium
5358,aug_288319644.png,Apocynum_androsaemifolium
5359,aug_217448469.png,Apocynum_androsaemifolium
5360,aug_286676735.png,Apocynum_androsaemifolium
5361,aug_237495933.png,Apocynum_androsaemifolium
5362,aug_216782589.png,Apocynum_androsaemifolium
5363,aug_459939604.png,Apocynum_androsaemifolium
5364,aug_409839636.png,Apocynum_androsaemifolium
5365,aug_213257618.png,Apocynum_androsaemifolium
5366,aug_209900859.png,Apocynum_androsaemifolium
5367,aug_219274354.png,Apocynum_androsaemifolium
5368,aug_289345969.png,Apocynum_androsaemifolium
5369,aug_533365026.png,Apocynum_androsaemifolium
5370,aug_213768827.png,Apocynum_androsaemifolium
5371,aug_401336225.png,Apocynum_androsaemifolium
5372,aug_403497311.png,Apocynum_androsaemifolium
5373,aug_292433225.png,Apocynum_androsaemifolium
5374,aug_521688863.png,Apocynum_androsaemifolium
5375,aug_521714731.png,Apocynum_androsaemifolium
5376,aug_517795027.png,Apocynum_androsaemifolium
5377,aug_210417612.png,Apocynum_androsaemifolium
5378,aug_457139881.png,Apocynum_androsaemifolium
5379,aug_417107040.png,Apocynum_androsaemifolium
5380,aug_298542393.png,Apocynum_androsaemifolium
5381,aug_299467762.png,Apocynum_androsaemifolium
5382,aug_454411869.png,Apocynum_androsaemifolium
5383,aug_301994078.png,Apocynum_androsaemifolium
5384,aug_530985396.png,Apocynum_androsaemifolium
5385,aug_349093399.png,Apocynum_androsaemifolium
5386,aug_243546458.png,Apocynum_androsaemifolium
5387,aug_291787781.png,Apocynum_androsaemifolium
5388,aug_522230882.png,Apocynum_androsaemifolium
5389,aug_295092869.png,Apocynum_androsaemifolium
5390,aug_401612231.png,Apocynum_androsaemifolium
5391,aug_224308394.png,Apocynum_androsaemifolium
5392,aug_407580219.png,Apocynum_androsaemifolium
5393,aug_289630630.png,Apocynum_androsaemifolium
5394,aug_211615621.png,Apocynum_androsaemifolium
5395,aug_218466963.png,Apocynum_androsaemifolium
5396,aug_245299495.png,Apocynum_androsaemifolium
5397,aug_305565978.png,Apocynum_androsaemifolium
5398,aug_396943662.png,Apocynum_androsaemifolium
5399,aug_528174840.png,Apocynum_androsaemifolium
5400,aug_519821051.png,Apocynum_androsaemifolium
5401,aug_298243618.png,Apocynum_androsaemifolium
5402,aug_288719774.png,Apocynum_androsaemifolium
5403,aug_404827527.png,Apocynum_androsaemifolium
5404,aug_213131278.png,Apocynum_androsaemifolium
5405,aug_405867701.png,Apocynum_androsaemifolium
5406,aug_218984812.png,Apocynum_androsaemifolium
5407,aug_291643754.png,Apocynum_androsaemifolium
5408,aug_304258591.png,Apocynum_androsaemifolium
5409,aug_296418310.png,Apocynum_androsaemifolium
5410,aug_409449574.png,Apocynum_androsaemifolium
5411,aug_427900632.png,Apocynum_androsaemifolium
5412,aug_410202107.png,Apocynum_androsaemifolium
5413,aug_444126298.png,Apocynum_androsaemifolium
5414,aug_526313182.png,Apocynum_androsaemifolium
5415,aug_406331522.png,Apocynum_androsaemifolium
5416,aug_302870124.png,Apocynum_androsaemifolium
5417,aug_526479247.png,Apocynum_androsaemifolium
5418,aug_413200910.png,Apocynum_androsaemifolium
5419,aug_293883607.png,Apocynum_androsaemifolium
5420,aug_290082468.png,Apocynum_androsaemifolium
5421,aug_292022114.png,Apocynum_androsaemifolium
5422,aug_394283561.png,Apocynum_androsaemifolium
5423,aug_401736407.png,Apocynum_androsaemifolium
5424,aug_214391205.png,Apocynum_androsaemifolium
5425,aug_394261360.png,Apocynum_androsaemifolium
5426,aug_407579494.png,Apocynum_androsaemifolium
5427,aug_533471610.png,Apocynum_androsaemifolium
5428,aug_295321895.png,Apocynum_androsaemifolium
5429,aug_398673615.png,Apocynum_androsaemifolium
5430,aug_293374124.png,Apocynum_androsaemifolium
5431,aug_534658413.png,Apocynum_androsaemifolium
5432,aug_414663462.png,Apocynum_androsaemifolium
5433,aug_218686749.png,Apocynum_androsaemifolium
5434,aug_295437606.png,Apocynum_androsaemifolium
5435,aug_302758808.png,Apocynum_androsaemifolium
5436,aug_212234773.png,Apocynum_androsaemifolium
5437,aug_290537808.png,Apocynum_androsaemifolium
5438,aug_409356261.png,Apocynum_androsaemifolium
5439,aug_399455358.png,Apocynum_androsaemifolium
5440,aug_209902210.png,Apocynum_androsaemifolium
5441,aug_300419666.png,Apocynum_androsaemifolium
5442,aug_290087567.png,Apocynum_androsaemifolium
5443,aug_213348727.png,Apocynum_androsaemifolium
5444,aug_298508759.png,Apocynum_androsaemifolium
5445,aug_399005339.png,Apocynum_androsaemifolium
5446,aug_292472204.png,Apocynum_androsaemifolium
5447,aug_398769902.png,Apocynum_androsaemifolium
5448,aug_366651240.png,Apocynum_androsaemifolium
5449,aug_293839189.png,Apocynum_androsaemifolium
5450,aug_291496215.png,Apocynum_androsaemifolium
5451,aug_404217075.png,Apocynum_androsaemifolium
5452,aug_525772433.png,Apocynum_androsaemifolium
5453,aug_399314150.png,Apocynum_androsaemifolium
5454,aug_302609235.png,Apocynum_androsaemifolium
5455,aug_210170436.png,Apocynum_androsaemifolium
5456,aug_217499340.png,Apocynum_androsaemifolium
5457,aug_410726290.png,Apocynum_androsaemifolium
5458,aug_223617539.png,Apocynum_androsaemifolium
5459,aug_300621453.png,Apocynum_androsaemifolium
5460,aug_295215514.png,Apocynum_androsaemifolium
5461,aug_212397990.png,Apocynum_androsaemifolium
5462,aug_291377096.png,Apocynum_androsaemifolium
5463,aug_292419676.png,Apocynum_androsaemifolium
5464,aug_209670141.png,Apocynum_androsaemifolium
5465,aug_531502564.png,Apocynum_androsaemifolium
5466,aug_406913499.png,Apocynum_androsaemifolium
5467,aug_212715732.png,Apocynum_androsaemifolium
5468,aug_521541276.png,Apocynum_androsaemifolium
5469,aug_304549581.png,Apocynum_androsaemifolium
5470,aug_364635747.png,Apocynum_androsaemifolium
5471,aug_300211051.png,Apocynum_androsaemifolium
5472,aug_296096567.png,Apocynum_androsaemifolium
5473,aug_294084385.png,Apocynum_androsaemifolium
5474,aug_397026211.png,Apocynum_androsaemifolium
5475,aug_211611967.png,Apocynum_androsaemifolium
5476,aug_527317114.png,Apocynum_androsaemifolium
5477,aug_214164411.png,Apocynum_androsaemifolium
5478,aug_531474717.png,Apocynum_androsaemifolium
5479,aug_412392285.png,Apocynum_androsaemifolium
5480,aug_210853017.png,Apocynum_androsaemifolium
5481,aug_209955076.png,Apocynum_androsaemifolium
5482,aug_533238605.png,Apocynum_androsaemifolium
5483,aug_523032144.png,Apocynum_androsaemifolium
5484,aug_409313152.png,Apocynum_androsaemifolium
5485,aug_528956593.png,Apocynum_androsaemifolium
5486,aug_401376508.png,Apocynum_androsaemifolium
5487,aug_456932486.png,Apocynum_androsaemifolium
5488,aug_218505959.png,Apocynum_androsaemifolium
5489,aug_405144521.png,Apocynum_androsaemifolium
5490,aug_450069184.png,Apocynum_androsaemifolium
5491,aug_302636304.png,Apocynum_androsaemifolium
5492,aug_294899512.png,Apocynum_androsaemifolium
5493,aug_299134881.png,Apocynum_androsaemifolium
5494,aug_402809238.png,Apocynum_androsaemifolium
5495,aug_523088380.png,Apocynum_androsaemifolium
5496,aug_304338333.png,Apocynum_androsaemifolium
5497,aug_456915897.png,Apocynum_androsaemifolium
5498,aug_214034520.png,Apocynum_androsaemifolium
5499,aug_534738276.png,Apocynum_androsaemifolium
5500,aug_521690223.png,Apocynum_androsaemifolium
5501,aug_430091342.png,Apocynum_androsaemifolium
5502,aug_298575370.png,Apocynum_androsaemifolium
5503,aug_302626831.png,Apocynum_androsaemifolium
5504,aug_413253368.png,Apocynum_androsaemifolium
5505,aug_534156734.png,Apocynum_androsaemifolium
5506,aug_300134602.png,Apocynum_androsaemifolium
5507,aug_403325824.png,Apocynum_androsaemifolium
5508,aug_293301136.png,Apocynum_androsaemifolium
5509,aug_403853992.png,Apocynum_androsaemifolium
5510,aug_411039101.png,Apocynum_androsaemifolium
5511,aug_289285890.png,Apocynum_androsaemifolium
5512,aug_302282851.png,Apocynum_androsaemifolium
5513,aug_407822409.png,Apocynum_androsaemifolium
5514,aug_294868197.png,Apocynum_androsaemifolium
5515,aug_412576521.png,Apocynum_androsaemifolium
5516,aug_481723485.png,Apocynum_androsaemifolium
5517,aug_528965386.png,Apocynum_androsaemifolium
5518,aug_293434954.png,Apocynum_androsaemifolium
5519,aug_529770872.png,Apocynum_androsaemifolium
5520,aug_212604864.png,Apocynum_androsaemifolium
5521,aug_347143804.png,Apocynum_androsaemifolium
5522,aug_398279687.png,Apocynum_androsaemifolium
5523,aug_214758588.png,Apocynum_androsaemifolium
5524,aug_530066759.png,Apocynum_androsaemifolium
5525,aug_410615853.png,Apocynum_androsaemifolium
5526,aug_518607128.png,Apocynum_androsaemifolium
5527,aug_295706245.png,Apocynum_androsaemifolium
5528,aug_303662415.png,Apocynum_androsaemifolium
5529,aug_289643414.png,Apocynum_androsaemifolium
5530,aug_404317809.png,Apocynum_androsaemifolium
5531,aug_212809055.png,Apocynum_androsaemifolium
5532,aug_216698475.png,Apocynum_androsaemifolium
5533,aug_226262058.png,Apocynum_androsaemifolium
5534,aug_408601659.png,Apocynum_androsaemifolium
5535,aug_226971114.png,Apocynum_androsaemifolium
5536,aug_412435943.png,Apocynum_androsaemifolium
5537,aug_297954747.png,Apocynum_androsaemifolium
5538,aug_290394652.png,Apocynum_androsaemifolium
5539,aug_297382733.png,Apocynum_androsaemifolium
5540,aug_345055552.png,Apocynum_androsaemifolium
5541,aug_302279838.png,Apocynum_androsaemifolium
5542,aug_297546495.png,Apocynum_androsaemifolium
5543,aug_298968265.png,Apocynum_androsaemifolium
5544,aug_524046260.png,Apocynum_androsaemifolium
5545,aug_400611609.png,Apocynum_androsaemifolium
5546,aug_302025729.png,Apocynum_androsaemifolium
5547,aug_409460509.png,Apocynum_androsaemifolium
5548,aug_301687060.png,Apocynum_androsaemifolium
5549,aug_289789407.png,Apocynum_androsaemifolium
5550,aug_301325938.png,Apocynum_androsaemifolium
5551,aug_211449525.png,Apocynum_androsaemifolium
5552,aug_289311425.png,Apocynum_androsaemifolium
5553,aug_289986007.png,Apocynum_androsaemifolium
5554,aug_305229226.png,Apocynum_androsaemifolium
5555,aug_209894854.png,Apocynum_androsaemifolium
5556,aug_327033716.png,Apocynum_androsaemifolium
5557,aug_404800496.png,Apocynum_androsaemifolium
5558,aug_393141175.png,Apocynum_androsaemifolium
5559,aug_289818160.png,Apocynum_androsaemifolium
5560,aug_525230849.png,Apocynum_androsaemifolium
5561,aug_278512445.png,Apocynum_androsaemifolium
5562,aug_213063090.png,Apocynum_androsaemifolium
5563,aug_301377263.png,Apocynum_androsaemifolium
5564,aug_342326997.png,Apocynum_androsaemifolium
5565,aug_526562728.png,Apocynum_androsaemifolium
5566,aug_528681910.png,Apocynum_androsaemifolium
5567,aug_359696768.png,Apocynum_androsaemifolium
5568,aug_410086656.png,Apocynum_androsaemifolium
5569,aug_393014948.png,Apocynum_androsaemifolium
5570,aug_291406384.png,Apocynum_androsaemifolium
5571,aug_211037627.png,Apocynum_androsaemifolium
5572,aug_291311220.png,Apocynum_androsaemifolium
5573,aug_291458669.png,Apocynum_androsaemifolium
5574,aug_214969112.png,Apocynum_androsaemifolium
5575,aug_231929397.png,Apocynum_androsaemifolium
5576,aug_302314316.png,Apocynum_androsaemifolium
5577,aug_212735712.png,Apocynum_androsaemifolium
5578,aug_404261139.png,Apocynum_androsaemifolium
5579,aug_532217804.png,Apocynum_androsaemifolium
5580,aug_305884107.png,Apocynum_androsaemifolium
5581,aug_297851183.png,Apocynum_androsaemifolium
5582,aug_301990314.png,Apocynum_androsaemifolium
5583,aug_292128413.png,Apocynum_androsaemifolium
5584,aug_411157847.png,Apocynum_androsaemifolium
5585,aug_298226956.png,Apocynum_androsaemifolium
5586,aug_298442922.png,Apocynum_androsaemifolium
5587,aug_520334631.png,Apocynum_androsaemifolium
5588,aug_296014954.png,Apocynum_androsaemifolium
5589,aug_392137942.png,Apocynum_androsaemifolium
5590,aug_304904661.png,Apocynum_androsaemifolium
5591,aug_211868840.png,Apocynum_androsaemifolium
5592,aug_316949320.png,Apocynum_androsaemifolium
5593,aug_357630484.png,Apocynum_androsaemifolium
5594,aug_301079186.png,Apocynum_androsaemifolium
5595,aug_401299960.png,Apocynum_androsaemifolium
5596,aug_218322968.png,Apocynum_androsaemifolium
5597,aug_213039000.png,Apocynum_androsaemifolium
5598,aug_404284646.png,Apocynum_androsaemifolium
5599,aug_295470970.png,Apocynum_androsaemifolium
5600,aug_290268463.png,Apocynum_androsaemifolium
5601,aug_215131711.png,Apocynum_androsaemifolium
5602,aug_401814194.png,Apocynum_androsaemifolium
5603,aug_210240105.png,Apocynum_androsaemifolium
5604,aug_296956185.png,Apocynum_androsaemifolium
5605,aug_397168539.png,Apocynum_androsaemifolium
5606,aug_337671015.png,Apocynum_androsaemifolium
5607,aug_412007239.png,Apocynum_androsaemifolium
5608,aug_307598666.png,Asclepias_speciosa
5609,aug_411092676.png,Asclepias_speciosa
5610,aug_297117702.png,Asclepias_speciosa
5611,aug_297562814.png,Asclepias_speciosa
5612,aug_531935400.png,Asclepias_speciosa
5613,aug_531209131.png,Asclepias_speciosa
5614,aug_292011790.png,Asclepias_speciosa
5615,aug_287640825.png,Asclepias_speciosa
5616,aug_405249047.png,Asclepias_speciosa
5617,aug_531491978.png,Asclepias_speciosa
5618,aug_527874612.png,Asclepias_speciosa
5619,aug_303526872.png,Asclepias_speciosa
5620,aug_520228125.png,Asclepias_speciosa
5621,aug_422138359.png,Asclepias_speciosa
5622,aug_215866794.png,Asclepias_speciosa
5623,aug_291145165.png,Asclepias_speciosa
5624,aug_217528857.png,Asclepias_speciosa
5625,aug_248288996.png,Asclepias_speciosa
5626,aug_519325650.png,Asclepias_speciosa
5627,aug_290564747.png,Asclepias_speciosa
5628,aug_301061543.png,Asclepias_speciosa
5629,aug_404341017.png,Asclepias_speciosa
5630,aug_214602915.png,Asclepias_speciosa
5631,aug_422140206.png,Asclepias_speciosa
5632,aug_306627392.png,Asclepias_speciosa
5633,aug_403988838.png,Asclepias_speciosa
5634,aug_218585175.png,Asclepias_speciosa
5635,aug_527340323.png,Asclepias_speciosa
5636,aug_287096659.png,Asclepias_speciosa
5637,aug_525615886.png,Asclepias_speciosa
5638,aug_222348427.png,Asclepias_speciosa
5639,aug_401928144.png,Asclepias_speciosa
5640,aug_293776261.png,Asclepias_speciosa
5641,aug_518107397.png,Asclepias_speciosa
5642,aug_213783569.png,Asclepias_speciosa
5643,aug_298588145.png,Asclepias_speciosa
5644,aug_407326604.png,Asclepias_speciosa
5645,aug_523617266.png,Asclepias_speciosa
5646,aug_405979873.png,Asclepias_speciosa
5647,aug_303138150.png,Asclepias_speciosa
5648,aug_286489429.png,Asclepias_speciosa
5649,aug_300473512.png,Asclepias_speciosa
5650,aug_301732156.png,Asclepias_speciosa
5651,aug_533278925.png,Asclepias_speciosa
5652,aug_410260705.png,Asclepias_speciosa
5653,aug_403393266.png,Asclepias_speciosa
5654,aug_292833931.png,Asclepias_speciosa
5655,aug_392199022.png,Asclepias_speciosa
5656,aug_251524201.png,Asclepias_speciosa
5657,aug_402320038.png,Asclepias_speciosa
5658,aug_527371909.png,Asclepias_speciosa
5659,aug_394503780.png,Asclepias_speciosa
5660,aug_403098179.png,Asclepias_speciosa
5661,aug_517717382.png,Asclepias_speciosa
5662,aug_288904724.png,Asclepias_speciosa
5663,aug_521999998.png,Asclepias_speciosa
5664,aug_297578506.png,Asclepias_speciosa
5665,aug_296808763.png,Asclepias_speciosa
5666,aug_288054159.png,Asclepias_speciosa
5667,aug_531873091.png,Asclepias_speciosa
5668,aug_526359614.png,Asclepias_speciosa
5669,aug_531516630.png,Asclepias_speciosa
5670,aug_303530168.png,Asclepias_speciosa
5671,aug_411042381.png,Asclepias_speciosa
5672,aug_320566876.png,Asclepias_speciosa
5673,aug_529991469.png,Asclepias_speciosa
5674,aug_251337191.png,Asclepias_speciosa
5675,aug_518526655.png,Asclepias_speciosa
5676,aug_400712429.png,Asclepias_speciosa
5677,aug_422410061.png,Asclepias_speciosa
5678,aug_533155437.png,Asclepias_speciosa
5679,aug_526458892.png,Asclepias_speciosa
5680,aug_448659999.png,Asclepias_speciosa
5681,aug_303531030.png,Asclepias_speciosa
5682,aug_404423445.png,Asclepias_speciosa
5683,aug_408189974.png,Asclepias_speciosa
5684,aug_217293814.png,Asclepias_speciosa
5685,aug_532675745.png,Asclepias_speciosa
5686,aug_289573983.png,Asclepias_speciosa
5687,aug_405756695.png,Asclepias_speciosa
5688,aug_409141086.png,Asclepias_speciosa
5689,aug_515403690.png,Asclepias_speciosa
5690,aug_398387781.png,Asclepias_speciosa
5691,aug_533019531.png,Asclepias_speciosa
5692,aug_305198765.png,Asclepias_speciosa
5693,aug_521066207.png,Asclepias_speciosa
5694,aug_514949589.png,Asclepias_speciosa
5695,aug_413933917.png,Asclepias_speciosa
5696,aug_527344525.png,Asclepias_speciosa
5697,aug_405067386.png,Asclepias_speciosa
5698,aug_517503917.png,Asclepias_speciosa
5699,aug_393522477.png,Asclepias_speciosa
5700,aug_290072922.png,Asclepias_speciosa
5701,aug_215615658.png,Asclepias_speciosa
5702,aug_291451662.png,Asclepias_speciosa
5703,aug_531031121.png,Asclepias_speciosa
5704,aug_213602678.png,Asclepias_speciosa
5705,aug_288225771.png,Asclepias_speciosa
5706,aug_528470013.png,Asclepias_speciosa
5707,aug_214171773.png,Asclepias_speciosa
5708,aug_449375347.png,Asclepias_speciosa
5709,aug_402970424.png,Asclepias_speciosa
5710,aug_403987927.png,Asclepias_speciosa
5711,aug_402314183.png,Asclepias_speciosa
5712,aug_392721191.png,Asclepias_speciosa
5713,aug_215615771.png,Asclepias_speciosa
5714,aug_404802898.png,Asclepias_speciosa
5715,aug_421941117.png,Asclepias_speciosa
5716,aug_524399659.png,Asclepias_speciosa
5717,aug_303529691.png,Asclepias_speciosa
5718,aug_450487504.png,Asclepias_speciosa
5719,aug_525574099.png,Asclepias_speciosa
5720,aug_404271008.png,Asclepias_speciosa
5721,aug_524710981.png,Asclepias_speciosa
5722,aug_399523709.png,Asclepias_speciosa
5723,aug_519903045.png,Asclepias_speciosa
5724,aug_394178135.png,Asclepias_speciosa
5725,aug_525393052.png,Asclepias_speciosa
5726,aug_398430026.png,Asclepias_speciosa
5727,aug_422139227.png,Asclepias_speciosa
5728,aug_403499598.png,Asclepias_speciosa
5729,aug_400383303.png,Asclepias_speciosa
5730,aug_296554271.png,Asclepias_speciosa
5731,aug_215201992.png,Asclepias_speciosa
5732,aug_410741833.png,Asclepias_speciosa
5733,aug_294210356.png,Asclepias_speciosa
5734,aug_303136022.png,Asclepias_speciosa
5735,aug_398145522.png,Asclepias_speciosa
5736,aug_527348348.png,Asclepias_speciosa
5737,aug_406335841.png,Asclepias_speciosa
5738,aug_525894703.png,Asclepias_speciosa
5739,aug_422136111.png,Asclepias_speciosa
5740,aug_410020557.png,Asclepias_speciosa
5741,aug_298419814.png,Asclepias_speciosa
5742,aug_406786861.png,Asclepias_speciosa
5743,aug_397722902.png,Asclepias_speciosa
5744,aug_430547203.png,Asclepias_speciosa
5745,aug_292833474.png,Asclepias_speciosa
5746,aug_296945060.png,Asclepias_speciosa
5747,aug_297821335.png,Asclepias_speciosa
5748,aug_473505549.png,Asclepias_speciosa
5749,aug_526132200.png,Asclepias_speciosa
5750,aug_410839934.png,Asclepias_speciosa
5751,aug_249995401.png,Asclepias_speciosa
5752,aug_527152838.png,Asclepias_speciosa
5753,aug_519861817.png,Asclepias_speciosa
5754,aug_522502500.png,Asclepias_speciosa
5755,aug_403334207.png,Asclepias_speciosa
5756,aug_216519159.png,Asclepias_speciosa
5757,aug_325355834.png,Asclepias_speciosa
5758,aug_529782709.png,Asclepias_speciosa
5759,aug_525698192.png,Asclepias_speciosa
5760,aug_294588164.png,Asclepias_speciosa
5761,aug_297868986.png,Asclepias_speciosa
5762,aug_401637225.png,Asclepias_speciosa
5763,aug_531005416.png,Asclepias_speciosa
5764,aug_394522327.png,Asclepias_speciosa
5765,aug_402726615.png,Asclepias_speciosa
5766,aug_532783419.png,Asclepias_speciosa
5767,aug_525908372.png,Asclepias_speciosa
5768,aug_524207245.png,Asclepias_speciosa
5769,aug_527337156.png,Asclepias_speciosa
5770,aug_291520928.png,Asclepias_speciosa
5771,aug_295192297.png,Asclepias_speciosa
5772,aug_290772902.png,Asclepias_speciosa
5773,aug_292499728.png,Asclepias_speciosa
5774,aug_307945543.png,Asclepias_speciosa
5775,aug_527884263.png,Asclepias_speciosa
5776,aug_531327830.png,Asclepias_speciosa
5777,aug_215497934.png,Asclepias_speciosa
5778,aug_298284131.png,Asclepias_speciosa
5779,aug_295765280.png,Asclepias_speciosa
5780,aug_531940861.png,Asclepias_speciosa
5781,aug_291053110.png,Asclepias_speciosa
5782,aug_289823315.png,Asclepias_speciosa
5783,aug_519508135.png,Asclepias_speciosa
5784,aug_301050401.png,Asclepias_speciosa
5785,aug_214116557.png,Asclepias_speciosa
5786,aug_298596625.png,Asclepias_speciosa
5787,aug_301670851.png,Asclepias_speciosa
5788,aug_268578281.png,Asclepias_speciosa
5789,aug_216072640.png,Asclepias_speciosa
5790,aug_422061348.png,Asclepias_speciosa
5791,aug_287376959.png,Asclepias_speciosa
5792,aug_525363205.png,Asclepias_speciosa
5793,aug_315138161.png,Asclepias_speciosa
5794,aug_299684965.png,Asclepias_speciosa
5795,aug_251115136.png,Asclepias_speciosa
5796,aug_213602214.png,Asclepias_speciosa
5797,aug_528437244.png,Asclepias_speciosa
5798,aug_303136285.png,Asclepias_speciosa
5799,aug_516727019.png,Asclepias_speciosa
5800,aug_295128787.png,Asclepias_speciosa
5801,aug_396771878.png,Asclepias_speciosa
5802,aug_288981973.png,Asclepias_speciosa
5803,aug_215617589.png,Asclepias_speciosa
5804,aug_254641500.png,Asclepias_speciosa
5805,aug_327011779.png,Asclepias_speciosa
5806,aug_525294512.png,Asclepias_speciosa
5807,aug_522212139.png,Asclepias_speciosa
5808,aug_292464514.png,Asclepias_speciosa
5809,aug_531385261.png,Asclepias_speciosa
5810,aug_407602107.png,Asclepias_speciosa
5811,aug_413997271.png,Asclepias_speciosa
5812,aug_294939265.png,Asclepias_speciosa
5813,aug_292993456.png,Asclepias_speciosa
5814,aug_213518363.png,Asclepias_speciosa
5815,aug_291108824.png,Asclepias_speciosa
5816,aug_215512438.png,Asclepias_speciosa
5817,aug_402653515.png,Asclepias_speciosa
5818,aug_427945357.png,Asclepias_speciosa
5819,aug_531292820.png,Asclepias_speciosa
5820,aug_214266856.png,Asclepias_speciosa
5821,aug_401722828.png,Asclepias_speciosa
5822,aug_525137372.png,Asclepias_speciosa
5823,aug_220562117.png,Asclepias_speciosa
5824,aug_525127401.png,Asclepias_speciosa
5825,aug_297932265.png,Asclepias_speciosa
5826,aug_297900419.png,Asclepias_speciosa
5827,aug_221405826.png,Asclepias_speciosa
5828,aug_532414782.png,Asclepias_speciosa
5829,aug_402123647.png,Asclepias_speciosa
5830,aug_516409337.png,Asclepias_speciosa
5831,aug_393689523.png,Asclepias_speciosa
5832,aug_298842224.png,Asclepias_speciosa
5833,aug_422060808.png,Asclepias_speciosa
5834,aug_407161239.png,Asclepias_speciosa
5835,aug_516822984.png,Asclepias_speciosa
5836,aug_297830518.png,Asclepias_speciosa
5837,aug_521041958.png,Asclepias_speciosa
5838,aug_293456119.png,Asclepias_speciosa
5839,aug_309021101.png,Asclepias_speciosa
5840,aug_305272083.png,Asclepias_speciosa
5841,aug_302238276.png,Asclepias_speciosa
5842,aug_402632943.png,Asclepias_speciosa
5843,aug_236849072.png,Asclepias_speciosa
5844,aug_403918851.png,Asclepias_speciosa
5845,aug_295785703.png,Asclepias_speciosa
5846,aug_257079670.png,Asclepias_speciosa
5847,aug_525921719.png,Asclepias_speciosa
5848,aug_303572848.png,Asclepias_speciosa
5849,aug_524307242.png,Asclepias_speciosa
5850,aug_297560069.png,Asclepias_speciosa
5851,aug_524643825.png,Asclepias_speciosa
5852,aug_404824061.png,Asclepias_speciosa
5853,aug_519393392.png,Asclepias_speciosa
5854,aug_293494253.png,Asclepias_speciosa
5855,aug_422111359.png,Asclepias_speciosa
5856,aug_286836952.png,Asclepias_speciosa
5857,aug_395871551.png,Asclepias_speciosa
5858,aug_531367742.png,Asclepias_speciosa
5859,aug_297780322.png,Asclepias_speciosa
5860,aug_297087230.png,Asclepias_speciosa
5861,aug_529325256.png,Asclepias_speciosa
5862,aug_397203837.png,Asclepias_speciosa
5863,aug_519594138.png,Asclepias_speciosa
5864,aug_404306927.png,Asclepias_speciosa
5865,aug_303597291.png,Asclepias_speciosa
5866,aug_529514504.png,Asclepias_speciosa
5867,aug_297393601.png,Asclepias_speciosa
5868,aug_530076093.png,Asclepias_speciosa
5869,aug_528392409.png,Asclepias_speciosa
5870,aug_298593693.png,Asclepias_speciosa
5871,aug_293884693.png,Asclepias_speciosa
5872,aug_409978833.png,Asclepias_speciosa
5873,aug_217566576.png,Asclepias_speciosa
5874,aug_292023011.png,Asclepias_speciosa
5875,aug_289451315.png,Asclepias_speciosa
5876,aug_301677813.png,Asclepias_speciosa
5877,aug_401123183.png,Asclepias_speciosa
5878,aug_296221887.png,Asclepias_speciosa
5879,aug_390609217.png,Asclepias_speciosa
5880,aug_529561759.png,Asclepias_speciosa
5881,aug_303362305.png,Asclepias_speciosa
5882,aug_401472445.png,Asclepias_speciosa
5883,aug_408975700.png,Asclepias_speciosa
5884,aug_457619335.png,Asclepias_speciosa
5885,aug_314239853.png,Asclepias_speciosa
5886,aug_407613192.png,Asclepias_speciosa
5887,aug_397753545.png,Asclepias_speciosa
5888,aug_407536262.png,Asclepias_speciosa
5889,aug_315010346.png,Asclepias_speciosa
5890,aug_293242331.png,Asclepias_speciosa
5891,aug_409056681.png,Asclepias_speciosa
5892,aug_523773671.png,Asclepias_speciosa
5893,aug_421899075.png,Asclepias_speciosa
5894,aug_294438332.png,Asclepias_speciosa
5895,aug_519793486.png,Asclepias_speciosa
5896,aug_402653684.png,Asclepias_speciosa
5897,aug_299055139.png,Asclepias_speciosa
5898,aug_262552632.png,Asclepias_speciosa
5899,aug_355351100.png,Asclepias_speciosa
5900,aug_526912077.png,Asclepias_speciosa
5901,aug_517154906.png,Asclepias_speciosa
5902,aug_402655691.png,Asclepias_speciosa
5903,aug_308696999.png,Asclepias_speciosa
5904,aug_213493322.png,Asclepias_speciosa
5905,aug_298588805.png,Asclepias_speciosa
5906,aug_325914530.png,Asclepias_speciosa
5907,aug_416439261.png,Asclepias_speciosa
5908,aug_530860079.png,Asclepias_speciosa
5909,aug_292549280.png,Asclepias_speciosa
5910,aug_400751272.png,Asclepias_speciosa
5911,aug_522002536.png,Asclepias_speciosa
5912,aug_262552649.png,Asclepias_speciosa
5913,aug_422483519.png,Asclepias_speciosa
5914,aug_405839302.png,Asclepias_speciosa
5915,aug_295154930.png,Asclepias_speciosa
5916,aug_214350803.png,Asclepias_speciosa
5917,aug_422055673.png,Asclepias_speciosa
5918,aug_293849022.png,Asclepias_speciosa
5919,aug_412839412.png,Asclepias_speciosa
5920,aug_525865832.png,Asclepias_speciosa
5921,aug_528392462.png,Asclepias_speciosa
5922,aug_398414309.png,Asclepias_speciosa
5923,aug_289071931.png,Asclepias_speciosa
5924,aug_408006613.png,Asclepias_speciosa
5925,aug_294477483.png,Asclepias_speciosa
5926,aug_262552584.png,Asclepias_speciosa
5927,aug_291551538.png,Asclepias_speciosa
5928,aug_398930346.png,Asclepias_speciosa
5929,aug_473394699.png,Asclepias_speciosa
5930,aug_521698118.png,Asclepias_speciosa
5931,aug_528336371.png,Asclepias_speciosa
5932,aug_399483132.png,Asclepias_speciosa
5933,aug_528348294.png,Asclepias_speciosa
5934,aug_529005321.png,Asclepias_speciosa
5935,aug_401674691.png,Asclepias_speciosa
5936,aug_295696612.png,Asclepias_speciosa
5937,aug_526329022.png,Asclepias_speciosa
5938,aug_527639522.png,Asclepias_speciosa
5939,aug_520112414.png,Asclepias_speciosa
5940,aug_396622689.png,Asclepias_speciosa
5941,aug_414097067.png,Asclepias_speciosa
5942,aug_296993576.png,Asclepias_speciosa
5943,aug_525394870.png,Asclepias_speciosa
5944,aug_215233982.png,Asclepias_speciosa
5945,aug_297087389.png,Asclepias_speciosa
5946,aug_529570416.png,Asclepias_speciosa
5947,aug_408205920.png,Asclepias_speciosa
5948,aug_524047812.png,Asclepias_speciosa
5949,aug_407161489.png,Asclepias_speciosa
5950,aug_297417163.png,Asclepias_speciosa
5951,aug_421903028.png,Asclepias_speciosa
5952,aug_422126095.png,Asclepias_speciosa
5953,aug_394506078.png,Asclepias_speciosa
5954,aug_522008944.png,Asclepias_speciosa
5955,aug_525913133.png,Asclepias_speciosa
5956,aug_294687011.png,Asclepias_speciosa
5957,aug_530441307.png,Asclepias_speciosa
5958,aug_417119795.png,Asclepias_speciosa
5959,aug_215616594.png,Asclepias_speciosa
5960,aug_417320660.png,Asclepias_speciosa
5961,aug_499066930.png,Asclepias_speciosa
5962,aug_303552919.png,Asclepias_speciosa
5963,aug_522227762.png,Asclepias_speciosa
5964,aug_399219217.png,Asclepias_speciosa
5965,aug_398904928.png,Asclepias_speciosa
5966,aug_526428728.png,Asclepias_speciosa
5967,aug_404354301.png,Asclepias_speciosa
5968,aug_398998443.png,Asclepias_speciosa
5969,aug_289199783.png,Asclepias_speciosa
5970,aug_519606772.png,Asclepias_speciosa
5971,aug_396784841.png,Asclepias_speciosa
5972,aug_214100801.png,Asclepias_speciosa
5973,aug_421938035.png,Asclepias_speciosa
5974,aug_297288778.png,Asclepias_speciosa
5975,aug_416045505.png,Asclepias_speciosa
5976,aug_520474033.png,Asclepias_speciosa
5977,aug_307822431.png,Asclepias_speciosa
5978,aug_412686731.png,Asclepias_speciosa
5979,aug_299689118.png,Asclepias_speciosa
5980,aug_310595402.png,Asclepias_speciosa
5981,aug_395015976.png,Asclepias_speciosa
5982,aug_406804360.png,Asclepias_speciosa
5983,aug_300262879.png,Asclepias_speciosa
5984,aug_288518810.png,Asclepias_speciosa
5985,aug_395033382.png,Asclepias_speciosa
5986,aug_214004496.png,Asclepias_speciosa
5987,aug_405085701.png,Asclepias_speciosa
5988,aug_517438459.png,Asclepias_speciosa
5989,aug_533568300.png,Asclepias_speciosa
5990,aug_295437998.png,Asclepias_speciosa
5991,aug_395585433.png,Asclepias_speciosa
5992,aug_213601831.png,Asclepias_speciosa
5993,aug_448690852.png,Asclepias_speciosa
5994,aug_295201478.png,Asclepias_speciosa
5995,aug_286786364.png,Asclepias_speciosa
5996,aug_297583701.png,Asclepias_speciosa
5997,aug_531276318.png,Asclepias_speciosa
5998,aug_530884595.png,Asclepias_speciosa
5999,aug_215799548.png,Asclepias_speciosa
6000,aug_295223153.png,Asclepias_speciosa
6001,aug_290316734.png,Asclepias_speciosa
6002,aug_307448643.png,Asclepias_speciosa
6003,aug_406964692.png,Asclepias_speciosa
6004,aug_297855363.png,Asclepias_speciosa
6005,aug_404409526.png,Asclepias_speciosa
6006,aug_216109430.png,Asclepias_speciosa
6007,aug_321896756.png,Asclepias_speciosa
6008,aug_213508570.png,Asclepias_speciosa
6009,aug_402654288.png,Asclepias_speciosa
6010,aug_527271628.png,Asclepias_speciosa
6011,aug_403862105.png,Asclepias_speciosa
6012,aug_306442422.png,Asclepias_speciosa
6013,aug_422139919.png,Asclepias_speciosa
6014,aug_298672001.png,Asclepias_speciosa
6015,aug_397133795.png,Asclepias_speciosa
6016,aug_528944903.png,Asclepias_speciosa
6017,aug_287953373.png,Asclepias_speciosa
6018,aug_295886261.png,Asclepias_speciosa
6019,aug_396996573.png,Asclepias_speciosa
6020,aug_331353386.png,Asclepias_speciosa
6021,aug_403488668.png,Asclepias_speciosa
6022,aug_533295023.png,Asclepias_speciosa
6023,aug_394194896.png,Asclepias_speciosa
6024,aug_302639336.png,Asclepias_speciosa
6025,aug_300110273.png,Asclepias_speciosa
6026,aug_408138580.png,Asclepias_speciosa
6027,aug_397302133.png,Asclepias_speciosa
6028,aug_296821691.png,Asclepias_speciosa
6029,aug_522079510.png,Asclepias_speciosa
6030,aug_516355195.png,Asclepias_speciosa
6031,aug_401472152.png,Asclepias_speciosa
6032,aug_294848795.png,Asclepias_speciosa
6033,aug_298602971.png,Asclepias_speciosa
6034,aug_519142347.png,Asclepias_speciosa
6035,aug_397955031.png,Asclepias_speciosa
6036,aug_525579715.png,Asclepias_speciosa
6037,aug_297890203.png,Asclepias_speciosa
6038,aug_299250390.png,Asclepias_speciosa
6039,aug_311343127.png,Asclepias_speciosa
6040,aug_303964106.png,Asclepias_speciosa
6041,aug_425756434.png,Asclepias_speciosa
6042,aug_527425925.png,Asclepias_speciosa
6043,aug_293520319.png,Asclepias_speciosa
6044,aug_524043175.png,Asclepias_speciosa
6045,aug_530882357.png,Asclepias_speciosa
6046,aug_406935689.png,Asclepias_speciosa
6047,aug_413214711.png,Asclepias_speciosa
6048,aug_422392026.png,Asclepias_speciosa
6049,aug_392079918.png,Asclepias_speciosa
6050,aug_524076033.png,Asclepias_speciosa
6051,aug_291532553.png,Asclepias_speciosa
6052,aug_403477764.png,Asclepias_speciosa
6053,aug_213602390.png,Asclepias_speciosa
6054,aug_401335103.png,Asclepias_speciosa
6055,aug_293440591.png,Asclepias_speciosa
6056,aug_291117857.png,Asclepias_speciosa
6057,aug_299688436.png,Asclepias_speciosa
6058,aug_293160872.png,Asclepias_speciosa
6059,aug_406493013.png,Asclepias_speciosa
6060,aug_422055259.png,Asclepias_speciosa
6061,aug_526285439.png,Asclepias_speciosa
6062,aug_300491545.png,Asclepias_speciosa
6063,aug_404418817.png,Asclepias_speciosa
6064,aug_411310302.png,Asclepias_speciosa
6065,aug_522500456.png,Asclepias_speciosa
6066,aug_528061626.png,Asclepias_speciosa
6067,aug_295874768.png,Asclepias_speciosa
6068,aug_524528396.png,Asclepias_speciosa
6069,aug_529786576.png,Asclepias_speciosa
6070,aug_297265587.png,Asclepias_speciosa
6071,aug_449919602.png,Asclepias_speciosa
6072,aug_410839275.png,Asclepias_speciosa
6073,aug_290069670.png,Asclepias_speciosa
6074,aug_417120554.png,Asclepias_speciosa
6075,aug_216103361.png,Asclepias_speciosa
6076,aug_303530971.png,Asclepias_speciosa
6077,aug_392007428.png,Asclepias_speciosa
6078,aug_404980614.png,Asclepias_speciosa
6079,aug_404686348.png,Asclepias_speciosa
6080,aug_523188685.png,Asclepias_speciosa
6081,aug_399705773.png,Asclepias_speciosa
6082,aug_404271920.png,Asclepias_speciosa
6083,aug_294216426.png,Asclepias_speciosa
6084,aug_395456478.png,Asclepias_speciosa
6085,aug_398451078.png,Asclepias_speciosa
6086,aug_215993542.png,Asclepias_speciosa
6087,aug_337553099.png,Asclepias_speciosa
6088,aug_392476238.png,Asclepias_speciosa
6089,aug_394666302.png,Asclepias_speciosa
6090,aug_296522631.png,Asclepias_speciosa
6091,aug_417026342.png,Asclepias_speciosa
6092,aug_402246375.png,Asclepias_speciosa
6093,aug_214481840.png,Asclepias_speciosa
6094,aug_297855885.png,Asclepias_speciosa
6095,aug_520022593.png,Asclepias_speciosa
6096,aug_522695265.png,Asclepias_speciosa
6097,aug_290121373.png,Asclepias_speciosa
6098,aug_297858267.png,Asclepias_speciosa
6099,aug_216894084.png,Asclepias_speciosa
6100,aug_299415087.png,Asclepias_speciosa
6101,aug_533669593.png,Asclepias_speciosa
6102,aug_362150135.png,Asclepias_speciosa
6103,aug_309782104.png,Asclepias_speciosa
6104,aug_294556787.png,Asclepias_speciosa
6105,aug_514958376.png,Asclepias_speciosa
6106,aug_215618956.png,Asclepias_speciosa
6107,aug_402904724.png,Asclepias_speciosa
6108,aug_531486348.png,Asclepias_speciosa
6109,aug_521073198.png,Asclepias_speciosa
6110,aug_292477136.png,Asclepias_speciosa
6111,aug_396946343.png,Asclepias_speciosa
6112,aug_300893395.png,Asclepias_speciosa
6113,aug_402838857.png,Asclepias_speciosa
6114,aug_396309535.png,Asclepias_speciosa
6115,aug_405000097.png,Asclepias_speciosa
6116,aug_302738010.png,Asclepias_speciosa
6117,aug_403605906.png,Asclepias_speciosa
6118,aug_399273853.png,Asclepias_speciosa
6119,aug_401334555.png,Asclepias_speciosa
6120,aug_524773766.png,Asclepias_speciosa
6121,aug_297790788.png,Asclepias_speciosa
6122,aug_246977169.png,Asclepias_speciosa
6123,aug_289345322.png,Asclepias_speciosa
6124,aug_528779920.png,Asclepias_speciosa
6125,aug_529919762.png,Asclepias_speciosa
6126,aug_530324956.png,Asclepias_speciosa
6127,aug_533615396.png,Asclepias_speciosa
6128,aug_408683594.png,Asclepias_speciosa
6129,aug_522099785.png,Asclepias_speciosa
6130,aug_296734546.png,Asclepias_speciosa
6131,aug_277314095.png,Asclepias_speciosa
6132,aug_393697188.png,Asclepias_speciosa
6133,aug_396956024.png,Asclepias_speciosa
6134,aug_331481386.png,Asclepias_speciosa
6135,aug_295745786.png,Asclepias_speciosa
6136,aug_404394522.png,Asclepias_speciosa
6137,aug_418447204.png,Asclepias_speciosa
6138,aug_399946213.png,Asclepias_speciosa
6139,aug_528287231.png,Asclepias_speciosa
6140,aug_532419280.png,Asclepias_speciosa
6141,aug_401807112.png,Asclepias_speciosa
6142,aug_293089123.png,Asclepias_speciosa
6143,aug_523361987.png,Asclepias_speciosa
6144,aug_402161072.png,Asclepias_speciosa
6145,aug_217767753.png,Asclepias_speciosa
6146,aug_404841012.png,Asclepias_speciosa
6147,aug_402320554.png,Asclepias_speciosa
6148,aug_294385747.png,Asclepias_speciosa
6149,aug_522255555.png,Asclepias_speciosa
6150,aug_298700483.png,Asclepias_speciosa
6151,aug_403185893.png,Asclepias_speciosa
6152,aug_521347631.png,Asclepias_speciosa
6153,aug_301061505.png,Asclepias_speciosa
6154,aug_400753691.png,Asclepias_speciosa
6155,aug_532149570.png,Asclepias_speciosa
6156,aug_214204298.png,Asclepias_speciosa
6157,aug_524708688.png,Asclepias_speciosa
6158,aug_214527444.png,Asclepias_speciosa
6159,aug_226045378.png,Asclepias_speciosa
6160,aug_520974513.png,Asclepias_speciosa
6161,aug_407000092.png,Asclepias_speciosa
6162,aug_533056764.png,Asclepias_speciosa
6163,aug_218223385.png,Asclepias_speciosa
6164,aug_302320340.png,Asclepias_speciosa
6165,aug_528409299.png,Asclepias_speciosa
6166,aug_303138560.png,Asclepias_speciosa
6167,aug_519035351.png,Asclepias_speciosa
6168,aug_528343664.png,Asclepias_speciosa
6169,aug_296722061.png,Asclepias_speciosa
6170,aug_528409479.png,Asclepias_speciosa
6171,aug_401942345.png,Asclepias_speciosa
6172,aug_303136234.png,Asclepias_speciosa
6173,aug_407779235.png,Asclepias_speciosa
6174,aug_298568087.png,Asclepias_speciosa
6175,aug_216265088.png,Asclepias_speciosa
6176,aug_527761491.png,Asclepias_speciosa
6177,aug_409045554.png,Asclepias_speciosa
6178,aug_398824384.png,Asclepias_speciosa
6179,aug_305296861.png,Asclepias_speciosa
6180,aug_528370916.png,Asclepias_speciosa
6181,aug_298596247.png,Asclepias_speciosa
6182,aug_398357789.png,Asclepias_speciosa
6183,aug_417114777.png,Asclepias_speciosa
6184,aug_438780904.png,Asclepias_speciosa
6185,aug_517437881.png,Asclepias_speciosa
6186,aug_217745005.png,Asclepias_speciosa
6187,aug_529450973.png,Asclepias_speciosa
6188,aug_214655419.png,Asclepias_speciosa
6189,aug_395526950.png,Asclepias_speciosa
6190,aug_524595958.png,Asclepias_speciosa
6191,aug_529544097.png,Asclepias_speciosa
6192,aug_313407457.png,Asclepias_speciosa
6193,aug_300448712.png,Asclepias_speciosa
6194,aug_297429817.png,Asclepias_speciosa
6195,aug_302260455.png,Asclepias_speciosa
6196,aug_525306030.png,Asclepias_speciosa
6197,aug_214506338.png,Asclepias_speciosa
6198,aug_410396256.png,Asclepias_speciosa
6199,aug_292860568.png,Asclepias_speciosa
6200,aug_407937950.png,Asclepias_speciosa
6201,aug_526957659.png,Asclepias_speciosa
6202,aug_300087041.png,Asclepias_speciosa
6203,aug_526642855.png,Asclepias_speciosa
6204,aug_525831096.png,Asclepias_speciosa
6205,aug_522067591.png,Asclepias_speciosa
6206,aug_516864655.png,Asclepias_speciosa
6207,aug_314469626.png,Asclepias_speciosa
6208,aug_515812163.png,Asclepias_speciosa
6209,aug_399058046.png,Asclepias_speciosa
6210,aug_403413225.png,Asclepias_speciosa
6211,aug_527404920.png,Asclepias_speciosa
6212,aug_396771383.png,Asclepias_speciosa
6213,aug_297557115.png,Asclepias_speciosa
6214,aug_298705495.png,Asclepias_speciosa
6215,aug_422111690.png,Asclepias_speciosa
6216,aug_288325448.png,Asclepias_speciosa
6217,aug_518144954.png,Asclepias_speciosa
6218,aug_294906910.png,Asclepias_speciosa
6219,aug_213848258.png,Asclepias_speciosa
6220,aug_406887332.png,Asclepias_speciosa
6221,aug_225992274.png,Asclepias_speciosa
6222,aug_306626809.png,Asclepias_speciosa
6223,aug_516583475.png,Asclepias_speciosa
6224,aug_422125706.png,Asclepias_speciosa
6225,aug_213601458.png,Asclepias_speciosa
6226,aug_296561073.png,Asclepias_speciosa
6227,aug_396279219.png,Asclepias_speciosa
6228,aug_305988474.png,Asclepias_speciosa
6229,aug_525151445.png,Asclepias_speciosa
6230,aug_215108999.png,Asclepias_speciosa
6231,aug_314581498.png,Asclepias_speciosa
6232,aug_395019518.png,Asclepias_speciosa
6233,aug_222327260.png,Asclepias_speciosa
6234,aug_300198859.png,Asclepias_speciosa
6235,aug_216489799.png,Asclepias_speciosa
6236,aug_395829959.png,Asclepias_speciosa
6237,aug_525422625.png,Asclepias_speciosa
6238,aug_462774298.png,Asclepias_speciosa
6239,aug_398753522.png,Asclepias_speciosa
6240,aug_521442367.png,Asclepias_speciosa
6241,aug_525848516.png,Asclepias_speciosa
6242,aug_526969056.png,Asclepias_speciosa
6243,aug_409588782.png,Asclepias_speciosa
6244,aug_520137956.png,Asclepias_speciosa
6245,aug_523248083.png,Asclepias_speciosa
6246,aug_279894852.png,Asclepias_speciosa
6247,aug_306554086.png,Asclepias_speciosa
6248,aug_294760873.png,Asclepias_speciosa
6249,aug_409428109.png,Asclepias_speciosa
6250,aug_296207324.png,Asclepias_speciosa
6251,aug_468557035.png,Asclepias_speciosa
6252,aug_522603724.png,Asclepias_speciosa
6253,aug_461793788.png,Asclepias_speciosa
6254,aug_528914957.png,Asclepias_speciosa
6255,aug_297543989.png,Asclepias_speciosa
6256,aug_303136593.png,Asclepias_speciosa
6257,aug_529958305.png,Asclepias_speciosa
6258,aug_295367292.png,Asclepias_speciosa
6259,aug_398742440.png,Asclepias_speciosa
6260,aug_527166054.png,Asclepias_speciosa
6261,aug_405794984.png,Asclepias_speciosa
6262,aug_352784633.png,Asclepias_speciosa
6263,aug_527868994.png,Asclepias_speciosa
6264,aug_296605719.png,Asclepias_speciosa
6265,aug_348159872.png,Asclepias_speciosa
6266,aug_409860298.png,Asclepias_speciosa
6267,aug_213999869.png,Asclepias_speciosa
6268,aug_302828014.png,Asclepias_speciosa
6269,aug_405887218.png,Asclepias_speciosa
6270,aug_394282339.png,Asclepias_speciosa
6271,aug_288396775.png,Asclepias_speciosa
6272,aug_398875280.png,Asclepias_speciosa
6273,aug_293797837.png,Asclepias_speciosa
6274,aug_398417393.png,Asclepias_speciosa
6275,aug_214004006.png,Asclepias_speciosa
6276,aug_413291935.png,Asclepias_speciosa
6277,aug_222306148.png,Asclepias_speciosa
6278,aug_294897752.png,Asclepias_speciosa
6279,aug_476183559.png,Asclepias_speciosa
6280,aug_448973594.png,Asclepias_speciosa
6281,aug_422487374.png,Asclepias_speciosa
6282,aug_527898950.png,Asclepias_speciosa
6283,aug_213600290.png,Asclepias_speciosa
6284,aug_400079320.png,Asclepias_speciosa
6285,aug_398902036.png,Asclepias_speciosa
6286,aug_223648280.png,Asclepias_speciosa
6287,aug_400767703.png,Asclepias_speciosa
6288,aug_398919141.png,Asclepias_speciosa
6289,aug_400537307.png,Asclepias_speciosa
6290,aug_295531326.png,Asclepias_speciosa
6291,aug_326833713.png,Asclepias_speciosa
6292,aug_401903257.png,Asclepias_speciosa
6293,aug_413319682.png,Asclepias_speciosa
6294,aug_517365582.png,Asclepias_speciosa
6295,aug_399333272.png,Asclepias_speciosa
6296,aug_532707164.png,Asclepias_speciosa
6297,aug_306554250.png,Asclepias_speciosa
6298,aug_394516552.png,Asclepias_speciosa
6299,aug_391179413.png,Asclepias_speciosa
6300,aug_214005671.png,Asclepias_speciosa
6301,aug_408757450.png,Asclepias_speciosa
6302,aug_522002494.png,Asclepias_speciosa
6303,aug_531355037.png,Asclepias_speciosa
6304,aug_216341671.png,Asclepias_speciosa
6305,aug_296563030.png,Asclepias_speciosa
6306,aug_417315654.png,Asclepias_speciosa
6307,aug_529460133.png,Asclepias_speciosa
6308,aug_522603691.png,Asclepias_speciosa
6309,aug_532628462.png,Asclepias_speciosa
6310,aug_418088192.png,Asclepias_speciosa
6311,aug_300327657.png,Asclepias_speciosa
6312,aug_530551397.png,Asclepias_speciosa
6313,aug_526791873.png,Asclepias_speciosa
6314,aug_293308431.png,Asclepias_speciosa
6315,aug_404003190.png,Asclepias_speciosa
6316,aug_294605779.png,Asclepias_speciosa
6317,aug_393124310.png,Asclepias_speciosa
6318,aug_301193479.png,Asclepias_speciosa
6319,aug_213648577.png,Asclepias_speciosa
6320,aug_523597084.png,Asclepias_speciosa
6321,aug_216812818.png,Asclepias_speciosa
6322,aug_310468707.png,Asclepias_speciosa
6323,aug_215613902.png,Asclepias_speciosa
6324,aug_405593595.png,Asclepias_speciosa
6325,aug_226312362.png,Asclepias_speciosa
6326,aug_531064745.png,Asclepias_speciosa
6327,aug_281698694.png,Asclepias_speciosa
6328,aug_234241119.png,Asclepias_speciosa
6329,aug_397679428.png,Asclepias_speciosa
6330,aug_417649278.png,Asclepias_speciosa
6331,aug_468475642.png,Asclepias_speciosa
6332,aug_519807119.png,Asclepias_speciosa
6333,aug_215403310.png,Asclepias_speciosa
6334,aug_469933415.png,Asclepias_speciosa
6335,aug_414295037.png,Asclepias_speciosa
6336,aug_417123307.png,Asclepias_speciosa
6337,aug_291454731.png,Asclepias_speciosa
6338,aug_532150683.png,Asclepias_speciosa
6339,aug_406712656.png,Asclepias_speciosa
6340,aug_519407988.png,Asclepias_speciosa
6341,aug_213609458.png,Asclepias_speciosa
6342,aug_293163593.png,Asclepias_speciosa
6343,aug_395616671.png,Asclepias_speciosa
6344,aug_523217942.png,Asclepias_speciosa
6345,aug_305104910.png,Asclepias_speciosa
6346,aug_294540919.png,Asclepias_speciosa
6347,aug_288494089.png,Asclepias_speciosa
6348,aug_467063328.png,Asclepias_speciosa
6349,aug_214925994.png,Asclepias_speciosa
6350,aug_396550022.png,Asclepias_speciosa
6351,aug_213602593.png,Asclepias_speciosa
6352,aug_403983875.png,Asclepias_speciosa
6353,aug_531381216.png,Asclepias_speciosa
6354,aug_300881987.png,Asclepias_speciosa
6355,aug_523627016.png,Asclepias_speciosa
6356,aug_258896291.png,Asclepias_speciosa
6357,aug_305638003.png,Asclepias_speciosa
6358,aug_528062879.png,Asclepias_speciosa
6359,aug_291003930.png,Asclepias_speciosa
6360,aug_531885713.png,Asclepias_speciosa
6361,aug_525810632.png,Asclepias_speciosa
6362,aug_530602417.png,Asclepias_speciosa
6363,aug_286344128.png,Asclepias_speciosa
6364,aug_317659423.png,Asclepias_speciosa
6365,aug_214349945.png,Asclepias_speciosa
6366,aug_410486413.png,Asclepias_speciosa
6367,aug_214507367.png,Asclepias_speciosa
6368,aug_394312728.png,Asclepias_speciosa
6369,aug_433251596.png,Asclepias_speciosa
6370,aug_326849809.png,Asclepias_speciosa
6371,aug_520266601.png,Asclepias_speciosa
6372,aug_296933873.png,Asclepias_speciosa
6373,aug_292521577.png,Asclepias_speciosa
6374,aug_521010982.png,Asclepias_speciosa
6375,aug_297882615.png,Asclepias_speciosa
6376,aug_515082766.png,Asclepias_speciosa
6377,aug_521769209.png,Asclepias_speciosa
6378,aug_291158530.png,Asclepias_speciosa
6379,aug_299976631.png,Asclepias_speciosa
6380,aug_400341118.png,Asclepias_speciosa
6381,aug_213601064.png,Asclepias_speciosa
6382,aug_291145257.png,Asclepias_speciosa
6383,aug_304251783.png,Asclepias_speciosa
6384,aug_522209688.png,Asclepias_speciosa
6385,aug_291477991.png,Asclepias_speciosa
6386,aug_306753614.png,Asclepias_speciosa
6387,aug_214962146.png,Asclepias_speciosa
6388,aug_214506694.png,Asclepias_speciosa
6389,aug_402226657.png,Asclepias_speciosa
6390,aug_532743777.png,Asclepias_speciosa
6391,aug_419848303.png,Asclepias_speciosa
6392,aug_293845363.png,Asclepias_speciosa
6393,aug_398711715.png,Asclepias_speciosa
6394,aug_294239966.png,Asclepias_speciosa
6395,aug_397964932.png,Asclepias_speciosa
6396,aug_522165202.png,Asclepias_speciosa
6397,aug_523271672.png,Asclepias_speciosa
6398,aug_522984913.png,Asclepias_speciosa
6399,aug_429764984.png,Asclepias_speciosa
6400,aug_520314102.png,Asclepias_speciosa
6401,aug_300131231.png,Asclepias_speciosa
6402,aug_293440746.png,Asclepias_speciosa
6403,aug_417648617.png,Asclepias_speciosa
6404,aug_526417338.png,Asclepias_speciosa
6405,aug_416258064.png,Asclepias_speciosa
6406,aug_410796437.png,Asclepias_speciosa
6407,aug_534195309.png,Asclepias_speciosa
6408,aug_516713161.png,Asclepias_speciosa
6409,aug_402654222.png,Asclepias_speciosa
6410,aug_292200119.png,Asclepias_speciosa
6411,aug_518112305.png,Asclepias_speciosa
6412,aug_288117729.png,Asclepias_speciosa
6413,aug_216849064.png,Asclepias_speciosa
6414,aug_422060403.png,Asclepias_speciosa
6415,aug_408150325.png,Asclepias_speciosa
6416,aug_525281048.png,Asclepias_speciosa
6417,aug_520007979.png,Asclepias_speciosa
6418,aug_531105716.png,Asclepias_speciosa
6419,aug_515854600.png,Asclepias_speciosa
6420,aug_335758842.png,Asclepias_speciosa
6421,aug_293025041.png,Asclepias_speciosa
6422,aug_394517136.png,Asclepias_speciosa
6423,aug_409556392.png,Asclepias_speciosa
6424,aug_215203836.png,Asclepias_speciosa
6425,aug_297901932.png,Asclepias_speciosa
6426,aug_247031050.png,Asclepias_speciosa
6427,aug_303135276.png,Asclepias_speciosa
6428,aug_527401841.png,Asclepias_speciosa
6429,aug_532410286.png,Asclepias_speciosa
6430,aug_516367567.png,Asclepias_speciosa
6431,aug_396997892.png,Asclepias_speciosa
6432,aug_234520257.png,Asclepias_speciosa
6433,aug_527830371.png,Asclepias_speciosa
6434,aug_402654785.png,Asclepias_speciosa
6435,aug_214350312.png,Asclepias_speciosa
6436,aug_521727542.png,Asclepias_speciosa
6437,aug_400880716.png,Asclepias_speciosa
6438,aug_401471519.png,Asclepias_speciosa
6439,aug_531021889.png,Asclepias_speciosa
6440,aug_402139361.png,Asclepias_speciosa
6441,aug_286732475.png,Asclepias_speciosa
6442,aug_315696187.png,Asclepias_speciosa
6443,aug_408177825.png,Asclepias_speciosa
6444,aug_527689576.png,Asclepias_speciosa
6445,aug_397194650.png,Asclepias_speciosa
6446,aug_527496062.png,Asclepias_speciosa
6447,aug_305177334.png,Asclepias_speciosa
6448,aug_520038570.png,Asclepias_speciosa
6449,aug_528140554.png,Asclepias_speciosa
6450,aug_303131746.png,Asclepias_speciosa
6451,aug_530602639.png,Asclepias_speciosa
6452,aug_292688322.png,Asclepias_speciosa
6453,aug_467206154.png,Asclepias_speciosa
6454,aug_299682667.png,Asclepias_speciosa
6455,aug_533171514.png,Asclepias_speciosa
6456,aug_303384153.png,Asclepias_speciosa
6457,aug_236345654.png,Asclepias_speciosa
6458,aug_297560237.png,Asclepias_speciosa
6459,aug_395011775.png,Asclepias_speciosa
6460,aug_302938663.png,Asclepias_speciosa
6461,aug_526789196.png,Asclepias_speciosa
6462,aug_403870250.png,Asclepias_speciosa
6463,aug_527708386.png,Asclepias_speciosa
6464,aug_216120552.png,Asclepias_speciosa
6465,aug_416398187.png,Asclepias_speciosa
6466,aug_398794480.png,Asclepias_speciosa
6467,aug_291785755.png,Asclepias_speciosa
6468,aug_532061738.png,Asclepias_speciosa
6469,aug_523864311.png,Asclepias_speciosa
6470,aug_520596499.png,Asclepias_speciosa
6471,aug_530312792.png,Asclepias_speciosa
6472,aug_296554480.png,Asclepias_speciosa
6473,aug_215615169.png,Asclepias_speciosa
6474,aug_296493701.png,Asclepias_speciosa
6475,aug_413726965.png,Asclepias_speciosa
6476,aug_525159750.png,Asclepias_speciosa
6477,aug_297451551.png,Asclepias_speciosa
6478,aug_289929752.png,Asclepias_speciosa
6479,aug_397138313.png,Asclepias_speciosa
6480,aug_400099590.png,Asclepias_speciosa
6481,aug_213492572.png,Asclepias_speciosa
6482,aug_290520902.png,Asclepias_speciosa
6483,aug_216850074.png,Asclepias_speciosa
6484,aug_297277622.png,Asclepias_speciosa
6485,aug_213492638.png,Asclepias_speciosa
6486,aug_289467103.png,Asclepias_speciosa
6487,aug_395946664.png,Asclepias_speciosa
6488,aug_213492450.png,Asclepias_speciosa
6489,aug_400687521.png,Asclepias_speciosa
6490,aug_527617090.png,Asclepias_speciosa
6491,aug_287764636.png,Asclepias_speciosa
6492,aug_392141726.png,Asclepias_speciosa
6493,aug_298442694.png,Asclepias_speciosa
6494,aug_297562907.png,Asclepias_speciosa
6495,aug_527314475.png,Asclepias_speciosa
6496,aug_391233571.png,Asclepias_speciosa
6497,aug_527698985.png,Asclepias_speciosa
6498,aug_214733609.png,Asclepias_speciosa
6499,aug_292062389.png,Asclepias_speciosa
6500,aug_399118836.png,Asclepias_speciosa
6501,aug_214005412.png,Asclepias_speciosa
6502,aug_398924388.png,Asclepias_speciosa
6503,aug_401638050.png,Asclepias_speciosa
6504,aug_390616257.png,Asclepias_speciosa
6505,aug_521904382.png,Asclepias_speciosa
6506,aug_297857870.png,Asclepias_speciosa
6507,aug_291503960.png,Asclepias_speciosa
6508,aug_520614304.png,Asclepias_speciosa
6509,aug_519492245.png,Asclepias_speciosa
6510,aug_527371872.png,Asclepias_speciosa
6511,aug_525359880.png,Asclepias_speciosa
6512,aug_293190024.png,Asclepias_speciosa
6513,aug_528290397.png,Asclepias_speciosa
6514,aug_528390847.png,Asclepias_speciosa
6515,aug_402635648.png,Asclepias_speciosa
6516,aug_213603057.png,Asclepias_speciosa
6517,aug_237700038.png,Asclepias_speciosa
6518,aug_213889113.png,Asclepias_speciosa
6519,aug_416256760.png,Asclepias_speciosa
6520,aug_288619935.png,Asclepias_speciosa
6521,aug_532559734.png,Asclepias_speciosa
6522,aug_303138793.png,Asclepias_speciosa
6523,aug_405365827.png,Asclepias_speciosa
6524,aug_293144801.png,Asclepias_speciosa
6525,aug_309100680.png,Asclepias_speciosa
6526,aug_409544129.png,Asclepias_speciosa
6527,aug_292844299.png,Asclepias_speciosa
6528,aug_290155703.png,Asclepias_speciosa
6529,aug_416458929.png,Asclepias_speciosa
6530,aug_292649275.png,Asclepias_speciosa
6531,aug_421901791.png,Asclepias_speciosa
6532,aug_290349710.png,Asclepias_speciosa
6533,aug_297194149.png,Asclepias_speciosa
6534,aug_248289247.png,Asclepias_speciosa
6535,aug_299749529.png,Asclepias_speciosa
6536,aug_407343999.png,Asclepias_speciosa
6537,aug_404585858.png,Asclepias_speciosa
6538,aug_241383629.png,Asclepias_speciosa
6539,aug_526013096.png,Asclepias_speciosa
6540,aug_301060877.png,Asclepias_speciosa
6541,aug_528521155.png,Asclepias_speciosa
6542,aug_219969530.png,Asclepias_speciosa
6543,aug_300981309.png,Asclepias_speciosa
6544,aug_520365831.png,Asclepias_speciosa
6545,aug_300764900.png,Asclepias_speciosa
6546,aug_291321750.png,Asclepias_speciosa
6547,aug_304609890.png,Asclepias_speciosa
6548,aug_299485202.png,Asclepias_speciosa
6549,aug_368589106.png,Asclepias_speciosa
6550,aug_421282609.png,Asclepias_speciosa
6551,aug_398291669.png,Asclepias_speciosa
6552,aug_521531324.png,Asclepias_speciosa
6553,aug_530476133.png,Asclepias_speciosa
6554,aug_293259449.png,Asclepias_speciosa
6555,aug_525464008.png,Asclepias_speciosa
6556,aug_332523873.png,Asclepias_speciosa
6557,aug_514417071.png,Asclepias_speciosa
6558,aug_410388171.png,Asclepias_speciosa
6559,aug_528706361.png,Asclepias_speciosa
6560,aug_402124187.png,Asclepias_speciosa
6561,aug_305250635.png,Asclepias_speciosa
6562,aug_522055078.png,Asclepias_speciosa
6563,aug_289332145.png,Asclepias_speciosa
6564,aug_520025525.png,Asclepias_speciosa
6565,aug_299683021.png,Asclepias_speciosa
6566,aug_396181053.png,Asclepias_speciosa
6567,aug_421938687.png,Asclepias_speciosa
6568,aug_530293907.png,Asclepias_speciosa
6569,aug_288620421.png,Asclepias_speciosa
6570,aug_457378770.png,Asclepias_speciosa
6571,aug_528308270.png,Asclepias_speciosa
6572,aug_401587183.png,Asclepias_speciosa
6573,aug_306753729.png,Asclepias_speciosa
6574,aug_300783037.png,Asclepias_speciosa
6575,aug_401472856.png,Asclepias_speciosa
6576,aug_526907710.png,Asclepias_speciosa
6577,aug_437222631.png,Asclepias_speciosa
6578,aug_298892730.png,Asclepias_speciosa
6579,aug_390397075.png,Asclepias_speciosa
6580,aug_295445273.png,Asclepias_speciosa
6581,aug_214707348.png,Asclepias_speciosa
6582,aug_519749194.png,Asclepias_speciosa
6583,aug_215614453.png,Asclepias_speciosa
6584,aug_402532336.png,Asclepias_speciosa
6585,aug_398683791.png,Asclepias_speciosa
6586,aug_407848234.png,Asclepias_speciosa
6587,aug_413679441.png,Asclepias_speciosa
6588,aug_290729505.png,Asclepias_speciosa
6589,aug_408280085.png,Asclepias_speciosa
6590,aug_291492173.png,Asclepias_speciosa
6591,aug_293158143.png,Asclepias_speciosa
6592,aug_516823248.png,Asclepias_speciosa
6593,aug_399125850.png,Asclepias_speciosa
6594,aug_429760809.png,Asclepias_speciosa
6595,aug_296113464.png,Asclepias_speciosa
6596,aug_403108434.png,Asclepias_speciosa
6597,aug_527398134.png,Asclepias_speciosa
6598,aug_531326549.png,Asclepias_speciosa
6599,aug_397592423.png,Asclepias_speciosa
6600,aug_301061103.png,Asclepias_speciosa
6601,aug_243673618.png,Asclepias_speciosa
6602,aug_528762318.png,Asclepias_speciosa
6603,aug_400318243.png,Asclepias_speciosa
6604,aug_214481595.png,Asclepias_speciosa
6605,aug_526806468.png,Asclepias_speciosa
6606,aug_409061222.png,Asclepias_speciosa
6607,aug_213784090.png,Asclepias_speciosa
6608,aug_303530580.png,Asclepias_speciosa
6609,aug_319766790.png,Asclepias_speciosa
6610,aug_303139099.png,Asclepias_speciosa
6611,aug_528885691.png,Asclepias_speciosa
6612,aug_293415036.png,Asclepias_speciosa
6613,aug_402077864.png,Asclepias_speciosa
6614,aug_402965830.png,Asclepias_speciosa
6615,aug_300688098.png,Asclepias_speciosa
6616,aug_532188662.png,Asclepias_speciosa
6617,aug_526896016.png,Asclepias_speciosa
6618,aug_528830808.png,Asclepias_speciosa
6619,aug_421432229.png,Asclepias_speciosa
6620,aug_293059176.png,Asclepias_speciosa
6621,aug_300583659.png,Asclepias_speciosa
6622,aug_392054101.png,Asclepias_speciosa
6623,aug_416932855.png,Asclepias_speciosa
6624,aug_305198377.png,Asclepias_speciosa
6625,aug_390608699.png,Asclepias_speciosa
6626,aug_402321260.png,Asclepias_speciosa
6627,aug_530802917.png,Asclepias_speciosa
6628,aug_303132981.png,Asclepias_speciosa
6629,aug_303303773.png,Asclepias_speciosa
6630,aug_308290322.png,Asclepias_speciosa
6631,aug_401289219.png,Asclepias_speciosa
6632,aug_518057364.png,Asclepias_speciosa
6633,aug_409100104.png,Asclepias_speciosa
6634,aug_406356113.png,Asclepias_speciosa
6635,aug_529953942.png,Asclepias_speciosa
6636,aug_422482368.png,Asclepias_speciosa
6637,aug_298669819.png,Asclepias_speciosa
6638,aug_525877666.png,Asclepias_speciosa
6639,aug_297770997.png,Asclepias_speciosa
6640,aug_522265321.png,Asclepias_speciosa
6641,aug_400774859.png,Asclepias_speciosa
6642,aug_419744879.png,Asclepias_speciosa
6643,aug_420791899.png,Asclepias_speciosa
6644,aug_404996865.png,Asclepias_speciosa
6645,aug_216384269.png,Asclepias_speciosa
6646,aug_403389664.png,Asclepias_speciosa
6647,aug_466956659.png,Asclepias_speciosa
6648,aug_300093168.png,Asclepias_speciosa
6649,aug_515872059.png,Asclepias_speciosa
6650,aug_396664031.png,Asclepias_speciosa
6651,aug_296218785.png,Asclepias_speciosa
6652,aug_296523648.png,Asclepias_speciosa
6653,aug_529485984.png,Asclepias_speciosa
6654,aug_421937807.png,Asclepias_speciosa
6655,aug_522155081.png,Asclepias_speciosa
6656,aug_214506105.png,Asclepias_speciosa
6657,aug_447086442.png,Asclepias_speciosa
6658,aug_297539904.png,Asclepias_speciosa
6659,aug_532504242.png,Asclepias_speciosa
6660,aug_528988604.png,Asclepias_speciosa
6661,aug_317657881.png,Asclepias_speciosa
6662,aug_529392970.png,Asclepias_speciosa
6663,aug_407133382.png,Asclepias_speciosa
6664,aug_396182327.png,Asclepias_speciosa
6665,aug_304010103.png,Asclepias_speciosa
6666,aug_303134775.png,Asclepias_speciosa
6667,aug_213640508.png,Asclepias_speciosa
6668,aug_297202116.png,Asclepias_speciosa
6669,aug_416256503.png,Asclepias_speciosa
6670,aug_418997748.png,Asclepias_speciosa
6671,aug_407784440.png,Asclepias_speciosa
6672,aug_220996021.png,Asclepias_speciosa
6673,aug_393872090.png,Asclepias_speciosa
6674,aug_530441223.png,Asclepias_speciosa
6675,aug_292817920.png,Asclepias_speciosa
6676,aug_417113306.png,Asclepias_speciosa
6677,aug_285975858.png,Asclepias_speciosa
6678,aug_393569261.png,Asclepias_speciosa
6679,aug_303925532.png,Asclepias_speciosa
6680,aug_402653122.png,Asclepias_speciosa
6681,aug_528217590.png,Asclepias_speciosa
6682,aug_525285926.png,Asclepias_speciosa
6683,aug_530568151.png,Asclepias_speciosa
6684,aug_392377879.png,Asclepias_speciosa
6685,aug_403060357.png,Asclepias_speciosa
6686,aug_298077987.png,Asclepias_speciosa
6687,aug_423161765.png,Asclepias_speciosa
6688,aug_295719734.png,Asclepias_speciosa
6689,aug_298490629.png,Asclepias_speciosa
6690,aug_529442454.png,Asclepias_speciosa
6691,aug_416264052.png,Asclepias_speciosa
6692,aug_343464359.png,Asclepias_speciosa
6693,aug_293062245.png,Asclepias_speciosa
6694,aug_395295240.png,Asclepias_speciosa
6695,aug_392611954.png,Asclepias_speciosa
6696,aug_292442589.png,Asclepias_speciosa
6697,aug_416646857.png,Asclepias_speciosa
6698,aug_254987786.png,Asclepias_speciosa
6699,aug_532891878.png,Asclepias_speciosa
6700,aug_422486655.png,Asclepias_speciosa
6701,aug_422062807.png,Asclepias_speciosa
6702,aug_526788994.png,Asclepias_speciosa
6703,aug_348928830.png,Asclepias_speciosa
6704,aug_214249206.png,Asclepias_speciosa
6705,aug_407061512.png,Asclepias_speciosa
6706,aug_290710283.png,Asclepias_speciosa
6707,aug_398634399.png,Asclepias_speciosa
6708,aug_418930892.png,Asclepias_speciosa
6709,aug_303131858.png,Asclepias_speciosa
6710,aug_342136782.png,Asclepias_speciosa
6711,aug_295694119.png,Asclepias_speciosa
6712,aug_515677099.png,Asclepias_speciosa
6713,aug_291151344.png,Asclepias_speciosa
6714,aug_415226913.png,Asclepias_speciosa
6715,aug_524208316.png,Asclepias_speciosa
6716,aug_527390982.png,Asclepias_speciosa
6717,aug_288317164.png,Asclepias_speciosa
6718,aug_241036910.png,Asclepias_speciosa
6719,aug_304624655.png,Asclepias_speciosa
6720,aug_397581696.png,Asclepias_speciosa
6721,aug_530564075.png,Asclepias_speciosa
6722,aug_295724739.png,Asclepias_speciosa
6723,aug_401338187.png,Asclepias_speciosa
6724,aug_521111601.png,Asclepias_speciosa
6725,aug_414330220.png,Asclepias_speciosa
6726,aug_415872050.png,Asclepias_speciosa
6727,aug_232174040.png,Asclepias_speciosa
6728,aug_393092629.png,Asclepias_speciosa
6729,aug_521332394.png,Asclepias_speciosa
6730,aug_520020673.png,Asclepias_speciosa
6731,aug_303913870.png,Asclepias_speciosa
6732,aug_301567791.png,Asclepias_speciosa
6733,aug_307776785.png,Asclepias_speciosa
6734,aug_297884810.png,Asclepias_speciosa
6735,aug_523658519.png,Asclepias_speciosa
6736,aug_529090721.png,Asclepias_speciosa
6737,aug_296969188.png,Asclepias_speciosa
6738,aug_399574526.png,Asclepias_speciosa
6739,aug_301569210.png,Asclepias_speciosa
6740,aug_293835208.png,Asclepias_speciosa
6741,aug_220806506.png,Asclepias_speciosa
6742,aug_527834353.png,Asclepias_speciosa
6743,aug_294207459.png,Asclepias_speciosa
6744,aug_392037598.png,Asclepias_speciosa
6745,aug_517898935.png,Asclepias_speciosa
6746,aug_520479913.png,Asclepias_speciosa
6747,aug_397900665.png,Asclepias_speciosa
6748,aug_525088497.png,Asclepias_speciosa
6749,aug_532390671.png,Asclepias_speciosa
6750,aug_296849611.png,Asclepias_speciosa
6751,aug_297466207.png,Asclepias_speciosa
6752,aug_213849289.png,Asclepias_speciosa
6753,aug_522603677.png,Asclepias_speciosa
6754,aug_530291163.png,Asclepias_speciosa
6755,aug_395805806.png,Asclepias_speciosa
6756,aug_302217388.png,Asclepias_speciosa
6757,aug_407263877.png,Asclepias_speciosa
6758,aug_402594896.png,Asclepias_speciosa
6759,aug_249995450.png,Asclepias_speciosa
6760,aug_517718830.png,Asclepias_speciosa
6761,aug_290677319.png,Asclepias_speciosa
6762,aug_218206455.png,Asclepias_speciosa
6763,aug_218641572.png,Asclepias_speciosa
6764,aug_397899207.png,Asclepias_speciosa
6765,aug_400740643.png,Asclepias_speciosa
6766,aug_400650140.png,Asclepias_speciosa
6767,aug_294247511.png,Asclepias_speciosa
6768,aug_390936914.png,Asclepias_speciosa
6769,aug_213849452.png,Asclepias_speciosa
6770,aug_520409081.png,Asclepias_speciosa
6771,aug_391277486.png,Asclepias_speciosa
6772,aug_527383800.png,Asclepias_speciosa
6773,aug_290723988.png,Asclepias_speciosa
6774,aug_215229571.png,Asclepias_speciosa
6775,aug_413572880.png,Asclepias_speciosa
6776,aug_303312911.png,Asclepias_speciosa
6777,aug_214508364.png,Asclepias_speciosa
6778,aug_409556695.png,Asclepias_speciosa
6779,aug_397387384.png,Asclepias_speciosa
6780,aug_405920818.png,Asclepias_speciosa
6781,aug_398934867.png,Asclepias_speciosa
6782,aug_408303450.png,Asclepias_speciosa
6783,aug_401400625.png,Asclepias_speciosa
6784,aug_415147945.png,Asclepias_speciosa
6785,aug_531846570.png,Asclepias_speciosa
6786,aug_519621965.png,Asclepias_speciosa
6787,aug_533030456.png,Asclepias_speciosa
6788,aug_530436529.png,Asclepias_speciosa
6789,aug_519021523.png,Asclepias_speciosa
6790,aug_300122725.png,Asclepias_speciosa
6791,aug_289358641.png,Asclepias_speciosa
6792,aug_397706864.png,Asclepias_speciosa
6793,aug_289041449.png,Asclepias_speciosa
6794,aug_405415009.png,Asclepias_speciosa
6795,aug_214003350.png,Asclepias_speciosa
6796,aug_398300302.png,Asclepias_speciosa
6797,aug_302985646.png,Asclepias_speciosa
6798,aug_296534194.png,Asclepias_speciosa
6799,aug_335758852.png,Asclepias_speciosa
6800,aug_416416083.png,Asclepias_speciosa
6801,aug_397139019.png,Asclepias_speciosa
6802,aug_292094559.png,Asclepias_speciosa
6803,aug_294189502.png,Asclepias_speciosa
6804,aug_302157103.png,Asclepias_speciosa
6805,aug_218098006.png,Asclepias_speciosa
6806,aug_434109408.png,Asclepias_speciosa
6807,aug_524265857.png,Asclepias_speciosa
6808,aug_516822142.png,Asclepias_speciosa
6809,aug_298266447.png,Asclepias_speciosa
6810,aug_224295472.png,Asclepias_speciosa
6811,aug_397546616.png,Asclepias_speciosa
6812,aug_532106443.png,Asclepias_speciosa
6813,aug_399097272.png,Asclepias_speciosa
6814,aug_297855836.png,Asclepias_speciosa
6815,aug_294694935.png,Asclepias_speciosa
6816,aug_403437007.png,Asclepias_speciosa
6817,aug_289439529.png,Asclepias_speciosa
6818,aug_292443758.png,Asclepias_speciosa
6819,aug_408783192.png,Asclepias_speciosa
6820,aug_217502198.png,Asclepias_speciosa
6821,aug_303264752.png,Asclepias_speciosa
6822,aug_421899838.png,Asclepias_speciosa
6823,aug_523464517.png,Asclepias_speciosa
6824,aug_303526802.png,Asclepias_speciosa
6825,aug_244422750.png,Asclepias_speciosa
6826,aug_421724917.png,Cirsium_arvense
6827,aug_396608927.png,Cirsium_arvense
6828,aug_401567764.png,Cirsium_arvense
6829,aug_421938256.png,Cirsium_arvense
6830,aug_408750444.png,Cirsium_arvense
6831,aug_524239065.png,Cirsium_arvense
6832,aug_520783532.png,Cirsium_arvense
6833,aug_440616772.png,Cirsium_arvense
6834,aug_426559085.png,Cirsium_arvense
6835,aug_397781814.png,Cirsium_arvense
6836,aug_428780399.png,Cirsium_arvense
6837,aug_435947955.png,Cirsium_arvense
6838,aug_421704450.png,Cirsium_arvense
6839,aug_402216962.png,Cirsium_arvense
6840,aug_436942210.png,Cirsium_arvense
6841,aug_405908460.png,Cirsium_arvense
6842,aug_533511065.png,Cirsium_arvense
6843,aug_430940760.png,Cirsium_arvense
6844,aug_416283379.png,Cirsium_arvense
6845,aug_411137479.png,Cirsium_arvense
6846,aug_444892816.png,Cirsium_arvense
6847,aug_410249476.png,Cirsium_arvense
6848,aug_469916238.png,Cirsium_arvense
6849,aug_417083370.png,Cirsium_arvense
6850,aug_410739352.png,Cirsium_arvense
6851,aug_403669381.png,Cirsium_arvense
6852,aug_407080765.png,Cirsium_arvense
6853,aug_426387473.png,Cirsium_arvense
6854,aug_444660731.png,Cirsium_arvense
6855,aug_394843954.png,Cirsium_arvense
6856,aug_529453319.png,Cirsium_arvense
6857,aug_529290537.png,Cirsium_arvense
6858,aug_438281586.png,Cirsium_arvense
6859,aug_404424699.png,Cirsium_arvense
6860,aug_406660576.png,Cirsium_arvense
6861,aug_409062489.png,Cirsium_arvense
6862,aug_446690691.png,Cirsium_arvense
6863,aug_411108614.png,Cirsium_arvense
6864,aug_530725211.png,Cirsium_arvense
6865,aug_529474311.png,Cirsium_arvense
6866,aug_402516047.png,Cirsium_arvense
6867,aug_397025658.png,Cirsium_arvense
6868,aug_401079369.png,Cirsium_arvense
6869,aug_516127289.png,Cirsium_arvense
6870,aug_417527213.png,Cirsium_arvense
6871,aug_422997037.png,Cirsium_arvense
6872,aug_400680101.png,Cirsium_arvense
6873,aug_392410629.png,Cirsium_arvense
6874,aug_457412100.png,Cirsium_arvense
6875,aug_429521773.png,Cirsium_arvense
6876,aug_436206698.png,Cirsium_arvense
6877,aug_457088981.png,Cirsium_arvense
6878,aug_401417340.png,Cirsium_arvense
6879,aug_435299625.png,Cirsium_arvense
6880,aug_417498558.png,Cirsium_arvense
6881,aug_411634803.png,Cirsium_arvense
6882,aug_426836494.png,Cirsium_arvense
6883,aug_418384216.png,Cirsium_arvense
6884,aug_403312169.png,Cirsium_arvense
6885,aug_431760406.png,Cirsium_arvense
6886,aug_405358304.png,Cirsium_arvense
6887,aug_439144440.png,Cirsium_arvense
6888,aug_426679709.png,Cirsium_arvense
6889,aug_410853964.png,Cirsium_arvense
6890,aug_403887976.png,Cirsium_arvense
6891,aug_415173132.png,Cirsium_arvense
6892,aug_441149181.png,Cirsium_arvense
6893,aug_531599300.png,Cirsium_arvense
6894,aug_416029234.png,Cirsium_arvense
6895,aug_534079423.png,Cirsium_arvense
6896,aug_413421279.png,Cirsium_arvense
6897,aug_407995588.png,Cirsium_arvense
6898,aug_410853533.png,Cirsium_arvense
6899,aug_403095935.png,Cirsium_arvense
6900,aug_421789204.png,Cirsium_arvense
6901,aug_411661726.png,Cirsium_arvense
6902,aug_490913476.png,Cirsium_arvense
6903,aug_398664556.png,Cirsium_arvense
6904,aug_416356600.png,Cirsium_arvense
6905,aug_409071402.png,Cirsium_arvense
6906,aug_434390220.png,Cirsium_arvense
6907,aug_424138185.png,Cirsium_arvense
6908,aug_426399444.png,Cirsium_arvense
6909,aug_451414860.png,Cirsium_arvense
6910,aug_394969069.png,Cirsium_arvense
6911,aug_406294191.png,Cirsium_arvense
6912,aug_438728295.png,Cirsium_arvense
6913,aug_426189884.png,Cirsium_arvense
6914,aug_444089775.png,Cirsium_arvense
6915,aug_415186936.png,Cirsium_arvense
6916,aug_425190604.png,Cirsium_arvense
6917,aug_435519096.png,Cirsium_arvense
6918,aug_395735230.png,Cirsium_arvense
6919,aug_440118609.png,Cirsium_arvense
6920,aug_406767324.png,Cirsium_arvense
6921,aug_408153709.png,Cirsium_arvense
6922,aug_396562997.png,Cirsium_arvense
6923,aug_407460041.png,Cirsium_arvense
6924,aug_429493263.png,Cirsium_arvense
6925,aug_529477414.png,Cirsium_arvense
6926,aug_406377303.png,Cirsium_arvense
6927,aug_403021132.png,Cirsium_arvense
6928,aug_419119177.png,Cirsium_arvense
6929,aug_427528004.png,Cirsium_arvense
6930,aug_406956454.png,Cirsium_arvense
6931,aug_445122527.png,Cirsium_arvense
6932,aug_411953626.png,Cirsium_arvense
6933,aug_421752306.png,Cirsium_arvense
6934,aug_534592777.png,Cirsium_arvense
6935,aug_402308031.png,Cirsium_arvense
6936,aug_441890789.png,Cirsium_arvense
6937,aug_426564559.png,Cirsium_arvense
6938,aug_403098108.png,Cirsium_arvense
6939,aug_415115603.png,Cirsium_arvense
6940,aug_403618516.png,Cirsium_arvense
6941,aug_410864252.png,Cirsium_arvense
6942,aug_396932469.png,Cirsium_arvense
6943,aug_414404174.png,Cirsium_arvense
6944,aug_395224724.png,Cirsium_arvense
6945,aug_520368850.png,Cirsium_arvense
6946,aug_398838624.png,Cirsium_arvense
6947,aug_400033121.png,Cirsium_arvense
6948,aug_424660168.png,Cirsium_arvense
6949,aug_434578822.png,Cirsium_arvense
6950,aug_403386041.png,Cirsium_arvense
6951,aug_404074727.png,Cirsium_arvense
6952,aug_527391244.png,Cirsium_arvense
6953,aug_351253889.png,Cirsium_arvense
6954,aug_451374688.png,Cirsium_arvense
6955,aug_508601352.png,Cirsium_arvense
6956,aug_426183606.png,Cirsium_arvense
6957,aug_443829111.png,Cirsium_arvense
6958,aug_399672468.png,Cirsium_arvense
6959,aug_451573211.png,Cirsium_arvense
6960,aug_434784428.png,Cirsium_arvense
6961,aug_531841514.png,Cirsium_arvense
6962,aug_407364893.png,Cirsium_arvense
6963,aug_404063263.png,Cirsium_arvense
6964,aug_410820088.png,Cirsium_arvense
6965,aug_398461523.png,Cirsium_arvense
6966,aug_434445941.png,Cirsium_arvense
6967,aug_415224947.png,Cirsium_arvense
6968,aug_524506573.png,Cirsium_arvense
6969,aug_419859941.png,Cirsium_arvense
6970,aug_396751824.png,Cirsium_arvense
6971,aug_400684736.png,Cirsium_arvense
6972,aug_420887586.png,Cirsium_arvense
6973,aug_437167817.png,Cirsium_arvense
6974,aug_389951099.png,Cirsium_arvense
6975,aug_390372149.png,Cirsium_arvense
6976,aug_396339349.png,Cirsium_arvense
6977,aug_431952651.png,Cirsium_arvense
6978,aug_404872288.png,Cirsium_arvense
6979,aug_426558593.png,Cirsium_arvense
6980,aug_439395471.png,Cirsium_arvense
6981,aug_412816927.png,Cirsium_arvense
6982,aug_405437851.png,Cirsium_arvense
6983,aug_413323481.png,Cirsium_arvense
6984,aug_400859769.png,Cirsium_arvense
6985,aug_401420732.png,Cirsium_arvense
6986,aug_409599632.png,Cirsium_arvense
6987,aug_418897487.png,Cirsium_arvense
6988,aug_437117424.png,Cirsium_arvense
6989,aug_411008724.png,Cirsium_arvense
6990,aug_411830970.png,Cirsium_arvense
6991,aug_434997791.png,Cirsium_arvense
6992,aug_401574021.png,Cirsium_arvense
6993,aug_425209114.png,Cirsium_arvense
6994,aug_395904296.png,Cirsium_arvense
6995,aug_413211197.png,Cirsium_arvense
6996,aug_416262629.png,Cirsium_arvense
6997,aug_454101726.png,Cirsium_arvense
6998,aug_428169897.png,Cirsium_arvense
6999,aug_415818982.png,Cirsium_arvense
7000,aug_416036850.png,Cirsium_arvense
7001,aug_417657358.png,Cirsium_arvense
7002,aug_443979644.png,Cirsium_arvense
7003,aug_404121081.png,Cirsium_arvense
7004,aug_412347919.png,Cirsium_arvense
7005,aug_413404430.png,Cirsium_arvense
7006,aug_400404636.png,Cirsium_arvense
7007,aug_526424418.png,Cirsium_arvense
7008,aug_400033393.png,Cirsium_arvense
7009,aug_526895502.png,Cirsium_arvense
7010,aug_405970579.png,Cirsium_arvense
7011,aug_395145310.png,Cirsium_arvense
7012,aug_399788917.png,Cirsium_arvense
7013,aug_530459043.png,Cirsium_arvense
7014,aug_416345433.png,Cirsium_arvense
7015,aug_531043667.png,Cirsium_arvense
7016,aug_398352298.png,Cirsium_arvense
7017,aug_478849365.png,Cirsium_arvense
7018,aug_530068278.png,Cirsium_arvense
7019,aug_534405022.png,Cirsium_arvense
7020,aug_404861383.png,Cirsium_arvense
7021,aug_533405421.png,Cirsium_arvense
7022,aug_432391850.png,Cirsium_arvense
7023,aug_421720373.png,Cirsium_arvense
7024,aug_411526839.png,Cirsium_arvense
7025,aug_431803649.png,Cirsium_arvense
7026,aug_402312555.png,Cirsium_arvense
7027,aug_405015453.png,Cirsium_arvense
7028,aug_520478755.png,Cirsium_arvense
7029,aug_411027517.png,Cirsium_arvense
7030,aug_413540955.png,Cirsium_arvense
7031,aug_435002772.png,Cirsium_arvense
7032,aug_466601088.png,Cirsium_arvense
7033,aug_405528140.png,Cirsium_arvense
7034,aug_520824208.png,Cirsium_arvense
7035,aug_531880700.png,Cirsium_arvense
7036,aug_421047667.png,Cirsium_arvense
7037,aug_430101678.png,Cirsium_arvense
7038,aug_433637690.png,Cirsium_arvense
7039,aug_398317687.png,Cirsium_arvense
7040,aug_401476499.png,Cirsium_arvense
7041,aug_392703679.png,Cirsium_arvense
7042,aug_413844092.png,Cirsium_arvense
7043,aug_440388222.png,Cirsium_arvense
7044,aug_397420356.png,Cirsium_arvense
7045,aug_466468893.png,Cirsium_arvense
7046,aug_410329540.png,Cirsium_arvense
7047,aug_526542475.png,Cirsium_arvense
7048,aug_442459545.png,Cirsium_arvense
7049,aug_419050971.png,Cirsium_arvense
7050,aug_425185840.png,Cirsium_arvense
7051,aug_424021996.png,Cirsium_arvense
7052,aug_517646931.png,Cirsium_arvense
7053,aug_404450569.png,Cirsium_arvense
7054,aug_433958028.png,Cirsium_arvense
7055,aug_526739705.png,Cirsium_arvense
7056,aug_415176611.png,Cirsium_arvense
7057,aug_422985062.png,Cirsium_arvense
7058,aug_417889576.png,Cirsium_arvense
7059,aug_422709602.png,Cirsium_arvense
7060,aug_521727355.png,Cirsium_arvense
7061,aug_419374366.png,Cirsium_arvense
7062,aug_445228042.png,Cirsium_arvense
7063,aug_530240375.png,Cirsium_arvense
7064,aug_420128896.png,Cirsium_arvense
7065,aug_401863333.png,Cirsium_arvense
7066,aug_401356173.png,Cirsium_arvense
7067,aug_395316614.png,Cirsium_arvense
7068,aug_434151421.png,Cirsium_arvense
7069,aug_417491567.png,Cirsium_arvense
7070,aug_406475839.png,Cirsium_arvense
7071,aug_438395461.png,Cirsium_arvense
7072,aug_428366899.png,Cirsium_arvense
7073,aug_401954140.png,Cirsium_arvense
7074,aug_399261942.png,Cirsium_arvense
7075,aug_530493248.png,Cirsium_arvense
7076,aug_411534695.png,Cirsium_arvense
7077,aug_533030912.png,Cirsium_arvense
7078,aug_401894184.png,Cirsium_arvense
7079,aug_398786809.png,Cirsium_arvense
7080,aug_519514232.png,Cirsium_arvense
7081,aug_426255725.png,Cirsium_arvense
7082,aug_419973888.png,Cirsium_arvense
7083,aug_525697801.png,Cirsium_arvense
7084,aug_395517795.png,Cirsium_arvense
7085,aug_390855000.png,Cirsium_arvense
7086,aug_421269563.png,Cirsium_arvense
7087,aug_534043677.png,Cirsium_arvense
7088,aug_377805354.png,Cirsium_arvense
7089,aug_528404246.png,Cirsium_arvense
7090,aug_464857602.png,Cirsium_arvense
7091,aug_428223421.png,Cirsium_arvense
7092,aug_401701093.png,Cirsium_arvense
7093,aug_428383961.png,Cirsium_arvense
7094,aug_527199842.png,Cirsium_arvense
7095,aug_393869788.png,Cirsium_arvense
7096,aug_405750614.png,Cirsium_arvense
7097,aug_440529324.png,Cirsium_arvense
7098,aug_418134228.png,Cirsium_arvense
7099,aug_462003412.png,Cirsium_arvense
7100,aug_533972221.png,Cirsium_arvense
7101,aug_427874964.png,Cirsium_arvense
7102,aug_418248094.png,Cirsium_arvense
7103,aug_399526492.png,Cirsium_arvense
7104,aug_407489979.png,Cirsium_arvense
7105,aug_399096751.png,Cirsium_arvense
7106,aug_414643936.png,Cirsium_arvense
7107,aug_520515185.png,Cirsium_arvense
7108,aug_390474999.png,Cirsium_arvense
7109,aug_516237581.png,Cirsium_arvense
7110,aug_409984627.png,Cirsium_arvense
7111,aug_416092724.png,Cirsium_arvense
7112,aug_389650147.png,Cirsium_arvense
7113,aug_527345377.png,Cirsium_arvense
7114,aug_405244687.png,Cirsium_arvense
7115,aug_411665394.png,Cirsium_arvense
7116,aug_418080432.png,Cirsium_arvense
7117,aug_400054446.png,Cirsium_arvense
7118,aug_526798575.png,Cirsium_arvense
7119,aug_415116632.png,Cirsium_arvense
7120,aug_405228679.png,Cirsium_arvense
7121,aug_397475304.png,Cirsium_arvense
7122,aug_406145330.png,Cirsium_arvense
7123,aug_427342066.png,Cirsium_arvense
7124,aug_495552676.png,Cirsium_arvense
7125,aug_395894768.png,Cirsium_arvense
7126,aug_529414013.png,Cirsium_arvense
7127,aug_527178902.png,Cirsium_arvense
7128,aug_398277617.png,Cirsium_arvense
7129,aug_408359944.png,Cirsium_arvense
7130,aug_409630226.png,Cirsium_arvense
7131,aug_403860375.png,Cirsium_arvense
7132,aug_523109192.png,Cirsium_arvense
7133,aug_525812035.png,Cirsium_arvense
7134,aug_417867009.png,Cirsium_arvense
7135,aug_415473595.png,Cirsium_arvense
7136,aug_406404252.png,Cirsium_arvense
7137,aug_404310193.png,Cirsium_arvense
7138,aug_437076434.png,Cirsium_arvense
7139,aug_424586769.png,Cirsium_arvense
7140,aug_394168758.png,Cirsium_arvense
7141,aug_428616592.png,Cirsium_arvense
7142,aug_399937782.png,Cirsium_arvense
7143,aug_398867754.png,Cirsium_arvense
7144,aug_419695221.png,Cirsium_arvense
7145,aug_526432344.png,Cirsium_arvense
7146,aug_422644585.png,Cirsium_arvense
7147,aug_528934273.png,Cirsium_arvense
7148,aug_403761491.png,Cirsium_arvense
7149,aug_432728891.png,Cirsium_arvense
7150,aug_398458715.png,Cirsium_arvense
7151,aug_529272176.png,Cirsium_arvense
7152,aug_432805840.png,Cirsium_arvense
7153,aug_414426154.png,Cirsium_arvense
7154,aug_420501406.png,Cirsium_arvense
7155,aug_523716435.png,Cirsium_arvense
7156,aug_526458117.png,Cirsium_arvense
7157,aug_375257448.png,Cirsium_arvense
7158,aug_423356080.png,Cirsium_arvense
7159,aug_445060174.png,Cirsium_arvense
7160,aug_400055732.png,Cirsium_arvense
7161,aug_403036360.png,Cirsium_arvense
7162,aug_396987084.png,Cirsium_arvense
7163,aug_413627595.png,Cirsium_arvense
7164,aug_414421484.png,Cirsium_arvense
7165,aug_409978199.png,Cirsium_arvense
7166,aug_534209254.png,Cirsium_arvense
7167,aug_421354034.png,Cirsium_arvense
7168,aug_400691228.png,Cirsium_arvense
7169,aug_414074759.png,Cirsium_arvense
7170,aug_412631131.png,Cirsium_arvense
7171,aug_411179117.png,Cirsium_arvense
7172,aug_394397409.png,Cirsium_arvense
7173,aug_395260088.png,Cirsium_arvense
7174,aug_416332446.png,Cirsium_arvense
7175,aug_430410604.png,Cirsium_arvense
7176,aug_420161838.png,Cirsium_arvense
7177,aug_413179539.png,Cirsium_arvense
7178,aug_416418267.png,Cirsium_arvense
7179,aug_402183568.png,Cirsium_arvense
7180,aug_403283798.png,Cirsium_arvense
7181,aug_432126289.png,Cirsium_arvense
7182,aug_400030390.png,Cirsium_arvense
7183,aug_402435697.png,Cirsium_arvense
7184,aug_403122907.png,Cirsium_arvense
7185,aug_530042338.png,Cirsium_arvense
7186,aug_395537686.png,Cirsium_arvense
7187,aug_413651548.png,Cirsium_arvense
7188,aug_395718676.png,Cirsium_arvense
7189,aug_419276018.png,Cirsium_arvense
7190,aug_392850522.png,Cirsium_arvense
7191,aug_391679864.png,Cirsium_arvense
7192,aug_424006090.png,Cirsium_arvense
7193,aug_421669797.png,Cirsium_arvense
7194,aug_395481048.png,Cirsium_arvense
7195,aug_399170134.png,Cirsium_arvense
7196,aug_405197743.png,Cirsium_arvense
7197,aug_519636583.png,Cirsium_arvense
7198,aug_432821943.png,Cirsium_arvense
7199,aug_355485723.png,Cirsium_arvense
7200,aug_463418180.png,Cirsium_arvense
7201,aug_419085261.png,Cirsium_arvense
7202,aug_462597428.png,Cirsium_arvense
7203,aug_389644737.png,Cirsium_arvense
7204,aug_398301817.png,Cirsium_arvense
7205,aug_422141728.png,Cirsium_arvense
7206,aug_413316250.png,Cirsium_arvense
7207,aug_524667770.png,Cirsium_arvense
7208,aug_393429272.png,Cirsium_arvense
7209,aug_430962627.png,Cirsium_arvense
7210,aug_416283618.png,Cirsium_arvense
7211,aug_397795528.png,Cirsium_arvense
7212,aug_396714048.png,Cirsium_arvense
7213,aug_433145386.png,Cirsium_arvense
7214,aug_531014368.png,Cirsium_arvense
7215,aug_434381807.png,Cirsium_arvense
7216,aug_403066411.png,Cirsium_arvense
7217,aug_405157956.png,Cirsium_arvense
7218,aug_529479755.png,Cirsium_arvense
7219,aug_533130977.png,Cirsium_arvense
7220,aug_412398178.png,Cirsium_arvense
7221,aug_468918161.png,Cirsium_arvense
7222,aug_530781954.png,Cirsium_arvense
7223,aug_429347110.png,Cirsium_arvense
7224,aug_431720787.png,Cirsium_arvense
7225,aug_429329677.png,Cirsium_arvense
7226,aug_421715236.png,Cirsium_arvense
7227,aug_397075931.png,Cirsium_arvense
7228,aug_405386089.png,Cirsium_arvense
7229,aug_389602375.png,Cirsium_arvense
7230,aug_415687443.png,Cirsium_arvense
7231,aug_534038391.png,Cirsium_arvense
7232,aug_435225007.png,Cirsium_arvense
7233,aug_422092894.png,Cirsium_arvense
7234,aug_406732389.png,Cirsium_arvense
7235,aug_430539557.png,Cirsium_arvense
7236,aug_411672802.png,Cirsium_arvense
7237,aug_417427549.png,Cirsium_arvense
7238,aug_414261555.png,Cirsium_arvense
7239,aug_401634313.png,Cirsium_arvense
7240,aug_404175957.png,Cirsium_arvense
7241,aug_527535064.png,Cirsium_arvense
7242,aug_435972430.png,Cirsium_arvense
7243,aug_398484079.png,Cirsium_arvense
7244,aug_415665027.png,Cirsium_arvense
7245,aug_420879231.png,Cirsium_arvense
7246,aug_406333414.png,Cirsium_arvense
7247,aug_430194849.png,Cirsium_arvense
7248,aug_404185399.png,Cirsium_arvense
7249,aug_403482141.png,Cirsium_arvense
7250,aug_349183146.png,Cirsium_arvense
7251,aug_418333556.png,Cirsium_arvense
7252,aug_418700815.png,Cirsium_arvense
7253,aug_445060309.png,Cirsium_arvense
7254,aug_415152051.png,Cirsium_arvense
7255,aug_431263827.png,Cirsium_arvense
7256,aug_462397623.png,Cirsium_arvense
7257,aug_534707589.png,Cirsium_arvense
7258,aug_397411383.png,Cirsium_arvense
7259,aug_392091663.png,Cirsium_arvense
7260,aug_436144762.png,Cirsium_arvense
7261,aug_480318705.png,Cirsium_arvense
7262,aug_393500596.png,Cirsium_arvense
7263,aug_531362527.png,Cirsium_arvense
7264,aug_414539925.png,Cirsium_arvense
7265,aug_396681483.png,Cirsium_arvense
7266,aug_439004217.png,Cirsium_arvense
7267,aug_404660024.png,Cirsium_arvense
7268,aug_525287077.png,Cirsium_arvense
7269,aug_463415453.png,Cirsium_arvense
7270,aug_417869704.png,Cirsium_arvense
7271,aug_525890233.png,Cirsium_arvense
7272,aug_413616360.png,Cirsium_arvense
7273,aug_414050950.png,Cirsium_arvense
7274,aug_526712297.png,Cirsium_arvense
7275,aug_525441609.png,Cirsium_arvense
7276,aug_421711947.png,Cirsium_arvense
7277,aug_426678075.png,Cirsium_arvense
7278,aug_531513015.png,Cirsium_arvense
7279,aug_414930002.png,Cirsium_arvense
7280,aug_417527279.png,Cirsium_arvense
7281,aug_426613791.png,Cirsium_arvense
7282,aug_429057680.png,Cirsium_arvense
7283,aug_421943677.png,Cirsium_arvense
7284,aug_519515853.png,Cirsium_arvense
7285,aug_436949258.png,Cirsium_arvense
7286,aug_419002804.png,Cirsium_arvense
7287,aug_398416849.png,Cirsium_arvense
7288,aug_530878355.png,Cirsium_arvense
7289,aug_412163948.png,Cirsium_arvense
7290,aug_402650514.png,Cirsium_arvense
7291,aug_444916019.png,Cirsium_arvense
7292,aug_402216454.png,Cirsium_arvense
7293,aug_397330709.png,Cirsium_arvense
7294,aug_440607978.png,Cirsium_arvense
7295,aug_405223272.png,Cirsium_arvense
7296,aug_404761348.png,Cirsium_arvense
7297,aug_528421212.png,Cirsium_arvense
7298,aug_514920879.png,Cirsium_arvense
7299,aug_399941026.png,Cirsium_arvense
7300,aug_533513517.png,Cirsium_arvense
7301,aug_520042009.png,Cirsium_arvense
7302,aug_402457742.png,Cirsium_arvense
7303,aug_401844613.png,Cirsium_arvense
7304,aug_401797533.png,Cirsium_arvense
7305,aug_414410283.png,Cirsium_arvense
7306,aug_531992668.png,Cirsium_arvense
7307,aug_414764079.png,Cirsium_arvense
7308,aug_419149203.png,Cirsium_arvense
7309,aug_416072659.png,Cirsium_arvense
7310,aug_400860544.png,Cirsium_arvense
7311,aug_403322908.png,Cirsium_arvense
7312,aug_405207030.png,Cirsium_arvense
7313,aug_416757657.png,Cirsium_arvense
7314,aug_533756356.png,Cirsium_arvense
7315,aug_417115848.png,Cirsium_arvense
7316,aug_428423622.png,Cirsium_arvense
7317,aug_400363576.png,Cirsium_arvense
7318,aug_392186823.png,Cirsium_arvense
7319,aug_406656534.png,Cirsium_arvense
7320,aug_438701757.png,Cirsium_arvense
7321,aug_416395020.png,Cirsium_arvense
7322,aug_444850437.png,Cirsium_arvense
7323,aug_529408676.png,Cirsium_arvense
7324,aug_407983388.png,Cirsium_arvense
7325,aug_402595677.png,Cirsium_arvense
7326,aug_392325128.png,Cirsium_arvense
7327,aug_405531007.png,Cirsium_arvense
7328,aug_406256616.png,Cirsium_arvense
7329,aug_518376588.png,Cirsium_arvense
7330,aug_408006679.png,Cirsium_arvense
7331,aug_415618751.png,Cirsium_arvense
7332,aug_404151640.png,Cirsium_arvense
7333,aug_531912426.png,Cirsium_arvense
7334,aug_526411897.png,Cirsium_arvense
7335,aug_413520903.png,Cirsium_arvense
7336,aug_426157462.png,Cirsium_arvense
7337,aug_455012738.png,Cirsium_arvense
7338,aug_403646289.png,Cirsium_arvense
7339,aug_406138283.png,Cirsium_arvense
7340,aug_394066976.png,Cirsium_arvense
7341,aug_466038631.png,Cirsium_arvense
7342,aug_395572103.png,Cirsium_arvense
7343,aug_398901184.png,Cirsium_arvense
7344,aug_399493698.png,Cirsium_arvense
7345,aug_407604164.png,Cirsium_arvense
7346,aug_420808699.png,Cirsium_arvense
7347,aug_413791859.png,Cirsium_arvense
7348,aug_406497249.png,Cirsium_arvense
7349,aug_415633278.png,Cirsium_arvense
7350,aug_437102225.png,Cirsium_arvense
7351,aug_403042066.png,Cirsium_arvense
7352,aug_416111953.png,Cirsium_arvense
7353,aug_432642673.png,Cirsium_arvense
7354,aug_405104299.png,Cirsium_arvense
7355,aug_431605521.png,Cirsium_arvense
7356,aug_403148132.png,Cirsium_arvense
7357,aug_421781640.png,Cirsium_arvense
7358,aug_422709664.png,Cirsium_arvense
7359,aug_425748843.png,Cirsium_arvense
7360,aug_384165831.png,Cirsium_arvense
7361,aug_415834763.png,Cirsium_arvense
7362,aug_405197776.png,Cirsium_arvense
7363,aug_405479131.png,Cirsium_arvense
7364,aug_427898049.png,Cirsium_arvense
7365,aug_395361227.png,Cirsium_arvense
7366,aug_425294623.png,Cirsium_arvense
7367,aug_521500623.png,Cirsium_arvense
7368,aug_393877112.png,Cirsium_arvense
7369,aug_415197326.png,Cirsium_arvense
7370,aug_532920972.png,Cirsium_arvense
7371,aug_427654268.png,Cirsium_arvense
7372,aug_521000242.png,Cirsium_arvense
7373,aug_413166715.png,Cirsium_arvense
7374,aug_407002036.png,Cirsium_arvense
7375,aug_470038119.png,Cirsium_arvense
7376,aug_405190972.png,Cirsium_arvense
7377,aug_432832425.png,Cirsium_arvense
7378,aug_419778696.png,Cirsium_arvense
7379,aug_383667907.png,Cirsium_arvense
7380,aug_468998669.png,Cirsium_arvense
7381,aug_414253593.png,Cirsium_arvense
7382,aug_393862125.png,Cirsium_arvense
7383,aug_399628247.png,Cirsium_arvense
7384,aug_532744354.png,Cirsium_arvense
7385,aug_462326423.png,Cirsium_arvense
7386,aug_410079730.png,Cirsium_arvense
7387,aug_410782135.png,Cirsium_arvense
7388,aug_393102206.png,Cirsium_arvense
7389,aug_411136246.png,Cirsium_arvense
7390,aug_398862539.png,Cirsium_arvense
7391,aug_411740298.png,Cirsium_arvense
7392,aug_525786144.png,Cirsium_arvense
7393,aug_426115912.png,Cirsium_arvense
7394,aug_532644529.png,Cirsium_arvense
7395,aug_410719854.png,Cirsium_arvense
7396,aug_415571990.png,Cirsium_arvense
7397,aug_399067482.png,Cirsium_arvense
7398,aug_395114890.png,Cirsium_arvense
7399,aug_404656179.png,Cirsium_arvense
7400,aug_413010007.png,Cirsium_arvense
7401,aug_414947487.png,Cirsium_arvense
7402,aug_417023626.png,Cirsium_arvense
7403,aug_435199478.png,Cirsium_arvense
7404,aug_439295139.png,Cirsium_arvense
7405,aug_531881924.png,Cirsium_arvense
7406,aug_403828584.png,Cirsium_arvense
7407,aug_404335557.png,Cirsium_arvense
7408,aug_526578576.png,Cirsium_arvense
7409,aug_416084503.png,Cirsium_arvense
7410,aug_434224877.png,Cirsium_arvense
7411,aug_401405199.png,Cirsium_arvense
7412,aug_399603856.png,Cirsium_arvense
7413,aug_401677554.png,Cirsium_arvense
7414,aug_391288265.png,Cirsium_arvense
7415,aug_405177033.png,Cirsium_arvense
7416,aug_420837165.png,Cirsium_arvense
7417,aug_418663358.png,Cirsium_arvense
7418,aug_525863985.png,Cirsium_arvense
7419,aug_413632828.png,Cirsium_arvense
7420,aug_447708413.png,Cirsium_arvense
7421,aug_407989243.png,Cirsium_arvense
7422,aug_404236862.png,Cirsium_arvense
7423,aug_412293635.png,Cirsium_arvense
7424,aug_420520343.png,Cirsium_arvense
7425,aug_427919336.png,Cirsium_arvense
7426,aug_408537864.png,Cirsium_arvense
7427,aug_401227525.png,Cirsium_arvense
7428,aug_405410137.png,Cirsium_arvense
7429,aug_398210898.png,Cirsium_arvense
7430,aug_392169123.png,Cirsium_arvense
7431,aug_434879736.png,Cirsium_arvense
7432,aug_402166463.png,Cirsium_arvense
7433,aug_421805231.png,Cirsium_arvense
7434,aug_422805678.png,Cirsium_arvense
7435,aug_399260547.png,Cirsium_arvense
7436,aug_439190737.png,Cirsium_arvense
7437,aug_405964109.png,Cirsium_arvense
7438,aug_403648166.png,Cirsium_arvense
7439,aug_531087988.png,Cirsium_arvense
7440,aug_435439032.png,Cirsium_arvense
7441,aug_417326441.png,Cirsium_arvense
7442,aug_406518626.png,Cirsium_arvense
7443,aug_448657359.png,Cirsium_arvense
7444,aug_533417857.png,Cirsium_arvense
7445,aug_448301764.png,Cirsium_arvense
7446,aug_425187660.png,Cirsium_arvense
7447,aug_401159470.png,Cirsium_arvense
7448,aug_396717655.png,Cirsium_arvense
7449,aug_418566248.png,Cirsium_arvense
7450,aug_405253172.png,Cirsium_arvense
7451,aug_405552283.png,Cirsium_arvense
7452,aug_433162550.png,Cirsium_arvense
7453,aug_526336916.png,Cirsium_arvense
7454,aug_524763164.png,Cirsium_arvense
7455,aug_427285938.png,Cirsium_arvense
7456,aug_431797801.png,Cirsium_arvense
7457,aug_440208008.png,Cirsium_arvense
7458,aug_424657174.png,Cirsium_arvense
7459,aug_526589516.png,Cirsium_arvense
7460,aug_411025996.png,Cirsium_arvense
7461,aug_527137909.png,Cirsium_arvense
7462,aug_468884632.png,Cirsium_arvense
7463,aug_527689930.png,Cirsium_arvense
7464,aug_408481580.png,Cirsium_arvense
7465,aug_398790605.png,Cirsium_arvense
7466,aug_411923191.png,Cirsium_arvense
7467,aug_414078409.png,Cirsium_arvense
7468,aug_411494407.png,Cirsium_arvense
7469,aug_430324939.png,Cirsium_arvense
7470,aug_361199370.png,Cirsium_arvense
7471,aug_413111538.png,Cirsium_arvense
7472,aug_390548961.png,Cirsium_arvense
7473,aug_401783263.png,Cirsium_arvense
7474,aug_463187174.png,Cirsium_arvense
7475,aug_414271480.png,Cirsium_arvense
7476,aug_417339114.png,Cirsium_arvense
7477,aug_425672065.png,Cirsium_arvense
7478,aug_522765666.png,Cirsium_arvense
7479,aug_404594422.png,Cirsium_arvense
7480,aug_532633957.png,Cirsium_arvense
7481,aug_436236616.png,Cirsium_arvense
7482,aug_530965414.png,Cirsium_arvense
7483,aug_435216244.png,Cirsium_arvense
7484,aug_437672396.png,Cirsium_arvense
7485,aug_435521889.png,Cirsium_arvense
7486,aug_407236876.png,Cirsium_arvense
7487,aug_430917219.png,Cirsium_arvense
7488,aug_412456858.png,Cirsium_arvense
7489,aug_420176999.png,Cirsium_arvense
7490,aug_412855136.png,Cirsium_arvense
7491,aug_392133414.png,Cirsium_arvense
7492,aug_440500982.png,Cirsium_arvense
7493,aug_528948818.png,Cirsium_arvense
7494,aug_443387597.png,Cirsium_arvense
7495,aug_469528298.png,Cirsium_arvense
7496,aug_432195371.png,Cirsium_arvense
7497,aug_520438908.png,Cirsium_arvense
7498,aug_437988735.png,Cirsium_arvense
7499,aug_443388773.png,Cirsium_arvense
7500,aug_399629923.png,Cirsium_arvense
7501,aug_420561664.png,Cirsium_arvense
7502,aug_399878941.png,Cirsium_arvense
7503,aug_525451632.png,Cirsium_arvense
7504,aug_435156640.png,Cirsium_arvense
7505,aug_415211977.png,Cirsium_arvense
7506,aug_434926956.png,Cirsium_arvense
7507,aug_415910267.png,Cirsium_arvense
7508,aug_533662355.png,Cirsium_arvense
7509,aug_522503298.png,Cirsium_arvense
7510,aug_392654985.png,Cirsium_arvense
7511,aug_439119216.png,Cirsium_arvense
7512,aug_431705229.png,Cirsium_arvense
7513,aug_423800596.png,Cirsium_arvense
7514,aug_426223687.png,Cirsium_arvense
7515,aug_528394791.png,Cirsium_arvense
7516,aug_517369467.png,Cirsium_arvense
7517,aug_392387962.png,Cirsium_arvense
7518,aug_530024075.png,Cirsium_arvense
7519,aug_418017652.png,Cirsium_arvense
7520,aug_404667437.png,Cirsium_arvense
7521,aug_423131106.png,Cirsium_arvense
7522,aug_402650816.png,Cirsium_arvense
7523,aug_410313088.png,Cirsium_arvense
7524,aug_472318255.png,Cirsium_arvense
7525,aug_404615680.png,Cirsium_arvense
7526,aug_405883496.png,Cirsium_arvense
7527,aug_402063799.png,Cirsium_arvense
7528,aug_529701831.png,Cirsium_arvense
7529,aug_404935820.png,Cirsium_arvense
7530,aug_411954814.png,Cirsium_arvense
7531,aug_436910137.png,Cirsium_arvense
7532,aug_411041942.png,Cirsium_arvense
7533,aug_429636806.png,Cirsium_arvense
7534,aug_438095273.png,Cirsium_arvense
7535,aug_412012115.png,Cirsium_arvense
7536,aug_442850374.png,Cirsium_arvense
7537,aug_400123788.png,Cirsium_arvense
7538,aug_419055092.png,Cirsium_arvense
7539,aug_427949059.png,Cirsium_arvense
7540,aug_418263207.png,Cirsium_arvense
7541,aug_444970434.png,Cirsium_arvense
7542,aug_412363956.png,Cirsium_arvense
7543,aug_534391622.png,Cirsium_arvense
7544,aug_531989841.png,Cirsium_arvense
7545,aug_400791706.png,Cirsium_arvense
7546,aug_414322589.png,Cirsium_arvense
7547,aug_416207786.png,Cirsium_arvense
7548,aug_424207322.png,Cirsium_arvense
7549,aug_408240223.png,Cirsium_arvense
7550,aug_401796690.png,Cirsium_arvense
7551,aug_426206571.png,Cirsium_arvense
7552,aug_531976613.png,Cirsium_arvense
7553,aug_416037806.png,Cirsium_arvense
7554,aug_441526624.png,Cirsium_arvense
7555,aug_399297802.png,Cirsium_arvense
7556,aug_448676519.png,Cirsium_arvense
7557,aug_402662358.png,Cirsium_arvense
7558,aug_412504767.png,Cirsium_arvense
7559,aug_384467544.png,Cirsium_arvense
7560,aug_400892816.png,Cirsium_arvense
7561,aug_430993858.png,Cirsium_arvense
7562,aug_402612334.png,Cirsium_arvense
7563,aug_522094983.png,Cirsium_arvense
7564,aug_420180897.png,Cirsium_arvense
7565,aug_439814484.png,Cirsium_arvense
7566,aug_403649104.png,Cirsium_arvense
7567,aug_435869679.png,Cirsium_arvense
7568,aug_414034121.png,Cirsium_arvense
7569,aug_403895540.png,Cirsium_arvense
7570,aug_408650933.png,Cirsium_arvense
7571,aug_393667527.png,Cirsium_arvense
7572,aug_405035854.png,Cirsium_arvense
7573,aug_531569603.png,Cirsium_arvense
7574,aug_533915092.png,Cirsium_arvense
7575,aug_397524791.png,Cirsium_arvense
7576,aug_520212770.png,Cirsium_arvense
7577,aug_416540125.png,Cirsium_arvense
7578,aug_436310204.png,Cirsium_arvense
7579,aug_440741769.png,Cirsium_arvense
7580,aug_402806903.png,Cirsium_arvense
7581,aug_446681248.png,Cirsium_arvense
7582,aug_441704974.png,Cirsium_arvense
7583,aug_395009994.png,Cirsium_arvense
7584,aug_409570035.png,Cirsium_arvense
7585,aug_430748684.png,Cirsium_arvense
7586,aug_407507659.png,Cirsium_arvense
7587,aug_421317489.png,Cirsium_arvense
7588,aug_412361168.png,Cirsium_arvense
7589,aug_415500850.png,Cirsium_arvense
7590,aug_401223612.png,Cirsium_arvense
7591,aug_524439454.png,Cirsium_arvense
7592,aug_433888024.png,Cirsium_arvense
7593,aug_394464787.png,Cirsium_arvense
7594,aug_411082239.png,Cirsium_arvense
7595,aug_410849107.png,Cirsium_arvense
7596,aug_389250291.png,Cirsium_arvense
7597,aug_401863510.png,Cirsium_arvense
7598,aug_439565693.png,Cirsium_arvense
7599,aug_420653232.png,Cirsium_arvense
7600,aug_408187757.png,Cirsium_arvense
7601,aug_437646830.png,Cirsium_arvense
7602,aug_420916272.png,Cirsium_arvense
7603,aug_433458759.png,Cirsium_arvense
7604,aug_399257309.png,Cirsium_arvense
7605,aug_402165312.png,Cirsium_arvense
7606,aug_391004070.png,Cirsium_arvense
7607,aug_411037356.png,Cirsium_arvense
7608,aug_393304031.png,Cirsium_arvense
7609,aug_391230087.png,Cirsium_arvense
7610,aug_526583666.png,Cirsium_arvense
7611,aug_427787085.png,Cirsium_arvense
7612,aug_405093110.png,Cirsium_arvense
7613,aug_426183365.png,Cirsium_arvense
7614,aug_403802589.png,Cirsium_arvense
7615,aug_448037419.png,Cirsium_arvense
7616,aug_411976133.png,Cirsium_arvense
7617,aug_441039895.png,Cirsium_arvense
7618,aug_527761100.png,Cirsium_arvense
7619,aug_416403506.png,Cirsium_arvense
7620,aug_404694144.png,Cirsium_arvense
7621,aug_415402656.png,Cirsium_arvense
7622,aug_406212829.png,Cirsium_arvense
7623,aug_405790301.png,Cirsium_arvense
7624,aug_397517715.png,Cirsium_arvense
7625,aug_445496666.png,Cirsium_arvense
7626,aug_402188352.png,Cirsium_arvense
7627,aug_404373145.png,Cirsium_arvense
7628,aug_427605095.png,Cirsium_arvense
7629,aug_404376109.png,Cirsium_arvense
7630,aug_433466382.png,Cirsium_arvense
7631,aug_529450646.png,Cirsium_arvense
7632,aug_410930969.png,Cirsium_arvense
7633,aug_391719262.png,Cirsium_arvense
7634,aug_402400709.png,Cirsium_arvense
7635,aug_432672252.png,Cirsium_arvense
7636,aug_448303911.png,Cirsium_arvense
7637,aug_422311532.png,Cirsium_arvense
7638,aug_405744587.png,Cirsium_arvense
7639,aug_527312738.png,Cirsium_arvense
7640,aug_446424803.png,Cirsium_arvense
7641,aug_409801860.png,Cirsium_arvense
7642,aug_415974888.png,Cirsium_arvense
7643,aug_436311212.png,Cirsium_arvense
7644,aug_412837683.png,Cirsium_arvense
7645,aug_427267261.png,Cirsium_arvense
7646,aug_429886483.png,Cirsium_arvense
7647,aug_421226134.png,Cirsium_arvense
7648,aug_413674760.png,Cirsium_arvense
7649,aug_430563528.png,Cirsium_arvense
7650,aug_407547617.png,Cirsium_arvense
7651,aug_533209468.png,Cirsium_arvense
7652,aug_533260782.png,Cirsium_arvense
7653,aug_415581157.png,Cirsium_arvense
7654,aug_358417011.png,Cirsium_arvense
7655,aug_424318870.png,Cirsium_arvense
7656,aug_405378663.png,Cirsium_arvense
7657,aug_420959429.png,Cirsium_arvense
7658,aug_416309139.png,Cirsium_arvense
7659,aug_443389419.png,Cirsium_arvense
7660,aug_400994374.png,Cirsium_arvense
7661,aug_430117648.png,Cirsium_arvense
7662,aug_527287673.png,Cirsium_arvense
7663,aug_420420860.png,Cirsium_arvense
7664,aug_403625710.png,Cirsium_arvense
7665,aug_399927547.png,Cirsium_arvense
7666,aug_391988022.png,Cirsium_arvense
7667,aug_433887673.png,Cirsium_arvense
7668,aug_403072454.png,Cirsium_arvense
7669,aug_421901457.png,Cirsium_arvense
7670,aug_431156598.png,Cirsium_arvense
7671,aug_415008388.png,Cirsium_arvense
7672,aug_461542728.png,Cirsium_arvense
7673,aug_430495231.png,Cirsium_arvense
7674,aug_534431006.png,Cirsium_arvense
7675,aug_415984081.png,Cirsium_arvense
7676,aug_528012283.png,Cirsium_arvense
7677,aug_436773295.png,Cirsium_arvense
7678,aug_401390807.png,Cirsium_arvense
7679,aug_439187628.png,Cirsium_arvense
7680,aug_417782455.png,Cirsium_arvense
7681,aug_534142179.png,Cirsium_arvense
7682,aug_420148651.png,Cirsium_arvense
7683,aug_527842166.png,Cirsium_arvense
7684,aug_401243329.png,Cirsium_arvense
7685,aug_420844261.png,Cirsium_arvense
7686,aug_527367214.png,Cirsium_arvense
7687,aug_407815695.png,Cirsium_arvense
7688,aug_399532802.png,Cirsium_arvense
7689,aug_525884197.png,Cirsium_arvense
7690,aug_527680709.png,Cirsium_arvense
7691,aug_398299642.png,Cirsium_arvense
7692,aug_531572470.png,Cirsium_arvense
7693,aug_406077757.png,Cirsium_arvense
7694,aug_437669453.png,Cirsium_arvense
7695,aug_529996828.png,Cirsium_arvense
7696,aug_464019649.png,Cirsium_arvense
7697,aug_428632309.png,Cirsium_arvense
7698,aug_403855530.png,Cirsium_arvense
7699,aug_416664668.png,Cirsium_arvense
7700,aug_402832525.png,Cirsium_arvense
7701,aug_407900010.png,Cirsium_arvense
7702,aug_404301181.png,Cirsium_arvense
7703,aug_433521741.png,Cirsium_arvense
7704,aug_402261970.png,Cirsium_arvense
7705,aug_419786473.png,Cirsium_arvense
7706,aug_420594002.png,Cirsium_arvense
7707,aug_421696733.png,Cirsium_arvense
7708,aug_401691573.png,Cirsium_arvense
7709,aug_430962271.png,Cirsium_arvense
7710,aug_445411985.png,Cirsium_arvense
7711,aug_417016674.png,Cirsium_arvense
7712,aug_409006797.png,Cirsium_arvense
7713,aug_408342069.png,Cirsium_arvense
7714,aug_434949640.png,Cirsium_arvense
7715,aug_406924088.png,Cirsium_arvense
7716,aug_392129055.png,Cirsium_arvense
7717,aug_395033220.png,Cirsium_arvense
7718,aug_526936670.png,Cirsium_arvense
7719,aug_432026345.png,Cirsium_arvense
7720,aug_399686455.png,Cirsium_arvense
7721,aug_407548675.png,Cirsium_arvense
7722,aug_399287089.png,Cirsium_arvense
7723,aug_402979943.png,Cirsium_arvense
7724,aug_411634687.png,Cirsium_arvense
7725,aug_519232801.png,Cirsium_arvense
7726,aug_519889895.png,Cirsium_arvense
7727,aug_436106703.png,Cirsium_arvense
7728,aug_416417729.png,Cirsium_arvense
7729,aug_399093936.png,Cirsium_arvense
7730,aug_402670327.png,Cirsium_arvense
7731,aug_426556399.png,Cirsium_arvense
7732,aug_432278768.png,Cirsium_arvense
7733,aug_403768408.png,Cirsium_arvense
7734,aug_394792131.png,Cirsium_arvense
7735,aug_401158285.png,Cirsium_arvense
7736,aug_517908123.png,Cirsium_arvense
7737,aug_407192266.png,Cirsium_arvense
7738,aug_416798728.png,Cirsium_arvense
7739,aug_424673367.png,Cirsium_arvense
7740,aug_425665660.png,Cirsium_arvense
7741,aug_447436009.png,Cirsium_arvense
7742,aug_529965019.png,Cirsium_arvense
7743,aug_398073758.png,Cirsium_arvense
7744,aug_439565471.png,Cirsium_arvense
7745,aug_430377038.png,Cirsium_arvense
7746,aug_419757467.png,Cirsium_arvense
7747,aug_407071889.png,Cirsium_arvense
7748,aug_407172912.png,Cirsium_arvense
7749,aug_415604151.png,Cirsium_arvense
7750,aug_442072219.png,Cirsium_arvense
7751,aug_520065621.png,Leucanthemum_vulgare
7752,aug_528516671.png,Leucanthemum_vulgare
7753,aug_388688358.png,Leucanthemum_vulgare
7754,aug_456027262.png,Leucanthemum_vulgare
7755,aug_392079851.png,Leucanthemum_vulgare
7756,aug_381969205.png,Leucanthemum_vulgare
7757,aug_414751440.png,Leucanthemum_vulgare
7758,aug_388796220.png,Leucanthemum_vulgare
7759,aug_500626342.png,Leucanthemum_vulgare
7760,aug_391122115.png,Leucanthemum_vulgare
7761,aug_407664694.png,Leucanthemum_vulgare
7762,aug_396940644.png,Leucanthemum_vulgare
7763,aug_506360502.png,Leucanthemum_vulgare
7764,aug_511464878.png,Leucanthemum_vulgare
7765,aug_534398975.png,Leucanthemum_vulgare
7766,aug_512088691.png,Leucanthemum_vulgare
7767,aug_395118337.png,Leucanthemum_vulgare
7768,aug_383752497.png,Leucanthemum_vulgare
7769,aug_521556715.png,Leucanthemum_vulgare
7770,aug_426122881.png,Leucanthemum_vulgare
7771,aug_405363787.png,Leucanthemum_vulgare
7772,aug_528131810.png,Leucanthemum_vulgare
7773,aug_505658101.png,Leucanthemum_vulgare
7774,aug_527279342.png,Leucanthemum_vulgare
7775,aug_399312129.png,Leucanthemum_vulgare
7776,aug_515312740.png,Leucanthemum_vulgare
7777,aug_386173326.png,Leucanthemum_vulgare
7778,aug_512299542.png,Leucanthemum_vulgare
7779,aug_500922421.png,Leucanthemum_vulgare
7780,aug_387437771.png,Leucanthemum_vulgare
7781,aug_401465981.png,Leucanthemum_vulgare
7782,aug_407760286.png,Leucanthemum_vulgare
7783,aug_426525336.png,Leucanthemum_vulgare
7784,aug_392973206.png,Leucanthemum_vulgare
7785,aug_518953025.png,Leucanthemum_vulgare
7786,aug_382559883.png,Leucanthemum_vulgare
7787,aug_388214995.png,Leucanthemum_vulgare
7788,aug_393075452.png,Leucanthemum_vulgare
7789,aug_507280471.png,Leucanthemum_vulgare
7790,aug_399385536.png,Leucanthemum_vulgare
7791,aug_528888789.png,Leucanthemum_vulgare
7792,aug_504449697.png,Leucanthemum_vulgare
7793,aug_518228122.png,Leucanthemum_vulgare
7794,aug_524261083.png,Leucanthemum_vulgare
7795,aug_525389900.png,Leucanthemum_vulgare
7796,aug_409550909.png,Leucanthemum_vulgare
7797,aug_391892969.png,Leucanthemum_vulgare
7798,aug_390514989.png,Leucanthemum_vulgare
7799,aug_526702864.png,Leucanthemum_vulgare
7800,aug_388297712.png,Leucanthemum_vulgare
7801,aug_459349461.png,Leucanthemum_vulgare
7802,aug_424753162.png,Leucanthemum_vulgare
7803,aug_391996155.png,Leucanthemum_vulgare
7804,aug_383742324.png,Leucanthemum_vulgare
7805,aug_528403185.png,Leucanthemum_vulgare
7806,aug_527144266.png,Leucanthemum_vulgare
7807,aug_401491243.png,Leucanthemum_vulgare
7808,aug_389504513.png,Leucanthemum_vulgare
7809,aug_391186414.png,Leucanthemum_vulgare
7810,aug_415173827.png,Leucanthemum_vulgare
7811,aug_521357642.png,Leucanthemum_vulgare
7812,aug_514881162.png,Leucanthemum_vulgare
7813,aug_395066357.png,Leucanthemum_vulgare
7814,aug_413212160.png,Leucanthemum_vulgare
7815,aug_426888719.png,Leucanthemum_vulgare
7816,aug_529819976.png,Leucanthemum_vulgare
7817,aug_416435707.png,Leucanthemum_vulgare
7818,aug_426601618.png,Leucanthemum_vulgare
7819,aug_517365395.png,Leucanthemum_vulgare
7820,aug_532467023.png,Leucanthemum_vulgare
7821,aug_389543408.png,Leucanthemum_vulgare
7822,aug_394055576.png,Leucanthemum_vulgare
7823,aug_530245651.png,Leucanthemum_vulgare
7824,aug_527748715.png,Leucanthemum_vulgare
7825,aug_519802728.png,Leucanthemum_vulgare
7826,aug_403095076.png,Leucanthemum_vulgare
7827,aug_529704573.png,Leucanthemum_vulgare
7828,aug_391502646.png,Leucanthemum_vulgare
7829,aug_515871930.png,Leucanthemum_vulgare
7830,aug_466440151.png,Leucanthemum_vulgare
7831,aug_405087241.png,Leucanthemum_vulgare
7832,aug_516723216.png,Leucanthemum_vulgare
7833,aug_518537338.png,Leucanthemum_vulgare
7834,aug_505212949.png,Leucanthemum_vulgare
7835,aug_530415050.png,Leucanthemum_vulgare
7836,aug_431228969.png,Leucanthemum_vulgare
7837,aug_392715042.png,Leucanthemum_vulgare
7838,aug_516558595.png,Leucanthemum_vulgare
7839,aug_400358778.png,Leucanthemum_vulgare
7840,aug_418596922.png,Leucanthemum_vulgare
7841,aug_486976413.png,Leucanthemum_vulgare
7842,aug_410041411.png,Leucanthemum_vulgare
7843,aug_395513014.png,Leucanthemum_vulgare
7844,aug_423920578.png,Leucanthemum_vulgare
7845,aug_401174639.png,Leucanthemum_vulgare
7846,aug_516802875.png,Leucanthemum_vulgare
7847,aug_392006298.png,Leucanthemum_vulgare
7848,aug_424884146.png,Leucanthemum_vulgare
7849,aug_515236907.png,Leucanthemum_vulgare
7850,aug_509351781.png,Leucanthemum_vulgare
7851,aug_403242448.png,Leucanthemum_vulgare
7852,aug_534498701.png,Leucanthemum_vulgare
7853,aug_516645211.png,Leucanthemum_vulgare
7854,aug_399450574.png,Leucanthemum_vulgare
7855,aug_390890574.png,Leucanthemum_vulgare
7856,aug_515954391.png,Leucanthemum_vulgare
7857,aug_391186269.png,Leucanthemum_vulgare
7858,aug_424370265.png,Leucanthemum_vulgare
7859,aug_527298040.png,Leucanthemum_vulgare
7860,aug_343425393.png,Leucanthemum_vulgare
7861,aug_394493333.png,Leucanthemum_vulgare
7862,aug_397082407.png,Leucanthemum_vulgare
7863,aug_398224490.png,Leucanthemum_vulgare
7864,aug_384104531.png,Leucanthemum_vulgare
7865,aug_388741810.png,Leucanthemum_vulgare
7866,aug_326635248.png,Leucanthemum_vulgare
7867,aug_389232473.png,Leucanthemum_vulgare
7868,aug_521015552.png,Leucanthemum_vulgare
7869,aug_388598579.png,Leucanthemum_vulgare
7870,aug_508538743.png,Leucanthemum_vulgare
7871,aug_529238989.png,Leucanthemum_vulgare
7872,aug_420644512.png,Leucanthemum_vulgare
7873,aug_382175102.png,Leucanthemum_vulgare
7874,aug_418548321.png,Leucanthemum_vulgare
7875,aug_427164402.png,Leucanthemum_vulgare
7876,aug_514203518.png,Leucanthemum_vulgare
7877,aug_389801000.png,Leucanthemum_vulgare
7878,aug_508544934.png,Leucanthemum_vulgare
7879,aug_404703330.png,Leucanthemum_vulgare
7880,aug_393023221.png,Leucanthemum_vulgare
7881,aug_430398491.png,Leucanthemum_vulgare
7882,aug_519003179.png,Leucanthemum_vulgare
7883,aug_401923494.png,Leucanthemum_vulgare
7884,aug_395455005.png,Leucanthemum_vulgare
7885,aug_506775693.png,Leucanthemum_vulgare
7886,aug_523141087.png,Leucanthemum_vulgare
7887,aug_515357614.png,Leucanthemum_vulgare
7888,aug_520290689.png,Leucanthemum_vulgare
7889,aug_516335880.png,Leucanthemum_vulgare
7890,aug_379921358.png,Leucanthemum_vulgare
7891,aug_508289531.png,Leucanthemum_vulgare
7892,aug_525234608.png,Leucanthemum_vulgare
7893,aug_400093595.png,Leucanthemum_vulgare
7894,aug_515250142.png,Leucanthemum_vulgare
7895,aug_388527907.png,Leucanthemum_vulgare
7896,aug_388377566.png,Leucanthemum_vulgare
7897,aug_528929356.png,Leucanthemum_vulgare
7898,aug_456565594.png,Leucanthemum_vulgare
7899,aug_399490636.png,Leucanthemum_vulgare
7900,aug_344150607.png,Leucanthemum_vulgare
7901,aug_407213587.png,Leucanthemum_vulgare
7902,aug_521715183.png,Leucanthemum_vulgare
7903,aug_383524003.png,Leucanthemum_vulgare
7904,aug_400809317.png,Leucanthemum_vulgare
7905,aug_396174403.png,Leucanthemum_vulgare
7906,aug_521691476.png,Leucanthemum_vulgare
7907,aug_431694848.png,Leucanthemum_vulgare
7908,aug_403444019.png,Leucanthemum_vulgare
7909,aug_524207146.png,Leucanthemum_vulgare
7910,aug_390736653.png,Leucanthemum_vulgare
7911,aug_404762788.png,Leucanthemum_vulgare
7912,aug_396674356.png,Leucanthemum_vulgare
7913,aug_391727530.png,Leucanthemum_vulgare
7914,aug_533119951.png,Leucanthemum_vulgare
7915,aug_335599076.png,Leucanthemum_vulgare
7916,aug_522872146.png,Leucanthemum_vulgare
7917,aug_519324615.png,Leucanthemum_vulgare
7918,aug_413279715.png,Leucanthemum_vulgare
7919,aug_518182285.png,Leucanthemum_vulgare
7920,aug_521781517.png,Leucanthemum_vulgare
7921,aug_401337887.png,Leucanthemum_vulgare
7922,aug_387136300.png,Leucanthemum_vulgare
7923,aug_523726522.png,Leucanthemum_vulgare
7924,aug_506175391.png,Leucanthemum_vulgare
7925,aug_529262387.png,Leucanthemum_vulgare
7926,aug_514276122.png,Leucanthemum_vulgare
7927,aug_504979550.png,Leucanthemum_vulgare
7928,aug_530239868.png,Leucanthemum_vulgare
7929,aug_400287290.png,Leucanthemum_vulgare
7930,aug_518297381.png,Leucanthemum_vulgare
7931,aug_433140575.png,Leucanthemum_vulgare
7932,aug_530958546.png,Leucanthemum_vulgare
7933,aug_522639692.png,Leucanthemum_vulgare
7934,aug_407109520.png,Leucanthemum_vulgare
7935,aug_338428871.png,Leucanthemum_vulgare
7936,aug_525617722.png,Leucanthemum_vulgare
7937,aug_518751813.png,Leucanthemum_vulgare
7938,aug_386140738.png,Leucanthemum_vulgare
7939,aug_515272066.png,Leucanthemum_vulgare
7940,aug_396899318.png,Leucanthemum_vulgare
7941,aug_510992434.png,Leucanthemum_vulgare
7942,aug_388295967.png,Leucanthemum_vulgare
7943,aug_378775782.png,Leucanthemum_vulgare
7944,aug_506191897.png,Leucanthemum_vulgare
7945,aug_397829996.png,Leucanthemum_vulgare
7946,aug_524774660.png,Leucanthemum_vulgare
7947,aug_530403401.png,Leucanthemum_vulgare
7948,aug_505666431.png,Leucanthemum_vulgare
7949,aug_512451625.png,Leucanthemum_vulgare
7950,aug_392902688.png,Leucanthemum_vulgare
7951,aug_526464743.png,Leucanthemum_vulgare
7952,aug_531997439.png,Leucanthemum_vulgare
7953,aug_411297749.png,Leucanthemum_vulgare
7954,aug_382370278.png,Leucanthemum_vulgare
7955,aug_517934521.png,Leucanthemum_vulgare
7956,aug_394193670.png,Leucanthemum_vulgare
7957,aug_400317863.png,Leucanthemum_vulgare
7958,aug_341367808.png,Leucanthemum_vulgare
7959,aug_395651063.png,Leucanthemum_vulgare
7960,aug_508812333.png,Leucanthemum_vulgare
7961,aug_403471690.png,Leucanthemum_vulgare
7962,aug_363677636.png,Leucanthemum_vulgare
7963,aug_393760220.png,Leucanthemum_vulgare
7964,aug_521547485.png,Leucanthemum_vulgare
7965,aug_406169694.png,Leucanthemum_vulgare
7966,aug_528205207.png,Leucanthemum_vulgare
7967,aug_528906974.png,Leucanthemum_vulgare
7968,aug_400056288.png,Leucanthemum_vulgare
7969,aug_519972362.png,Leucanthemum_vulgare
7970,aug_403075460.png,Leucanthemum_vulgare
7971,aug_411575922.png,Leucanthemum_vulgare
7972,aug_519058990.png,Leucanthemum_vulgare
7973,aug_382024379.png,Leucanthemum_vulgare
7974,aug_390707102.png,Leucanthemum_vulgare
7975,aug_392614466.png,Leucanthemum_vulgare
7976,aug_411064430.png,Leucanthemum_vulgare
7977,aug_388562690.png,Leucanthemum_vulgare
7978,aug_524054696.png,Leucanthemum_vulgare
7979,aug_403242863.png,Leucanthemum_vulgare
7980,aug_424991655.png,Leucanthemum_vulgare
7981,aug_411147948.png,Leucanthemum_vulgare
7982,aug_467166038.png,Leucanthemum_vulgare
7983,aug_419384908.png,Leucanthemum_vulgare
7984,aug_532874356.png,Leucanthemum_vulgare
7985,aug_389739295.png,Leucanthemum_vulgare
7986,aug_525019351.png,Leucanthemum_vulgare
7987,aug_327999838.png,Leucanthemum_vulgare
7988,aug_407054958.png,Leucanthemum_vulgare
7989,aug_517873771.png,Leucanthemum_vulgare
7990,aug_524497456.png,Leucanthemum_vulgare
7991,aug_396373941.png,Leucanthemum_vulgare
7992,aug_511077234.png,Leucanthemum_vulgare
7993,aug_450285408.png,Leucanthemum_vulgare
7994,aug_454409480.png,Leucanthemum_vulgare
7995,aug_401874225.png,Leucanthemum_vulgare
7996,aug_377985179.png,Leucanthemum_vulgare
7997,aug_393081569.png,Leucanthemum_vulgare
7998,aug_388462399.png,Leucanthemum_vulgare
7999,aug_395098092.png,Leucanthemum_vulgare
8000,aug_511620444.png,Leucanthemum_vulgare
8001,aug_399922526.png,Leucanthemum_vulgare
8002,aug_457778765.png,Leucanthemum_vulgare
8003,aug_407259539.png,Leucanthemum_vulgare
8004,aug_402913831.png,Leucanthemum_vulgare
8005,aug_393251935.png,Leucanthemum_vulgare
8006,aug_527017045.png,Leucanthemum_vulgare
8007,aug_400302977.png,Leucanthemum_vulgare
8008,aug_386129556.png,Leucanthemum_vulgare
8009,aug_393447815.png,Leucanthemum_vulgare
8010,aug_391652103.png,Leucanthemum_vulgare
8011,aug_397832214.png,Leucanthemum_vulgare
8012,aug_401613510.png,Leucanthemum_vulgare
8013,aug_394592807.png,Leucanthemum_vulgare
8014,aug_508530851.png,Leucanthemum_vulgare
8015,aug_522523648.png,Leucanthemum_vulgare
8016,aug_402626449.png,Leucanthemum_vulgare
8017,aug_404308789.png,Leucanthemum_vulgare
8018,aug_458795215.png,Leucanthemum_vulgare
8019,aug_430762800.png,Leucanthemum_vulgare
8020,aug_410817461.png,Leucanthemum_vulgare
8021,aug_398032134.png,Leucanthemum_vulgare
8022,aug_396625614.png,Leucanthemum_vulgare
8023,aug_389179675.png,Leucanthemum_vulgare
8024,aug_434675815.png,Leucanthemum_vulgare
8025,aug_329489030.png,Leucanthemum_vulgare
8026,aug_457180515.png,Leucanthemum_vulgare
8027,aug_467907481.png,Leucanthemum_vulgare
8028,aug_459150178.png,Leucanthemum_vulgare
8029,aug_400371373.png,Leucanthemum_vulgare
8030,aug_527769434.png,Leucanthemum_vulgare
8031,aug_396754926.png,Leucanthemum_vulgare
8032,aug_454224149.png,Leucanthemum_vulgare
8033,aug_450707440.png,Leucanthemum_vulgare
8034,aug_518346263.png,Leucanthemum_vulgare
8035,aug_409539259.png,Leucanthemum_vulgare
8036,aug_528926992.png,Leucanthemum_vulgare
8037,aug_529548870.png,Leucanthemum_vulgare
8038,aug_388031510.png,Leucanthemum_vulgare
8039,aug_395079139.png,Leucanthemum_vulgare
8040,aug_392205714.png,Leucanthemum_vulgare
8041,aug_456959125.png,Leucanthemum_vulgare
8042,aug_429418130.png,Leucanthemum_vulgare
8043,aug_344908331.png,Leucanthemum_vulgare
8044,aug_514324655.png,Leucanthemum_vulgare
8045,aug_402286616.png,Leucanthemum_vulgare
8046,aug_409339858.png,Leucanthemum_vulgare
8047,aug_523917787.png,Leucanthemum_vulgare
8048,aug_432647101.png,Leucanthemum_vulgare
8049,aug_522754435.png,Leucanthemum_vulgare
8050,aug_520581330.png,Leucanthemum_vulgare
8051,aug_520018782.png,Leucanthemum_vulgare
8052,aug_385001164.png,Leucanthemum_vulgare
8053,aug_426453275.png,Leucanthemum_vulgare
8054,aug_408414446.png,Leucanthemum_vulgare
8055,aug_528828820.png,Leucanthemum_vulgare
8056,aug_510649337.png,Leucanthemum_vulgare
8057,aug_405897817.png,Leucanthemum_vulgare
8058,aug_382310100.png,Leucanthemum_vulgare
8059,aug_516356546.png,Leucanthemum_vulgare
8060,aug_381087666.png,Leucanthemum_vulgare
8061,aug_406804457.png,Leucanthemum_vulgare
8062,aug_399500981.png,Leucanthemum_vulgare
8063,aug_389628753.png,Leucanthemum_vulgare
8064,aug_410743882.png,Leucanthemum_vulgare
8065,aug_528320286.png,Leucanthemum_vulgare
8066,aug_520356015.png,Leucanthemum_vulgare
8067,aug_384851099.png,Leucanthemum_vulgare
8068,aug_522551444.png,Leucanthemum_vulgare
8069,aug_460081368.png,Leucanthemum_vulgare
8070,aug_515008287.png,Leucanthemum_vulgare
8071,aug_522054225.png,Leucanthemum_vulgare
8072,aug_394287570.png,Leucanthemum_vulgare
8073,aug_406337516.png,Leucanthemum_vulgare
8074,aug_386667245.png,Leucanthemum_vulgare
8075,aug_517891671.png,Leucanthemum_vulgare
8076,aug_388173266.png,Leucanthemum_vulgare
8077,aug_401480210.png,Leucanthemum_vulgare
8078,aug_533676359.png,Leucanthemum_vulgare
8079,aug_447171250.png,Leucanthemum_vulgare
8080,aug_399169269.png,Leucanthemum_vulgare
8081,aug_327285304.png,Leucanthemum_vulgare
8082,aug_394897488.png,Leucanthemum_vulgare
8083,aug_351934578.png,Leucanthemum_vulgare
8084,aug_398823093.png,Leucanthemum_vulgare
8085,aug_395707609.png,Leucanthemum_vulgare
8086,aug_521607205.png,Leucanthemum_vulgare
8087,aug_386019354.png,Leucanthemum_vulgare
8088,aug_403593913.png,Leucanthemum_vulgare
8089,aug_527198177.png,Leucanthemum_vulgare
8090,aug_390035445.png,Leucanthemum_vulgare
8091,aug_394459538.png,Leucanthemum_vulgare
8092,aug_524061239.png,Leucanthemum_vulgare
8093,aug_407977238.png,Leucanthemum_vulgare
8094,aug_403643878.png,Leucanthemum_vulgare
8095,aug_379197815.png,Leucanthemum_vulgare
8096,aug_401592822.png,Leucanthemum_vulgare
8097,aug_522189317.png,Leucanthemum_vulgare
8098,aug_399573711.png,Leucanthemum_vulgare
8099,aug_517340681.png,Leucanthemum_vulgare
8100,aug_515466226.png,Leucanthemum_vulgare
8101,aug_435856788.png,Leucanthemum_vulgare
8102,aug_525760614.png,Leucanthemum_vulgare
8103,aug_524248608.png,Leucanthemum_vulgare
8104,aug_390915852.png,Leucanthemum_vulgare
8105,aug_531065255.png,Leucanthemum_vulgare
8106,aug_436687769.png,Leucanthemum_vulgare
8107,aug_383584790.png,Leucanthemum_vulgare
8108,aug_407594690.png,Leucanthemum_vulgare
8109,aug_385686488.png,Leucanthemum_vulgare
8110,aug_529342385.png,Leucanthemum_vulgare
8111,aug_402853019.png,Leucanthemum_vulgare
8112,aug_406523396.png,Leucanthemum_vulgare
8113,aug_382419917.png,Leucanthemum_vulgare
8114,aug_403974475.png,Leucanthemum_vulgare
8115,aug_395473548.png,Leucanthemum_vulgare
8116,aug_383805357.png,Leucanthemum_vulgare
8117,aug_527341232.png,Leucanthemum_vulgare
8118,aug_533495097.png,Leucanthemum_vulgare
8119,aug_382977710.png,Leucanthemum_vulgare
8120,aug_527479138.png,Leucanthemum_vulgare
8121,aug_504977565.png,Leucanthemum_vulgare
8122,aug_377491033.png,Leucanthemum_vulgare
8123,aug_526586420.png,Leucanthemum_vulgare
8124,aug_390836047.png,Leucanthemum_vulgare
8125,aug_388817154.png,Leucanthemum_vulgare
8126,aug_397967387.png,Leucanthemum_vulgare
8127,aug_396713953.png,Leucanthemum_vulgare
8128,aug_533438415.png,Leucanthemum_vulgare
8129,aug_396293802.png,Leucanthemum_vulgare
8130,aug_385535158.png,Leucanthemum_vulgare
8131,aug_527839364.png,Leucanthemum_vulgare
8132,aug_379481608.png,Leucanthemum_vulgare
8133,aug_386488702.png,Leucanthemum_vulgare
8134,aug_394933118.png,Leucanthemum_vulgare
8135,aug_521654327.png,Leucanthemum_vulgare
8136,aug_521458407.png,Leucanthemum_vulgare
8137,aug_533596039.png,Leucanthemum_vulgare
8138,aug_533220758.png,Leucanthemum_vulgare
8139,aug_521061171.png,Leucanthemum_vulgare
8140,aug_499477451.png,Leucanthemum_vulgare
8141,aug_424533642.png,Leucanthemum_vulgare
8142,aug_392556198.png,Leucanthemum_vulgare
8143,aug_387185670.png,Leucanthemum_vulgare
8144,aug_387506246.png,Leucanthemum_vulgare
8145,aug_533618002.png,Leucanthemum_vulgare
8146,aug_386653154.png,Leucanthemum_vulgare
8147,aug_520886550.png,Leucanthemum_vulgare
8148,aug_530975798.png,Leucanthemum_vulgare
8149,aug_408139881.png,Leucanthemum_vulgare
8150,aug_410381524.png,Leucanthemum_vulgare
8151,aug_527705798.png,Leucanthemum_vulgare
8152,aug_511133973.png,Leucanthemum_vulgare
8153,aug_406134136.png,Leucanthemum_vulgare
8154,aug_513513317.png,Leucanthemum_vulgare
8155,aug_410442336.png,Leucanthemum_vulgare
8156,aug_391989579.png,Leucanthemum_vulgare
8157,aug_520874342.png,Leucanthemum_vulgare
8158,aug_523237067.png,Leucanthemum_vulgare
8159,aug_415100995.png,Leucanthemum_vulgare
8160,aug_399651340.png,Leucanthemum_vulgare
8161,aug_414547254.png,Leucanthemum_vulgare
8162,aug_393778622.png,Leucanthemum_vulgare
8163,aug_391251765.png,Leucanthemum_vulgare
8164,aug_395345843.png,Leucanthemum_vulgare
8165,aug_520303599.png,Leucanthemum_vulgare
8166,aug_406590647.png,Leucanthemum_vulgare
8167,aug_518227452.png,Leucanthemum_vulgare
8168,aug_520905508.png,Leucanthemum_vulgare
8169,aug_516133669.png,Leucanthemum_vulgare
8170,aug_518389339.png,Leucanthemum_vulgare
8171,aug_397093399.png,Leucanthemum_vulgare
8172,aug_390906746.png,Leucanthemum_vulgare
8173,aug_419041593.png,Leucanthemum_vulgare
8174,aug_534108496.png,Leucanthemum_vulgare
8175,aug_388469143.png,Leucanthemum_vulgare
8176,aug_394808837.png,Leucanthemum_vulgare
8177,aug_389202832.png,Leucanthemum_vulgare
8178,aug_408325811.png,Leucanthemum_vulgare
8179,aug_530766999.png,Leucanthemum_vulgare
8180,aug_391860143.png,Leucanthemum_vulgare
8181,aug_427686416.png,Leucanthemum_vulgare
8182,aug_391582305.png,Leucanthemum_vulgare
8183,aug_390444269.png,Leucanthemum_vulgare
8184,aug_387830659.png,Leucanthemum_vulgare
8185,aug_379765757.png,Leucanthemum_vulgare
8186,aug_529931973.png,Leucanthemum_vulgare
8187,aug_533536642.png,Leucanthemum_vulgare
8188,aug_518564507.png,Leucanthemum_vulgare
8189,aug_383028711.png,Leucanthemum_vulgare
8190,aug_429194738.png,Leucanthemum_vulgare
8191,aug_508368514.png,Leucanthemum_vulgare
8192,aug_529854547.png,Leucanthemum_vulgare
8193,aug_507066065.png,Leucanthemum_vulgare
8194,aug_389595484.png,Leucanthemum_vulgare
8195,aug_404365882.png,Leucanthemum_vulgare
8196,aug_515694626.png,Leucanthemum_vulgare
8197,aug_519059724.png,Leucanthemum_vulgare
8198,aug_415116495.png,Leucanthemum_vulgare
8199,aug_408912281.png,Leucanthemum_vulgare
8200,aug_523027216.png,Leucanthemum_vulgare
8201,aug_394961609.png,Leucanthemum_vulgare
8202,aug_516613916.png,Leucanthemum_vulgare
8203,aug_402840517.png,Leucanthemum_vulgare
8204,aug_390505261.png,Leucanthemum_vulgare
8205,aug_529812001.png,Leucanthemum_vulgare
8206,aug_383735564.png,Leucanthemum_vulgare
8207,aug_413960901.png,Leucanthemum_vulgare
8208,aug_398678857.png,Leucanthemum_vulgare
8209,aug_522689220.png,Leucanthemum_vulgare
8210,aug_388652019.png,Leucanthemum_vulgare
8211,aug_534167659.png,Leucanthemum_vulgare
8212,aug_406463278.png,Leucanthemum_vulgare
8213,aug_511279242.png,Leucanthemum_vulgare
8214,aug_525882009.png,Leucanthemum_vulgare
8215,aug_360213196.png,Leucanthemum_vulgare
8216,aug_384090551.png,Leucanthemum_vulgare
8217,aug_382369318.png,Leucanthemum_vulgare
8218,aug_400793493.png,Leucanthemum_vulgare
8219,aug_527253185.png,Leucanthemum_vulgare
8220,aug_393659170.png,Leucanthemum_vulgare
8221,aug_394092222.png,Leucanthemum_vulgare
8222,aug_531404967.png,Leucanthemum_vulgare
8223,aug_403841317.png,Leucanthemum_vulgare
8224,aug_511375787.png,Leucanthemum_vulgare
8225,aug_431615436.png,Leucanthemum_vulgare
8226,aug_512363148.png,Leucanthemum_vulgare
8227,aug_513723279.png,Leucanthemum_vulgare
8228,aug_525897432.png,Leucanthemum_vulgare
8229,aug_391526848.png,Leucanthemum_vulgare
8230,aug_398409238.png,Leucanthemum_vulgare
8231,aug_391136187.png,Leucanthemum_vulgare
8232,aug_343117921.png,Leucanthemum_vulgare
8233,aug_532960055.png,Leucanthemum_vulgare
8234,aug_413246099.png,Leucanthemum_vulgare
8235,aug_516614721.png,Leucanthemum_vulgare
8236,aug_430730115.png,Leucanthemum_vulgare
8237,aug_511418568.png,Leucanthemum_vulgare
8238,aug_406248256.png,Leucanthemum_vulgare
8239,aug_394500633.png,Leucanthemum_vulgare
8240,aug_532442430.png,Leucanthemum_vulgare
8241,aug_527113974.png,Leucanthemum_vulgare
8242,aug_519042239.png,Leucanthemum_vulgare
8243,aug_414119742.png,Leucanthemum_vulgare
8244,aug_402869082.png,Leucanthemum_vulgare
8245,aug_388197597.png,Leucanthemum_vulgare
8246,aug_386441725.png,Leucanthemum_vulgare
8247,aug_422723253.png,Leucanthemum_vulgare
8248,aug_519599512.png,Leucanthemum_vulgare
8249,aug_391010529.png,Leucanthemum_vulgare
8250,aug_411957682.png,Leucanthemum_vulgare
8251,aug_389156171.png,Leucanthemum_vulgare
8252,aug_516836809.png,Leucanthemum_vulgare
8253,aug_393800351.png,Leucanthemum_vulgare
8254,aug_522232436.png,Leucanthemum_vulgare
8255,aug_407827635.png,Leucanthemum_vulgare
8256,aug_428062868.png,Leucanthemum_vulgare
8257,aug_408190766.png,Leucanthemum_vulgare
8258,aug_392275080.png,Leucanthemum_vulgare
8259,aug_407582194.png,Leucanthemum_vulgare
8260,aug_508389997.png,Leucanthemum_vulgare
8261,aug_392677063.png,Leucanthemum_vulgare
8262,aug_401244268.png,Leucanthemum_vulgare
8263,aug_392518202.png,Leucanthemum_vulgare
8264,aug_465797728.png,Leucanthemum_vulgare
8265,aug_410447010.png,Leucanthemum_vulgare
8266,aug_505638748.png,Leucanthemum_vulgare
8267,aug_534248143.png,Leucanthemum_vulgare
8268,aug_523095838.png,Leucanthemum_vulgare
8269,aug_528803936.png,Leucanthemum_vulgare
8270,aug_444560418.png,Leucanthemum_vulgare
8271,aug_408758954.png,Leucanthemum_vulgare
8272,aug_430553125.png,Leucanthemum_vulgare
8273,aug_435261456.png,Leucanthemum_vulgare
8274,aug_336409770.png,Leucanthemum_vulgare
8275,aug_392649896.png,Leucanthemum_vulgare
8276,aug_395067363.png,Leucanthemum_vulgare
8277,aug_504186712.png,Leucanthemum_vulgare
8278,aug_380373352.png,Leucanthemum_vulgare
8279,aug_398670820.png,Leucanthemum_vulgare
8280,aug_396159315.png,Leucanthemum_vulgare
8281,aug_501210401.png,Leucanthemum_vulgare
8282,aug_395920388.png,Leucanthemum_vulgare
8283,aug_407535309.png,Leucanthemum_vulgare
8284,aug_394935395.png,Leucanthemum_vulgare
8285,aug_343117404.png,Leucanthemum_vulgare
8286,aug_527995014.png,Leucanthemum_vulgare
8287,aug_504032880.png,Leucanthemum_vulgare
8288,aug_386503969.png,Leucanthemum_vulgare
8289,aug_457995500.png,Leucanthemum_vulgare
8290,aug_403871237.png,Leucanthemum_vulgare
8291,aug_393433450.png,Leucanthemum_vulgare
8292,aug_521653442.png,Leucanthemum_vulgare
8293,aug_524087119.png,Leucanthemum_vulgare
8294,aug_387128565.png,Leucanthemum_vulgare
8295,aug_526857534.png,Leucanthemum_vulgare
8296,aug_408864106.png,Leucanthemum_vulgare
8297,aug_425789806.png,Leucanthemum_vulgare
8298,aug_528289863.png,Leucanthemum_vulgare
8299,aug_527771124.png,Leucanthemum_vulgare
8300,aug_472324654.png,Leucanthemum_vulgare
8301,aug_401778579.png,Leucanthemum_vulgare
8302,aug_427867108.png,Leucanthemum_vulgare
8303,aug_531008389.png,Leucanthemum_vulgare
8304,aug_397490895.png,Leucanthemum_vulgare
8305,aug_527795327.png,Leucanthemum_vulgare
8306,aug_508031409.png,Leucanthemum_vulgare
8307,aug_424671988.png,Leucanthemum_vulgare
8308,aug_386102968.png,Leucanthemum_vulgare
8309,aug_526884271.png,Leucanthemum_vulgare
8310,aug_426057643.png,Leucanthemum_vulgare
8311,aug_525230483.png,Leucanthemum_vulgare
8312,aug_411808255.png,Leucanthemum_vulgare
8313,aug_529774500.png,Leucanthemum_vulgare
8314,aug_388042315.png,Leucanthemum_vulgare
8315,aug_500068976.png,Leucanthemum_vulgare
8316,aug_525608522.png,Leucanthemum_vulgare
8317,aug_379555153.png,Leucanthemum_vulgare
8318,aug_516049222.png,Leucanthemum_vulgare
8319,aug_407842037.png,Leucanthemum_vulgare
8320,aug_405550490.png,Leucanthemum_vulgare
8321,aug_389793790.png,Leucanthemum_vulgare
8322,aug_403829161.png,Leucanthemum_vulgare
8323,aug_394526705.png,Leucanthemum_vulgare
8324,aug_501596099.png,Leucanthemum_vulgare
8325,aug_533969524.png,Leucanthemum_vulgare
8326,aug_395010657.png,Leucanthemum_vulgare
8327,aug_408680235.png,Leucanthemum_vulgare
8328,aug_384778732.png,Leucanthemum_vulgare
8329,aug_397583161.png,Leucanthemum_vulgare
8330,aug_530844546.png,Leucanthemum_vulgare
8331,aug_521286968.png,Leucanthemum_vulgare
8332,aug_408011915.png,Leucanthemum_vulgare
8333,aug_523392018.png,Leucanthemum_vulgare
8334,aug_398727629.png,Leucanthemum_vulgare
8335,aug_410485013.png,Leucanthemum_vulgare
8336,aug_518475963.png,Leucanthemum_vulgare
8337,aug_512330407.png,Leucanthemum_vulgare
8338,aug_523524312.png,Leucanthemum_vulgare
8339,aug_388265442.png,Leucanthemum_vulgare
8340,aug_508901123.png,Leucanthemum_vulgare
8341,aug_389772287.png,Leucanthemum_vulgare
8342,aug_528317380.png,Leucanthemum_vulgare
8343,aug_517251265.png,Leucanthemum_vulgare
8344,aug_525292381.png,Leucanthemum_vulgare
8345,aug_417307363.png,Leucanthemum_vulgare
8346,aug_407115613.png,Leucanthemum_vulgare
8347,aug_519064505.png,Leucanthemum_vulgare
8348,aug_388409561.png,Leucanthemum_vulgare
8349,aug_519082138.png,Leucanthemum_vulgare
8350,aug_399282623.png,Leucanthemum_vulgare
8351,aug_466457151.png,Leucanthemum_vulgare
8352,aug_326793726.png,Leucanthemum_vulgare
8353,aug_511085413.png,Leucanthemum_vulgare
8354,aug_391639579.png,Leucanthemum_vulgare
8355,aug_388621601.png,Leucanthemum_vulgare
8356,aug_394890337.png,Leucanthemum_vulgare
8357,aug_395199700.png,Leucanthemum_vulgare
8358,aug_348774155.png,Leucanthemum_vulgare
8359,aug_451319976.png,Leucanthemum_vulgare
8360,aug_396859955.png,Leucanthemum_vulgare
8361,aug_524959913.png,Leucanthemum_vulgare
8362,aug_393765727.png,Leucanthemum_vulgare
8363,aug_389575053.png,Leucanthemum_vulgare
8364,aug_393893284.png,Leucanthemum_vulgare
8365,aug_420338045.png,Leucanthemum_vulgare
8366,aug_508117314.png,Leucanthemum_vulgare
8367,aug_331077389.png,Leucanthemum_vulgare
8368,aug_390120594.png,Leucanthemum_vulgare
8369,aug_380890556.png,Leucanthemum_vulgare
8370,aug_395110532.png,Leucanthemum_vulgare
8371,aug_519108608.png,Leucanthemum_vulgare
8372,aug_391790373.png,Leucanthemum_vulgare
8373,aug_386610185.png,Leucanthemum_vulgare
8374,aug_522066348.png,Leucanthemum_vulgare
8375,aug_417078863.png,Leucanthemum_vulgare
8376,aug_518552518.png,Leucanthemum_vulgare
8377,aug_513302202.png,Leucanthemum_vulgare
8378,aug_491841520.png,Leucanthemum_vulgare
8379,aug_393110434.png,Leucanthemum_vulgare
8380,aug_409985775.png,Leucanthemum_vulgare
8381,aug_406375366.png,Leucanthemum_vulgare
8382,aug_531779534.png,Leucanthemum_vulgare
8383,aug_522657534.png,Leucanthemum_vulgare
8384,aug_399563101.png,Leucanthemum_vulgare
8385,aug_521039808.png,Leucanthemum_vulgare
8386,aug_388845520.png,Leucanthemum_vulgare
8387,aug_507266580.png,Leucanthemum_vulgare
8388,aug_400610512.png,Leucanthemum_vulgare
8389,aug_393341083.png,Leucanthemum_vulgare
8390,aug_534189983.png,Leucanthemum_vulgare
8391,aug_513690526.png,Leucanthemum_vulgare
8392,aug_521634905.png,Leucanthemum_vulgare
8393,aug_387710217.png,Leucanthemum_vulgare
8394,aug_396205327.png,Leucanthemum_vulgare
8395,aug_408953128.png,Leucanthemum_vulgare
8396,aug_518949028.png,Leucanthemum_vulgare
8397,aug_397321250.png,Leucanthemum_vulgare
8398,aug_398481733.png,Leucanthemum_vulgare
8399,aug_379397979.png,Leucanthemum_vulgare
8400,aug_528985726.png,Leucanthemum_vulgare
8401,aug_343372403.png,Leucanthemum_vulgare
8402,aug_329513394.png,Leucanthemum_vulgare
8403,aug_405902763.png,Leucanthemum_vulgare
8404,aug_393356818.png,Leucanthemum_vulgare
8405,aug_523501772.png,Leucanthemum_vulgare
8406,aug_526685466.png,Leucanthemum_vulgare
8407,aug_519958407.png,Leucanthemum_vulgare
8408,aug_401465325.png,Leucanthemum_vulgare
8409,aug_512049384.png,Leucanthemum_vulgare
8410,aug_509160295.png,Leucanthemum_vulgare
8411,aug_407428630.png,Leucanthemum_vulgare
8412,aug_509718595.png,Leucanthemum_vulgare
8413,aug_512142717.png,Leucanthemum_vulgare
8414,aug_393027794.png,Leucanthemum_vulgare
8415,aug_353097219.png,Leucanthemum_vulgare
8416,aug_428844103.png,Leucanthemum_vulgare
8417,aug_407420847.png,Leucanthemum_vulgare
8418,aug_382163035.png,Leucanthemum_vulgare
8419,aug_396160761.png,Leucanthemum_vulgare
8420,aug_415535826.png,Leucanthemum_vulgare
8421,aug_521916384.png,Leucanthemum_vulgare
8422,aug_393271518.png,Leucanthemum_vulgare
8423,aug_517523179.png,Leucanthemum_vulgare
8424,aug_523133595.png,Leucanthemum_vulgare
8425,aug_383453903.png,Leucanthemum_vulgare
8426,aug_466840174.png,Leucanthemum_vulgare
8427,aug_532160903.png,Leucanthemum_vulgare
8428,aug_521586805.png,Leucanthemum_vulgare
8429,aug_396636501.png,Leucanthemum_vulgare
8430,aug_526536776.png,Leucanthemum_vulgare
8431,aug_415881853.png,Leucanthemum_vulgare
8432,aug_401203417.png,Leucanthemum_vulgare
8433,aug_533003053.png,Leucanthemum_vulgare
8434,aug_518054025.png,Leucanthemum_vulgare
8435,aug_390595221.png,Leucanthemum_vulgare
8436,aug_505438411.png,Leucanthemum_vulgare
8437,aug_433546355.png,Leucanthemum_vulgare
8438,aug_414930457.png,Leucanthemum_vulgare
8439,aug_430886919.png,Leucanthemum_vulgare
8440,aug_527362793.png,Leucanthemum_vulgare
8441,aug_527635409.png,Leucanthemum_vulgare
8442,aug_397828862.png,Leucanthemum_vulgare
8443,aug_377450395.png,Leucanthemum_vulgare
8444,aug_381483029.png,Leucanthemum_vulgare
8445,aug_509750764.png,Leucanthemum_vulgare
8446,aug_522630569.png,Leucanthemum_vulgare
8447,aug_390329366.png,Leucanthemum_vulgare
8448,aug_392049259.png,Leucanthemum_vulgare
8449,aug_387664247.png,Leucanthemum_vulgare
8450,aug_512080648.png,Leucanthemum_vulgare
8451,aug_525781882.png,Leucanthemum_vulgare
8452,aug_390799933.png,Leucanthemum_vulgare
8453,aug_376896939.png,Leucanthemum_vulgare
8454,aug_406628736.png,Leucanthemum_vulgare
8455,aug_378408445.png,Leucanthemum_vulgare
8456,aug_526616543.png,Leucanthemum_vulgare
8457,aug_411431933.png,Leucanthemum_vulgare
8458,aug_415174551.png,Leucanthemum_vulgare
8459,aug_382834611.png,Leucanthemum_vulgare
8460,aug_506900603.png,Leucanthemum_vulgare
8461,aug_418388934.png,Leucanthemum_vulgare
8462,aug_399677647.png,Leucanthemum_vulgare
8463,aug_400775321.png,Leucanthemum_vulgare
8464,aug_522230298.png,Leucanthemum_vulgare
8465,aug_387817956.png,Leucanthemum_vulgare
8466,aug_504431698.png,Leucanthemum_vulgare
8467,aug_516811174.png,Leucanthemum_vulgare
8468,aug_527154318.png,Leucanthemum_vulgare
8469,aug_411599579.png,Leucanthemum_vulgare
8470,aug_520394642.png,Leucanthemum_vulgare
8471,aug_403578417.png,Leucanthemum_vulgare
8472,aug_389249939.png,Leucanthemum_vulgare
8473,aug_387771535.png,Leucanthemum_vulgare
8474,aug_529281754.png,Leucanthemum_vulgare
8475,aug_390171414.png,Leucanthemum_vulgare
8476,aug_532283479.png,Leucanthemum_vulgare
8477,aug_503227786.png,Leucanthemum_vulgare
8478,aug_397171165.png,Leucanthemum_vulgare
8479,aug_391898551.png,Leucanthemum_vulgare
8480,aug_393378200.png,Leucanthemum_vulgare
8481,aug_523711405.png,Leucanthemum_vulgare
8482,aug_533706733.png,Leucanthemum_vulgare
8483,aug_526566464.png,Leucanthemum_vulgare
8484,aug_384106645.png,Leucanthemum_vulgare
8485,aug_396934204.png,Leucanthemum_vulgare
8486,aug_504560761.png,Leucanthemum_vulgare
8487,aug_398820087.png,Leucanthemum_vulgare
8488,aug_517150714.png,Leucanthemum_vulgare
8489,aug_397583005.png,Leucanthemum_vulgare
8490,aug_402415803.png,Leucanthemum_vulgare
8491,aug_401779686.png,Leucanthemum_vulgare
8492,aug_388844517.png,Leucanthemum_vulgare
8493,aug_390825440.png,Leucanthemum_vulgare
8494,aug_451429333.png,Leucanthemum_vulgare
8495,aug_514799176.png,Leucanthemum_vulgare
8496,aug_387212100.png,Leucanthemum_vulgare
8497,aug_392099305.png,Leucanthemum_vulgare
8498,aug_530865359.png,Leucanthemum_vulgare
8499,aug_388243224.png,Leucanthemum_vulgare
8500,aug_515120069.png,Leucanthemum_vulgare
8501,aug_403322622.png,Leucanthemum_vulgare
8502,aug_388337338.png,Leucanthemum_vulgare
8503,aug_530906505.png,Leucanthemum_vulgare
8504,aug_510707920.png,Leucanthemum_vulgare
8505,aug_513822210.png,Leucanthemum_vulgare
8506,aug_523712401.png,Leucanthemum_vulgare
8507,aug_450662104.png,Leucanthemum_vulgare
8508,aug_527547275.png,Leucanthemum_vulgare
8509,aug_521653516.png,Leucanthemum_vulgare
8510,aug_526361465.png,Leucanthemum_vulgare
8511,aug_424231909.png,Leucanthemum_vulgare
8512,aug_380399344.png,Leucanthemum_vulgare
8513,aug_531515182.png,Leucanthemum_vulgare
8514,aug_522100003.png,Leucanthemum_vulgare
8515,aug_384780521.png,Leucanthemum_vulgare
8516,aug_517857296.png,Leucanthemum_vulgare
8517,aug_394363281.png,Leucanthemum_vulgare
8518,aug_520958916.png,Leucanthemum_vulgare
8519,aug_449537036.png,Leucanthemum_vulgare
8520,aug_422733939.png,Leucanthemum_vulgare
8521,aug_510747724.png,Leucanthemum_vulgare
8522,aug_429544034.png,Leucanthemum_vulgare
8523,aug_414978952.png,Leucanthemum_vulgare
8524,aug_407897627.png,Leucanthemum_vulgare
8525,aug_473550746.png,Leucanthemum_vulgare
8526,aug_517766452.png,Leucanthemum_vulgare
8527,aug_408615446.png,Leucanthemum_vulgare
8528,aug_398139844.png,Leucanthemum_vulgare
8529,aug_516582888.png,Leucanthemum_vulgare
8530,aug_393847671.png,Leucanthemum_vulgare
8531,aug_391176262.png,Leucanthemum_vulgare
8532,aug_514220033.png,Leucanthemum_vulgare
8533,aug_410431706.png,Leucanthemum_vulgare
8534,aug_527296997.png,Leucanthemum_vulgare
8535,aug_409549783.png,Leucanthemum_vulgare
8536,aug_514371511.png,Leucanthemum_vulgare
8537,aug_450516905.png,Leucanthemum_vulgare
8538,aug_515420978.png,Leucanthemum_vulgare
8539,aug_360629008.png,Leucanthemum_vulgare
8540,aug_501189784.png,Leucanthemum_vulgare
8541,aug_513107266.png,Leucanthemum_vulgare
8542,aug_517114133.png,Leucanthemum_vulgare
8543,aug_532760747.png,Leucanthemum_vulgare
8544,aug_408589345.png,Leucanthemum_vulgare
8545,aug_402481798.png,Leucanthemum_vulgare
8546,aug_516277221.png,Leucanthemum_vulgare
8547,aug_525080870.png,Leucanthemum_vulgare
8548,aug_524011465.png,Leucanthemum_vulgare
8549,aug_390106777.png,Leucanthemum_vulgare
8550,aug_387057766.png,Leucanthemum_vulgare
8551,aug_518226396.png,Leucanthemum_vulgare
8552,aug_393305673.png,Leucanthemum_vulgare
8553,aug_523437589.png,Leucanthemum_vulgare
8554,aug_413499665.png,Leucanthemum_vulgare
8555,aug_517264701.png,Leucanthemum_vulgare
8556,aug_516593277.png,Leucanthemum_vulgare
8557,aug_527720873.png,Leucanthemum_vulgare
8558,aug_427988779.png,Leucanthemum_vulgare
8559,aug_417435169.png,Leucanthemum_vulgare
8560,aug_518047446.png,Leucanthemum_vulgare
8561,aug_534699550.png,Leucanthemum_vulgare
8562,aug_528071715.png,Leucanthemum_vulgare
8563,aug_399231262.png,Leucanthemum_vulgare
8564,aug_407021976.png,Leucanthemum_vulgare
8565,aug_395994894.png,Leucanthemum_vulgare
8566,aug_511219444.png,Leucanthemum_vulgare
8567,aug_526689617.png,Leucanthemum_vulgare
8568,aug_404359735.png,Leucanthemum_vulgare
8569,aug_381859223.png,Leucanthemum_vulgare
8570,aug_387166661.png,Leucanthemum_vulgare
8571,aug_516251653.png,Leucanthemum_vulgare
8572,aug_403268822.png,Leucanthemum_vulgare
8573,aug_333221365.png,Leucanthemum_vulgare
8574,aug_385235547.png,Leucanthemum_vulgare
8575,aug_342922562.png,Leucanthemum_vulgare
8576,aug_406199034.png,Leucanthemum_vulgare
8577,aug_395914551.png,Leucanthemum_vulgare
8578,aug_382517663.png,Leucanthemum_vulgare
8579,aug_386880401.png,Leucanthemum_vulgare
8580,aug_398226537.png,Leucanthemum_vulgare
8581,aug_401090348.png,Leucanthemum_vulgare
8582,aug_399943636.png,Leucanthemum_vulgare
8583,aug_393821162.png,Leucanthemum_vulgare
8584,aug_394866126.png,Leucanthemum_vulgare
8585,aug_429109639.png,Leucanthemum_vulgare
8586,aug_514314316.png,Leucanthemum_vulgare
8587,aug_390886801.png,Leucanthemum_vulgare
8588,aug_404335015.png,Leucanthemum_vulgare
8589,aug_403889433.png,Leucanthemum_vulgare
8590,aug_386721437.png,Leucanthemum_vulgare
8591,aug_429563355.png,Leucanthemum_vulgare
8592,aug_399668262.png,Leucanthemum_vulgare
8593,aug_407915235.png,Leucanthemum_vulgare
8594,aug_521530055.png,Leucanthemum_vulgare
8595,aug_398848648.png,Leucanthemum_vulgare
8596,aug_396280583.png,Leucanthemum_vulgare
8597,aug_401894945.png,Leucanthemum_vulgare
8598,aug_419309291.png,Leucanthemum_vulgare
8599,aug_520324870.png,Leucanthemum_vulgare
8600,aug_511467101.png,Leucanthemum_vulgare
8601,aug_394138627.png,Leucanthemum_vulgare
8602,aug_435652223.png,Leucanthemum_vulgare
8603,aug_402595546.png,Leucanthemum_vulgare
8604,aug_390421446.png,Leucanthemum_vulgare
8605,aug_382693142.png,Leucanthemum_vulgare
8606,aug_520312667.png,Leucanthemum_vulgare
8607,aug_330836415.png,Leucanthemum_vulgare
8608,aug_522786903.png,Leucanthemum_vulgare
8609,aug_408678105.png,Leucanthemum_vulgare
8610,aug_389984818.png,Leucanthemum_vulgare
8611,aug_523758247.png,Leucanthemum_vulgare
8612,aug_401118004.png,Leucanthemum_vulgare
8613,aug_519699827.png,Leucanthemum_vulgare
8614,aug_402976775.png,Leucanthemum_vulgare
8615,aug_387542035.png,Leucanthemum_vulgare
8616,aug_506492441.png,Leucanthemum_vulgare
8617,aug_524208868.png,Leucanthemum_vulgare
8618,aug_389286806.png,Leucanthemum_vulgare
8619,aug_392470205.png,Leucanthemum_vulgare
8620,aug_504774269.png,Leucanthemum_vulgare
8621,aug_510646003.png,Leucanthemum_vulgare
8622,aug_521753613.png,Leucanthemum_vulgare
8623,aug_387468417.png,Leucanthemum_vulgare
8624,aug_409980473.png,Leucanthemum_vulgare
8625,aug_399933863.png,Leucanthemum_vulgare
8626,aug_514085060.png,Leucanthemum_vulgare
8627,aug_388756979.png,Leucanthemum_vulgare
8628,aug_512312449.png,Leucanthemum_vulgare
8629,aug_518798287.png,Leucanthemum_vulgare
8630,aug_524801426.png,Leucanthemum_vulgare
8631,aug_392557641.png,Leucanthemum_vulgare
8632,aug_524564642.png,Leucanthemum_vulgare
8633,aug_402312847.png,Leucanthemum_vulgare
8634,aug_520091317.png,Leucanthemum_vulgare
8635,aug_517441511.png,Leucanthemum_vulgare
8636,aug_505086351.png,Leucanthemum_vulgare
8637,aug_409989836.png,Leucanthemum_vulgare
8638,aug_417491411.png,Leucanthemum_vulgare
8639,aug_395035016.png,Leucanthemum_vulgare
8640,aug_517208841.png,Leucanthemum_vulgare
8641,aug_394607634.png,Leucanthemum_vulgare
8642,aug_351975235.png,Leucanthemum_vulgare
8643,aug_513188744.png,Leucanthemum_vulgare
8644,aug_390057599.png,Leucanthemum_vulgare
8645,aug_528901837.png,Leucanthemum_vulgare
8646,aug_407220195.png,Leucanthemum_vulgare
8647,aug_378302192.png,Leucanthemum_vulgare
8648,aug_397745384.png,Leucanthemum_vulgare
8649,aug_394074834.png,Leucanthemum_vulgare
8650,aug_395089735.png,Leucanthemum_vulgare
8651,aug_412296350.png,Leucanthemum_vulgare
8652,aug_445127337.png,Leucanthemum_vulgare
8653,aug_389409008.png,Leucanthemum_vulgare
8654,aug_416254675.png,Leucanthemum_vulgare
8655,aug_412061493.png,Leucanthemum_vulgare
8656,aug_518516052.png,Leucanthemum_vulgare
8657,aug_406357501.png,Leucanthemum_vulgare
8658,aug_525330913.png,Leucanthemum_vulgare
8659,aug_533125933.png,Leucanthemum_vulgare
8660,aug_412938425.png,Leucanthemum_vulgare
8661,aug_520096095.png,Leucanthemum_vulgare
8662,aug_389829847.png,Leucanthemum_vulgare
8663,aug_393881105.png,Leucanthemum_vulgare
8664,aug_505260131.png,Leucanthemum_vulgare
8665,aug_394040678.png,Leucanthemum_vulgare
8666,aug_528456583.png,Leucanthemum_vulgare
8667,aug_405204512.png,Leucanthemum_vulgare
8668,aug_405596988.png,Leucanthemum_vulgare
8669,aug_400599447.png,Leucanthemum_vulgare
8670,aug_385341854.png,Leucanthemum_vulgare
8671,aug_518013601.png,Leucanthemum_vulgare
8672,aug_402987808.png,Leucanthemum_vulgare
8673,aug_404416242.png,Leucanthemum_vulgare
8674,aug_387381690.png,Leucanthemum_vulgare
8675,aug_389471306.png,Leucanthemum_vulgare
8676,aug_530090395.png,Leucanthemum_vulgare
8677,aug_382059630.png,Leucanthemum_vulgare
8678,aug_403220129.png,Leucanthemum_vulgare
8679,aug_526211188.png,Leucanthemum_vulgare
8680,aug_400764363.png,Leucanthemum_vulgare
8681,aug_381575497.png,Leucanthemum_vulgare
8682,aug_402305689.png,Leucanthemum_vulgare
8683,aug_386099753.png,Leucanthemum_vulgare
8684,aug_520100169.png,Leucanthemum_vulgare
8685,aug_377715298.png,Leucanthemum_vulgare
8686,aug_386022782.png,Leucanthemum_vulgare
8687,aug_517987185.png,Leucanthemum_vulgare
8688,aug_407029572.png,Leucanthemum_vulgare
8689,aug_525447881.png,Leucanthemum_vulgare
8690,aug_396779485.png,Leucanthemum_vulgare
8691,aug_509763990.png,Leucanthemum_vulgare
8692,aug_341466835.png,Leucanthemum_vulgare
8693,aug_394921438.png,Leucanthemum_vulgare
8694,aug_518289628.png,Leucanthemum_vulgare
8695,aug_386165686.png,Leucanthemum_vulgare
8696,aug_395543249.png,Leucanthemum_vulgare
8697,aug_398474775.png,Leucanthemum_vulgare
8698,aug_523103564.png,Leucanthemum_vulgare
8699,aug_528266483.png,Leucanthemum_vulgare
8700,aug_402940861.png,Leucanthemum_vulgare
8701,aug_519000632.png,Leucanthemum_vulgare
8702,aug_402130838.png,Leucanthemum_vulgare
8703,aug_513706458.png,Leucanthemum_vulgare
8704,aug_375942896.png,Leucanthemum_vulgare
8705,aug_511133763.png,Leucanthemum_vulgare
8706,aug_519309102.png,Leucanthemum_vulgare
8707,aug_393941110.png,Leucanthemum_vulgare
8708,aug_381433014.png,Leucanthemum_vulgare
8709,aug_517946689.png,Leucanthemum_vulgare
8710,aug_387901102.png,Leucanthemum_vulgare
8711,aug_532792287.png,Leucanthemum_vulgare
8712,aug_395478703.png,Leucanthemum_vulgare
8713,aug_403926584.png,Leucanthemum_vulgare
8714,aug_402493866.png,Leucanthemum_vulgare
8715,aug_403120262.png,Leucanthemum_vulgare
8716,aug_407654198.png,Leucanthemum_vulgare
8717,aug_514208543.png,Leucanthemum_vulgare
8718,aug_480609473.png,Leucanthemum_vulgare
8719,aug_421258133.png,Leucanthemum_vulgare
8720,aug_512902849.png,Leucanthemum_vulgare
8721,aug_346814860.png,Leucanthemum_vulgare
8722,aug_509842274.png,Leucanthemum_vulgare
8723,aug_402999329.png,Leucanthemum_vulgare
8724,aug_520339741.png,Leucanthemum_vulgare
8725,aug_523577017.png,Leucanthemum_vulgare
8726,aug_521592116.png,Leucanthemum_vulgare
8727,aug_415175493.png,Leucanthemum_vulgare
8728,aug_424004777.png,Leucanthemum_vulgare
8729,aug_390928095.png,Leucanthemum_vulgare
8730,aug_386693792.png,Leucanthemum_vulgare
8731,aug_519514185.png,Leucanthemum_vulgare
8732,aug_400283136.png,Leucanthemum_vulgare
8733,aug_379162569.png,Leucanthemum_vulgare
8734,aug_397153943.png,Leucanthemum_vulgare
8735,aug_389862840.png,Leucanthemum_vulgare
8736,aug_514349062.png,Leucanthemum_vulgare
8737,aug_393720017.png,Leucanthemum_vulgare
8738,aug_417771259.png,Leucanthemum_vulgare
8739,aug_393378659.png,Leucanthemum_vulgare
8740,aug_510709990.png,Leucanthemum_vulgare
8741,aug_388403760.png,Leucanthemum_vulgare
8742,aug_391981538.png,Leucanthemum_vulgare
8743,aug_430905261.png,Leucanthemum_vulgare
8744,aug_530245465.png,Leucanthemum_vulgare
8745,aug_410448563.png,Leucanthemum_vulgare
8746,aug_427218910.png,Leucanthemum_vulgare
8747,aug_389765011.png,Leucanthemum_vulgare
8748,aug_387380260.png,Leucanthemum_vulgare
8749,aug_430378842.png,Leucanthemum_vulgare
8750,aug_499436814.png,Leucanthemum_vulgare
8751,aug_391976524.png,Leucanthemum_vulgare
8752,aug_507502373.png,Leucanthemum_vulgare
8753,aug_513245517.png,Leucanthemum_vulgare
8754,aug_390159365.png,Leucanthemum_vulgare
8755,aug_508115124.png,Leucanthemum_vulgare
8756,aug_511748316.png,Leucanthemum_vulgare
8757,aug_437130218.png,Leucanthemum_vulgare
8758,aug_385008269.png,Leucanthemum_vulgare
8759,aug_393629813.png,Leucanthemum_vulgare
8760,aug_521638024.png,Leucanthemum_vulgare
8761,aug_407149808.png,Leucanthemum_vulgare
8762,aug_396677171.png,Leucanthemum_vulgare
8763,aug_397890073.png,Leucanthemum_vulgare
8764,aug_395342508.png,Leucanthemum_vulgare
8765,aug_386517693.png,Leucanthemum_vulgare
8766,aug_396909946.png,Leucanthemum_vulgare
8767,aug_521408406.png,Leucanthemum_vulgare
8768,aug_415865163.png,Leucanthemum_vulgare
8769,aug_430019489.png,Leucanthemum_vulgare
8770,aug_400430049.png,Leucanthemum_vulgare
8771,aug_524295960.png,Leucanthemum_vulgare
8772,aug_513006665.png,Leucanthemum_vulgare
8773,aug_395625632.png,Leucanthemum_vulgare
8774,aug_401809707.png,Leucanthemum_vulgare
8775,aug_383005438.png,Leucanthemum_vulgare
8776,aug_377947665.png,Leucanthemum_vulgare
8777,aug_402323699.png,Leucanthemum_vulgare
8778,aug_517374559.png,Leucanthemum_vulgare
8779,aug_383735844.png,Leucanthemum_vulgare
8780,aug_400341949.png,Leucanthemum_vulgare
8781,aug_409534035.png,Leucanthemum_vulgare
8782,aug_390009216.png,Leucanthemum_vulgare
8783,aug_388799155.png,Leucanthemum_vulgare
8784,aug_531101003.png,Leucanthemum_vulgare
8785,aug_399159465.png,Leucanthemum_vulgare
8786,aug_522196863.png,Leucanthemum_vulgare
8787,aug_387195640.png,Leucanthemum_vulgare
8788,aug_524774567.png,Leucanthemum_vulgare
8789,aug_507914460.png,Leucanthemum_vulgare
8790,aug_385927793.png,Leucanthemum_vulgare
8791,aug_400809326.png,Leucanthemum_vulgare
8792,aug_410448774.png,Leucanthemum_vulgare
8793,aug_503418510.png,Leucanthemum_vulgare
8794,aug_529014524.png,Leucanthemum_vulgare
8795,aug_403130391.png,Leucanthemum_vulgare
8796,aug_406217160.png,Leucanthemum_vulgare
8797,aug_434978726.png,Leucanthemum_vulgare
8798,aug_381576106.png,Leucanthemum_vulgare
8799,aug_393251999.png,Leucanthemum_vulgare
8800,aug_419312986.png,Leucanthemum_vulgare
8801,aug_411363462.png,Leucanthemum_vulgare
8802,aug_516056552.png,Leucanthemum_vulgare
8803,aug_527858800.png,Leucanthemum_vulgare
8804,aug_414404567.png,Leucanthemum_vulgare
8805,aug_405241469.png,Leucanthemum_vulgare
8806,aug_419788641.png,Leucanthemum_vulgare
8807,aug_417379594.png,Leucanthemum_vulgare
8808,aug_520049413.png,Leucanthemum_vulgare
8809,aug_407175860.png,Leucanthemum_vulgare
8810,aug_385387579.png,Leucanthemum_vulgare
8811,aug_520525375.png,Leucanthemum_vulgare
8812,aug_517734896.png,Leucanthemum_vulgare
8813,aug_395057854.png,Leucanthemum_vulgare
8814,aug_509488262.png,Leucanthemum_vulgare
8815,aug_530780154.png,Leucanthemum_vulgare
8816,aug_393543175.png,Leucanthemum_vulgare
8817,aug_395272169.png,Leucanthemum_vulgare
8818,aug_529595104.png,Leucanthemum_vulgare
8819,aug_389682542.png,Leucanthemum_vulgare
8820,aug_421910435.png,Leucanthemum_vulgare
8821,aug_395553736.png,Leucanthemum_vulgare
8822,aug_386181798.png,Leucanthemum_vulgare
8823,aug_506435896.png,Leucanthemum_vulgare
8824,aug_404406293.png,Leucanthemum_vulgare
8825,aug_415247084.png,Leucanthemum_vulgare
8826,aug_427502664.png,Leucanthemum_vulgare
8827,aug_407778589.png,Leucanthemum_vulgare
8828,aug_516755939.png,Leucanthemum_vulgare
8829,aug_405555375.png,Leucanthemum_vulgare
8830,aug_390780181.png,Leucanthemum_vulgare
8831,aug_400199598.png,Leucanthemum_vulgare
8832,aug_395574870.png,Leucanthemum_vulgare
8833,aug_414160137.png,Leucanthemum_vulgare
8834,aug_385603573.png,Leucanthemum_vulgare
8835,aug_532097321.png,Leucanthemum_vulgare
8836,aug_505372894.png,Leucanthemum_vulgare
8837,aug_408767566.png,Leucanthemum_vulgare
8838,aug_466513550.png,Leucanthemum_vulgare
8839,aug_526212421.png,Leucanthemum_vulgare
8840,aug_396201935.png,Leucanthemum_vulgare
8841,aug_395284261.png,Leucanthemum_vulgare
8842,aug_390156648.png,Leucanthemum_vulgare
8843,aug_413621023.png,Leucanthemum_vulgare
8844,aug_411434025.png,Leucanthemum_vulgare
8845,aug_425876017.png,Leucanthemum_vulgare
8846,aug_390801414.png,Leucanthemum_vulgare
8847,aug_395004991.png,Leucanthemum_vulgare
8848,aug_526917704.png,Leucanthemum_vulgare
8849,aug_521630866.png,Leucanthemum_vulgare
8850,aug_411230111.png,Leucanthemum_vulgare
8851,aug_344230137.png,Leucanthemum_vulgare
8852,aug_391232565.png,Leucanthemum_vulgare
8853,aug_396330464.png,Leucanthemum_vulgare
8854,aug_451331222.png,Leucanthemum_vulgare
8855,aug_516083692.png,Leucanthemum_vulgare
8856,aug_391290357.png,Leucanthemum_vulgare
8857,aug_425876089.png,Leucanthemum_vulgare
8858,aug_394554728.png,Leucanthemum_vulgare
8859,aug_409028078.png,Leucanthemum_vulgare
8860,aug_401468817.png,Leucanthemum_vulgare
8861,aug_401810812.png,Leucanthemum_vulgare
8862,aug_520368838.png,Leucanthemum_vulgare
8863,aug_391527039.png,Leucanthemum_vulgare
8864,aug_427305289.png,Leucanthemum_vulgare
8865,aug_390502223.png,Leucanthemum_vulgare
8866,aug_384932696.png,Leucanthemum_vulgare
8867,aug_403779324.png,Leucanthemum_vulgare
8868,aug_407345610.png,Leucanthemum_vulgare
8869,aug_520064656.png,Leucanthemum_vulgare
8870,aug_388388669.png,Leucanthemum_vulgare
8871,aug_411998470.png,Leucanthemum_vulgare
8872,aug_501595871.png,Leucanthemum_vulgare
8873,aug_526299156.png,Leucanthemum_vulgare
8874,aug_527639242.png,Leucanthemum_vulgare
8875,aug_511548616.png,Leucanthemum_vulgare
8876,aug_340949461.png,Leucanthemum_vulgare
8877,aug_397530110.png,Leucanthemum_vulgare
8878,aug_519038624.png,Leucanthemum_vulgare
8879,aug_508460172.png,Leucanthemum_vulgare
8880,aug_429772311.png,Leucanthemum_vulgare
8881,aug_393983328.png,Leucanthemum_vulgare
8882,aug_526822432.png,Leucanthemum_vulgare
8883,aug_395878125.png,Leucanthemum_vulgare
8884,aug_406198966.png,Leucanthemum_vulgare
8885,aug_390592754.png,Leucanthemum_vulgare
8886,aug_394500460.png,Leucanthemum_vulgare
8887,aug_379469813.png,Leucanthemum_vulgare
8888,aug_512907907.png,Leucanthemum_vulgare
8889,aug_512014464.png,Leucanthemum_vulgare
8890,aug_519332677.png,Leucanthemum_vulgare
8891,aug_404830334.png,Leucanthemum_vulgare
8892,aug_391358713.png,Leucanthemum_vulgare
8893,aug_380311242.png,Leucanthemum_vulgare
8894,aug_389744839.png,Leucanthemum_vulgare
8895,aug_413706241.png,Leucanthemum_vulgare
8896,aug_408786775.png,Leucanthemum_vulgare
8897,aug_523357190.png,Leucanthemum_vulgare
8898,aug_387015093.png,Leucanthemum_vulgare
8899,aug_514445161.png,Leucanthemum_vulgare
8900,aug_393114253.png,Leucanthemum_vulgare
8901,aug_418333364.png,Leucanthemum_vulgare
8902,aug_326751266.png,Leucanthemum_vulgare
8903,aug_417896162.png,Leucanthemum_vulgare
8904,aug_413125896.png,Leucanthemum_vulgare
8905,aug_412896972.png,Leucanthemum_vulgare
8906,aug_399978191.png,Leucanthemum_vulgare
8907,aug_404762998.png,Leucanthemum_vulgare
8908,aug_391522807.png,Leucanthemum_vulgare
8909,aug_531776351.png,Leucanthemum_vulgare
8910,aug_400892630.png,Leucanthemum_vulgare
8911,aug_388027164.png,Leucanthemum_vulgare
8912,aug_512513890.png,Leucanthemum_vulgare
8913,aug_529844955.png,Leucanthemum_vulgare
8914,aug_521393401.png,Leucanthemum_vulgare
8915,aug_386482570.png,Leucanthemum_vulgare
8916,aug_399181316.png,Leucanthemum_vulgare
8917,aug_447478181.png,Leucanthemum_vulgare
8918,aug_511198690.png,Leucanthemum_vulgare
8919,aug_409461405.png,Leucanthemum_vulgare
8920,aug_404741675.png,Leucanthemum_vulgare
8921,aug_520993027.png,Leucanthemum_vulgare
8922,aug_403407101.png,Leucanthemum_vulgare
8923,aug_515297950.png,Leucanthemum_vulgare
8924,aug_415767162.png,Leucanthemum_vulgare
8925,aug_389237767.png,Leucanthemum_vulgare
8926,aug_508567738.png,Leucanthemum_vulgare
8927,aug_388478939.png,Leucanthemum_vulgare
8928,aug_524201527.png,Leucanthemum_vulgare
8929,aug_525844664.png,Leucanthemum_vulgare
8930,aug_397488976.png,Leucanthemum_vulgare
8931,aug_524210233.png,Leucanthemum_vulgare
8932,aug_397401234.png,Leucanthemum_vulgare
8933,aug_430305676.png,Leucanthemum_vulgare
8934,aug_392802521.png,Leucanthemum_vulgare
8935,aug_402322284.png,Leucanthemum_vulgare
8936,aug_388974856.png,Leucanthemum_vulgare
8937,aug_399826539.png,Leucanthemum_vulgare
8938,aug_475123602.png,Leucanthemum_vulgare
8939,aug_397582289.png,Leucanthemum_vulgare
8940,aug_408297851.png,Leucanthemum_vulgare
8941,aug_392838643.png,Leucanthemum_vulgare
8942,aug_534067558.png,Leucanthemum_vulgare
8943,aug_517356422.png,Leucanthemum_vulgare
8944,aug_383154610.png,Leucanthemum_vulgare
8945,aug_510467290.png,Leucanthemum_vulgare
8946,aug_521130724.png,Leucanthemum_vulgare
8947,aug_383576222.png,Leucanthemum_vulgare
8948,aug_397913697.png,Leucanthemum_vulgare
8949,aug_398693847.png,Leucanthemum_vulgare
8950,aug_341371355.png,Leucanthemum_vulgare
8951,aug_520998948.png,Leucanthemum_vulgare
8952,aug_507308900.png,Leucanthemum_vulgare
8953,aug_390973013.png,Leucanthemum_vulgare
8954,aug_388370369.png,Leucanthemum_vulgare
8955,aug_391271213.png,Leucanthemum_vulgare
8956,aug_394943446.png,Leucanthemum_vulgare
8957,aug_382837309.png,Leucanthemum_vulgare
8958,aug_382581785.png,Leucanthemum_vulgare
8959,aug_390905492.png,Leucanthemum_vulgare
8960,aug_505265247.png,Leucanthemum_vulgare
8961,aug_412860267.png,Leucanthemum_vulgare
8962,aug_505747041.png,Leucanthemum_vulgare
8963,aug_528679844.png,Leucanthemum_vulgare
8964,aug_395026622.png,Leucanthemum_vulgare
8965,aug_526889012.png,Leucanthemum_vulgare
8966,aug_429275879.png,Leucanthemum_vulgare
8967,aug_525110071.png,Leucanthemum_vulgare
8968,aug_513624496.png,Leucanthemum_vulgare
8969,aug_405841092.png,Leucanthemum_vulgare
8970,aug_426974033.png,Leucanthemum_vulgare
8971,aug_523117693.png,Leucanthemum_vulgare
8972,aug_427878910.png,Leucanthemum_vulgare
8973,aug_506309075.png,Leucanthemum_vulgare
8974,aug_391326791.png,Leucanthemum_vulgare
8975,aug_515439868.png,Leucanthemum_vulgare
8976,aug_417858046.png,Leucanthemum_vulgare
8977,aug_531383664.png,Leucanthemum_vulgare
8978,aug_325877144.png,Leucanthemum_vulgare
8979,aug_419933705.png,Leucanthemum_vulgare
8980,aug_526419121.png,Leucanthemum_vulgare
8981,aug_394275526.png,Leucanthemum_vulgare
8982,aug_520060444.png,Leucanthemum_vulgare
8983,aug_397484859.png,Leucanthemum_vulgare
8984,aug_428196792.png,Leucanthemum_vulgare
8985,aug_533335158.png,Leucanthemum_vulgare
8986,aug_506285350.png,Leucanthemum_vulgare
8987,aug_408928454.png,Leucanthemum_vulgare
8988,aug_504573218.png,Leucanthemum_vulgare
8989,aug_530325919.png,Leucanthemum_vulgare
8990,aug_402194568.png,Leucanthemum_vulgare
8991,aug_516383161.png,Leucanthemum_vulgare
8992,aug_420858467.png,Leucanthemum_vulgare
8993,aug_393708561.png,Leucanthemum_vulgare
8994,aug_403885246.png,Leucanthemum_vulgare
8995,aug_407820192.png,Leucanthemum_vulgare
8996,aug_525815194.png,Leucanthemum_vulgare
8997,aug_431283093.png,Leucanthemum_vulgare
8998,aug_518921988.png,Leucanthemum_vulgare
8999,aug_408575376.png,Leucanthemum_vulgare
9000,aug_405575744.png,Leucanthemum_vulgare
9001,aug_403302644.png,Leucanthemum_vulgare
9002,aug_410477938.png,Leucanthemum_vulgare
9003,aug_530488032.png,Leucanthemum_vulgare
9004,aug_398252060.png,Leucanthemum_vulgare
9005,aug_410392873.png,Leucanthemum_vulgare
9006,aug_395080678.png,Leucanthemum_vulgare
9007,aug_414033593.png,Leucanthemum_vulgare
9008,aug_525214834.png,Leucanthemum_vulgare
9009,aug_390595400.png,Leucanthemum_vulgare
9010,aug_402453543.png,Leucanthemum_vulgare
9011,aug_415178301.png,Leucanthemum_vulgare
9012,aug_433467059.png,Leucanthemum_vulgare
9013,aug_387501116.png,Leucanthemum_vulgare
9014,aug_400395060.png,Leucanthemum_vulgare
9015,aug_517095616.png,Leucanthemum_vulgare
9016,aug_388927024.png,Leucanthemum_vulgare
9017,aug_527576089.png,Leucanthemum_vulgare
9018,aug_511767660.png,Leucanthemum_vulgare
9019,aug_515391015.png,Leucanthemum_vulgare
9020,aug_509808204.png,Leucanthemum_vulgare
9021,aug_401248797.png,Leucanthemum_vulgare
9022,aug_526313490.png,Leucanthemum_vulgare
9023,aug_522348153.png,Leucanthemum_vulgare
9024,aug_514358204.png,Leucanthemum_vulgare
9025,aug_384759469.png,Leucanthemum_vulgare
9026,aug_392684699.png,Leucanthemum_vulgare
9027,aug_428639671.png,Leucanthemum_vulgare
9028,aug_401137908.png,Leucanthemum_vulgare
9029,aug_405164813.png,Leucanthemum_vulgare
9030,aug_398344119.png,Leucanthemum_vulgare
9031,aug_405924609.png,Leucanthemum_vulgare
9032,aug_420564142.png,Leucanthemum_vulgare
9033,aug_394103495.png,Leucanthemum_vulgare
9034,aug_406551036.png,Leucanthemum_vulgare
9035,aug_527290803.png,Leucanthemum_vulgare
9036,aug_334669883.png,Leucanthemum_vulgare
9037,aug_395668346.png,Leucanthemum_vulgare
9038,aug_405693739.png,Leucanthemum_vulgare
9039,aug_429789499.png,Leucanthemum_vulgare
9040,aug_517144417.png,Leucanthemum_vulgare
9041,aug_527318004.png,Leucanthemum_vulgare
9042,aug_394281637.png,Leucanthemum_vulgare
9043,aug_415848508.png,Leucanthemum_vulgare
9044,aug_401171675.png,Leucanthemum_vulgare
9045,aug_397300598.png,Leucanthemum_vulgare
9046,aug_395617625.png,Leucanthemum_vulgare
9047,aug_514832054.png,Leucanthemum_vulgare
9048,aug_514453136.png,Leucanthemum_vulgare
9049,aug_380219555.png,Leucanthemum_vulgare
9050,aug_419513792.png,Leucanthemum_vulgare
9051,aug_411448142.png,Leucanthemum_vulgare
9052,aug_387572778.png,Leucanthemum_vulgare
9053,aug_406853161.png,Leucanthemum_vulgare
9054,aug_446226131.png,Leucanthemum_vulgare
9055,aug_387858147.png,Leucanthemum_vulgare
9056,aug_524229399.png,Leucanthemum_vulgare
9057,aug_426461597.png,Leucanthemum_vulgare
9058,aug_533471575.png,Leucanthemum_vulgare
9059,aug_402282372.png,Leucanthemum_vulgare
9060,aug_520243820.png,Leucanthemum_vulgare
9061,aug_410381628.png,Leucanthemum_vulgare
9062,aug_404220015.png,Leucanthemum_vulgare
9063,aug_390135411.png,Leucanthemum_vulgare
9064,aug_402408095.png,Leucanthemum_vulgare
9065,aug_530963498.png,Leucanthemum_vulgare
9066,aug_515858943.png,Leucanthemum_vulgare
9067,aug_458934545.png,Leucanthemum_vulgare
9068,aug_411785289.png,Leucanthemum_vulgare
9069,aug_392025700.png,Leucanthemum_vulgare
9070,aug_519060811.png,Leucanthemum_vulgare
9071,aug_433699306.png,Leucanthemum_vulgare
9072,aug_382003568.png,Leucanthemum_vulgare
9073,aug_400918986.png,Leucanthemum_vulgare
9074,aug_392520843.png,Leucanthemum_vulgare
9075,aug_398746659.png,Leucanthemum_vulgare
9076,aug_532946706.png,Leucanthemum_vulgare
9077,aug_526913146.png,Leucanthemum_vulgare
9078,aug_506141900.png,Leucanthemum_vulgare
9079,aug_403698108.png,Leucanthemum_vulgare
9080,aug_397039062.png,Leucanthemum_vulgare
9081,aug_508890515.png,Leucanthemum_vulgare
9082,aug_397864942.png,Leucanthemum_vulgare
9083,aug_388837742.png,Leucanthemum_vulgare
9084,aug_400573149.png,Leucanthemum_vulgare
9085,aug_413791909.png,Leucanthemum_vulgare
9086,aug_516370146.png,Leucanthemum_vulgare
9087,aug_419459600.png,Leucanthemum_vulgare
9088,aug_409016465.png,Leucanthemum_vulgare
9089,aug_401732382.png,Leucanthemum_vulgare
9090,aug_403980763.png,Leucanthemum_vulgare
9091,aug_389698888.png,Leucanthemum_vulgare
9092,aug_408469545.png,Leucanthemum_vulgare
9093,aug_523928770.png,Leucanthemum_vulgare
9094,aug_325889002.png,Leucanthemum_vulgare
9095,aug_529910922.png,Leucanthemum_vulgare
9096,aug_507128517.png,Leucanthemum_vulgare
9097,aug_415953547.png,Leucanthemum_vulgare
9098,aug_425761797.png,Leucanthemum_vulgare
9099,aug_392949019.png,Leucanthemum_vulgare
9100,aug_420972932.png,Leucanthemum_vulgare
9101,aug_404892141.png,Leucanthemum_vulgare
9102,aug_394280469.png,Leucanthemum_vulgare
9103,aug_521572767.png,Leucanthemum_vulgare
9104,aug_509442007.png,Leucanthemum_vulgare
9105,aug_387648657.png,Leucanthemum_vulgare
9106,aug_517829205.png,Leucanthemum_vulgare
9107,aug_394502238.png,Leucanthemum_vulgare
9108,aug_413524113.png,Leucanthemum_vulgare
9109,aug_400930952.png,Leucanthemum_vulgare
9110,aug_394467303.png,Leucanthemum_vulgare
9111,aug_418693556.png,Leucanthemum_vulgare
9112,aug_531084717.png,Leucanthemum_vulgare
9113,aug_517343401.png,Leucanthemum_vulgare
9114,aug_425592462.png,Leucanthemum_vulgare
9115,aug_393159895.png,Leucanthemum_vulgare
9116,aug_385656703.png,Leucanthemum_vulgare
9117,aug_524817478.png,Leucanthemum_vulgare
9118,aug_390066173.png,Leucanthemum_vulgare
9119,aug_385222673.png,Leucanthemum_vulgare
9120,aug_527978861.png,Leucanthemum_vulgare
9121,aug_390182034.png,Leucanthemum_vulgare
9122,aug_404350412.png,Leucanthemum_vulgare
9123,aug_530334504.png,Leucanthemum_vulgare
9124,aug_405607394.png,Leucanthemum_vulgare
9125,aug_523243038.png,Leucanthemum_vulgare
9126,aug_401438828.png,Leucanthemum_vulgare
9127,aug_525381660.png,Leucanthemum_vulgare
9128,aug_392994407.png,Leucanthemum_vulgare
9129,aug_528507843.png,Leucanthemum_vulgare
9130,aug_404266043.png,Leucanthemum_vulgare
9131,aug_528269838.png,Leucanthemum_vulgare
9132,aug_402146984.png,Leucanthemum_vulgare
9133,aug_499605588.png,Leucanthemum_vulgare
9134,aug_409206780.png,Leucanthemum_vulgare
9135,aug_428260001.png,Leucanthemum_vulgare
9136,aug_382318503.png,Leucanthemum_vulgare
9137,aug_421559619.png,Leucanthemum_vulgare
9138,aug_526576420.png,Leucanthemum_vulgare
9139,aug_404553208.png,Leucanthemum_vulgare
9140,aug_340104908.png,Leucanthemum_vulgare
9141,aug_389031046.png,Leucanthemum_vulgare
9142,aug_527211088.png,Leucanthemum_vulgare
9143,aug_414068229.png,Leucanthemum_vulgare
9144,aug_464632434.png,Leucanthemum_vulgare
9145,aug_501793278.png,Leucanthemum_vulgare
9146,aug_358969573.png,Leucanthemum_vulgare
9147,aug_389757960.png,Leucanthemum_vulgare
9148,aug_526633725.png,Leucanthemum_vulgare
9149,aug_527823286.png,Leucanthemum_vulgare
9150,aug_367032178.png,Leucanthemum_vulgare
9151,aug_396317932.png,Leucanthemum_vulgare
9152,aug_402583007.png,Leucanthemum_vulgare
9153,aug_528912011.png,Leucanthemum_vulgare
9154,aug_387231718.png,Leucanthemum_vulgare
9155,aug_398454031.png,Leucanthemum_vulgare
9156,aug_349093398.png,Leucanthemum_vulgare
9157,aug_526658297.png,Leucanthemum_vulgare
9158,aug_408650143.png,Leucanthemum_vulgare
9159,aug_391304614.png,Leucanthemum_vulgare
9160,aug_400435804.png,Leucanthemum_vulgare
9161,aug_521947099.png,Leucanthemum_vulgare
9162,aug_505021863.png,Leucanthemum_vulgare
9163,aug_405929892.png,Leucanthemum_vulgare
9164,aug_446757915.png,Leucanthemum_vulgare
9165,aug_392293158.png,Leucanthemum_vulgare
9166,aug_516617504.png,Leucanthemum_vulgare
9167,aug_412905106.png,Leucanthemum_vulgare
9168,aug_382404941.png,Leucanthemum_vulgare
9169,aug_402345729.png,Leucanthemum_vulgare
9170,aug_512518795.png,Leucanthemum_vulgare
9171,aug_527686939.png,Leucanthemum_vulgare
9172,aug_521222716.png,Leucanthemum_vulgare
9173,aug_460312559.png,Leucanthemum_vulgare
9174,aug_455486341.png,Leucanthemum_vulgare
9175,aug_378527484.png,Leucanthemum_vulgare
9176,aug_387623635.png,Leucanthemum_vulgare
9177,aug_526384573.png,Leucanthemum_vulgare
9178,aug_398437921.png,Leucanthemum_vulgare
9179,aug_406572378.png,Leucanthemum_vulgare
9180,aug_522786790.png,Leucanthemum_vulgare
9181,aug_389014619.png,Leucanthemum_vulgare
9182,aug_409163479.png,Leucanthemum_vulgare
9183,aug_407139920.png,Leucanthemum_vulgare
9184,aug_432107408.png,Leucanthemum_vulgare
9185,aug_392084647.png,Leucanthemum_vulgare
9186,aug_478441389.png,Leucanthemum_vulgare
9187,aug_391719728.png,Leucanthemum_vulgare
9188,aug_519399287.png,Leucanthemum_vulgare
9189,aug_392690097.png,Leucanthemum_vulgare
9190,aug_527800763.png,Leucanthemum_vulgare
9191,aug_520468184.png,Leucanthemum_vulgare
9192,aug_517088317.png,Leucanthemum_vulgare
9193,aug_507968171.png,Leucanthemum_vulgare
9194,aug_326659456.png,Leucanthemum_vulgare
9195,aug_517984266.png,Leucanthemum_vulgare
9196,aug_387103305.png,Leucanthemum_vulgare
9197,aug_513537879.png,Leucanthemum_vulgare
9198,aug_400487707.png,Leucanthemum_vulgare
9199,aug_424340780.png,Leucanthemum_vulgare
9200,aug_400711267.png,Leucanthemum_vulgare
9201,aug_517168888.png,Leucanthemum_vulgare
9202,aug_406474673.png,Leucanthemum_vulgare
9203,aug_404617619.png,Leucanthemum_vulgare
9204,aug_391515951.png,Leucanthemum_vulgare
9205,aug_394207682.png,Leucanthemum_vulgare
9206,aug_406695285.png,Leucanthemum_vulgare
9207,aug_408778173.png,Leucanthemum_vulgare
9208,aug_522137793.png,Leucanthemum_vulgare
9209,aug_401468018.png,Leucanthemum_vulgare
9210,aug_518007577.png,Leucanthemum_vulgare
9211,aug_520012491.png,Leucanthemum_vulgare
9212,aug_434226884.png,Leucanthemum_vulgare
9213,aug_517271402.png,Leucanthemum_vulgare
9214,aug_404592737.png,Leucanthemum_vulgare
9215,aug_405105452.png,Leucanthemum_vulgare
9216,aug_387144040.png,Leucanthemum_vulgare
9217,aug_525046098.png,Leucanthemum_vulgare
9218,aug_409151254.png,Leucanthemum_vulgare
9219,aug_401364295.png,Leucanthemum_vulgare
9220,aug_526591301.png,Leucanthemum_vulgare
9221,aug_398571248.png,Leucanthemum_vulgare
9222,aug_400838364.png,Leucanthemum_vulgare
9223,aug_401751733.png,Leucanthemum_vulgare
9224,aug_406683361.png,Leucanthemum_vulgare
9225,aug_523864896.png,Leucanthemum_vulgare
9226,aug_380813405.png,Leucanthemum_vulgare
9227,aug_419310031.png,Leucanthemum_vulgare
9228,aug_508037746.png,Leucanthemum_vulgare
9229,aug_412249379.png,Leucanthemum_vulgare
9230,aug_523374358.png,Leucanthemum_vulgare
9231,aug_514475567.png,Leucanthemum_vulgare
9232,aug_381144749.png,Leucanthemum_vulgare
9233,aug_399310851.png,Leucanthemum_vulgare
9234,aug_411664509.png,Leucanthemum_vulgare
9235,aug_390504559.png,Leucanthemum_vulgare
9236,aug_392730537.png,Leucanthemum_vulgare
9237,aug_381177386.png,Leucanthemum_vulgare
9238,aug_406212293.png,Leucanthemum_vulgare
9239,aug_412333221.png,Leucanthemum_vulgare
9240,aug_403302478.png,Leucanthemum_vulgare
9241,aug_412415147.png,Leucanthemum_vulgare
9242,aug_510610308.png,Leucanthemum_vulgare
9243,aug_410140209.png,Leucanthemum_vulgare
9244,aug_412297401.png,Leucanthemum_vulgare
9245,aug_405969998.png,Leucanthemum_vulgare
9246,aug_392104357.png,Leucanthemum_vulgare
9247,aug_389310110.png,Leucanthemum_vulgare
9248,aug_522265932.png,Leucanthemum_vulgare
9249,aug_397112634.png,Leucanthemum_vulgare
9250,aug_395617300.png,Leucanthemum_vulgare
9251,aug_395691642.png,Leucanthemum_vulgare
9252,aug_520335481.png,Leucanthemum_vulgare
9253,aug_404296498.png,Leucanthemum_vulgare
9254,aug_528441537.png,Leucanthemum_vulgare
9255,aug_399226469.png,Leucanthemum_vulgare
9256,aug_403751103.png,Leucanthemum_vulgare
9257,aug_405619621.png,Leucanthemum_vulgare
9258,aug_530036765.png,Leucanthemum_vulgare
9259,aug_422754254.png,Leucanthemum_vulgare
9260,aug_498963420.png,Leucanthemum_vulgare
9261,aug_520216550.png,Leucanthemum_vulgare
9262,aug_393647493.png,Leucanthemum_vulgare
9263,aug_420834121.png,Leucanthemum_vulgare
9264,aug_406592656.png,Leucanthemum_vulgare
9265,aug_391680098.png,Leucanthemum_vulgare
9266,aug_401789363.png,Leucanthemum_vulgare
9267,aug_468059733.png,Leucanthemum_vulgare
9268,aug_395578490.png,Leucanthemum_vulgare
9269,aug_467956911.png,Leucanthemum_vulgare
9270,aug_508048300.png,Leucanthemum_vulgare
9271,aug_389915266.png,Leucanthemum_vulgare
9272,aug_408608656.png,Leucanthemum_vulgare
9273,aug_395810845.png,Leucanthemum_vulgare
9274,aug_520577820.png,Leucanthemum_vulgare
9275,aug_397607002.png,Leucanthemum_vulgare
9276,aug_435338735.png,Leucanthemum_vulgare
9277,aug_425687211.png,Leucanthemum_vulgare
9278,aug_518478368.png,Leucanthemum_vulgare
9279,aug_383290615.png,Leucanthemum_vulgare
9280,aug_392847694.png,Leucanthemum_vulgare
9281,aug_393025070.png,Leucanthemum_vulgare
9282,aug_523934090.png,Leucanthemum_vulgare
9283,aug_453491405.png,Leucanthemum_vulgare
9284,aug_403628110.png,Leucanthemum_vulgare
9285,aug_511458226.png,Leucanthemum_vulgare
9286,aug_401321687.png,Leucanthemum_vulgare
9287,aug_521718025.png,Leucanthemum_vulgare
9288,aug_403239110.png,Leucanthemum_vulgare
9289,aug_402594999.png,Leucanthemum_vulgare
9290,aug_431928810.png,Leucanthemum_vulgare
9291,aug_383756730.png,Leucanthemum_vulgare
9292,aug_398341342.png,Leucanthemum_vulgare
9293,aug_450247955.png,Leucanthemum_vulgare
9294,aug_381088398.png,Leucanthemum_vulgare
9295,aug_383656959.png,Leucanthemum_vulgare
9296,aug_403216536.png,Leucanthemum_vulgare
9297,aug_391239954.png,Leucanthemum_vulgare
9298,aug_410093572.png,Leucanthemum_vulgare
9299,aug_421376509.png,Leucanthemum_vulgare
9300,aug_523237344.png,Leucanthemum_vulgare
9301,aug_405954327.png,Leucanthemum_vulgare
9302,aug_392694436.png,Leucanthemum_vulgare
9303,aug_383696065.png,Leucanthemum_vulgare
9304,aug_384804897.png,Leucanthemum_vulgare
9305,aug_519587598.png,Leucanthemum_vulgare
9306,aug_400298576.png,Leucanthemum_vulgare
9307,aug_390834090.png,Leucanthemum_vulgare
9308,aug_400703074.png,Leucanthemum_vulgare
9309,aug_395664002.png,Leucanthemum_vulgare
9310,aug_501531742.png,Leucanthemum_vulgare
9311,aug_390919086.png,Leucanthemum_vulgare
9312,aug_400238098.png,Leucanthemum_vulgare
9313,aug_391972943.png,Leucanthemum_vulgare
9314,aug_388321453.png,Leucanthemum_vulgare
9315,aug_408325492.png,Leucanthemum_vulgare
9316,aug_526039712.png,Leucanthemum_vulgare
9317,aug_393364783.png,Leucanthemum_vulgare
9318,aug_400224871.png,Leucanthemum_vulgare
9319,aug_423627490.png,Leucanthemum_vulgare
9320,aug_516590024.png,Leucanthemum_vulgare
9321,aug_404219591.png,Leucanthemum_vulgare
9322,aug_399615768.png,Leucanthemum_vulgare
9323,aug_414225392.png,Leucanthemum_vulgare
9324,aug_394985927.png,Leucanthemum_vulgare
9325,aug_398364011.png,Leucanthemum_vulgare
9326,aug_394532534.png,Leucanthemum_vulgare
9327,aug_524502914.png,Leucanthemum_vulgare
9328,aug_403246484.png,Leucanthemum_vulgare
9329,aug_412856509.png,Leucanthemum_vulgare
9330,aug_392776251.png,Leucanthemum_vulgare
9331,aug_388804253.png,Leucanthemum_vulgare
9332,aug_529440568.png,Leucanthemum_vulgare
9333,aug_399220420.png,Leucanthemum_vulgare
9334,aug_330871526.png,Leucanthemum_vulgare
9335,aug_410380381.png,Leucanthemum_vulgare
9336,aug_394109186.png,Leucanthemum_vulgare
9337,aug_407193701.png,Leucanthemum_vulgare
9338,aug_389116636.png,Leucanthemum_vulgare
9339,aug_515905744.png,Leucanthemum_vulgare
9340,aug_415564411.png,Leucanthemum_vulgare
9341,aug_424838614.png,Leucanthemum_vulgare
9342,aug_393887874.png,Leucanthemum_vulgare
9343,aug_391870009.png,Leucanthemum_vulgare
9344,aug_524250541.png,Leucanthemum_vulgare
9345,aug_409488974.png,Leucanthemum_vulgare
9346,aug_498388205.png,Leucanthemum_vulgare
9347,aug_410429969.png,Leucanthemum_vulgare
9348,aug_388453654.png,Leucanthemum_vulgare
9349,aug_386879270.png,Leucanthemum_vulgare
9350,aug_387840534.png,Leucanthemum_vulgare
9351,aug_522630715.png,Leucanthemum_vulgare
9352,aug_525771334.png,Leucanthemum_vulgare
9353,aug_403916174.png,Leucanthemum_vulgare
9354,aug_338427956.png,Leucanthemum_vulgare
9355,aug_389603220.png,Leucanthemum_vulgare
9356,aug_529259491.png,Leucanthemum_vulgare
9357,aug_528905525.png,Leucanthemum_vulgare
9358,aug_513004785.png,Leucanthemum_vulgare
9359,aug_394569712.png,Leucanthemum_vulgare
9360,aug_402413812.png,Leucanthemum_vulgare
9361,aug_393305165.png,Leucanthemum_vulgare
9362,aug_392531806.png,Leucanthemum_vulgare
9363,aug_525806873.png,Leucanthemum_vulgare
9364,aug_397872415.png,Leucanthemum_vulgare
9365,aug_390606787.png,Leucanthemum_vulgare
9366,aug_380601422.png,Leucanthemum_vulgare
9367,aug_526688462.png,Leucanthemum_vulgare
9368,aug_381489451.png,Leucanthemum_vulgare
9369,aug_398732260.png,Leucanthemum_vulgare
9370,aug_435558142.png,Leucanthemum_vulgare
9371,aug_399253421.png,Leucanthemum_vulgare
9372,aug_392828554.png,Leucanthemum_vulgare
9373,aug_399858528.png,Leucanthemum_vulgare
9374,aug_512638784.png,Leucanthemum_vulgare
9375,aug_533484410.png,Leucanthemum_vulgare
9376,aug_402446045.png,Leucanthemum_vulgare
9377,aug_407263405.png,Leucanthemum_vulgare
9378,aug_524577950.png,Leucanthemum_vulgare
9379,aug_516415633.png,Leucanthemum_vulgare
9380,aug_328286583.png,Leucanthemum_vulgare
9381,aug_533972030.png,Leucanthemum_vulgare
9382,aug_533880207.png,Leucanthemum_vulgare
9383,aug_402219793.png,Leucanthemum_vulgare
9384,aug_384888411.png,Leucanthemum_vulgare
9385,aug_519319698.png,Leucanthemum_vulgare
9386,aug_449537211.png,Leucanthemum_vulgare
9387,aug_438255732.png,Leucanthemum_vulgare
9388,aug_513732252.png,Leucanthemum_vulgare
9389,aug_399332169.png,Leucanthemum_vulgare
9390,aug_512475465.png,Leucanthemum_vulgare
9391,aug_504076107.png,Leucanthemum_vulgare
9392,aug_388750058.png,Leucanthemum_vulgare
9393,aug_512397658.png,Leucanthemum_vulgare
9394,aug_533393974.png,Leucanthemum_vulgare
9395,aug_397302003.png,Leucanthemum_vulgare
9396,aug_399325570.png,Leucanthemum_vulgare
9397,aug_379107153.png,Leucanthemum_vulgare
9398,aug_383217923.png,Leucanthemum_vulgare
9399,aug_396586746.png,Leucanthemum_vulgare
9400,aug_429766813.png,Leucanthemum_vulgare
9401,aug_402313583.png,Leucanthemum_vulgare
9402,aug_526298275.png,Leucanthemum_vulgare
9403,aug_518553868.png,Leucanthemum_vulgare
9404,aug_366296227.png,Leucanthemum_vulgare
9405,aug_519987489.png,Leucanthemum_vulgare
9406,aug_402591752.png,Leucanthemum_vulgare
9407,aug_395400706.png,Leucanthemum_vulgare
9408,aug_531977228.png,Leucanthemum_vulgare
9409,aug_398611367.png,Leucanthemum_vulgare
9410,aug_362724788.png,Leucanthemum_vulgare
9411,aug_434675754.png,Leucanthemum_vulgare
9412,aug_407598394.png,Leucanthemum_vulgare
9413,aug_406747803.png,Leucanthemum_vulgare
9414,aug_399845435.png,Leucanthemum_vulgare
9415,aug_501082095.png,Leucanthemum_vulgare
9416,aug_399789470.png,Leucanthemum_vulgare
9417,aug_402958630.png,Leucanthemum_vulgare
9418,aug_413831490.png,Leucanthemum_vulgare
9419,aug_370057996.png,Leucanthemum_vulgare
9420,aug_403425137.png,Leucanthemum_vulgare
9421,aug_336486459.png,Leucanthemum_vulgare
9422,aug_413263023.png,Leucanthemum_vulgare
9423,aug_395227871.png,Leucanthemum_vulgare
9424,aug_521541681.png,Leucanthemum_vulgare
9425,aug_408981272.png,Leucanthemum_vulgare
9426,aug_349859036.png,Leucanthemum_vulgare
9427,aug_442162322.png,Leucanthemum_vulgare
9428,aug_395359321.png,Leucanthemum_vulgare
9429,aug_411309683.png,Leucanthemum_vulgare
9430,aug_392005315.png,Leucanthemum_vulgare
9431,aug_410216143.png,Leucanthemum_vulgare
9432,aug_383145670.png,Leucanthemum_vulgare
9433,aug_393850961.png,Leucanthemum_vulgare
9434,aug_525902973.png,Leucanthemum_vulgare
9435,aug_533670413.png,Leucanthemum_vulgare
9436,aug_426695197.png,Leucanthemum_vulgare
9437,aug_519925097.png,Leucanthemum_vulgare
9438,aug_411268150.png,Leucanthemum_vulgare
9439,aug_532934198.png,Leucanthemum_vulgare
9440,aug_407508246.png,Leucanthemum_vulgare
9441,aug_523710585.png,Leucanthemum_vulgare
9442,aug_528354390.png,Leucanthemum_vulgare
9443,aug_385516973.png,Leucanthemum_vulgare
9444,aug_533585781.png,Leucanthemum_vulgare
9445,aug_408126264.png,Leucanthemum_vulgare
9446,aug_395463270.png,Leucanthemum_vulgare
9447,aug_518577375.png,Leucanthemum_vulgare
9448,aug_524589424.png,Leucanthemum_vulgare
9449,aug_412254140.png,Leucanthemum_vulgare
9450,aug_533459563.png,Leucanthemum_vulgare
9451,aug_514858808.png,Leucanthemum_vulgare
9452,aug_395543426.png,Leucanthemum_vulgare
9453,aug_402596153.png,Leucanthemum_vulgare
9454,aug_387218384.png,Leucanthemum_vulgare
9455,aug_394988459.png,Leucanthemum_vulgare
9456,aug_390970201.png,Leucanthemum_vulgare
9457,aug_511588004.png,Leucanthemum_vulgare
9458,aug_47808167.png,Medicago_sativa
9459,aug_158478085.png,Medicago_sativa
9460,aug_322769988.png,Medicago_sativa
9461,aug_144715160.png,Medicago_sativa
9462,aug_405464114.png,Medicago_sativa
9463,aug_43214311.png,Medicago_sativa
9464,aug_407761194.png,Medicago_sativa
9465,aug_79397434.png,Medicago_sativa
9466,aug_40435749.png,Medicago_sativa
9467,aug_397097638.png,Medicago_sativa
9468,aug_449780308.png,Medicago_sativa
9469,aug_293100258.png,Medicago_sativa
9470,aug_291169723.png,Medicago_sativa
9471,aug_402142820.png,Medicago_sativa
9472,aug_132141018.png,Medicago_sativa
9473,aug_508881158.png,Medicago_sativa
9474,aug_289322900.png,Medicago_sativa
9475,aug_142252350.png,Medicago_sativa
9476,aug_210206800.png,Medicago_sativa
9477,aug_44117772.png,Medicago_sativa
9478,aug_43507673.png,Medicago_sativa
9479,aug_214264139.png,Medicago_sativa
9480,aug_213477711.png,Medicago_sativa
9481,aug_410455739.png,Medicago_sativa
9482,aug_80908822.png,Medicago_sativa
9483,aug_83687906.png,Medicago_sativa
9484,aug_86259292.png,Medicago_sativa
9485,aug_287717959.png,Medicago_sativa
9486,aug_206531203.png,Medicago_sativa
9487,aug_219247781.png,Medicago_sativa
9488,aug_220065655.png,Medicago_sativa
9489,aug_214486009.png,Medicago_sativa
9490,aug_222894939.png,Medicago_sativa
9491,aug_81684976.png,Medicago_sativa
9492,aug_303553738.png,Medicago_sativa
9493,aug_80743245.png,Medicago_sativa
9494,aug_294239484.png,Medicago_sativa
9495,aug_41329107.png,Medicago_sativa
9496,aug_293397767.png,Medicago_sativa
9497,aug_136532605.png,Medicago_sativa
9498,aug_140610564.png,Medicago_sativa
9499,aug_80095150.png,Medicago_sativa
9500,aug_215070479.png,Medicago_sativa
9501,aug_131849312.png,Medicago_sativa
9502,aug_134985800.png,Medicago_sativa
9503,aug_80644882.png,Medicago_sativa
9504,aug_80292244.png,Medicago_sativa
9505,aug_210976094.png,Medicago_sativa
9506,aug_303301984.png,Medicago_sativa
9507,aug_208253727.png,Medicago_sativa
9508,aug_301362262.png,Medicago_sativa
9509,aug_149517826.png,Medicago_sativa
9510,aug_285662988.png,Medicago_sativa
9511,aug_527322125.png,Medicago_sativa
9512,aug_209619277.png,Medicago_sativa
9513,aug_521955469.png,Medicago_sativa
9514,aug_145060995.png,Medicago_sativa
9515,aug_206112896.png,Medicago_sativa
9516,aug_211842507.png,Medicago_sativa
9517,aug_161738036.png,Medicago_sativa
9518,aug_205237023.png,Medicago_sativa
9519,aug_519493709.png,Medicago_sativa
9520,aug_507008074.png,Medicago_sativa
9521,aug_86017929.png,Medicago_sativa
9522,aug_216978213.png,Medicago_sativa
9523,aug_302095322.png,Medicago_sativa
9524,aug_289646412.png,Medicago_sativa
9525,aug_209352753.png,Medicago_sativa
9526,aug_87188397.png,Medicago_sativa
9527,aug_525271570.png,Medicago_sativa
9528,aug_393092692.png,Medicago_sativa
9529,aug_142445053.png,Medicago_sativa
9530,aug_96567212.png,Medicago_sativa
9531,aug_99931281.png,Medicago_sativa
9532,aug_410085540.png,Medicago_sativa
9533,aug_470302113.png,Medicago_sativa
9534,aug_141225590.png,Medicago_sativa
9535,aug_45713449.png,Medicago_sativa
9536,aug_300471284.png,Medicago_sativa
9537,aug_517456479.png,Medicago_sativa
9538,aug_288678310.png,Medicago_sativa
9539,aug_78163332.png,Medicago_sativa
9540,aug_42779792.png,Medicago_sativa
9541,aug_294475011.png,Medicago_sativa
9542,aug_139099349.png,Medicago_sativa
9543,aug_83709822.png,Medicago_sativa
9544,aug_209535166.png,Medicago_sativa
9545,aug_410220463.png,Medicago_sativa
9546,aug_533700403.png,Medicago_sativa
9547,aug_300508116.png,Medicago_sativa
9548,aug_391720735.png,Medicago_sativa
9549,aug_295143449.png,Medicago_sativa
9550,aug_217102493.png,Medicago_sativa
9551,aug_47906070.png,Medicago_sativa
9552,aug_533778121.png,Medicago_sativa
9553,aug_275704706.png,Medicago_sativa
9554,aug_429413978.png,Medicago_sativa
9555,aug_294517011.png,Medicago_sativa
9556,aug_295008704.png,Medicago_sativa
9557,aug_515622911.png,Medicago_sativa
9558,aug_81434914.png,Medicago_sativa
9559,aug_300679781.png,Medicago_sativa
9560,aug_403223680.png,Medicago_sativa
9561,aug_291330107.png,Medicago_sativa
9562,aug_300012907.png,Medicago_sativa
9563,aug_214372796.png,Medicago_sativa
9564,aug_292202569.png,Medicago_sativa
9565,aug_137624547.png,Medicago_sativa
9566,aug_139490856.png,Medicago_sativa
9567,aug_216580910.png,Medicago_sativa
9568,aug_141331103.png,Medicago_sativa
9569,aug_193382656.png,Medicago_sativa
9570,aug_297892900.png,Medicago_sativa
9571,aug_391192198.png,Medicago_sativa
9572,aug_299384571.png,Medicago_sativa
9573,aug_134361580.png,Medicago_sativa
9574,aug_43760975.png,Medicago_sativa
9575,aug_295811099.png,Medicago_sativa
9576,aug_44230385.png,Medicago_sativa
9577,aug_290354068.png,Medicago_sativa
9578,aug_84516758.png,Medicago_sativa
9579,aug_81618686.png,Medicago_sativa
9580,aug_218204930.png,Medicago_sativa
9581,aug_136845527.png,Medicago_sativa
9582,aug_139033843.png,Medicago_sativa
9583,aug_400452628.png,Medicago_sativa
9584,aug_165885457.png,Medicago_sativa
9585,aug_87160176.png,Medicago_sativa
9586,aug_169986158.png,Medicago_sativa
9587,aug_286318472.png,Medicago_sativa
9588,aug_219936751.png,Medicago_sativa
9589,aug_75808032.png,Medicago_sativa
9590,aug_201042367.png,Medicago_sativa
9591,aug_134032804.png,Medicago_sativa
9592,aug_408767531.png,Medicago_sativa
9593,aug_285063087.png,Medicago_sativa
9594,aug_217151382.png,Medicago_sativa
9595,aug_87287939.png,Medicago_sativa
9596,aug_145023144.png,Medicago_sativa
9597,aug_288588867.png,Medicago_sativa
9598,aug_524300495.png,Medicago_sativa
9599,aug_43363753.png,Medicago_sativa
9600,aug_413200577.png,Medicago_sativa
9601,aug_212415321.png,Medicago_sativa
9602,aug_403854739.png,Medicago_sativa
9603,aug_132206092.png,Medicago_sativa
9604,aug_524796843.png,Medicago_sativa
9605,aug_531202778.png,Medicago_sativa
9606,aug_76159471.png,Medicago_sativa
9607,aug_295014939.png,Medicago_sativa
9608,aug_84247432.png,Medicago_sativa
9609,aug_137299690.png,Medicago_sativa
9610,aug_292246282.png,Medicago_sativa
9611,aug_416432564.png,Medicago_sativa
9612,aug_293685371.png,Medicago_sativa
9613,aug_211836942.png,Medicago_sativa
9614,aug_149474036.png,Medicago_sativa
9615,aug_407236016.png,Medicago_sativa
9616,aug_286276116.png,Medicago_sativa
9617,aug_25555428.png,Medicago_sativa
9618,aug_42352132.png,Medicago_sativa
9619,aug_72042067.png,Medicago_sativa
9620,aug_46090826.png,Medicago_sativa
9621,aug_145451385.png,Medicago_sativa
9622,aug_203208022.png,Medicago_sativa
9623,aug_403859931.png,Medicago_sativa
9624,aug_208348520.png,Medicago_sativa
9625,aug_140911896.png,Medicago_sativa
9626,aug_77789570.png,Medicago_sativa
9627,aug_140415911.png,Medicago_sativa
9628,aug_203566303.png,Medicago_sativa
9629,aug_287720081.png,Medicago_sativa
9630,aug_289452845.png,Medicago_sativa
9631,aug_215114905.png,Medicago_sativa
9632,aug_410448487.png,Medicago_sativa
9633,aug_522094654.png,Medicago_sativa
9634,aug_139119366.png,Medicago_sativa
9635,aug_83888348.png,Medicago_sativa
9636,aug_131349682.png,Medicago_sativa
9637,aug_113119571.png,Medicago_sativa
9638,aug_394691879.png,Medicago_sativa
9639,aug_146012569.png,Medicago_sativa
9640,aug_529038112.png,Medicago_sativa
9641,aug_21728047.png,Medicago_sativa
9642,aug_287004553.png,Medicago_sativa
9643,aug_86230055.png,Medicago_sativa
9644,aug_147650433.png,Medicago_sativa
9645,aug_137663211.png,Medicago_sativa
9646,aug_209722752.png,Medicago_sativa
9647,aug_456915992.png,Medicago_sativa
9648,aug_400065890.png,Medicago_sativa
9649,aug_411578618.png,Medicago_sativa
9650,aug_299317478.png,Medicago_sativa
9651,aug_98461496.png,Medicago_sativa
9652,aug_143487534.png,Medicago_sativa
9653,aug_45207145.png,Medicago_sativa
9654,aug_287705319.png,Medicago_sativa
9655,aug_47292628.png,Medicago_sativa
9656,aug_210100017.png,Medicago_sativa
9657,aug_205167379.png,Medicago_sativa
9658,aug_507592781.png,Medicago_sativa
9659,aug_134940909.png,Medicago_sativa
9660,aug_296868609.png,Medicago_sativa
9661,aug_140280158.png,Medicago_sativa
9662,aug_82571343.png,Medicago_sativa
9663,aug_533779443.png,Medicago_sativa
9664,aug_291329843.png,Medicago_sativa
9665,aug_220257477.png,Medicago_sativa
9666,aug_301665701.png,Medicago_sativa
9667,aug_137752674.png,Medicago_sativa
9668,aug_531031357.png,Medicago_sativa
9669,aug_129658189.png,Medicago_sativa
9670,aug_401717681.png,Medicago_sativa
9671,aug_84698293.png,Medicago_sativa
9672,aug_293725692.png,Medicago_sativa
9673,aug_138331688.png,Medicago_sativa
9674,aug_82240033.png,Medicago_sativa
9675,aug_402148649.png,Medicago_sativa
9676,aug_79829811.png,Medicago_sativa
9677,aug_413818694.png,Medicago_sativa
9678,aug_305084182.png,Medicago_sativa
9679,aug_81675403.png,Medicago_sativa
9680,aug_84184070.png,Medicago_sativa
9681,aug_294219415.png,Medicago_sativa
9682,aug_82025804.png,Medicago_sativa
9683,aug_301375395.png,Medicago_sativa
9684,aug_205055922.png,Medicago_sativa
9685,aug_461172689.png,Medicago_sativa
9686,aug_143317985.png,Medicago_sativa
9687,aug_84354901.png,Medicago_sativa
9688,aug_82414897.png,Medicago_sativa
9689,aug_287270928.png,Medicago_sativa
9690,aug_325901905.png,Medicago_sativa
9691,aug_516619768.png,Medicago_sativa
9692,aug_293486455.png,Medicago_sativa
9693,aug_400043249.png,Medicago_sativa
9694,aug_147519198.png,Medicago_sativa
9695,aug_398710150.png,Medicago_sativa
9696,aug_42457120.png,Medicago_sativa
9697,aug_82081283.png,Medicago_sativa
9698,aug_75221722.png,Medicago_sativa
9699,aug_215177633.png,Medicago_sativa
9700,aug_209005325.png,Medicago_sativa
9701,aug_44649141.png,Medicago_sativa
9702,aug_61278923.png,Medicago_sativa
9703,aug_141666387.png,Medicago_sativa
9704,aug_208295422.png,Medicago_sativa
9705,aug_522671530.png,Medicago_sativa
9706,aug_41287138.png,Medicago_sativa
9707,aug_202098631.png,Medicago_sativa
9708,aug_44380017.png,Medicago_sativa
9709,aug_128940568.png,Medicago_sativa
9710,aug_531507206.png,Medicago_sativa
9711,aug_212292454.png,Medicago_sativa
9712,aug_42942129.png,Medicago_sativa
9713,aug_211292625.png,Medicago_sativa
9714,aug_209974874.png,Medicago_sativa
9715,aug_305282305.png,Medicago_sativa
9716,aug_216470343.png,Medicago_sativa
9717,aug_145503540.png,Medicago_sativa
9718,aug_51384847.png,Medicago_sativa
9719,aug_20982799.png,Medicago_sativa
9720,aug_203910153.png,Medicago_sativa
9721,aug_142825294.png,Medicago_sativa
9722,aug_213851917.png,Medicago_sativa
9723,aug_42476230.png,Medicago_sativa
9724,aug_204217942.png,Medicago_sativa
9725,aug_382318103.png,Medicago_sativa
9726,aug_45365309.png,Medicago_sativa
9727,aug_45380267.png,Medicago_sativa
9728,aug_290223403.png,Medicago_sativa
9729,aug_294508921.png,Medicago_sativa
9730,aug_44942264.png,Medicago_sativa
9731,aug_530879099.png,Medicago_sativa
9732,aug_218850148.png,Medicago_sativa
9733,aug_208855135.png,Medicago_sativa
9734,aug_79218745.png,Medicago_sativa
9735,aug_21821982.png,Medicago_sativa
9736,aug_140277498.png,Medicago_sativa
9737,aug_409073178.png,Medicago_sativa
9738,aug_295853118.png,Medicago_sativa
9739,aug_518068954.png,Medicago_sativa
9740,aug_144161266.png,Medicago_sativa
9741,aug_219820419.png,Medicago_sativa
9742,aug_399618088.png,Medicago_sativa
9743,aug_207484361.png,Medicago_sativa
9744,aug_61450318.png,Medicago_sativa
9745,aug_216015263.png,Medicago_sativa
9746,aug_75487866.png,Medicago_sativa
9747,aug_85039848.png,Medicago_sativa
9748,aug_80151239.png,Medicago_sativa
9749,aug_83304506.png,Medicago_sativa
9750,aug_305084769.png,Medicago_sativa
9751,aug_219147756.png,Medicago_sativa
9752,aug_46338101.png,Medicago_sativa
9753,aug_41060885.png,Medicago_sativa
9754,aug_146245776.png,Medicago_sativa
9755,aug_405234439.png,Medicago_sativa
9756,aug_79973417.png,Medicago_sativa
9757,aug_41339567.png,Medicago_sativa
9758,aug_42548661.png,Medicago_sativa
9759,aug_204406365.png,Medicago_sativa
9760,aug_77139470.png,Medicago_sativa
9761,aug_214600819.png,Medicago_sativa
9762,aug_210616306.png,Medicago_sativa
9763,aug_217885570.png,Medicago_sativa
9764,aug_42301214.png,Medicago_sativa
9765,aug_204453604.png,Medicago_sativa
9766,aug_86276239.png,Medicago_sativa
9767,aug_107443144.png,Medicago_sativa
9768,aug_299383978.png,Medicago_sativa
9769,aug_46013628.png,Medicago_sativa
9770,aug_143739575.png,Medicago_sativa
9771,aug_43649626.png,Medicago_sativa
9772,aug_203841114.png,Medicago_sativa
9773,aug_397113805.png,Medicago_sativa
9774,aug_306263390.png,Medicago_sativa
9775,aug_302020308.png,Medicago_sativa
9776,aug_142215836.png,Medicago_sativa
9777,aug_420981734.png,Medicago_sativa
9778,aug_80374310.png,Medicago_sativa
9779,aug_50436274.png,Medicago_sativa
9780,aug_402985928.png,Medicago_sativa
9781,aug_289480287.png,Medicago_sativa
9782,aug_412057690.png,Medicago_sativa
9783,aug_257206378.png,Medicago_sativa
9784,aug_85161103.png,Medicago_sativa
9785,aug_302610954.png,Medicago_sativa
9786,aug_44004439.png,Medicago_sativa
9787,aug_297390092.png,Medicago_sativa
9788,aug_404721720.png,Medicago_sativa
9789,aug_526293287.png,Medicago_sativa
9790,aug_78196798.png,Medicago_sativa
9791,aug_395105845.png,Medicago_sativa
9792,aug_43079696.png,Medicago_sativa
9793,aug_137930737.png,Medicago_sativa
9794,aug_139887557.png,Medicago_sativa
9795,aug_289149246.png,Medicago_sativa
9796,aug_81397965.png,Medicago_sativa
9797,aug_300944174.png,Medicago_sativa
9798,aug_141575118.png,Medicago_sativa
9799,aug_401229018.png,Medicago_sativa
9800,aug_75728845.png,Medicago_sativa
9801,aug_201302181.png,Medicago_sativa
9802,aug_295072994.png,Medicago_sativa
9803,aug_132451991.png,Medicago_sativa
9804,aug_175089781.png,Medicago_sativa
9805,aug_399633461.png,Medicago_sativa
9806,aug_74379437.png,Medicago_sativa
9807,aug_210239826.png,Medicago_sativa
9808,aug_138079301.png,Medicago_sativa
9809,aug_147201241.png,Medicago_sativa
9810,aug_45391674.png,Medicago_sativa
9811,aug_139626004.png,Medicago_sativa
9812,aug_44580615.png,Medicago_sativa
9813,aug_303557196.png,Medicago_sativa
9814,aug_405551965.png,Medicago_sativa
9815,aug_213448479.png,Medicago_sativa
9816,aug_508087325.png,Medicago_sativa
9817,aug_78636237.png,Medicago_sativa
9818,aug_43874444.png,Medicago_sativa
9819,aug_511203402.png,Medicago_sativa
9820,aug_514386290.png,Medicago_sativa
9821,aug_300013195.png,Medicago_sativa
9822,aug_82597566.png,Medicago_sativa
9823,aug_461703346.png,Medicago_sativa
9824,aug_41901708.png,Medicago_sativa
9825,aug_214504921.png,Medicago_sativa
9826,aug_84029287.png,Medicago_sativa
9827,aug_21441312.png,Medicago_sativa
9828,aug_412604165.png,Medicago_sativa
9829,aug_304977573.png,Medicago_sativa
9830,aug_52653480.png,Medicago_sativa
9831,aug_290000104.png,Medicago_sativa
9832,aug_79232226.png,Medicago_sativa
9833,aug_292811720.png,Medicago_sativa
9834,aug_139118450.png,Medicago_sativa
9835,aug_86988553.png,Medicago_sativa
9836,aug_81974571.png,Medicago_sativa
9837,aug_521900411.png,Medicago_sativa
9838,aug_78086561.png,Medicago_sativa
9839,aug_218033303.png,Medicago_sativa
9840,aug_137896011.png,Medicago_sativa
9841,aug_214682391.png,Medicago_sativa
9842,aug_84458077.png,Medicago_sativa
9843,aug_202661082.png,Medicago_sativa
9844,aug_386402125.png,Medicago_sativa
9845,aug_45205750.png,Medicago_sativa
9846,aug_133680729.png,Medicago_sativa
9847,aug_522291046.png,Medicago_sativa
9848,aug_43542980.png,Medicago_sativa
9849,aug_305153886.png,Medicago_sativa
9850,aug_42701349.png,Medicago_sativa
9851,aug_391363871.png,Medicago_sativa
9852,aug_47995358.png,Medicago_sativa
9853,aug_20459825.png,Medicago_sativa
9854,aug_215461863.png,Medicago_sativa
9855,aug_43037721.png,Medicago_sativa
9856,aug_135653314.png,Medicago_sativa
9857,aug_85388613.png,Medicago_sativa
9858,aug_24624856.png,Medicago_sativa
9859,aug_412564435.png,Medicago_sativa
9860,aug_293855527.png,Medicago_sativa
9861,aug_141166207.png,Medicago_sativa
9862,aug_390059420.png,Medicago_sativa
9863,aug_403035863.png,Medicago_sativa
9864,aug_206568265.png,Medicago_sativa
9865,aug_291063219.png,Medicago_sativa
9866,aug_406151062.png,Medicago_sativa
9867,aug_216887077.png,Medicago_sativa
9868,aug_136448388.png,Medicago_sativa
9869,aug_408614475.png,Medicago_sativa
9870,aug_140110880.png,Medicago_sativa
9871,aug_82174930.png,Medicago_sativa
9872,aug_42811411.png,Medicago_sativa
9873,aug_44436655.png,Medicago_sativa
9874,aug_136307002.png,Medicago_sativa
9875,aug_391739906.png,Medicago_sativa
9876,aug_21010422.png,Medicago_sativa
9877,aug_80313928.png,Medicago_sativa
9878,aug_82962916.png,Medicago_sativa
9879,aug_213114130.png,Medicago_sativa
9880,aug_143915798.png,Medicago_sativa
9881,aug_511427380.png,Medicago_sativa
9882,aug_400929493.png,Medicago_sativa
9883,aug_83056547.png,Medicago_sativa
9884,aug_287706070.png,Medicago_sativa
9885,aug_209925351.png,Medicago_sativa
9886,aug_519075652.png,Medicago_sativa
9887,aug_304307748.png,Medicago_sativa
9888,aug_140429542.png,Medicago_sativa
9889,aug_218352867.png,Medicago_sativa
9890,aug_405381870.png,Medicago_sativa
9891,aug_513062921.png,Medicago_sativa
9892,aug_293166358.png,Medicago_sativa
9893,aug_410079681.png,Medicago_sativa
9894,aug_388401853.png,Medicago_sativa
9895,aug_43422769.png,Medicago_sativa
9896,aug_44120918.png,Medicago_sativa
9897,aug_79683147.png,Medicago_sativa
9898,aug_402862116.png,Medicago_sativa
9899,aug_84026719.png,Medicago_sativa
9900,aug_533132055.png,Medicago_sativa
9901,aug_297811207.png,Medicago_sativa
9902,aug_534202417.png,Medicago_sativa
9903,aug_139664013.png,Medicago_sativa
9904,aug_399284774.png,Medicago_sativa
9905,aug_218854667.png,Medicago_sativa
9906,aug_79003891.png,Medicago_sativa
9907,aug_144794145.png,Medicago_sativa
9908,aug_47877317.png,Medicago_sativa
9909,aug_399876950.png,Medicago_sativa
9910,aug_140388696.png,Medicago_sativa
9911,aug_81472421.png,Medicago_sativa
9912,aug_525136344.png,Medicago_sativa
9913,aug_42604212.png,Medicago_sativa
9914,aug_531389481.png,Medicago_sativa
9915,aug_210603323.png,Medicago_sativa
9916,aug_20456441.png,Medicago_sativa
9917,aug_52389605.png,Medicago_sativa
9918,aug_394120284.png,Medicago_sativa
9919,aug_110392583.png,Medicago_sativa
9920,aug_291015607.png,Medicago_sativa
9921,aug_290121413.png,Medicago_sativa
9922,aug_85246723.png,Medicago_sativa
9923,aug_513825164.png,Medicago_sativa
9924,aug_527684762.png,Medicago_sativa
9925,aug_292053584.png,Medicago_sativa
9926,aug_398706613.png,Medicago_sativa
9927,aug_196033550.png,Medicago_sativa
9928,aug_42420952.png,Medicago_sativa
9929,aug_86674339.png,Medicago_sativa
9930,aug_410498896.png,Medicago_sativa
9931,aug_199237797.png,Medicago_sativa
9932,aug_80940823.png,Medicago_sativa
9933,aug_395779078.png,Medicago_sativa
9934,aug_44037657.png,Medicago_sativa
9935,aug_531291909.png,Medicago_sativa
9936,aug_285948299.png,Medicago_sativa
9937,aug_137895228.png,Medicago_sativa
9938,aug_215821840.png,Medicago_sativa
9939,aug_85162559.png,Medicago_sativa
9940,aug_216104089.png,Medicago_sativa
9941,aug_214258959.png,Medicago_sativa
9942,aug_145744412.png,Medicago_sativa
9943,aug_84112801.png,Medicago_sativa
9944,aug_144433729.png,Medicago_sativa
9945,aug_81507425.png,Medicago_sativa
9946,aug_208223741.png,Medicago_sativa
9947,aug_349743469.png,Medicago_sativa
9948,aug_78329824.png,Medicago_sativa
9949,aug_84762384.png,Medicago_sativa
9950,aug_517436794.png,Medicago_sativa
9951,aug_421423431.png,Medicago_sativa
9952,aug_382328070.png,Medicago_sativa
9953,aug_412852708.png,Medicago_sativa
9954,aug_43860575.png,Medicago_sativa
9955,aug_299879278.png,Medicago_sativa
9956,aug_391129114.png,Medicago_sativa
9957,aug_43830535.png,Medicago_sativa
9958,aug_410079711.png,Medicago_sativa
9959,aug_288501730.png,Medicago_sativa
9960,aug_299747740.png,Medicago_sativa
9961,aug_85034071.png,Medicago_sativa
9962,aug_88445975.png,Medicago_sativa
9963,aug_251029528.png,Medicago_sativa
9964,aug_408359606.png,Medicago_sativa
9965,aug_510823589.png,Medicago_sativa
9966,aug_155986145.png,Medicago_sativa
9967,aug_143162080.png,Medicago_sativa
9968,aug_527656849.png,Medicago_sativa
9969,aug_301262350.png,Medicago_sativa
9970,aug_44287511.png,Medicago_sativa
9971,aug_295077791.png,Medicago_sativa
9972,aug_295077397.png,Medicago_sativa
9973,aug_76618408.png,Medicago_sativa
9974,aug_396828888.png,Medicago_sativa
9975,aug_295014559.png,Medicago_sativa
9976,aug_522046413.png,Medicago_sativa
9977,aug_205321242.png,Medicago_sativa
9978,aug_404442979.png,Medicago_sativa
9979,aug_141084245.png,Medicago_sativa
9980,aug_79683922.png,Medicago_sativa
9981,aug_222862886.png,Medicago_sativa
9982,aug_165792172.png,Medicago_sativa
9983,aug_138584546.png,Medicago_sativa
9984,aug_533077365.png,Medicago_sativa
9985,aug_147501968.png,Medicago_sativa
9986,aug_210437395.png,Medicago_sativa
9987,aug_87506548.png,Medicago_sativa
9988,aug_406574177.png,Medicago_sativa
9989,aug_291470919.png,Medicago_sativa
9990,aug_400733868.png,Medicago_sativa
9991,aug_42184044.png,Medicago_sativa
9992,aug_205155650.png,Medicago_sativa
9993,aug_298329316.png,Medicago_sativa
9994,aug_288561453.png,Medicago_sativa
9995,aug_135566216.png,Medicago_sativa
9996,aug_217463425.png,Medicago_sativa
9997,aug_291472486.png,Medicago_sativa
9998,aug_43588481.png,Medicago_sativa
9999,aug_84176222.png,Medicago_sativa
10000,aug_206791791.png,Medicago_sativa
10001,aug_288372086.png,Medicago_sativa
10002,aug_410465968.png,Medicago_sativa
10003,aug_143308177.png,Medicago_sativa
10004,aug_334230405.png,Medicago_sativa
10005,aug_136846496.png,Medicago_sativa
10006,aug_514872266.png,Medicago_sativa
10007,aug_296363011.png,Medicago_sativa
10008,aug_396984834.png,Medicago_sativa
10009,aug_527825839.png,Medicago_sativa
10010,aug_42473108.png,Medicago_sativa
10011,aug_390897645.png,Medicago_sativa
10012,aug_45813559.png,Medicago_sativa
10013,aug_87234454.png,Medicago_sativa
10014,aug_524067141.png,Medicago_sativa
10015,aug_300269784.png,Medicago_sativa
10016,aug_127118691.png,Medicago_sativa
10017,aug_201268982.png,Medicago_sativa
10018,aug_410837794.png,Medicago_sativa
10019,aug_307923975.png,Medicago_sativa
10020,aug_346974549.png,Medicago_sativa
10021,aug_44804485.png,Medicago_sativa
10022,aug_40569202.png,Medicago_sativa
10023,aug_207898413.png,Medicago_sativa
10024,aug_84721376.png,Medicago_sativa
10025,aug_76293725.png,Medicago_sativa
10026,aug_145532639.png,Medicago_sativa
10027,aug_297451790.png,Medicago_sativa
10028,aug_137624263.png,Medicago_sativa
10029,aug_525871277.png,Medicago_sativa
10030,aug_144495973.png,Medicago_sativa
10031,aug_20703678.png,Medicago_sativa
10032,aug_304675409.png,Medicago_sativa
10033,aug_43124642.png,Medicago_sativa
10034,aug_140500125.png,Medicago_sativa
10035,aug_209392356.png,Medicago_sativa
10036,aug_41829048.png,Medicago_sativa
10037,aug_410080001.png,Medicago_sativa
10038,aug_507088010.png,Medicago_sativa
10039,aug_136850289.png,Medicago_sativa
10040,aug_399683392.png,Medicago_sativa
10041,aug_403103335.png,Medicago_sativa
10042,aug_388618635.png,Medicago_sativa
10043,aug_39246981.png,Medicago_sativa
10044,aug_141227930.png,Medicago_sativa
10045,aug_448725629.png,Medicago_sativa
10046,aug_144751221.png,Medicago_sativa
10047,aug_76912002.png,Medicago_sativa
10048,aug_213517447.png,Medicago_sativa
10049,aug_218485088.png,Medicago_sativa
10050,aug_508753427.png,Medicago_sativa
10051,aug_43450584.png,Medicago_sativa
10052,aug_141263051.png,Medicago_sativa
10053,aug_84439897.png,Medicago_sativa
10054,aug_211588255.png,Medicago_sativa
10055,aug_40073604.png,Medicago_sativa
10056,aug_205168441.png,Medicago_sativa
10057,aug_513505887.png,Medicago_sativa
10058,aug_140768923.png,Medicago_sativa
10059,aug_292522865.png,Medicago_sativa
10060,aug_21927080.png,Medicago_sativa
10061,aug_142196124.png,Medicago_sativa
10062,aug_405397683.png,Medicago_sativa
10063,aug_198521164.png,Medicago_sativa
10064,aug_78931573.png,Medicago_sativa
10065,aug_396432141.png,Medicago_sativa
10066,aug_401871534.png,Medicago_sativa
10067,aug_40814989.png,Medicago_sativa
10068,aug_204705377.png,Medicago_sativa
10069,aug_340296980.png,Medicago_sativa
10070,aug_45696975.png,Medicago_sativa
10071,aug_22050404.png,Medicago_sativa
10072,aug_42711329.png,Medicago_sativa
10073,aug_294252497.png,Medicago_sativa
10074,aug_21364461.png,Medicago_sativa
10075,aug_296958768.png,Medicago_sativa
10076,aug_282988803.png,Medicago_sativa
10077,aug_299957532.png,Medicago_sativa
10078,aug_296749133.png,Medicago_sativa
10079,aug_305660489.png,Medicago_sativa
10080,aug_402926891.png,Medicago_sativa
10081,aug_308280531.png,Medicago_sativa
10082,aug_397949776.png,Medicago_sativa
10083,aug_40828426.png,Medicago_sativa
10084,aug_389987777.png,Medicago_sativa
10085,aug_81797096.png,Medicago_sativa
10086,aug_80409359.png,Medicago_sativa
10087,aug_80130981.png,Medicago_sativa
10088,aug_130824142.png,Medicago_sativa
10089,aug_514865848.png,Medicago_sativa
10090,aug_401444167.png,Medicago_sativa
10091,aug_141226558.png,Medicago_sativa
10092,aug_138988319.png,Medicago_sativa
10093,aug_133489958.png,Medicago_sativa
10094,aug_441350075.png,Medicago_sativa
10095,aug_79265325.png,Medicago_sativa
10096,aug_293286443.png,Medicago_sativa
10097,aug_400196225.png,Medicago_sativa
10098,aug_81569064.png,Medicago_sativa
10099,aug_392944704.png,Medicago_sativa
10100,aug_305175873.png,Medicago_sativa
10101,aug_408161847.png,Medicago_sativa
10102,aug_212061198.png,Medicago_sativa
10103,aug_521791947.png,Medicago_sativa
10104,aug_298669494.png,Medicago_sativa
10105,aug_45017326.png,Medicago_sativa
10106,aug_304370487.png,Medicago_sativa
10107,aug_82415951.png,Medicago_sativa
10108,aug_216202822.png,Medicago_sativa
10109,aug_197722503.png,Medicago_sativa
10110,aug_523670132.png,Medicago_sativa
10111,aug_227419836.png,Medicago_sativa
10112,aug_139110744.png,Medicago_sativa
10113,aug_210600816.png,Medicago_sativa
10114,aug_81502538.png,Medicago_sativa
10115,aug_137512623.png,Medicago_sativa
10116,aug_382964679.png,Medicago_sativa
10117,aug_44854236.png,Medicago_sativa
10118,aug_216348366.png,Medicago_sativa
10119,aug_212836444.png,Medicago_sativa
10120,aug_84348036.png,Medicago_sativa
10121,aug_43177260.png,Medicago_sativa
10122,aug_306797011.png,Medicago_sativa
10123,aug_408496410.png,Medicago_sativa
10124,aug_79960939.png,Medicago_sativa
10125,aug_138119250.png,Medicago_sativa
10126,aug_405502338.png,Medicago_sativa
10127,aug_208754402.png,Medicago_sativa
10128,aug_522122986.png,Medicago_sativa
10129,aug_404416109.png,Medicago_sativa
10130,aug_282800663.png,Medicago_sativa
10131,aug_298039742.png,Medicago_sativa
10132,aug_141075288.png,Medicago_sativa
10133,aug_390559808.png,Medicago_sativa
10134,aug_144229930.png,Medicago_sativa
10135,aug_528037597.png,Medicago_sativa
10136,aug_50900479.png,Medicago_sativa
10137,aug_402236515.png,Medicago_sativa
10138,aug_289450930.png,Medicago_sativa
10139,aug_209874616.png,Medicago_sativa
10140,aug_43872300.png,Medicago_sativa
10141,aug_213052912.png,Medicago_sativa
10142,aug_530899985.png,Medicago_sativa
10143,aug_141199725.png,Medicago_sativa
10144,aug_145461369.png,Medicago_sativa
10145,aug_139772293.png,Medicago_sativa
10146,aug_204740937.png,Medicago_sativa
10147,aug_523697917.png,Medicago_sativa
10148,aug_194739591.png,Medicago_sativa
10149,aug_86842062.png,Medicago_sativa
10150,aug_527426567.png,Medicago_sativa
10151,aug_202680415.png,Medicago_sativa
10152,aug_394866280.png,Medicago_sativa
10153,aug_233865541.png,Medicago_sativa
10154,aug_301354985.png,Medicago_sativa
10155,aug_135115727.png,Medicago_sativa
10156,aug_208380852.png,Medicago_sativa
10157,aug_404187841.png,Medicago_sativa
10158,aug_295727349.png,Medicago_sativa
10159,aug_209887207.png,Medicago_sativa
10160,aug_301648508.png,Medicago_sativa
10161,aug_137154756.png,Medicago_sativa
10162,aug_296169015.png,Medicago_sativa
10163,aug_134732191.png,Medicago_sativa
10164,aug_82090297.png,Medicago_sativa
10165,aug_79495578.png,Medicago_sativa
10166,aug_407647278.png,Medicago_sativa
10167,aug_298300756.png,Medicago_sativa
10168,aug_78621322.png,Medicago_sativa
10169,aug_137324097.png,Medicago_sativa
10170,aug_83833206.png,Medicago_sativa
10171,aug_142396796.png,Medicago_sativa
10172,aug_134680859.png,Medicago_sativa
10173,aug_78432865.png,Medicago_sativa
10174,aug_145385973.png,Medicago_sativa
10175,aug_82526738.png,Medicago_sativa
10176,aug_534695747.png,Medicago_sativa
10177,aug_400020757.png,Medicago_sativa
10178,aug_509691569.png,Medicago_sativa
10179,aug_532719805.png,Medicago_sativa
10180,aug_201752522.png,Medicago_sativa
10181,aug_136287088.png,Medicago_sativa
10182,aug_135059905.png,Medicago_sativa
10183,aug_385563761.png,Medicago_sativa
10184,aug_78755145.png,Medicago_sativa
10185,aug_285862449.png,Medicago_sativa
10186,aug_405154811.png,Medicago_sativa
10187,aug_402138987.png,Medicago_sativa
10188,aug_211541768.png,Medicago_sativa
10189,aug_146913883.png,Medicago_sativa
10190,aug_85697939.png,Medicago_sativa
10191,aug_44850317.png,Medicago_sativa
10192,aug_397949926.png,Medicago_sativa
10193,aug_136256189.png,Medicago_sativa
10194,aug_135124429.png,Medicago_sativa
10195,aug_79244443.png,Medicago_sativa
10196,aug_193210443.png,Medicago_sativa
10197,aug_135892852.png,Medicago_sativa
10198,aug_111484649.png,Medicago_sativa
10199,aug_309072993.png,Medicago_sativa
10200,aug_219936705.png,Medicago_sativa
10201,aug_140399333.png,Medicago_sativa
10202,aug_461705010.png,Medicago_sativa
10203,aug_85204608.png,Medicago_sativa
10204,aug_450594793.png,Medicago_sativa
10205,aug_217388995.png,Medicago_sativa
10206,aug_207544189.png,Medicago_sativa
10207,aug_423260895.png,Medicago_sativa
10208,aug_230113205.png,Medicago_sativa
10209,aug_290127159.png,Medicago_sativa
10210,aug_147604552.png,Medicago_sativa
10211,aug_73366174.png,Medicago_sativa
10212,aug_23651777.png,Medicago_sativa
10213,aug_525838573.png,Medicago_sativa
10214,aug_109595296.png,Medicago_sativa
10215,aug_303347418.png,Medicago_sativa
10216,aug_140493378.png,Medicago_sativa
10217,aug_324850809.png,Medicago_sativa
10218,aug_52937606.png,Medicago_sativa
10219,aug_217451731.png,Medicago_sativa
10220,aug_205335378.png,Medicago_sativa
10221,aug_44036169.png,Medicago_sativa
10222,aug_80342368.png,Medicago_sativa
10223,aug_162915076.png,Medicago_sativa
10224,aug_78286765.png,Medicago_sativa
10225,aug_58424654.png,Medicago_sativa
10226,aug_83660673.png,Medicago_sativa
10227,aug_401198021.png,Medicago_sativa
10228,aug_134947078.png,Medicago_sativa
10229,aug_213772442.png,Medicago_sativa
10230,aug_304668857.png,Medicago_sativa
10231,aug_377695245.png,Medicago_sativa
10232,aug_145502136.png,Medicago_sativa
10233,aug_144414561.png,Medicago_sativa
10234,aug_46208387.png,Medicago_sativa
10235,aug_288855128.png,Medicago_sativa
10236,aug_255269498.png,Medicago_sativa
10237,aug_20388893.png,Medicago_sativa
10238,aug_80889233.png,Medicago_sativa
10239,aug_213756695.png,Medicago_sativa
10240,aug_81792329.png,Medicago_sativa
10241,aug_292051431.png,Medicago_sativa
10242,aug_79366652.png,Medicago_sativa
10243,aug_527957433.png,Medicago_sativa
10244,aug_21716862.png,Medicago_sativa
10245,aug_508386494.png,Medicago_sativa
10246,aug_208901529.png,Medicago_sativa
10247,aug_137768179.png,Medicago_sativa
10248,aug_203717122.png,Medicago_sativa
10249,aug_139307656.png,Medicago_sativa
10250,aug_303737058.png,Medicago_sativa
10251,aug_44806598.png,Medicago_sativa
10252,aug_78172333.png,Medicago_sativa
10253,aug_138142431.png,Medicago_sativa
10254,aug_139443997.png,Medicago_sativa
10255,aug_292522843.png,Medicago_sativa
10256,aug_406668691.png,Medicago_sativa
10257,aug_300148949.png,Medicago_sativa
10258,aug_211784096.png,Medicago_sativa
10259,aug_137729623.png,Medicago_sativa
10260,aug_147153476.png,Medicago_sativa
10261,aug_300535604.png,Medicago_sativa
10262,aug_304860503.png,Medicago_sativa
10263,aug_282892523.png,Medicago_sativa
10264,aug_515346643.png,Medicago_sativa
10265,aug_139135465.png,Medicago_sativa
10266,aug_415498688.png,Medicago_sativa
10267,aug_58935698.png,Medicago_sativa
10268,aug_388033839.png,Medicago_sativa
10269,aug_84526205.png,Medicago_sativa
10270,aug_400971585.png,Medicago_sativa
10271,aug_218969440.png,Medicago_sativa
10272,aug_80116396.png,Medicago_sativa
10273,aug_288700710.png,Medicago_sativa
10274,aug_514204000.png,Medicago_sativa
10275,aug_80150828.png,Medicago_sativa
10276,aug_388031531.png,Medicago_sativa
10277,aug_138634961.png,Medicago_sativa
10278,aug_520040477.png,Medicago_sativa
10279,aug_519822430.png,Medicago_sativa
10280,aug_137518646.png,Medicago_sativa
10281,aug_40909266.png,Medicago_sativa
10282,aug_22024169.png,Medicago_sativa
10283,aug_80710811.png,Medicago_sativa
10284,aug_136066327.png,Medicago_sativa
10285,aug_43444538.png,Medicago_sativa
10286,aug_286736071.png,Medicago_sativa
10287,aug_41093217.png,Medicago_sativa
10288,aug_137708286.png,Medicago_sativa
10289,aug_298181117.png,Medicago_sativa
10290,aug_286992772.png,Medicago_sativa
10291,aug_211473299.png,Medicago_sativa
10292,aug_515503720.png,Medicago_sativa
10293,aug_513850446.png,Medicago_sativa
10294,aug_413185923.png,Medicago_sativa
10295,aug_141562076.png,Medicago_sativa
10296,aug_142799089.png,Medicago_sativa
10297,aug_395527629.png,Medicago_sativa
10298,aug_222003825.png,Medicago_sativa
10299,aug_391105883.png,Medicago_sativa
10300,aug_85902695.png,Medicago_sativa
10301,aug_46936714.png,Medicago_sativa
10302,aug_154594888.png,Medicago_sativa
10303,aug_300859626.png,Medicago_sativa
10304,aug_348545357.png,Medicago_sativa
10305,aug_144491827.png,Medicago_sativa
10306,aug_223105008.png,Medicago_sativa
10307,aug_138334659.png,Medicago_sativa
10308,aug_194297194.png,Medicago_sativa
10309,aug_396717650.png,Medicago_sativa
10310,aug_44161381.png,Medicago_sativa
10311,aug_210680114.png,Medicago_sativa
10312,aug_218209034.png,Medicago_sativa
10313,aug_288357562.png,Medicago_sativa
10314,aug_145063681.png,Medicago_sativa
10315,aug_204769718.png,Medicago_sativa
10316,aug_40696531.png,Medicago_sativa
10317,aug_225210831.png,Medicago_sativa
10318,aug_511622132.png,Medicago_sativa
10319,aug_133952216.png,Medicago_sativa
10320,aug_280056937.png,Medicago_sativa
10321,aug_287470414.png,Medicago_sativa
10322,aug_21042265.png,Medicago_sativa
10323,aug_147883468.png,Medicago_sativa
10324,aug_61089201.png,Medicago_sativa
10325,aug_145987288.png,Medicago_sativa
10326,aug_212388795.png,Medicago_sativa
10327,aug_100618423.png,Medicago_sativa
10328,aug_135848241.png,Medicago_sativa
10329,aug_94324719.png,Medicago_sativa
10330,aug_289329860.png,Medicago_sativa
10331,aug_294901484.png,Medicago_sativa
10332,aug_514517153.png,Medicago_sativa
10333,aug_525820808.png,Medicago_sativa
10334,aug_315473277.png,Medicago_sativa
10335,aug_301512505.png,Medicago_sativa
10336,aug_141938468.png,Medicago_sativa
10337,aug_401740738.png,Medicago_sativa
10338,aug_80465732.png,Medicago_sativa
10339,aug_299274717.png,Medicago_sativa
10340,aug_210823337.png,Medicago_sativa
10341,aug_204159701.png,Medicago_sativa
10342,aug_217268976.png,Medicago_sativa
10343,aug_210163103.png,Medicago_sativa
10344,aug_83878424.png,Medicago_sativa
10345,aug_292477126.png,Medicago_sativa
10346,aug_532568893.png,Medicago_sativa
10347,aug_512032949.png,Medicago_sativa
10348,aug_81048538.png,Medicago_sativa
10349,aug_306325302.png,Medicago_sativa
10350,aug_140214415.png,Medicago_sativa
10351,aug_144432903.png,Medicago_sativa
10352,aug_403854073.png,Medicago_sativa
10353,aug_287069480.png,Medicago_sativa
10354,aug_40708674.png,Medicago_sativa
10355,aug_212092254.png,Medicago_sativa
10356,aug_132745820.png,Medicago_sativa
10357,aug_303951226.png,Medicago_sativa
10358,aug_86003654.png,Medicago_sativa
10359,aug_410743986.png,Medicago_sativa
10360,aug_145344687.png,Medicago_sativa
10361,aug_81693479.png,Medicago_sativa
10362,aug_142444182.png,Medicago_sativa
10363,aug_135409554.png,Medicago_sativa
10364,aug_294217498.png,Medicago_sativa
10365,aug_45782479.png,Medicago_sativa
10366,aug_140426837.png,Medicago_sativa
10367,aug_134816087.png,Medicago_sativa
10368,aug_203422945.png,Medicago_sativa
10369,aug_398775394.png,Medicago_sativa
10370,aug_212116591.png,Medicago_sativa
10371,aug_403925444.png,Medicago_sativa
10372,aug_84925185.png,Medicago_sativa
10373,aug_53007065.png,Medicago_sativa
10374,aug_290407943.png,Medicago_sativa
10375,aug_304787194.png,Medicago_sativa
10376,aug_40734197.png,Medicago_sativa
10377,aug_20431741.png,Medicago_sativa
10378,aug_86032159.png,Medicago_sativa
10379,aug_202751338.png,Medicago_sativa
10380,aug_459535643.png,Medicago_sativa
10381,aug_325141162.png,Medicago_sativa
10382,aug_290607180.png,Medicago_sativa
10383,aug_213473358.png,Medicago_sativa
10384,aug_136989034.png,Medicago_sativa
10385,aug_73112965.png,Medicago_sativa
10386,aug_398014013.png,Medicago_sativa
10387,aug_292651073.png,Medicago_sativa
10388,aug_204661486.png,Medicago_sativa
10389,aug_412828642.png,Medicago_sativa
10390,aug_197414695.png,Medicago_sativa
10391,aug_216244346.png,Medicago_sativa
10392,aug_409416807.png,Medicago_sativa
10393,aug_392461464.png,Medicago_sativa
10394,aug_292023755.png,Medicago_sativa
10395,aug_413992936.png,Medicago_sativa
10396,aug_87523789.png,Medicago_sativa
10397,aug_204927155.png,Medicago_sativa
10398,aug_160733046.png,Medicago_sativa
10399,aug_468384024.png,Medicago_sativa
10400,aug_400863977.png,Medicago_sativa
10401,aug_523671779.png,Medicago_sativa
10402,aug_213272403.png,Medicago_sativa
10403,aug_404664984.png,Medicago_sativa
10404,aug_208757371.png,Medicago_sativa
10405,aug_211843881.png,Medicago_sativa
10406,aug_137016628.png,Medicago_sativa
10407,aug_291124494.png,Medicago_sativa
10408,aug_92663134.png,Medicago_sativa
10409,aug_88448029.png,Medicago_sativa
10410,aug_83177932.png,Medicago_sativa
10411,aug_20838966.png,Medicago_sativa
10412,aug_286993856.png,Medicago_sativa
10413,aug_413975865.png,Medicago_sativa
10414,aug_393070747.png,Medicago_sativa
10415,aug_407213344.png,Medicago_sativa
10416,aug_138400239.png,Medicago_sativa
10417,aug_296755299.png,Medicago_sativa
10418,aug_43344360.png,Medicago_sativa
10419,aug_207817158.png,Medicago_sativa
10420,aug_397699003.png,Medicago_sativa
10421,aug_405162008.png,Medicago_sativa
10422,aug_82629205.png,Medicago_sativa
10423,aug_141455786.png,Medicago_sativa
10424,aug_400343744.png,Medicago_sativa
10425,aug_290682378.png,Medicago_sativa
10426,aug_408171367.png,Medicago_sativa
10427,aug_200773974.png,Medicago_sativa
10428,aug_285827775.png,Medicago_sativa
10429,aug_132395088.png,Medicago_sativa
10430,aug_296470601.png,Medicago_sativa
10431,aug_205791694.png,Medicago_sativa
10432,aug_281954017.png,Medicago_sativa
10433,aug_201237634.png,Medicago_sativa
10434,aug_212031993.png,Medicago_sativa
10435,aug_401647829.png,Medicago_sativa
10436,aug_289348769.png,Medicago_sativa
10437,aug_174723515.png,Medicago_sativa
10438,aug_136294827.png,Medicago_sativa
10439,aug_43717714.png,Medicago_sativa
10440,aug_132982316.png,Medicago_sativa
10441,aug_304511463.png,Medicago_sativa
10442,aug_400072089.png,Medicago_sativa
10443,aug_532142050.png,Medicago_sativa
10444,aug_407576094.png,Medicago_sativa
10445,aug_522896831.png,Medicago_sativa
10446,aug_392731370.png,Medicago_sativa
10447,aug_395736838.png,Medicago_sativa
10448,aug_209910225.png,Medicago_sativa
10449,aug_296402087.png,Medicago_sativa
10450,aug_218485913.png,Medicago_sativa
10451,aug_148206643.png,Medicago_sativa
10452,aug_286180122.png,Medicago_sativa
10453,aug_212373294.png,Medicago_sativa
10454,aug_516815050.png,Medicago_sativa
10455,aug_81275839.png,Medicago_sativa
10456,aug_85829589.png,Medicago_sativa
10457,aug_138240076.png,Medicago_sativa
10458,aug_286089146.png,Medicago_sativa
10459,aug_45902307.png,Medicago_sativa
10460,aug_81421391.png,Medicago_sativa
10461,aug_290434383.png,Medicago_sativa
10462,aug_305110530.png,Medicago_sativa
10463,aug_84762177.png,Medicago_sativa
10464,aug_79919928.png,Medicago_sativa
10465,aug_80219358.png,Medicago_sativa
10466,aug_403854309.png,Medicago_sativa
10467,aug_219434328.png,Medicago_sativa
10468,aug_291103756.png,Medicago_sativa
10469,aug_366667615.png,Medicago_sativa
10470,aug_79021706.png,Medicago_sativa
10471,aug_217928752.png,Medicago_sativa
10472,aug_44588537.png,Medicago_sativa
10473,aug_402235970.png,Medicago_sativa
10474,aug_84844444.png,Medicago_sativa
10475,aug_386619504.png,Medicago_sativa
10476,aug_80501808.png,Medicago_sativa
10477,aug_181347936.png,Medicago_sativa
10478,aug_143523395.png,Medicago_sativa
10479,aug_209001334.png,Medicago_sativa
10480,aug_79641184.png,Medicago_sativa
10481,aug_128520208.png,Medicago_sativa
10482,aug_83991508.png,Medicago_sativa
10483,aug_41327945.png,Medicago_sativa
10484,aug_45093172.png,Medicago_sativa
10485,aug_211293240.png,Medicago_sativa
10486,aug_526631876.png,Medicago_sativa
10487,aug_207126646.png,Medicago_sativa
10488,aug_211333588.png,Medicago_sativa
10489,aug_524580956.png,Medicago_sativa
10490,aug_289028860.png,Medicago_sativa
10491,aug_153149472.png,Medicago_sativa
10492,aug_142054778.png,Medicago_sativa
10493,aug_146031782.png,Medicago_sativa
10494,aug_210363333.png,Medicago_sativa
10495,aug_87057971.png,Medicago_sativa
10496,aug_79190739.png,Medicago_sativa
10497,aug_45992125.png,Medicago_sativa
10498,aug_332523850.png,Medicago_sativa
10499,aug_139282477.png,Medicago_sativa
10500,aug_141717140.png,Medicago_sativa
10501,aug_208874624.png,Medicago_sativa
10502,aug_305598322.png,Medicago_sativa
10503,aug_210221647.png,Medicago_sativa
10504,aug_83311485.png,Medicago_sativa
10505,aug_290521775.png,Medicago_sativa
10506,aug_336043085.png,Medicago_sativa
10507,aug_301513205.png,Medicago_sativa
10508,aug_82657697.png,Medicago_sativa
10509,aug_206084860.png,Medicago_sativa
10510,aug_41324660.png,Medicago_sativa
10511,aug_141464001.png,Medicago_sativa
10512,aug_300511337.png,Medicago_sativa
10513,aug_303690238.png,Medicago_sativa
10514,aug_155779097.png,Medicago_sativa
10515,aug_79855283.png,Medicago_sativa
10516,aug_84010096.png,Medicago_sativa
10517,aug_135790355.png,Medicago_sativa
10518,aug_217970377.png,Medicago_sativa
10519,aug_40256154.png,Medicago_sativa
10520,aug_137798653.png,Medicago_sativa
10521,aug_292999426.png,Medicago_sativa
10522,aug_377227729.png,Medicago_sativa
10523,aug_235662960.png,Medicago_sativa
10524,aug_162828160.png,Medicago_sativa
10525,aug_137912220.png,Medicago_sativa
10526,aug_209127881.png,Medicago_sativa
10527,aug_290276070.png,Medicago_sativa
10528,aug_133235772.png,Medicago_sativa
10529,aug_406566804.png,Medicago_sativa
10530,aug_53007013.png,Medicago_sativa
10531,aug_213735092.png,Medicago_sativa
10532,aug_161704730.png,Medicago_sativa
10533,aug_81494079.png,Medicago_sativa
10534,aug_144562184.png,Medicago_sativa
10535,aug_305070766.png,Medicago_sativa
10536,aug_203674705.png,Medicago_sativa
10537,aug_291917725.png,Medicago_sativa
10538,aug_135167455.png,Medicago_sativa
10539,aug_298237501.png,Medicago_sativa
10540,aug_135919739.png,Medicago_sativa
10541,aug_82354235.png,Medicago_sativa
10542,aug_143328798.png,Medicago_sativa
10543,aug_300617710.png,Medicago_sativa
10544,aug_309192803.png,Medicago_sativa
10545,aug_80214443.png,Medicago_sativa
10546,aug_134481242.png,Medicago_sativa
10547,aug_41970487.png,Medicago_sativa
10548,aug_133246326.png,Medicago_sativa
10549,aug_217502195.png,Medicago_sativa
10550,aug_21268968.png,Medicago_sativa
10551,aug_53159590.png,Medicago_sativa
10552,aug_217541353.png,Medicago_sativa
10553,aug_87000471.png,Medicago_sativa
10554,aug_53843122.png,Medicago_sativa
10555,aug_221242760.png,Medicago_sativa
10556,aug_403336608.png,Medicago_sativa
10557,aug_44246504.png,Medicago_sativa
10558,aug_209750089.png,Medicago_sativa
10559,aug_43683446.png,Medicago_sativa
10560,aug_209369303.png,Medicago_sativa
10561,aug_407155054.png,Medicago_sativa
10562,aug_287724412.png,Medicago_sativa
10563,aug_61380597.png,Medicago_sativa
10564,aug_301401032.png,Medicago_sativa
10565,aug_413148863.png,Medicago_sativa
10566,aug_43264712.png,Medicago_sativa
10567,aug_291421888.png,Medicago_sativa
10568,aug_79670375.png,Medicago_sativa
10569,aug_404285144.png,Medicago_sativa
10570,aug_208982431.png,Medicago_sativa
10571,aug_51870833.png,Medicago_sativa
10572,aug_292765860.png,Medicago_sativa
10573,aug_528452265.png,Medicago_sativa
10574,aug_395031481.png,Medicago_sativa
10575,aug_208295474.png,Medicago_sativa
10576,aug_147048730.png,Medicago_sativa
10577,aug_143677182.png,Medicago_sativa
10578,aug_37833073.png,Medicago_sativa
10579,aug_208854680.png,Medicago_sativa
10580,aug_101768383.png,Medicago_sativa
10581,aug_20977297.png,Medicago_sativa
10582,aug_27239853.png,Medicago_sativa
10583,aug_403917639.png,Medicago_sativa
10584,aug_103293532.png,Medicago_sativa
10585,aug_305569692.png,Medicago_sativa
10586,aug_290965763.png,Medicago_sativa
10587,aug_57464606.png,Medicago_sativa
10588,aug_79911057.png,Medicago_sativa
10589,aug_211006890.png,Medicago_sativa
10590,aug_531362766.png,Medicago_sativa
10591,aug_301278250.png,Medicago_sativa
10592,aug_408186956.png,Medicago_sativa
10593,aug_213183583.png,Medicago_sativa
10594,aug_170948766.png,Medicago_sativa
10595,aug_305245756.png,Medicago_sativa
10596,aug_328182620.png,Medicago_sativa
10597,aug_293530946.png,Medicago_sativa
10598,aug_290068450.png,Medicago_sativa
10599,aug_80074058.png,Medicago_sativa
10600,aug_141562635.png,Medicago_sativa
10601,aug_204822646.png,Medicago_sativa
10602,aug_40029725.png,Medicago_sativa
10603,aug_79635202.png,Medicago_sativa
10604,aug_142256622.png,Medicago_sativa
10605,aug_88654622.png,Medicago_sativa
10606,aug_142660961.png,Medicago_sativa
10607,aug_387763324.png,Medicago_sativa
10608,aug_78380174.png,Medicago_sativa
10609,aug_43183162.png,Medicago_sativa
10610,aug_81632968.png,Medicago_sativa
10611,aug_145503440.png,Medicago_sativa
10612,aug_44015263.png,Medicago_sativa
10613,aug_159764665.png,Medicago_sativa
10614,aug_289764445.png,Medicago_sativa
10615,aug_208133413.png,Medicago_sativa
10616,aug_139623496.png,Medicago_sativa
10617,aug_284201596.png,Medicago_sativa
10618,aug_400027327.png,Medicago_sativa
10619,aug_525762967.png,Medicago_sativa
10620,aug_158304779.png,Medicago_sativa
10621,aug_204127033.png,Medicago_sativa
10622,aug_85838289.png,Medicago_sativa
10623,aug_138897217.png,Medicago_sativa
10624,aug_79723083.png,Medicago_sativa
10625,aug_395545342.png,Medicago_sativa
10626,aug_136928566.png,Medicago_sativa
10627,aug_516921111.png,Medicago_sativa
10628,aug_85470454.png,Medicago_sativa
10629,aug_296163191.png,Medicago_sativa
10630,aug_221829568.png,Medicago_sativa
10631,aug_87109355.png,Medicago_sativa
10632,aug_237751096.png,Medicago_sativa
10633,aug_84017747.png,Medicago_sativa
10634,aug_45596156.png,Medicago_sativa
10635,aug_21371298.png,Medicago_sativa
10636,aug_407796802.png,Medicago_sativa
10637,aug_201003786.png,Medicago_sativa
10638,aug_406675514.png,Medicago_sativa
10639,aug_292002806.png,Medicago_sativa
10640,aug_292828537.png,Medicago_sativa
10641,aug_82598330.png,Medicago_sativa
10642,aug_296452490.png,Medicago_sativa
10643,aug_194328401.png,Medicago_sativa
10644,aug_80769841.png,Medicago_sativa
10645,aug_285082814.png,Medicago_sativa
10646,aug_80839391.png,Medicago_sativa
10647,aug_522180059.png,Medicago_sativa
10648,aug_177401154.png,Medicago_sativa
10649,aug_302967634.png,Medicago_sativa
10650,aug_41402907.png,Medicago_sativa
10651,aug_512154396.png,Medicago_sativa
10652,aug_77290778.png,Medicago_sativa
10653,aug_140099652.png,Medicago_sativa
10654,aug_96622910.png,Medicago_sativa
10655,aug_135303120.png,Medicago_sativa
10656,aug_20887848.png,Medicago_sativa
10657,aug_51612943.png,Medicago_sativa
10658,aug_150144101.png,Medicago_sativa
10659,aug_138898831.png,Medicago_sativa
10660,aug_532669460.png,Medicago_sativa
10661,aug_533746487.png,Medicago_sativa
10662,aug_44467248.png,Medicago_sativa
10663,aug_78720120.png,Medicago_sativa
10664,aug_153149517.png,Medicago_sativa
10665,aug_424997193.png,Medicago_sativa
10666,aug_297183375.png,Medicago_sativa
10667,aug_80336279.png,Medicago_sativa
10668,aug_82780985.png,Medicago_sativa
10669,aug_209730809.png,Medicago_sativa
10670,aug_400095416.png,Medicago_sativa
10671,aug_203698685.png,Medicago_sativa
10672,aug_285655790.png,Medicago_sativa
10673,aug_140327037.png,Medicago_sativa
10674,aug_226037426.png,Medicago_sativa
10675,aug_293339651.png,Medicago_sativa
10676,aug_129703778.png,Medicago_sativa
10677,aug_21039317.png,Medicago_sativa
10678,aug_401409630.png,Medicago_sativa
10679,aug_525160455.png,Medicago_sativa
10680,aug_243568756.png,Medicago_sativa
10681,aug_394640893.png,Medicago_sativa
10682,aug_349092879.png,Medicago_sativa
10683,aug_396665150.png,Medicago_sativa
10684,aug_519382629.png,Medicago_sativa
10685,aug_287399852.png,Medicago_sativa
10686,aug_137610118.png,Medicago_sativa
10687,aug_226737741.png,Medicago_sativa
10688,aug_134183504.png,Medicago_sativa
10689,aug_287872988.png,Medicago_sativa
10690,aug_211284599.png,Medicago_sativa
10691,aug_197316213.png,Medicago_sativa
10692,aug_147593087.png,Medicago_sativa
10693,aug_395660502.png,Medicago_sativa
10694,aug_526290740.png,Medicago_sativa
10695,aug_43264655.png,Medicago_sativa
10696,aug_102129656.png,Medicago_sativa
10697,aug_516880671.png,Medicago_sativa
10698,aug_84734468.png,Medicago_sativa
10699,aug_233225875.png,Medicago_sativa
10700,aug_21900004.png,Medicago_sativa
10701,aug_81650390.png,Medicago_sativa
10702,aug_531039453.png,Medicago_sativa
10703,aug_84365192.png,Medicago_sativa
10704,aug_206642573.png,Medicago_sativa
10705,aug_146816217.png,Medicago_sativa
10706,aug_404273700.png,Medicago_sativa
10707,aug_81978124.png,Medicago_sativa
10708,aug_215356736.png,Medicago_sativa
10709,aug_144743605.png,Medicago_sativa
10710,aug_396515299.png,Medicago_sativa
10711,aug_517219792.png,Medicago_sativa
10712,aug_292845676.png,Medicago_sativa
10713,aug_303819205.png,Medicago_sativa
10714,aug_530791968.png,Medicago_sativa
10715,aug_137545611.png,Medicago_sativa
10716,aug_141601330.png,Medicago_sativa
10717,aug_289480185.png,Medicago_sativa
10718,aug_141299362.png,Medicago_sativa
10719,aug_46490502.png,Medicago_sativa
10720,aug_45693405.png,Medicago_sativa
10721,aug_292810644.png,Medicago_sativa
10722,aug_346271707.png,Medicago_sativa
10723,aug_290960381.png,Medicago_sativa
10724,aug_81677196.png,Medicago_sativa
10725,aug_522185281.png,Medicago_sativa
10726,aug_251390830.png,Medicago_sativa
10727,aug_301619162.png,Medicago_sativa
10728,aug_141025623.png,Medicago_sativa
10729,aug_150379164.png,Medicago_sativa
10730,aug_287682664.png,Medicago_sativa
10731,aug_136772358.png,Medicago_sativa
10732,aug_141981049.png,Medicago_sativa
10733,aug_414208920.png,Medicago_sativa
10734,aug_393736162.png,Medicago_sativa
10735,aug_86769003.png,Medicago_sativa
10736,aug_393899797.png,Medicago_sativa
10737,aug_294114745.png,Medicago_sativa
10738,aug_293098707.png,Medicago_sativa
10739,aug_208391091.png,Medicago_sativa
10740,aug_412196059.png,Medicago_sativa
10741,aug_412585300.png,Medicago_sativa
10742,aug_142272211.png,Medicago_sativa
10743,aug_86099899.png,Medicago_sativa
10744,aug_294150504.png,Medicago_sativa
10745,aug_290866634.png,Medicago_sativa
10746,aug_138788980.png,Medicago_sativa
10747,aug_147668171.png,Medicago_sativa
10748,aug_342838710.png,Medicago_sativa
10749,aug_399234446.png,Medicago_sativa
10750,aug_84478452.png,Medicago_sativa
10751,aug_293493269.png,Medicago_sativa
10752,aug_83280381.png,Medicago_sativa
10753,aug_307081232.png,Medicago_sativa
10754,aug_217239120.png,Medicago_sativa
10755,aug_204318486.png,Medicago_sativa
10756,aug_505489848.png,Medicago_sativa
10757,aug_207998119.png,Medicago_sativa
10758,aug_141838417.png,Medicago_sativa
10759,aug_21578323.png,Medicago_sativa
10760,aug_211557710.png,Medicago_sativa
10761,aug_82864075.png,Medicago_sativa
10762,aug_43569831.png,Medicago_sativa
10763,aug_531555204.png,Medicago_sativa
10764,aug_208332310.png,Medicago_sativa
10765,aug_129662036.png,Medicago_sativa
10766,aug_398695431.png,Medicago_sativa
10767,aug_290267555.png,Medicago_sativa
10768,aug_294664120.png,Medicago_sativa
10769,aug_134939889.png,Medicago_sativa
10770,aug_150597228.png,Medicago_sativa
10771,aug_79944275.png,Medicago_sativa
10772,aug_139334198.png,Medicago_sativa
10773,aug_209261218.png,Medicago_sativa
10774,aug_169891321.png,Medicago_sativa
10775,aug_289275579.png,Medicago_sativa
10776,aug_213393557.png,Medicago_sativa
10777,aug_390482079.png,Medicago_sativa
10778,aug_134385732.png,Medicago_sativa
10779,aug_210956014.png,Medicago_sativa
10780,aug_294828122.png,Medicago_sativa
10781,aug_133876673.png,Medicago_sativa
10782,aug_349346912.png,Medicago_sativa
10783,aug_45092555.png,Medicago_sativa
10784,aug_289807905.png,Medicago_sativa
10785,aug_403710417.png,Medicago_sativa
10786,aug_140543266.png,Medicago_sativa
10787,aug_289158781.png,Medicago_sativa
10788,aug_531447948.png,Medicago_sativa
10789,aug_409292055.png,Medicago_sativa
10790,aug_524633044.png,Medicago_sativa
10791,aug_212629900.png,Medicago_sativa
10792,aug_411205320.png,Medicago_sativa
10793,aug_226738528.png,Medicago_sativa
10794,aug_299366535.png,Medicago_sativa
10795,aug_85408066.png,Medicago_sativa
10796,aug_139057225.png,Medicago_sativa
10797,aug_204697406.png,Medicago_sativa
10798,aug_295807402.png,Medicago_sativa
10799,aug_218017387.png,Medicago_sativa
10800,aug_531902368.png,Medicago_sativa
10801,aug_136851178.png,Medicago_sativa
10802,aug_143264394.png,Medicago_sativa
10803,aug_319230455.png,Medicago_sativa
10804,aug_204368981.png,Medicago_sativa
10805,aug_66193221.png,Medicago_sativa
10806,aug_523928885.png,Medicago_sativa
10807,aug_209082025.png,Medicago_sativa
10808,aug_204480583.png,Medicago_sativa
10809,aug_99659423.png,Medicago_sativa
10810,aug_523212911.png,Medicago_sativa
10811,aug_147922764.png,Medicago_sativa
10812,aug_84138727.png,Medicago_sativa
10813,aug_79200388.png,Medicago_sativa
10814,aug_289111473.png,Medicago_sativa
10815,aug_370762702.png,Medicago_sativa
10816,aug_76607287.png,Medicago_sativa
10817,aug_213474006.png,Medicago_sativa
10818,aug_80937961.png,Medicago_sativa
10819,aug_78903431.png,Medicago_sativa
10820,aug_401932068.png,Medicago_sativa
10821,aug_394509703.png,Medicago_sativa
10822,aug_288358381.png,Medicago_sativa
10823,aug_405606327.png,Medicago_sativa
10824,aug_145057233.png,Medicago_sativa
10825,aug_79658226.png,Medicago_sativa
10826,aug_209826017.png,Medicago_sativa
10827,aug_86747643.png,Medicago_sativa
10828,aug_61139075.png,Medicago_sativa
10829,aug_207866341.png,Medicago_sativa
10830,aug_79198906.png,Medicago_sativa
10831,aug_393157565.png,Medicago_sativa
10832,aug_297149982.png,Medicago_sativa
10833,aug_142404798.png,Medicago_sativa
10834,aug_522037296.png,Medicago_sativa
10835,aug_75751591.png,Medicago_sativa
10836,aug_87217766.png,Medicago_sativa
10837,aug_521617498.png,Medicago_sativa
10838,aug_353739847.png,Medicago_sativa
10839,aug_142495118.png,Medicago_sativa
10840,aug_136880301.png,Medicago_sativa
10841,aug_403909072.png,Medicago_sativa
10842,aug_84864014.png,Medicago_sativa
10843,aug_142195477.png,Medicago_sativa
10844,aug_532083134.png,Medicago_sativa
10845,aug_144551491.png,Medicago_sativa
10846,aug_218220311.png,Medicago_sativa
10847,aug_83875557.png,Medicago_sativa
10848,aug_140282165.png,Medicago_sativa
10849,aug_81797958.png,Medicago_sativa
10850,aug_297281309.png,Medicago_sativa
10851,aug_281108945.png,Medicago_sativa
10852,aug_137684406.png,Medicago_sativa
10853,aug_212053088.png,Medicago_sativa
10854,aug_78765237.png,Medicago_sativa
10855,aug_404769295.png,Medicago_sativa
10856,aug_423258053.png,Medicago_sativa
10857,aug_91745278.png,Medicago_sativa
10858,aug_163235505.png,Medicago_sativa
10859,aug_291873008.png,Medicago_sativa
10860,aug_363252174.png,Medicago_sativa
10861,aug_303060480.png,Medicago_sativa
10862,aug_86187669.png,Medicago_sativa
10863,aug_140562718.png,Medicago_sativa
10864,aug_21930379.png,Medicago_sativa
10865,aug_132672349.png,Medicago_sativa
10866,aug_285886927.png,Medicago_sativa
10867,aug_403304093.png,Medicago_sativa
10868,aug_44123088.png,Medicago_sativa
10869,aug_208123156.png,Medicago_sativa
10870,aug_212802749.png,Medicago_sativa
10871,aug_409183482.png,Medicago_sativa
10872,aug_412462019.png,Medicago_sativa
10873,aug_132026656.png,Medicago_sativa
10874,aug_516583659.png,Medicago_sativa
10875,aug_208740467.png,Medicago_sativa
10876,aug_518410232.png,Medicago_sativa
10877,aug_39952457.png,Medicago_sativa
10878,aug_80374512.png,Medicago_sativa
10879,aug_85917931.png,Medicago_sativa
10880,aug_213514661.png,Medicago_sativa
10881,aug_22261278.png,Medicago_sativa
10882,aug_43431130.png,Medicago_sativa
10883,aug_138612770.png,Medicago_sativa
10884,aug_350230648.png,Medicago_sativa
10885,aug_42834610.png,Medicago_sativa
10886,aug_82819778.png,Medicago_sativa
10887,aug_335758685.png,Medicago_sativa
10888,aug_45451312.png,Medicago_sativa
10889,aug_517342848.png,Medicago_sativa
10890,aug_217637458.png,Medicago_sativa
10891,aug_44815865.png,Medicago_sativa
10892,aug_282317910.png,Medicago_sativa
10893,aug_210332038.png,Medicago_sativa
10894,aug_523262228.png,Medicago_sativa
10895,aug_202984552.png,Medicago_sativa
10896,aug_298339393.png,Medicago_sativa
10897,aug_531959501.png,Medicago_sativa
10898,aug_140424373.png,Medicago_sativa
10899,aug_145038443.png,Medicago_sativa
10900,aug_43539161.png,Medicago_sativa
10901,aug_218987737.png,Medicago_sativa
10902,aug_249620946.png,Medicago_sativa
10903,aug_79397285.png,Medicago_sativa
10904,aug_207203159.png,Medicago_sativa
10905,aug_41271972.png,Medicago_sativa
10906,aug_147202245.png,Medicago_sativa
10907,aug_30276119.png,Medicago_sativa
10908,aug_287919693.png,Medicago_sativa
10909,aug_396386995.png,Medicago_sativa
10910,aug_139051264.png,Medicago_sativa
10911,aug_145310566.png,Medicago_sativa
10912,aug_80303686.png,Medicago_sativa
10913,aug_210572395.png,Medicago_sativa
10914,aug_41513509.png,Medicago_sativa
10915,aug_139988595.png,Medicago_sativa
10916,aug_298473010.png,Medicago_sativa
10917,aug_139492790.png,Medicago_sativa
10918,aug_20628073.png,Medicago_sativa
10919,aug_311024057.png,Medicago_sativa
10920,aug_216354512.png,Medicago_sativa
10921,aug_393388012.png,Medicago_sativa
10922,aug_290071236.png,Medicago_sativa
10923,aug_135123751.png,Medicago_sativa
10924,aug_296234661.png,Medicago_sativa
10925,aug_134093550.png,Medicago_sativa
10926,aug_529919497.png,Medicago_sativa
10927,aug_207140145.png,Medicago_sativa
10928,aug_527102405.png,Medicago_sativa
10929,aug_399168471.png,Medicago_sativa
10930,aug_391951927.png,Medicago_sativa
10931,aug_77562426.png,Medicago_sativa
10932,aug_307379106.png,Medicago_sativa
10933,aug_142255159.png,Medicago_sativa
10934,aug_42694353.png,Medicago_sativa
10935,aug_210953698.png,Medicago_sativa
10936,aug_390952191.png,Sisybirum_loeselii
10937,aug_290514905.png,Sisybirum_loeselii
10938,aug_389967448.png,Sisybirum_loeselii
10939,aug_147966615.png,Sisybirum_loeselii
10940,aug_530373255.png,Sisybirum_loeselii
10941,aug_415464363.png,Sisybirum_loeselii
10942,aug_295160459.png,Sisybirum_loeselii
10943,aug_45971752.png,Sisybirum_loeselii
10944,aug_79194577.png,Sisybirum_loeselii
10945,aug_396237963.png,Sisybirum_loeselii
10946,aug_76640505.png,Sisybirum_loeselii
10947,aug_526736998.png,Sisybirum_loeselii
10948,aug_217806824.png,Sisybirum_loeselii
10949,aug_215508158.png,Sisybirum_loeselii
10950,aug_305888180.png,Sisybirum_loeselii
10951,aug_248426607.png,Sisybirum_loeselii
10952,aug_405623436.png,Sisybirum_loeselii
10953,aug_204229914.png,Sisybirum_loeselii
10954,aug_291692480.png,Sisybirum_loeselii
10955,aug_138450417.png,Sisybirum_loeselii
10956,aug_142244942.png,Sisybirum_loeselii
10957,aug_77974317.png,Sisybirum_loeselii
10958,aug_416199797.png,Sisybirum_loeselii
10959,aug_409938292.png,Sisybirum_loeselii
10960,aug_206631543.png,Sisybirum_loeselii
10961,aug_392688785.png,Sisybirum_loeselii
10962,aug_529048354.png,Sisybirum_loeselii
10963,aug_242036680.png,Sisybirum_loeselii
10964,aug_77534229.png,Sisybirum_loeselii
10965,aug_417803367.png,Sisybirum_loeselii
10966,aug_143759903.png,Sisybirum_loeselii
10967,aug_296655621.png,Sisybirum_loeselii
10968,aug_202492763.png,Sisybirum_loeselii
10969,aug_137407203.png,Sisybirum_loeselii
10970,aug_21362205.png,Sisybirum_loeselii
10971,aug_208148500.png,Sisybirum_loeselii
10972,aug_425597041.png,Sisybirum_loeselii
10973,aug_407577141.png,Sisybirum_loeselii
10974,aug_141674872.png,Sisybirum_loeselii
10975,aug_475147299.png,Sisybirum_loeselii
10976,aug_533133828.png,Sisybirum_loeselii
10977,aug_213155086.png,Sisybirum_loeselii
10978,aug_531853217.png,Sisybirum_loeselii
10979,aug_301661611.png,Sisybirum_loeselii
10980,aug_464019567.png,Sisybirum_loeselii
10981,aug_228116068.png,Sisybirum_loeselii
10982,aug_214364599.png,Sisybirum_loeselii
10983,aug_215101348.png,Sisybirum_loeselii
10984,aug_285687919.png,Sisybirum_loeselii
10985,aug_287860617.png,Sisybirum_loeselii
10986,aug_302440145.png,Sisybirum_loeselii
10987,aug_422805984.png,Sisybirum_loeselii
10988,aug_8452319.png,Sisybirum_loeselii
10989,aug_206465406.png,Sisybirum_loeselii
10990,aug_288961883.png,Sisybirum_loeselii
10991,aug_520860737.png,Sisybirum_loeselii
10992,aug_202603248.png,Sisybirum_loeselii
10993,aug_206283678.png,Sisybirum_loeselii
10994,aug_217939031.png,Sisybirum_loeselii
10995,aug_29301686.png,Sisybirum_loeselii
10996,aug_312421176.png,Sisybirum_loeselii
10997,aug_523693655.png,Sisybirum_loeselii
10998,aug_522576579.png,Sisybirum_loeselii
10999,aug_78640683.png,Sisybirum_loeselii
11000,aug_401447147.png,Sisybirum_loeselii
11001,aug_397534612.png,Sisybirum_loeselii
11002,aug_394396754.png,Sisybirum_loeselii
11003,aug_213430133.png,Sisybirum_loeselii
11004,aug_314516270.png,Sisybirum_loeselii
11005,aug_206210672.png,Sisybirum_loeselii
11006,aug_79179776.png,Sisybirum_loeselii
11007,aug_203618472.png,Sisybirum_loeselii
11008,aug_77798105.png,Sisybirum_loeselii
11009,aug_298554540.png,Sisybirum_loeselii
11010,aug_296937590.png,Sisybirum_loeselii
11011,aug_202986728.png,Sisybirum_loeselii
11012,aug_402858652.png,Sisybirum_loeselii
11013,aug_100691593.png,Sisybirum_loeselii
11014,aug_292784883.png,Sisybirum_loeselii
11015,aug_314804065.png,Sisybirum_loeselii
11016,aug_288002218.png,Sisybirum_loeselii
11017,aug_525032572.png,Sisybirum_loeselii
11018,aug_293275905.png,Sisybirum_loeselii
11019,aug_520762926.png,Sisybirum_loeselii
11020,aug_207590514.png,Sisybirum_loeselii
11021,aug_391003193.png,Sisybirum_loeselii
11022,aug_89340286.png,Sisybirum_loeselii
11023,aug_151017373.png,Sisybirum_loeselii
11024,aug_306025328.png,Sisybirum_loeselii
11025,aug_517456668.png,Sisybirum_loeselii
11026,aug_45958797.png,Sisybirum_loeselii
11027,aug_516675181.png,Sisybirum_loeselii
11028,aug_151663143.png,Sisybirum_loeselii
11029,aug_400456643.png,Sisybirum_loeselii
11030,aug_286152799.png,Sisybirum_loeselii
11031,aug_212054280.png,Sisybirum_loeselii
11032,aug_135816761.png,Sisybirum_loeselii
11033,aug_212168024.png,Sisybirum_loeselii
11034,aug_409740436.png,Sisybirum_loeselii
11035,aug_214764026.png,Sisybirum_loeselii
11036,aug_45721023.png,Sisybirum_loeselii
11037,aug_517110591.png,Sisybirum_loeselii
11038,aug_525900952.png,Sisybirum_loeselii
11039,aug_206693565.png,Sisybirum_loeselii
11040,aug_144806121.png,Sisybirum_loeselii
11041,aug_225798424.png,Sisybirum_loeselii
11042,aug_517436628.png,Sisybirum_loeselii
11043,aug_391784600.png,Sisybirum_loeselii
11044,aug_181556283.png,Sisybirum_loeselii
11045,aug_393220463.png,Sisybirum_loeselii
11046,aug_399909365.png,Sisybirum_loeselii
11047,aug_138084987.png,Sisybirum_loeselii
11048,aug_223121642.png,Sisybirum_loeselii
11049,aug_9830454.png,Sisybirum_loeselii
11050,aug_158963010.png,Sisybirum_loeselii
11051,aug_223861367.png,Sisybirum_loeselii
11052,aug_526671660.png,Sisybirum_loeselii
11053,aug_301400366.png,Sisybirum_loeselii
11054,aug_305629011.png,Sisybirum_loeselii
11055,aug_405163962.png,Sisybirum_loeselii
11056,aug_92166446.png,Sisybirum_loeselii
11057,aug_413294004.png,Sisybirum_loeselii
11058,aug_391371133.png,Sisybirum_loeselii
11059,aug_45583049.png,Sisybirum_loeselii
11060,aug_149499424.png,Sisybirum_loeselii
11061,aug_299240421.png,Sisybirum_loeselii
11062,aug_287086328.png,Sisybirum_loeselii
11063,aug_215641696.png,Sisybirum_loeselii
11064,aug_44905861.png,Sisybirum_loeselii
11065,aug_81664713.png,Sisybirum_loeselii
11066,aug_287086382.png,Sisybirum_loeselii
11067,aug_138765030.png,Sisybirum_loeselii
11068,aug_154489493.png,Sisybirum_loeselii
11069,aug_412375456.png,Sisybirum_loeselii
11070,aug_81976482.png,Sisybirum_loeselii
11071,aug_143428511.png,Sisybirum_loeselii
11072,aug_523714914.png,Sisybirum_loeselii
11073,aug_135638683.png,Sisybirum_loeselii
11074,aug_307389839.png,Sisybirum_loeselii
11075,aug_209719879.png,Sisybirum_loeselii
11076,aug_286803509.png,Sisybirum_loeselii
11077,aug_463009805.png,Sisybirum_loeselii
11078,aug_428755341.png,Sisybirum_loeselii
11079,aug_399726072.png,Sisybirum_loeselii
11080,aug_419786095.png,Sisybirum_loeselii
11081,aug_423677577.png,Sisybirum_loeselii
11082,aug_84881721.png,Sisybirum_loeselii
11083,aug_517979230.png,Sisybirum_loeselii
11084,aug_526680705.png,Sisybirum_loeselii
11085,aug_421002171.png,Sisybirum_loeselii
11086,aug_417516317.png,Sisybirum_loeselii
11087,aug_213222714.png,Sisybirum_loeselii
11088,aug_218511227.png,Sisybirum_loeselii
11089,aug_294515566.png,Sisybirum_loeselii
11090,aug_203535270.png,Sisybirum_loeselii
11091,aug_147596773.png,Sisybirum_loeselii
11092,aug_77107331.png,Sisybirum_loeselii
11093,aug_520119715.png,Sisybirum_loeselii
11094,aug_390102512.png,Sisybirum_loeselii
11095,aug_216893517.png,Sisybirum_loeselii
11096,aug_400948613.png,Sisybirum_loeselii
11097,aug_527427869.png,Sisybirum_loeselii
11098,aug_133932361.png,Sisybirum_loeselii
11099,aug_516779676.png,Sisybirum_loeselii
11100,aug_436667362.png,Sisybirum_loeselii
11101,aug_150311930.png,Sisybirum_loeselii
11102,aug_140780200.png,Sisybirum_loeselii
11103,aug_143721338.png,Sisybirum_loeselii
11104,aug_287086216.png,Sisybirum_loeselii
11105,aug_423003009.png,Sisybirum_loeselii
11106,aug_532948958.png,Sisybirum_loeselii
11107,aug_532456482.png,Sisybirum_loeselii
11108,aug_300002291.png,Sisybirum_loeselii
11109,aug_237192998.png,Sisybirum_loeselii
11110,aug_317776936.png,Sisybirum_loeselii
11111,aug_286724558.png,Sisybirum_loeselii
11112,aug_79942551.png,Sisybirum_loeselii
11113,aug_205884828.png,Sisybirum_loeselii
11114,aug_529258678.png,Sisybirum_loeselii
11115,aug_521028722.png,Sisybirum_loeselii
11116,aug_514111961.png,Sisybirum_loeselii
11117,aug_88628296.png,Sisybirum_loeselii
11118,aug_214387903.png,Sisybirum_loeselii
11119,aug_207238355.png,Sisybirum_loeselii
11120,aug_206716436.png,Sisybirum_loeselii
11121,aug_203718260.png,Sisybirum_loeselii
11122,aug_143549444.png,Sisybirum_loeselii
11123,aug_442852544.png,Sisybirum_loeselii
11124,aug_519110305.png,Sisybirum_loeselii
11125,aug_435774035.png,Sisybirum_loeselii
11126,aug_532583232.png,Sisybirum_loeselii
11127,aug_78998640.png,Sisybirum_loeselii
11128,aug_517769098.png,Sisybirum_loeselii
11129,aug_94101082.png,Sisybirum_loeselii
11130,aug_311486921.png,Sisybirum_loeselii
11131,aug_206153813.png,Sisybirum_loeselii
11132,aug_285683624.png,Sisybirum_loeselii
11133,aug_302610855.png,Sisybirum_loeselii
11134,aug_414733915.png,Sisybirum_loeselii
11135,aug_289121954.png,Sisybirum_loeselii
11136,aug_78596199.png,Sisybirum_loeselii
11137,aug_336777008.png,Sisybirum_loeselii
11138,aug_265375299.png,Sisybirum_loeselii
11139,aug_47439215.png,Sisybirum_loeselii
11140,aug_523200641.png,Sisybirum_loeselii
11141,aug_425024908.png,Sisybirum_loeselii
11142,aug_79730642.png,Sisybirum_loeselii
11143,aug_45093519.png,Sisybirum_loeselii
11144,aug_80556793.png,Sisybirum_loeselii
11145,aug_77760162.png,Sisybirum_loeselii
11146,aug_447472653.png,Sisybirum_loeselii
11147,aug_92535547.png,Sisybirum_loeselii
11148,aug_401924772.png,Sisybirum_loeselii
11149,aug_299602579.png,Sisybirum_loeselii
11150,aug_403812241.png,Sisybirum_loeselii
11151,aug_24025911.png,Sisybirum_loeselii
11152,aug_142642282.png,Sisybirum_loeselii
11153,aug_140168586.png,Sisybirum_loeselii
11154,aug_212075561.png,Sisybirum_loeselii
11155,aug_206952587.png,Sisybirum_loeselii
11156,aug_293327972.png,Sisybirum_loeselii
11157,aug_516769616.png,Sisybirum_loeselii
11158,aug_403635337.png,Sisybirum_loeselii
11159,aug_82400069.png,Sisybirum_loeselii
11160,aug_210705175.png,Sisybirum_loeselii
11161,aug_527115796.png,Sisybirum_loeselii
11162,aug_285682878.png,Sisybirum_loeselii
11163,aug_206561245.png,Sisybirum_loeselii
11164,aug_295669405.png,Sisybirum_loeselii
11165,aug_530450393.png,Sisybirum_loeselii
11166,aug_82234096.png,Sisybirum_loeselii
11167,aug_297573897.png,Sisybirum_loeselii
11168,aug_395969078.png,Sisybirum_loeselii
11169,aug_214800714.png,Sisybirum_loeselii
11170,aug_80388062.png,Sisybirum_loeselii
11171,aug_211154161.png,Sisybirum_loeselii
11172,aug_77098056.png,Sisybirum_loeselii
11173,aug_218011483.png,Sisybirum_loeselii
11174,aug_206632083.png,Sisybirum_loeselii
11175,aug_139276301.png,Sisybirum_loeselii
11176,aug_91879057.png,Sisybirum_loeselii
11177,aug_405196790.png,Sisybirum_loeselii
11178,aug_144169446.png,Sisybirum_loeselii
11179,aug_532097278.png,Sisybirum_loeselii
11180,aug_287041848.png,Sisybirum_loeselii
11181,aug_218503336.png,Sisybirum_loeselii
11182,aug_219252397.png,Sisybirum_loeselii
11183,aug_523200452.png,Sisybirum_loeselii
11184,aug_411081132.png,Sisybirum_loeselii
11185,aug_287720049.png,Sisybirum_loeselii
11186,aug_285688189.png,Sisybirum_loeselii
11187,aug_86691603.png,Sisybirum_loeselii
11188,aug_415958323.png,Sisybirum_loeselii
11189,aug_265410472.png,Sisybirum_loeselii
11190,aug_77533865.png,Sisybirum_loeselii
11191,aug_285681360.png,Sisybirum_loeselii
11192,aug_519028599.png,Sisybirum_loeselii
11193,aug_287085961.png,Sisybirum_loeselii
11194,aug_306136653.png,Sisybirum_loeselii
11195,aug_421038078.png,Sisybirum_loeselii
11196,aug_289121808.png,Sisybirum_loeselii
11197,aug_91879255.png,Sisybirum_loeselii
11198,aug_285572233.png,Sisybirum_loeselii
11199,aug_424473880.png,Sisybirum_loeselii
11200,aug_286309866.png,Sisybirum_loeselii
11201,aug_390027553.png,Sisybirum_loeselii
11202,aug_406374809.png,Sisybirum_loeselii
11203,aug_411223896.png,Sisybirum_loeselii
11204,aug_44968781.png,Sisybirum_loeselii
11205,aug_84685499.png,Sisybirum_loeselii
11206,aug_81664118.png,Sisybirum_loeselii
11207,aug_527401116.png,Sisybirum_loeselii
11208,aug_289966278.png,Sisybirum_loeselii
11209,aug_287041668.png,Sisybirum_loeselii
11210,aug_526311992.png,Sisybirum_loeselii
11211,aug_533717857.png,Sisybirum_loeselii
11212,aug_286702840.png,Sisybirum_loeselii
11213,aug_325175310.png,Sisybirum_loeselii
11214,aug_412278465.png,Sisybirum_loeselii
11215,aug_210973558.png,Sisybirum_loeselii
11216,aug_285510898.png,Sisybirum_loeselii
11217,aug_302609431.png,Sisybirum_loeselii
11218,aug_87272024.png,Sisybirum_loeselii
11219,aug_532040715.png,Sisybirum_loeselii
11220,aug_517376270.png,Sisybirum_loeselii
11221,aug_389188174.png,Sisybirum_loeselii
11222,aug_86677188.png,Sisybirum_loeselii
11223,aug_400489316.png,Sisybirum_loeselii
11224,aug_514823865.png,Sisybirum_loeselii
11225,aug_89672455.png,Sisybirum_loeselii
11226,aug_290648953.png,Sisybirum_loeselii
11227,aug_409939147.png,Sisybirum_loeselii
11228,aug_81825688.png,Sisybirum_loeselii
11229,aug_518473981.png,Sisybirum_loeselii
11230,aug_519034299.png,Sisybirum_loeselii
11231,aug_524512546.png,Sisybirum_loeselii
11232,aug_393867504.png,Sisybirum_loeselii
11233,aug_80933286.png,Sisybirum_loeselii
11234,aug_85404250.png,Sisybirum_loeselii
11235,aug_521618462.png,Sisybirum_loeselii
11236,aug_209195371.png,Sisybirum_loeselii
11237,aug_23653411.png,Sisybirum_loeselii
11238,aug_142109854.png,Sisybirum_loeselii
11239,aug_522131157.png,Sisybirum_loeselii
11240,aug_298562173.png,Sisybirum_loeselii
11241,aug_293808935.png,Sisybirum_loeselii
11242,aug_206695080.png,Sisybirum_loeselii
11243,aug_463233787.png,Sisybirum_loeselii
11244,aug_414605641.png,Sisybirum_loeselii
11245,aug_303135687.png,Sisybirum_loeselii
11246,aug_142918823.png,Sisybirum_loeselii
11247,aug_285691157.png,Sisybirum_loeselii
11248,aug_2286946.png,Sisybirum_loeselii
11249,aug_145184868.png,Sisybirum_loeselii
11250,aug_532078895.png,Sisybirum_loeselii
11251,aug_143207209.png,Sisybirum_loeselii
11252,aug_154362407.png,Sisybirum_loeselii
11253,aug_218553693.png,Sisybirum_loeselii
11254,aug_87196454.png,Sisybirum_loeselii
11255,aug_47834849.png,Sisybirum_loeselii
11256,aug_79865110.png,Sisybirum_loeselii
11257,aug_305288163.png,Sisybirum_loeselii
11258,aug_515967786.png,Sisybirum_loeselii
11259,aug_525831325.png,Sisybirum_loeselii
11260,aug_533711217.png,Sisybirum_loeselii
11261,aug_431189495.png,Sisybirum_loeselii
11262,aug_452112654.png,Sisybirum_loeselii
11263,aug_396341341.png,Sisybirum_loeselii
11264,aug_407582397.png,Sisybirum_loeselii
11265,aug_394666861.png,Sisybirum_loeselii
11266,aug_394811283.png,Sisybirum_loeselii
11267,aug_152084206.png,Sisybirum_loeselii
11268,aug_202979909.png,Sisybirum_loeselii
11269,aug_526298181.png,Sisybirum_loeselii
11270,aug_394271035.png,Sisybirum_loeselii
11271,aug_146439542.png,Sisybirum_loeselii
11272,aug_421377780.png,Sisybirum_loeselii
11273,aug_305288225.png,Sisybirum_loeselii
11274,aug_42640522.png,Sisybirum_loeselii
11275,aug_425177443.png,Sisybirum_loeselii
11276,aug_151915198.png,Sisybirum_loeselii
11277,aug_217538787.png,Sisybirum_loeselii
11278,aug_300568763.png,Sisybirum_loeselii
11279,aug_219235039.png,Sisybirum_loeselii
11280,aug_78414799.png,Sisybirum_loeselii
11281,aug_296799525.png,Sisybirum_loeselii
11282,aug_417653353.png,Sisybirum_loeselii
11283,aug_399253665.png,Sisybirum_loeselii
11284,aug_286022016.png,Sisybirum_loeselii
11285,aug_140207650.png,Sisybirum_loeselii
11286,aug_289121649.png,Sisybirum_loeselii
11287,aug_396563066.png,Sisybirum_loeselii
11288,aug_80202786.png,Sisybirum_loeselii
11289,aug_308877258.png,Sisybirum_loeselii
11290,aug_308913587.png,Sisybirum_loeselii
11291,aug_413639171.png,Sisybirum_loeselii
11292,aug_305288364.png,Sisybirum_loeselii
11293,aug_289000720.png,Sisybirum_loeselii
11294,aug_87156084.png,Sisybirum_loeselii
11295,aug_394418843.png,Sisybirum_loeselii
11296,aug_287086426.png,Sisybirum_loeselii
11297,aug_286124943.png,Sisybirum_loeselii
11298,aug_305219209.png,Sisybirum_loeselii
11299,aug_181558220.png,Sisybirum_loeselii
11300,aug_90474980.png,Sisybirum_loeselii
11301,aug_524152669.png,Sisybirum_loeselii
11302,aug_204859120.png,Sisybirum_loeselii
11303,aug_390957792.png,Sisybirum_loeselii
11304,aug_149294233.png,Sisybirum_loeselii
11305,aug_285690002.png,Sisybirum_loeselii
11306,aug_393074629.png,Sisybirum_loeselii
11307,aug_522211998.png,Sisybirum_loeselii
11308,aug_390584546.png,Sisybirum_loeselii
11309,aug_313236243.png,Sisybirum_loeselii
11310,aug_82477263.png,Sisybirum_loeselii
11311,aug_290393292.png,Sisybirum_loeselii
11312,aug_81666023.png,Sisybirum_loeselii
11313,aug_22185295.png,Sisybirum_loeselii
11314,aug_530944902.png,Sisybirum_loeselii
11315,aug_294792454.png,Sisybirum_loeselii
11316,aug_146730159.png,Sisybirum_loeselii
11317,aug_390527193.png,Sisybirum_loeselii
11318,aug_314513685.png,Sisybirum_loeselii
11319,aug_285827264.png,Sisybirum_loeselii
11320,aug_302607919.png,Sisybirum_loeselii
11321,aug_287286898.png,Sisybirum_loeselii
11322,aug_425680388.png,Sisybirum_loeselii
11323,aug_518538023.png,Sisybirum_loeselii
11324,aug_533966043.png,Sisybirum_loeselii
11325,aug_526731747.png,Sisybirum_loeselii
11326,aug_522637371.png,Sisybirum_loeselii
11327,aug_204228714.png,Sisybirum_loeselii
11328,aug_92346968.png,Sisybirum_loeselii
11329,aug_306185118.png,Sisybirum_loeselii
11330,aug_514400828.png,Sisybirum_loeselii
11331,aug_389267480.png,Sisybirum_loeselii
11332,aug_468132746.png,Sisybirum_loeselii
11333,aug_231215681.png,Sisybirum_loeselii
11334,aug_417937621.png,Sisybirum_loeselii
11335,aug_289128301.png,Sisybirum_loeselii
11336,aug_86235243.png,Sisybirum_loeselii
11337,aug_138979943.png,Sisybirum_loeselii
11338,aug_286310024.png,Sisybirum_loeselii
11339,aug_226767432.png,Sisybirum_loeselii
11340,aug_210682850.png,Sisybirum_loeselii
11341,aug_412404078.png,Sisybirum_loeselii
11342,aug_287086258.png,Sisybirum_loeselii
11343,aug_403692836.png,Sisybirum_loeselii
11344,aug_79766125.png,Sisybirum_loeselii
11345,aug_527892234.png,Sisybirum_loeselii
11346,aug_147147094.png,Sisybirum_loeselii
11347,aug_212030584.png,Sisybirum_loeselii
11348,aug_79645182.png,Sisybirum_loeselii
11349,aug_153792655.png,Sisybirum_loeselii
11350,aug_182207114.png,Sisybirum_loeselii
11351,aug_302610750.png,Sisybirum_loeselii
11352,aug_307559404.png,Sisybirum_loeselii
11353,aug_289062518.png,Sisybirum_loeselii
11354,aug_400689510.png,Sisybirum_loeselii
11355,aug_403934452.png,Sisybirum_loeselii
11356,aug_44403507.png,Sisybirum_loeselii
11357,aug_396321522.png,Sisybirum_loeselii
11358,aug_90384557.png,Sisybirum_loeselii
11359,aug_23653863.png,Sisybirum_loeselii
11360,aug_424308645.png,Sisybirum_loeselii
11361,aug_410220653.png,Sisybirum_loeselii
11362,aug_291440402.png,Sisybirum_loeselii
11363,aug_397163530.png,Sisybirum_loeselii
11364,aug_531412735.png,Sisybirum_loeselii
11365,aug_525455723.png,Sisybirum_loeselii
11366,aug_428780093.png,Sisybirum_loeselii
11367,aug_519019725.png,Sisybirum_loeselii
11368,aug_401344407.png,Sisybirum_loeselii
11369,aug_394052462.png,Sisybirum_loeselii
11370,aug_210904998.png,Sisybirum_loeselii
11371,aug_522657339.png,Sisybirum_loeselii
11372,aug_205256183.png,Sisybirum_loeselii
11373,aug_392209322.png,Sisybirum_loeselii
11374,aug_289121519.png,Sisybirum_loeselii
11375,aug_224368401.png,Sisybirum_loeselii
11376,aug_204313537.png,Sisybirum_loeselii
11377,aug_80073099.png,Sisybirum_loeselii
11378,aug_515007064.png,Sisybirum_loeselii
11379,aug_81432910.png,Sisybirum_loeselii
11380,aug_513968299.png,Sisybirum_loeselii
11381,aug_137973188.png,Sisybirum_loeselii
11382,aug_151913650.png,Sisybirum_loeselii
11383,aug_210166712.png,Sisybirum_loeselii
11384,aug_521966211.png,Sisybirum_loeselii
11385,aug_286309974.png,Sisybirum_loeselii
11386,aug_207183347.png,Sisybirum_loeselii
11387,aug_312003939.png,Sisybirum_loeselii
11388,aug_204466079.png,Sisybirum_loeselii
11389,aug_305219140.png,Sisybirum_loeselii
11390,aug_405196561.png,Sisybirum_loeselii
11391,aug_312036758.png,Sisybirum_loeselii
11392,aug_403924834.png,Sisybirum_loeselii
11393,aug_519827870.png,Sisybirum_loeselii
11394,aug_257844505.png,Sisybirum_loeselii
11395,aug_305288305.png,Sisybirum_loeselii
11396,aug_204961140.png,Sisybirum_loeselii
11397,aug_226172660.png,Sisybirum_loeselii
11398,aug_221367476.png,Sisybirum_loeselii
11399,aug_77345372.png,Sisybirum_loeselii
11400,aug_83685522.png,Sisybirum_loeselii
11401,aug_290345899.png,Sisybirum_loeselii
11402,aug_398506536.png,Sisybirum_loeselii
11403,aug_322810674.png,Sisybirum_loeselii
11404,aug_45699126.png,Sisybirum_loeselii
11405,aug_287766901.png,Sisybirum_loeselii
11406,aug_306147443.png,Sisybirum_loeselii
11407,aug_529470179.png,Sisybirum_loeselii
11408,aug_532133904.png,Sisybirum_loeselii
11409,aug_533078897.png,Sisybirum_loeselii
11410,aug_301336482.png,Sisybirum_loeselii
11411,aug_213437693.png,Sisybirum_loeselii
11412,aug_291013996.png,Sisybirum_loeselii
11413,aug_288234677.png,Sisybirum_loeselii
11414,aug_412410396.png,Sisybirum_loeselii
11415,aug_225798050.png,Sisybirum_loeselii
11416,aug_412465611.png,Sisybirum_loeselii
11417,aug_409747513.png,Sisybirum_loeselii
11418,aug_398710878.png,Sisybirum_loeselii
11419,aug_80193209.png,Sisybirum_loeselii
11420,aug_401704764.png,Sisybirum_loeselii
11421,aug_403859826.png,Sisybirum_loeselii
11422,aug_286310096.png,Sisybirum_loeselii
11423,aug_209725065.png,Sisybirum_loeselii
11424,aug_296944375.png,Sisybirum_loeselii
11425,aug_135500644.png,Sisybirum_loeselii
11426,aug_43581903.png,Sisybirum_loeselii
11427,aug_287086300.png,Sisybirum_loeselii
11428,aug_78640591.png,Sisybirum_loeselii
11429,aug_136667085.png,Sisybirum_loeselii
11430,aug_203066291.png,Sisybirum_loeselii
11431,aug_532713424.png,Sisybirum_loeselii
11432,aug_211593831.png,Sisybirum_loeselii
11433,aug_148320124.png,Sisybirum_loeselii
11434,aug_206631165.png,Sisybirum_loeselii
11435,aug_425239842.png,Sisybirum_loeselii
11436,aug_392075946.png,Sisybirum_loeselii
11437,aug_207486312.png,Sisybirum_loeselii
11438,aug_424318448.png,Sisybirum_loeselii
11439,aug_530797550.png,Sisybirum_loeselii
11440,aug_309793466.png,Sisybirum_loeselii
11441,aug_532609557.png,Sisybirum_loeselii
11442,aug_293940172.png,Sisybirum_loeselii
11443,aug_292514445.png,Sisybirum_loeselii
11444,aug_409075754.png,Sisybirum_loeselii
11445,aug_226065705.png,Sisybirum_loeselii
11446,aug_81664652.png,Sisybirum_loeselii
11447,aug_402678025.png,Sisybirum_loeselii
11448,aug_216123582.png,Sisybirum_loeselii
11449,aug_389103517.png,Sisybirum_loeselii
11450,aug_203732710.png,Sisybirum_loeselii
11451,aug_312421363.png,Sisybirum_loeselii
11452,aug_397510622.png,Sisybirum_loeselii
11453,aug_518538973.png,Sisybirum_loeselii
11454,aug_82954464.png,Sisybirum_loeselii
11455,aug_300566175.png,Sisybirum_loeselii
11456,aug_532698646.png,Sisybirum_loeselii
11457,aug_408187510.png,Sisybirum_loeselii
11458,aug_203078207.png,Sisybirum_loeselii
11459,aug_350024532.png,Sisybirum_loeselii
11460,aug_402228622.png,Sisybirum_loeselii
11461,aug_144325366.png,Sisybirum_loeselii
11462,aug_296944182.png,Sisybirum_loeselii
11463,aug_524692273.png,Sisybirum_loeselii
11464,aug_527820087.png,Sisybirum_loeselii
11465,aug_516779858.png,Sisybirum_loeselii
11466,aug_225075055.png,Sisybirum_loeselii
11467,aug_425003007.png,Sisybirum_loeselii
11468,aug_420202883.png,Sisybirum_loeselii
11469,aug_288002273.png,Sisybirum_loeselii
11470,aug_85183626.png,Sisybirum_loeselii
11471,aug_478908337.png,Sisybirum_loeselii
11472,aug_206870255.png,Sisybirum_loeselii
11473,aug_138373168.png,Sisybirum_loeselii
11474,aug_398851588.png,Sisybirum_loeselii
11475,aug_312446499.png,Sisybirum_loeselii
11476,aug_293845716.png,Sisybirum_loeselii
11477,aug_286310195.png,Sisybirum_loeselii
11478,aug_389628326.png,Sisybirum_loeselii
11479,aug_522222875.png,Sisybirum_loeselii
11480,aug_391594457.png,Sisybirum_loeselii
11481,aug_414365058.png,Sisybirum_loeselii
11482,aug_400454022.png,Sisybirum_loeselii
11483,aug_526187413.png,Sisybirum_loeselii
11484,aug_306015929.png,Sisybirum_loeselii
11485,aug_532141387.png,Sisybirum_loeselii
11486,aug_41624768.png,Sisybirum_loeselii
11487,aug_517135835.png,Sisybirum_loeselii
11488,aug_455921887.png,Sisybirum_loeselii
11489,aug_394866520.png,Sisybirum_loeselii
11490,aug_151046116.png,Sisybirum_loeselii
11491,aug_305826539.png,Sisybirum_loeselii
11492,aug_8771379.png,Sisybirum_loeselii
11493,aug_411555892.png,Sisybirum_loeselii
11494,aug_399599547.png,Sisybirum_loeselii
11495,aug_396271669.png,Sisybirum_loeselii
11496,aug_285677760.png,Sisybirum_loeselii
11497,aug_529548427.png,Sisybirum_loeselii
11498,aug_527389633.png,Sisybirum_loeselii
11499,aug_94003495.png,Sisybirum_loeselii
11500,aug_151547471.png,Sisybirum_loeselii
11501,aug_289502354.png,Sisybirum_loeselii
11502,aug_209725019.png,Sisybirum_loeselii
11503,aug_86099623.png,Sisybirum_loeselii
11504,aug_516386730.png,Sisybirum_loeselii
11505,aug_92058782.png,Sisybirum_loeselii
11506,aug_417438475.png,Sisybirum_loeselii
11507,aug_409940797.png,Sisybirum_loeselii
11508,aug_148562308.png,Sisybirum_loeselii
11509,aug_286125011.png,Sisybirum_loeselii
11510,aug_394135571.png,Sisybirum_loeselii
11511,aug_203270678.png,Sisybirum_loeselii
11512,aug_391364330.png,Sisybirum_loeselii
11513,aug_301336817.png,Sisybirum_loeselii
11514,aug_45341633.png,Sisybirum_loeselii
11515,aug_530451854.png,Sisybirum_loeselii
11516,aug_414716849.png,Sisybirum_loeselii
11517,aug_139015862.png,Sisybirum_loeselii
11518,aug_312446407.png,Sisybirum_loeselii
11519,aug_308578485.png,Sisybirum_loeselii
11520,aug_422858387.png,Sisybirum_loeselii
11521,aug_78640668.png,Sisybirum_loeselii
11522,aug_415674533.png,Sisybirum_loeselii
11523,aug_529484671.png,Sisybirum_loeselii
11524,aug_400952587.png,Sisybirum_loeselii
11525,aug_140110918.png,Sisybirum_loeselii
11526,aug_527423840.png,Sisybirum_loeselii
11527,aug_205884431.png,Sisybirum_loeselii
11528,aug_82731002.png,Sisybirum_loeselii
11529,aug_44685755.png,Sisybirum_loeselii
11530,aug_204500000.png,Sisybirum_loeselii
11531,aug_287086164.png,Sisybirum_loeselii
11532,aug_524517637.png,Sisybirum_loeselii
11533,aug_212395317.png,Sisybirum_loeselii
11534,aug_289348266.png,Sisybirum_loeselii
11535,aug_204480208.png,Sisybirum_loeselii
11536,aug_290149851.png,Sisybirum_loeselii
11537,aug_46404697.png,Sisybirum_loeselii
11538,aug_210133816.png,Sisybirum_loeselii
11539,aug_86677150.png,Sisybirum_loeselii
11540,aug_412436053.png,Sisybirum_loeselii
11541,aug_45583034.png,Sisybirum_loeselii
11542,aug_296974124.png,Sisybirum_loeselii
11543,aug_305288257.png,Sisybirum_loeselii
11544,aug_308269678.png,Sisybirum_loeselii
11545,aug_391615817.png,Sisybirum_loeselii
11546,aug_389548412.png,Sisybirum_loeselii
11547,aug_78614191.png,Sisybirum_loeselii
11548,aug_140183787.png,Sisybirum_loeselii
11549,aug_211873439.png,Sisybirum_loeselii
11550,aug_411855825.png,Sisybirum_loeselii
11551,aug_424121168.png,Sisybirum_loeselii
11552,aug_92037557.png,Sisybirum_loeselii
11553,aug_519268578.png,Sisybirum_loeselii
11554,aug_246590422.png,Sisybirum_loeselii
11555,aug_322958969.png,Sisybirum_loeselii
11556,aug_518077820.png,Sisybirum_loeselii
11557,aug_424826742.png,Sisybirum_loeselii
11558,aug_518995697.png,Sisybirum_loeselii
11559,aug_308900001.png,Sisybirum_loeselii
11560,aug_49530137.png,Sisybirum_loeselii
11561,aug_525870450.png,Sisybirum_loeselii
11562,aug_411925650.png,Sisybirum_loeselii
11563,aug_224055744.png,Sisybirum_loeselii
11564,aug_516778440.png,Sisybirum_loeselii
11565,aug_264732838.png,Sisybirum_loeselii
11566,aug_221748361.png,Sisybirum_loeselii
11567,aug_309412423.png,Sisybirum_loeselii
11568,aug_425173103.png,Sisybirum_loeselii
11569,aug_92612234.png,Sisybirum_loeselii
11570,aug_212221664.png,Sisybirum_loeselii
11571,aug_138627615.png,Sisybirum_loeselii
11572,aug_205353913.png,Sisybirum_loeselii
11573,aug_206597743.png,Sisybirum_loeselii
11574,aug_413694173.png,Sisybirum_loeselii
11575,aug_424338507.png,Sisybirum_loeselii
11576,aug_218304706.png,Sisybirum_loeselii
11577,aug_303823311.png,Sisybirum_loeselii
11578,aug_427244497.png,Sisybirum_loeselii
11579,aug_86795658.png,Sisybirum_loeselii
11580,aug_532469250.png,Sisybirum_loeselii
11581,aug_208098398.png,Sisybirum_loeselii
11582,aug_405063712.png,Sisybirum_loeselii
11583,aug_42982549.png,Sisybirum_loeselii
11584,aug_89780628.png,Sisybirum_loeselii
11585,aug_244789628.png,Sisybirum_loeselii
11586,aug_47179268.png,Sisybirum_loeselii
11587,aug_394421289.png,Sisybirum_loeselii
11588,aug_359617329.png,Sisybirum_loeselii
11589,aug_148170930.png,Sisybirum_loeselii
11590,aug_396386866.png,Sisybirum_loeselii
11591,aug_148322277.png,Sisybirum_loeselii
11592,aug_136152566.png,Sisybirum_loeselii
11593,aug_417666953.png,Sisybirum_loeselii
11594,aug_222232003.png,Sisybirum_loeselii
11595,aug_148438977.png,Sisybirum_loeselii
11596,aug_392789421.png,Sisybirum_loeselii
11597,aug_222737118.png,Sisybirum_loeselii
11598,aug_287041605.png,Sisybirum_loeselii
11599,aug_215545005.png,Tripleurospermum_inodorum
11600,aug_236995667.png,Tripleurospermum_inodorum
11601,aug_422113943.png,Tripleurospermum_inodorum
11602,aug_299014116.png,Tripleurospermum_inodorum
11603,aug_317927429.png,Tripleurospermum_inodorum
11604,aug_96361972.png,Tripleurospermum_inodorum
11605,aug_300554767.png,Tripleurospermum_inodorum
11606,aug_409899308.png,Tripleurospermum_inodorum
11607,aug_312432442.png,Tripleurospermum_inodorum
11608,aug_91372991.png,Tripleurospermum_inodorum
11609,aug_204489788.png,Tripleurospermum_inodorum
11610,aug_416294646.png,Tripleurospermum_inodorum
11611,aug_436307629.png,Tripleurospermum_inodorum
11612,aug_83345844.png,Tripleurospermum_inodorum
11613,aug_106276550.png,Tripleurospermum_inodorum
11614,aug_44490462.png,Tripleurospermum_inodorum
11615,aug_219292979.png,Tripleurospermum_inodorum
11616,aug_286293883.png,Tripleurospermum_inodorum
11617,aug_10571214.png,Tripleurospermum_inodorum
11618,aug_92200233.png,Tripleurospermum_inodorum
11619,aug_46678798.png,Tripleurospermum_inodorum
11620,aug_303329709.png,Tripleurospermum_inodorum
11621,aug_305635889.png,Tripleurospermum_inodorum
11622,aug_44822189.png,Tripleurospermum_inodorum
11623,aug_213370303.png,Tripleurospermum_inodorum
11624,aug_410448628.png,Tripleurospermum_inodorum
11625,aug_407980848.png,Tripleurospermum_inodorum
11626,aug_293103787.png,Tripleurospermum_inodorum
11627,aug_237965513.png,Tripleurospermum_inodorum
11628,aug_102504727.png,Tripleurospermum_inodorum
11629,aug_301023510.png,Tripleurospermum_inodorum
11630,aug_301656301.png,Tripleurospermum_inodorum
11631,aug_301645787.png,Tripleurospermum_inodorum
11632,aug_147897089.png,Tripleurospermum_inodorum
11633,aug_434815604.png,Tripleurospermum_inodorum
11634,aug_528904953.png,Tripleurospermum_inodorum
11635,aug_142434943.png,Tripleurospermum_inodorum
11636,aug_304344846.png,Tripleurospermum_inodorum
11637,aug_104051496.png,Tripleurospermum_inodorum
11638,aug_430408269.png,Tripleurospermum_inodorum
11639,aug_223634788.png,Tripleurospermum_inodorum
11640,aug_231333652.png,Tripleurospermum_inodorum
11641,aug_530264557.png,Tripleurospermum_inodorum
11642,aug_396865711.png,Tripleurospermum_inodorum
11643,aug_323976915.png,Tripleurospermum_inodorum
11644,aug_240608922.png,Tripleurospermum_inodorum
11645,aug_233996994.png,Tripleurospermum_inodorum
11646,aug_423624043.png,Tripleurospermum_inodorum
11647,aug_87544748.png,Tripleurospermum_inodorum
11648,aug_164397699.png,Tripleurospermum_inodorum
11649,aug_159709994.png,Tripleurospermum_inodorum
11650,aug_151619470.png,Tripleurospermum_inodorum
11651,aug_221778966.png,Tripleurospermum_inodorum
11652,aug_148155101.png,Tripleurospermum_inodorum
11653,aug_331038982.png,Tripleurospermum_inodorum
11654,aug_213182301.png,Tripleurospermum_inodorum
11655,aug_307599392.png,Tripleurospermum_inodorum
11656,aug_218915050.png,Tripleurospermum_inodorum
11657,aug_287092379.png,Tripleurospermum_inodorum
11658,aug_172533055.png,Tripleurospermum_inodorum
11659,aug_155294339.png,Tripleurospermum_inodorum
11660,aug_454101915.png,Tripleurospermum_inodorum
11661,aug_420628289.png,Tripleurospermum_inodorum
11662,aug_158364345.png,Tripleurospermum_inodorum
11663,aug_140915055.png,Tripleurospermum_inodorum
11664,aug_145893034.png,Tripleurospermum_inodorum
11665,aug_441397515.png,Tripleurospermum_inodorum
11666,aug_304936733.png,Tripleurospermum_inodorum
11667,aug_46014931.png,Tripleurospermum_inodorum
11668,aug_301673067.png,Tripleurospermum_inodorum
11669,aug_429775981.png,Tripleurospermum_inodorum
11670,aug_303282625.png,Tripleurospermum_inodorum
11671,aug_139949315.png,Tripleurospermum_inodorum
11672,aug_210586752.png,Tripleurospermum_inodorum
11673,aug_208811438.png,Tripleurospermum_inodorum
11674,aug_85259328.png,Tripleurospermum_inodorum
11675,aug_236106123.png,Tripleurospermum_inodorum
11676,aug_22214992.png,Tripleurospermum_inodorum
11677,aug_89943629.png,Tripleurospermum_inodorum
11678,aug_429879217.png,Tripleurospermum_inodorum
11679,aug_149076479.png,Tripleurospermum_inodorum
11680,aug_211612802.png,Tripleurospermum_inodorum
11681,aug_142215796.png,Tripleurospermum_inodorum
11682,aug_215361067.png,Tripleurospermum_inodorum
11683,aug_152490565.png,Tripleurospermum_inodorum
11684,aug_435900232.png,Tripleurospermum_inodorum
11685,aug_140735260.png,Tripleurospermum_inodorum
11686,aug_140324946.png,Tripleurospermum_inodorum
11687,aug_232720528.png,Tripleurospermum_inodorum
11688,aug_317920101.png,Tripleurospermum_inodorum
11689,aug_301022093.png,Tripleurospermum_inodorum
11690,aug_301763103.png,Tripleurospermum_inodorum
11691,aug_216787787.png,Tripleurospermum_inodorum
11692,aug_400299118.png,Tripleurospermum_inodorum
11693,aug_150698027.png,Tripleurospermum_inodorum
11694,aug_218245616.png,Tripleurospermum_inodorum
11695,aug_304344241.png,Tripleurospermum_inodorum
11696,aug_209912359.png,Tripleurospermum_inodorum
11697,aug_301025597.png,Tripleurospermum_inodorum
11698,aug_460967703.png,Tripleurospermum_inodorum
11699,aug_302472898.png,Tripleurospermum_inodorum
11700,aug_240939760.png,Tripleurospermum_inodorum
11701,aug_296847875.png,Tripleurospermum_inodorum
11702,aug_140139366.png,Tripleurospermum_inodorum
11703,aug_2096524.png,Tripleurospermum_inodorum
11704,aug_301375155.png,Tripleurospermum_inodorum
11705,aug_86103719.png,Tripleurospermum_inodorum
11706,aug_147922965.png,Tripleurospermum_inodorum
11707,aug_297963268.png,Tripleurospermum_inodorum
11708,aug_92555689.png,Tripleurospermum_inodorum
11709,aug_407596716.png,Tripleurospermum_inodorum
11710,aug_301665628.png,Tripleurospermum_inodorum
11711,aug_219458536.png,Tripleurospermum_inodorum
11712,aug_296425638.png,Tripleurospermum_inodorum
11713,aug_301025654.png,Tripleurospermum_inodorum
11714,aug_148101939.png,Tripleurospermum_inodorum
11715,aug_295358585.png,Tripleurospermum_inodorum
11716,aug_97115433.png,Tripleurospermum_inodorum
11717,aug_149216530.png,Tripleurospermum_inodorum
11718,aug_43837324.png,Tripleurospermum_inodorum
11719,aug_159308940.png,Tripleurospermum_inodorum
11720,aug_306592919.png,Tripleurospermum_inodorum
11721,aug_292212286.png,Tripleurospermum_inodorum
11722,aug_303631706.png,Tripleurospermum_inodorum
11723,aug_51974305.png,Tripleurospermum_inodorum
11724,aug_424336859.png,Tripleurospermum_inodorum
11725,aug_418695799.png,Tripleurospermum_inodorum
11726,aug_85033290.png,Tripleurospermum_inodorum
11727,aug_452156694.png,Tripleurospermum_inodorum
11728,aug_96931040.png,Tripleurospermum_inodorum
11729,aug_298133784.png,Tripleurospermum_inodorum
11730,aug_51156834.png,Tripleurospermum_inodorum
11731,aug_457115867.png,Tripleurospermum_inodorum
11732,aug_45461194.png,Tripleurospermum_inodorum
11733,aug_224391778.png,Tripleurospermum_inodorum
11734,aug_85849888.png,Tripleurospermum_inodorum
11735,aug_287063002.png,Tripleurospermum_inodorum
11736,aug_301377084.png,Tripleurospermum_inodorum
11737,aug_310241711.png,Tripleurospermum_inodorum
11738,aug_147107073.png,Tripleurospermum_inodorum
11739,aug_408221511.png,Tripleurospermum_inodorum
11740,aug_457218396.png,Tripleurospermum_inodorum
11741,aug_61258090.png,Tripleurospermum_inodorum
11742,aug_44087060.png,Tripleurospermum_inodorum
11743,aug_209654563.png,Tripleurospermum_inodorum
11744,aug_310270242.png,Tripleurospermum_inodorum
11745,aug_327633850.png,Tripleurospermum_inodorum
11746,aug_217277447.png,Tripleurospermum_inodorum
11747,aug_100688522.png,Tripleurospermum_inodorum
11748,aug_323419632.png,Tripleurospermum_inodorum
11749,aug_322712186.png,Tripleurospermum_inodorum
11750,aug_88982282.png,Tripleurospermum_inodorum
11751,aug_50122699.png,Tripleurospermum_inodorum
11752,aug_144914115.png,Tripleurospermum_inodorum
11753,aug_319765986.png,Tripleurospermum_inodorum
11754,aug_304936937.png,Tripleurospermum_inodorum
11755,aug_205328294.png,Tripleurospermum_inodorum
11756,aug_177854139.png,Tripleurospermum_inodorum
11757,aug_301656273.png,Tripleurospermum_inodorum
11758,aug_142467676.png,Tripleurospermum_inodorum
11759,aug_304352347.png,Tripleurospermum_inodorum
11760,aug_143445178.png,Tripleurospermum_inodorum
11761,aug_211430347.png,Tripleurospermum_inodorum
11762,aug_430108832.png,Tripleurospermum_inodorum
11763,aug_54618084.png,Tripleurospermum_inodorum
11764,aug_229504947.png,Tripleurospermum_inodorum
11765,aug_434938654.png,Tripleurospermum_inodorum
11766,aug_442714376.png,Tripleurospermum_inodorum
11767,aug_47771502.png,Tripleurospermum_inodorum
11768,aug_50667240.png,Tripleurospermum_inodorum
11769,aug_227221721.png,Tripleurospermum_inodorum
11770,aug_302615494.png,Tripleurospermum_inodorum
11771,aug_407600767.png,Tripleurospermum_inodorum
11772,aug_317923988.png,Tripleurospermum_inodorum
11773,aug_83578372.png,Tripleurospermum_inodorum
11774,aug_238414242.png,Tripleurospermum_inodorum
11775,aug_309088910.png,Tripleurospermum_inodorum
11776,aug_301661002.png,Tripleurospermum_inodorum
11777,aug_219825912.png,Tripleurospermum_inodorum
11778,aug_212776699.png,Tripleurospermum_inodorum
11779,aug_301660895.png,Tripleurospermum_inodorum
11780,aug_148159500.png,Tripleurospermum_inodorum
11781,aug_213515118.png,Tripleurospermum_inodorum
11782,aug_50869174.png,Tripleurospermum_inodorum
11783,aug_97198777.png,Tripleurospermum_inodorum
11784,aug_159272009.png,Tripleurospermum_inodorum
11785,aug_214359734.png,Tripleurospermum_inodorum
11786,aug_320759458.png,Tripleurospermum_inodorum
11787,aug_60128094.png,Tripleurospermum_inodorum
11788,aug_427161946.png,Tripleurospermum_inodorum
11789,aug_143726439.png,Tripleurospermum_inodorum
11790,aug_413496501.png,Tripleurospermum_inodorum
11791,aug_223527988.png,Tripleurospermum_inodorum
11792,aug_156842866.png,Tripleurospermum_inodorum
11793,aug_386977511.png,Tripleurospermum_inodorum
11794,aug_158005874.png,Tripleurospermum_inodorum
11795,aug_86642357.png,Tripleurospermum_inodorum
11796,aug_217994119.png,Tripleurospermum_inodorum
11797,aug_215802489.png,Tripleurospermum_inodorum
11798,aug_51360402.png,Tripleurospermum_inodorum
11799,aug_440790634.png,Tripleurospermum_inodorum
11800,aug_533172594.png,Tripleurospermum_inodorum
11801,aug_101975139.png,Tripleurospermum_inodorum
11802,aug_415698047.png,Tripleurospermum_inodorum
11803,aug_439916714.png,Tripleurospermum_inodorum
11804,aug_218610375.png,Tripleurospermum_inodorum
11805,aug_299325568.png,Tripleurospermum_inodorum
11806,aug_301668606.png,Tripleurospermum_inodorum
11807,aug_219228026.png,Tripleurospermum_inodorum
11808,aug_290706046.png,Tripleurospermum_inodorum
11809,aug_87724448.png,Tripleurospermum_inodorum
11810,aug_160691456.png,Tripleurospermum_inodorum
11811,aug_470530968.png,Tripleurospermum_inodorum
11812,aug_146263693.png,Tripleurospermum_inodorum
11813,aug_307379160.png,Tripleurospermum_inodorum
11814,aug_414295743.png,Tripleurospermum_inodorum
11815,aug_214731901.png,Tripleurospermum_inodorum
11816,aug_318659043.png,Tripleurospermum_inodorum
11817,aug_148983595.png,Tripleurospermum_inodorum
11818,aug_46626409.png,Tripleurospermum_inodorum
11819,aug_411184472.png,Tripleurospermum_inodorum
11820,aug_95937092.png,Tripleurospermum_inodorum
11821,aug_304936756.png,Tripleurospermum_inodorum
11822,aug_176731785.png,Tripleurospermum_inodorum
11823,aug_45050633.png,Tripleurospermum_inodorum
11824,aug_151047175.png,Tripleurospermum_inodorum
11825,aug_166325128.png,Tripleurospermum_inodorum
11826,aug_98377150.png,Tripleurospermum_inodorum
11827,aug_91094380.png,Tripleurospermum_inodorum
11828,aug_301655488.png,Tripleurospermum_inodorum
11829,aug_238543878.png,Tripleurospermum_inodorum
11830,aug_88668328.png,Tripleurospermum_inodorum
11831,aug_83710708.png,Tripleurospermum_inodorum
11832,aug_295737826.png,Tripleurospermum_inodorum
11833,aug_92551146.png,Tripleurospermum_inodorum
11834,aug_50867228.png,Tripleurospermum_inodorum
11835,aug_301674887.png,Tripleurospermum_inodorum
11836,aug_427612191.png,Tripleurospermum_inodorum
11837,aug_154957201.png,Tripleurospermum_inodorum
11838,aug_20765749.png,Tripleurospermum_inodorum
11839,aug_20499750.png,Tripleurospermum_inodorum
11840,aug_207239919.png,Tripleurospermum_inodorum
11841,aug_221530684.png,Tripleurospermum_inodorum
11842,aug_150544142.png,Tripleurospermum_inodorum
11843,aug_340907722.png,Tripleurospermum_inodorum
11844,aug_218960052.png,Tripleurospermum_inodorum
11845,aug_89338681.png,Tripleurospermum_inodorum
11846,aug_219742503.png,Tripleurospermum_inodorum
11847,aug_87149088.png,Tripleurospermum_inodorum
11848,aug_86876232.png,Tripleurospermum_inodorum
11849,aug_434616441.png,Tripleurospermum_inodorum
11850,aug_222609489.png,Tripleurospermum_inodorum
11851,aug_420935128.png,Tripleurospermum_inodorum
11852,aug_436596026.png,Tripleurospermum_inodorum
11853,aug_230997558.png,Tripleurospermum_inodorum
11854,aug_98613577.png,Tripleurospermum_inodorum
11855,aug_87647845.png,Tripleurospermum_inodorum
11856,aug_22174191.png,Tripleurospermum_inodorum
11857,aug_432099810.png,Tripleurospermum_inodorum
11858,aug_224527533.png,Tripleurospermum_inodorum
11859,aug_98612253.png,Tripleurospermum_inodorum
11860,aug_231018179.png,Tripleurospermum_inodorum
11861,aug_338278495.png,Tripleurospermum_inodorum
11862,aug_310185337.png,Tripleurospermum_inodorum
11863,aug_50960179.png,Tripleurospermum_inodorum
11864,aug_407596767.png,Tripleurospermum_inodorum
11865,aug_308831478.png,Tripleurospermum_inodorum
11866,aug_301655530.png,Tripleurospermum_inodorum
11867,aug_227015538.png,Tripleurospermum_inodorum
11868,aug_307933771.png,Tripleurospermum_inodorum
11869,aug_325929565.png,Tripleurospermum_inodorum
11870,aug_298672020.png,Tripleurospermum_inodorum
11871,aug_529502923.png,Tripleurospermum_inodorum
11872,aug_159465416.png,Tripleurospermum_inodorum
11873,aug_98067451.png,Tripleurospermum_inodorum
11874,aug_307933694.png,Tripleurospermum_inodorum
11875,aug_196370677.png,Tripleurospermum_inodorum
11876,aug_295860372.png,Tripleurospermum_inodorum
11877,aug_314804944.png,Tripleurospermum_inodorum
11878,aug_301394984.png,Tripleurospermum_inodorum
11879,aug_45568547.png,Tripleurospermum_inodorum
11880,aug_218627663.png,Tripleurospermum_inodorum
11881,aug_215030817.png,Tripleurospermum_inodorum
11882,aug_148391552.png,Tripleurospermum_inodorum
11883,aug_218696739.png,Tripleurospermum_inodorum
11884,aug_301664706.png,Tripleurospermum_inodorum
11885,aug_45592584.png,Tripleurospermum_inodorum
11886,aug_45950893.png,Tripleurospermum_inodorum
11887,aug_232737502.png,Tripleurospermum_inodorum
11888,aug_328424535.png,Tripleurospermum_inodorum
11889,aug_230582623.png,Tripleurospermum_inodorum
11890,aug_330089998.png,Tripleurospermum_inodorum
11891,aug_147109871.png,Tripleurospermum_inodorum
11892,aug_405516000.png,Tripleurospermum_inodorum
11893,aug_420150356.png,Tripleurospermum_inodorum
11894,aug_145725579.png,Tripleurospermum_inodorum
11895,aug_331880034.png,Tripleurospermum_inodorum
11896,aug_49759955.png,Tripleurospermum_inodorum
11897,aug_301655765.png,Tripleurospermum_inodorum
11898,aug_302615312.png,Tripleurospermum_inodorum
11899,aug_533142604.png,Tripleurospermum_inodorum
11900,aug_97576151.png,Tripleurospermum_inodorum
11901,aug_150275683.png,Tripleurospermum_inodorum
11902,aug_530110617.png,Tripleurospermum_inodorum
11903,aug_429531706.png,Tripleurospermum_inodorum
11904,aug_22965346.png,Tripleurospermum_inodorum
11905,aug_308199137.png,Tripleurospermum_inodorum
11906,aug_58738992.png,Tripleurospermum_inodorum
11907,aug_146229777.png,Tripleurospermum_inodorum
11908,aug_428767926.png,Tripleurospermum_inodorum
11909,aug_148878881.png,Tripleurospermum_inodorum
11910,aug_301669669.png,Tripleurospermum_inodorum
11911,aug_147584801.png,Tripleurospermum_inodorum
11912,aug_96134542.png,Tripleurospermum_inodorum
11913,aug_221485594.png,Tripleurospermum_inodorum
11914,aug_435786569.png,Tripleurospermum_inodorum
11915,aug_138689015.png,Tripleurospermum_inodorum
11916,aug_331350523.png,Tripleurospermum_inodorum
11917,aug_98003373.png,Tripleurospermum_inodorum
11918,aug_154647508.png,Tripleurospermum_inodorum
11919,aug_145269477.png,Tripleurospermum_inodorum
11920,aug_50899362.png,Tripleurospermum_inodorum
11921,aug_91292662.png,Tripleurospermum_inodorum
11922,aug_162469472.png,Tripleurospermum_inodorum
11923,aug_55805282.png,Tripleurospermum_inodorum
11924,aug_448991539.png,Tripleurospermum_inodorum
11925,aug_82062395.png,Tripleurospermum_inodorum
11926,aug_151742451.png,Tripleurospermum_inodorum
11927,aug_80936148.png,Tripleurospermum_inodorum
11928,aug_232922540.png,Tripleurospermum_inodorum
11929,aug_156390946.png,Tripleurospermum_inodorum
11930,aug_48401340.png,Tripleurospermum_inodorum
11931,aug_87490045.png,Tripleurospermum_inodorum
11932,aug_437108593.png,Tripleurospermum_inodorum
11933,aug_328721938.png,Tripleurospermum_inodorum
11934,aug_84162208.png,Tripleurospermum_inodorum
11935,aug_423112494.png,Tripleurospermum_inodorum
11936,aug_51458669.png,Tripleurospermum_inodorum
11937,aug_308230317.png,Tripleurospermum_inodorum
11938,aug_412046701.png,Tripleurospermum_inodorum
11939,aug_221247059.png,Tripleurospermum_inodorum
11940,aug_215751621.png,Tripleurospermum_inodorum
11941,aug_426115956.png,Tripleurospermum_inodorum
11942,aug_91835344.png,Tripleurospermum_inodorum
11943,aug_96720743.png,Tripleurospermum_inodorum
11944,aug_309748683.png,Tripleurospermum_inodorum
11945,aug_164828982.png,Tripleurospermum_inodorum
11946,aug_105270842.png,Tripleurospermum_inodorum
11947,aug_214226623.png,Tripleurospermum_inodorum
11948,aug_310234112.png,Tripleurospermum_inodorum
11949,aug_146005390.png,Tripleurospermum_inodorum
11950,aug_307217791.png,Tripleurospermum_inodorum
11951,aug_431994779.png,Tripleurospermum_inodorum
11952,aug_146812189.png,Tripleurospermum_inodorum
11953,aug_107841780.png,Tripleurospermum_inodorum
11954,aug_301023379.png,Tripleurospermum_inodorum
11955,aug_143901859.png,Tripleurospermum_inodorum
11956,aug_80635021.png,Tripleurospermum_inodorum
11957,aug_84985817.png,Tripleurospermum_inodorum
11958,aug_304936778.png,Tripleurospermum_inodorum
11959,aug_145432275.png,Tripleurospermum_inodorum
11960,aug_48292184.png,Tripleurospermum_inodorum
11961,aug_171590329.png,Tripleurospermum_inodorum
11962,aug_150986794.png,Tripleurospermum_inodorum
11963,aug_301672906.png,Tripleurospermum_inodorum
11964,aug_301665328.png,Tripleurospermum_inodorum
11965,aug_46303096.png,Tripleurospermum_inodorum
11966,aug_47970765.png,Tripleurospermum_inodorum
11967,aug_141006207.png,Tripleurospermum_inodorum
11968,aug_215217177.png,Tripleurospermum_inodorum
11969,aug_140339825.png,Tripleurospermum_inodorum
11970,aug_214040971.png,Tripleurospermum_inodorum
11971,aug_410451842.png,Tripleurospermum_inodorum
11972,aug_25248485.png,Tripleurospermum_inodorum
11973,aug_426242503.png,Tripleurospermum_inodorum
11974,aug_223168355.png,Tripleurospermum_inodorum
11975,aug_225891075.png,Tripleurospermum_inodorum
11976,aug_220038321.png,Tripleurospermum_inodorum
11977,aug_301661914.png,Tripleurospermum_inodorum
11978,aug_99511515.png,Tripleurospermum_inodorum
11979,aug_145620759.png,Tripleurospermum_inodorum
11980,aug_152315922.png,Tripleurospermum_inodorum
11981,aug_301025693.png,Tripleurospermum_inodorum
11982,aug_328378303.png,Tripleurospermum_inodorum
11983,aug_45357512.png,Tripleurospermum_inodorum
11984,aug_301025534.png,Tripleurospermum_inodorum
11985,aug_98906276.png,Tripleurospermum_inodorum
11986,aug_238328999.png,Tripleurospermum_inodorum
11987,aug_146885583.png,Tripleurospermum_inodorum
11988,aug_84928890.png,Tripleurospermum_inodorum
11989,aug_436980779.png,Tripleurospermum_inodorum
11990,aug_340666100.png,Tripleurospermum_inodorum
11991,aug_216508538.png,Tripleurospermum_inodorum
11992,aug_293943445.png,Tripleurospermum_inodorum
11993,aug_301664102.png,Tripleurospermum_inodorum
11994,aug_311735295.png,Tripleurospermum_inodorum
11995,aug_315868201.png,Tripleurospermum_inodorum
11996,aug_431337970.png,Tripleurospermum_inodorum
11997,aug_429031462.png,Tripleurospermum_inodorum
11998,aug_301675334.png,Tripleurospermum_inodorum
11999,aug_412457095.png,Tripleurospermum_inodorum
12000,aug_140670602.png,Tripleurospermum_inodorum
12001,aug_322170574.png,Tripleurospermum_inodorum
12002,aug_394989817.png,Tripleurospermum_inodorum
12003,aug_144714099.png,Tripleurospermum_inodorum
12004,aug_211633496.png,Tripleurospermum_inodorum
12005,aug_301664805.png,Tripleurospermum_inodorum
12006,aug_146474966.png,Tripleurospermum_inodorum
12007,aug_304655854.png,Tripleurospermum_inodorum
12008,aug_302145049.png,Tripleurospermum_inodorum
12009,aug_216350887.png,Tripleurospermum_inodorum
12010,aug_309870939.png,Tripleurospermum_inodorum
12011,aug_434836191.png,Tripleurospermum_inodorum
12012,aug_61840218.png,Tripleurospermum_inodorum
12013,aug_64608925.png,Tripleurospermum_inodorum
12014,aug_327544586.png,Tripleurospermum_inodorum
12015,aug_432322238.png,Tripleurospermum_inodorum
12016,aug_462368182.png,Tripleurospermum_inodorum
12017,aug_147615661.png,Tripleurospermum_inodorum
12018,aug_409075632.png,Tripleurospermum_inodorum
12019,aug_21973186.png,Tripleurospermum_inodorum
12020,aug_142661985.png,Tripleurospermum_inodorum
12021,aug_323405626.png,Tripleurospermum_inodorum
12022,aug_218068755.png,Tripleurospermum_inodorum
12023,aug_427000795.png,Tripleurospermum_inodorum
12024,aug_87028331.png,Tripleurospermum_inodorum
12025,aug_407619365.png,Tripleurospermum_inodorum
12026,aug_216252275.png,Tripleurospermum_inodorum
12027,aug_422814930.png,Tripleurospermum_inodorum
12028,aug_143660295.png,Tripleurospermum_inodorum
12029,aug_142466668.png,Tripleurospermum_inodorum
12030,aug_523158790.png,Tripleurospermum_inodorum
12031,aug_529044838.png,Tripleurospermum_inodorum
12032,aug_142999710.png,Tripleurospermum_inodorum
12033,aug_45422182.png,Tripleurospermum_inodorum
12034,aug_85839766.png,Tripleurospermum_inodorum
12035,aug_320015512.png,Tripleurospermum_inodorum
12036,aug_237671109.png,Tripleurospermum_inodorum
12037,aug_21911502.png,Tripleurospermum_inodorum
12038,aug_301023680.png,Tripleurospermum_inodorum
12039,aug_145361493.png,Tripleurospermum_inodorum
12040,aug_43832087.png,Tripleurospermum_inodorum
12041,aug_318049691.png,Tripleurospermum_inodorum
12042,aug_304352065.png,Tripleurospermum_inodorum
12043,aug_150161830.png,Tripleurospermum_inodorum
12044,aug_214471728.png,Tripleurospermum_inodorum
12045,aug_99087170.png,Tripleurospermum_inodorum
12046,aug_21427671.png,Tripleurospermum_inodorum
12047,aug_301662160.png,Tripleurospermum_inodorum
12048,aug_53984038.png,Tripleurospermum_inodorum
12049,aug_83706292.png,Tripleurospermum_inodorum
12050,aug_211538608.png,Tripleurospermum_inodorum
12051,aug_85749651.png,Tripleurospermum_inodorum
12052,aug_50429112.png,Tripleurospermum_inodorum
12053,aug_400826666.png,Tripleurospermum_inodorum
12054,aug_146383584.png,Tripleurospermum_inodorum
12055,aug_301663991.png,Tripleurospermum_inodorum
12056,aug_317494986.png,Tripleurospermum_inodorum
12057,aug_48221369.png,Tripleurospermum_inodorum
12058,aug_412436084.png,Tripleurospermum_inodorum
12059,aug_90494234.png,Tripleurospermum_inodorum
12060,aug_213514356.png,Tripleurospermum_inodorum
12061,aug_416037545.png,Tripleurospermum_inodorum
12062,aug_317407270.png,Tripleurospermum_inodorum
12063,aug_20217038.png,Tripleurospermum_inodorum
12064,aug_301023446.png,Tripleurospermum_inodorum
12065,aug_144714744.png,Tripleurospermum_inodorum
12066,aug_9206070.png,Tripleurospermum_inodorum
12067,aug_324643752.png,Tripleurospermum_inodorum
12068,aug_314807772.png,Tripleurospermum_inodorum
12069,aug_148667733.png,Tripleurospermum_inodorum
12070,aug_216707873.png,Tripleurospermum_inodorum
12071,aug_45064149.png,Tripleurospermum_inodorum
12072,aug_427495139.png,Tripleurospermum_inodorum
12073,aug_442459477.png,Tripleurospermum_inodorum
12074,aug_87019426.png,Tripleurospermum_inodorum
12075,aug_418663753.png,Tripleurospermum_inodorum
12076,aug_295389643.png,Tripleurospermum_inodorum
12077,aug_289912331.png,Tripleurospermum_inodorum
12078,aug_145857101.png,Tripleurospermum_inodorum
12079,aug_84879584.png,Tripleurospermum_inodorum
12080,aug_292632922.png,Tripleurospermum_inodorum
12081,aug_105528836.png,Tripleurospermum_inodorum
12082,aug_218369923.png,Tripleurospermum_inodorum
12083,aug_442670042.png,Tripleurospermum_inodorum
12084,aug_140153295.png,Tripleurospermum_inodorum
12085,aug_307170132.png,Tripleurospermum_inodorum
12086,aug_147231786.png,Tripleurospermum_inodorum
12087,aug_218774282.png,Tripleurospermum_inodorum
12088,aug_312432049.png,Tripleurospermum_inodorum
12089,aug_83070173.png,Tripleurospermum_inodorum
12090,aug_46792097.png,Tripleurospermum_inodorum
12091,aug_418072472.png,Tripleurospermum_inodorum
12092,aug_423384278.png,Tripleurospermum_inodorum
12093,aug_424911432.png,Tripleurospermum_inodorum
12094,aug_220117515.png,Tripleurospermum_inodorum
12095,aug_88273159.png,Tripleurospermum_inodorum
12096,aug_97219821.png,Tripleurospermum_inodorum
12097,aug_86597933.png,Tripleurospermum_inodorum
12098,aug_47903358.png,Tripleurospermum_inodorum
12099,aug_104216215.png,Tripleurospermum_inodorum
12100,aug_145051725.png,Tripleurospermum_inodorum
12101,aug_301673470.png,Tripleurospermum_inodorum
12102,aug_96822203.png,Tripleurospermum_inodorum
12103,aug_304556656.png,Tripleurospermum_inodorum
12104,aug_302615343.png,Tripleurospermum_inodorum
12105,aug_301660815.png,Tripleurospermum_inodorum
12106,aug_302625269.png,Tripleurospermum_inodorum
12107,aug_163913336.png,Tripleurospermum_inodorum
12108,aug_407591645.png,Tripleurospermum_inodorum
12109,aug_88450597.png,Tripleurospermum_inodorum
12110,aug_218232115.png,Tripleurospermum_inodorum
12111,aug_233768437.png,Tripleurospermum_inodorum
12112,aug_92536242.png,Tripleurospermum_inodorum
12113,aug_86410425.png,Tripleurospermum_inodorum
12114,aug_431690286.png,Tripleurospermum_inodorum
12115,aug_306962034.png,Tripleurospermum_inodorum
12116,aug_306763984.png,Tripleurospermum_inodorum
12117,aug_443011616.png,Tripleurospermum_inodorum
12118,aug_415678185.png,Tripleurospermum_inodorum
12119,aug_409013672.png,Tripleurospermum_inodorum
12120,aug_144277206.png,Tripleurospermum_inodorum
12121,aug_422987583.png,Tripleurospermum_inodorum
12122,aug_87697649.png,Tripleurospermum_inodorum
12123,aug_213158144.png,Tripleurospermum_inodorum
12124,aug_322224788.png,Tripleurospermum_inodorum
12125,aug_87372758.png,Tripleurospermum_inodorum
12126,aug_12393117.png,Tripleurospermum_inodorum
12127,aug_83902751.png,Tripleurospermum_inodorum
12128,aug_301700569.png,Tripleurospermum_inodorum
12129,aug_403930721.png,Tripleurospermum_inodorum
12130,aug_301660296.png,Tripleurospermum_inodorum
12131,aug_220459490.png,Tripleurospermum_inodorum
12132,aug_210811238.png,Tripleurospermum_inodorum
12133,aug_212136792.png,Tripleurospermum_inodorum
12134,aug_411984424.png,Tripleurospermum_inodorum
12135,aug_44392425.png,Tripleurospermum_inodorum
12136,aug_218028627.png,Tripleurospermum_inodorum
12137,aug_232720770.png,Tripleurospermum_inodorum
12138,aug_298307289.png,Tripleurospermum_inodorum
12139,aug_301376939.png,Tripleurospermum_inodorum
12140,aug_301025498.png,Tripleurospermum_inodorum
12141,aug_49724524.png,Tripleurospermum_inodorum
12142,aug_304352749.png,Tripleurospermum_inodorum
12143,aug_435265398.png,Tripleurospermum_inodorum
12144,aug_140288335.png,Tripleurospermum_inodorum
12145,aug_88617638.png,Tripleurospermum_inodorum
12146,aug_95268119.png,Tripleurospermum_inodorum
12147,aug_410774904.png,Tripleurospermum_inodorum
12148,aug_304338398.png,Tripleurospermum_inodorum
12149,aug_100069708.png,Tripleurospermum_inodorum
12150,aug_320075663.png,Tripleurospermum_inodorum
12151,aug_221868626.png,Tripleurospermum_inodorum
12152,aug_213678418.png,Tripleurospermum_inodorum
12153,aug_301025628.png,Tripleurospermum_inodorum
12154,aug_95923016.png,Tripleurospermum_inodorum
12155,aug_91327588.png,Tripleurospermum_inodorum
12156,aug_45193430.png,Tripleurospermum_inodorum
12157,aug_21449177.png,Tripleurospermum_inodorum
12158,aug_307223707.png,Tripleurospermum_inodorum
12159,aug_91651305.png,Tripleurospermum_inodorum
12160,aug_295818692.png,Tripleurospermum_inodorum
12161,aug_97732578.png,Tripleurospermum_inodorum
12162,aug_411268507.png,Tripleurospermum_inodorum
12163,aug_80729487.png,Tripleurospermum_inodorum
12164,aug_46967513.png,Tripleurospermum_inodorum
12165,aug_215344099.png,Tripleurospermum_inodorum
12166,aug_301665553.png,Tripleurospermum_inodorum
12167,aug_85554622.png,Tripleurospermum_inodorum
12168,aug_98953238.png,Tripleurospermum_inodorum
12169,aug_20026128.png,Tripleurospermum_inodorum
12170,aug_168930472.png,Tripleurospermum_inodorum
12171,aug_411183671.png,Tripleurospermum_inodorum
12172,aug_308322516.png,Tripleurospermum_inodorum
12173,aug_92295586.png,Tripleurospermum_inodorum
12174,aug_47482276.png,Tripleurospermum_inodorum
12175,aug_87812852.png,Tripleurospermum_inodorum
12176,aug_88562065.png,Tripleurospermum_inodorum
12177,aug_222318099.png,Tripleurospermum_inodorum
12178,aug_301346999.png,Tripleurospermum_inodorum
12179,aug_302624445.png,Tripleurospermum_inodorum
12180,aug_43084505.png,Tripleurospermum_inodorum
12181,aug_460779243.png,Tripleurospermum_inodorum
12182,aug_141960432.png,Tripleurospermum_inodorum
12183,aug_434838311.png,Tripleurospermum_inodorum
12184,aug_424528869.png,Tripleurospermum_inodorum
12185,aug_82415325.png,Tripleurospermum_inodorum
12186,aug_140510339.png,Tripleurospermum_inodorum
12187,aug_440635870.png,Tripleurospermum_inodorum
12188,aug_136391433.png,Tripleurospermum_inodorum
12189,aug_307167993.png,Tripleurospermum_inodorum
12190,aug_218270406.png,Tripleurospermum_inodorum
12191,aug_29311198.png,Tripleurospermum_inodorum
12192,aug_91124347.png,Tripleurospermum_inodorum
12193,aug_148833041.png,Tripleurospermum_inodorum
12194,aug_213742117.png,Tripleurospermum_inodorum
12195,aug_98377007.png,Tripleurospermum_inodorum
12196,aug_213192788.png,Tripleurospermum_inodorum
12197,aug_45578376.png,Tripleurospermum_inodorum
12198,aug_311734533.png,Tripleurospermum_inodorum
12199,aug_325678662.png,Tripleurospermum_inodorum
12200,aug_211671228.png,Tripleurospermum_inodorum
12201,aug_210564241.png,Tripleurospermum_inodorum
12202,aug_142996316.png,Tripleurospermum_inodorum
12203,aug_138487851.png,Tripleurospermum_inodorum
12204,aug_430889985.png,Tripleurospermum_inodorum
12205,aug_214228423.png,Tripleurospermum_inodorum
12206,aug_301664863.png,Tripleurospermum_inodorum
12207,aug_96361891.png,Tripleurospermum_inodorum
12208,aug_158183755.png,Tripleurospermum_inodorum
12209,aug_531970983.png,Tripleurospermum_inodorum
12210,aug_162313400.png,Tripleurospermum_inodorum
12211,aug_429857526.png,Tripleurospermum_inodorum
12212,aug_97851247.png,Tripleurospermum_inodorum
12213,aug_303820622.png,Tripleurospermum_inodorum
12214,aug_160375967.png,Tripleurospermum_inodorum
12215,aug_418321842.png,Tripleurospermum_inodorum
12216,aug_312296225.png,Tripleurospermum_inodorum
12217,aug_428333692.png,Tripleurospermum_inodorum
12218,aug_25790339.png,Tripleurospermum_inodorum
12219,aug_208152041.png,Tripleurospermum_inodorum
12220,aug_91158060.png,Tripleurospermum_inodorum
12221,aug_218597501.png,Tripleurospermum_inodorum
12222,aug_320168758.png,Tripleurospermum_inodorum
12223,aug_301672706.png,Tripleurospermum_inodorum
12224,aug_98375342.png,Tripleurospermum_inodorum
12225,aug_330168057.png,Tripleurospermum_inodorum
12226,aug_96461835.png,Tripleurospermum_inodorum
12227,aug_146419502.png,Tripleurospermum_inodorum
12228,aug_90128855.png,Tripleurospermum_inodorum
12229,aug_97761972.png,Tripleurospermum_inodorum
12230,aug_142298510.png,Tripleurospermum_inodorum
12231,aug_9717487.png,Tripleurospermum_inodorum
12232,aug_214582822.png,Tripleurospermum_inodorum
12233,aug_82043526.png,Tripleurospermum_inodorum
12234,aug_95600675.png,Tripleurospermum_inodorum
12235,aug_222285097.png,Tripleurospermum_inodorum
12236,aug_301023117.png,Tripleurospermum_inodorum
12237,aug_321347488.png,Tripleurospermum_inodorum
12238,aug_433696024.png,Tripleurospermum_inodorum
12239,aug_160343038.png,Tripleurospermum_inodorum
12240,aug_100449921.png,Tripleurospermum_inodorum
12241,aug_29040409.png,Tripleurospermum_inodorum
12242,aug_404219047.png,Tripleurospermum_inodorum
12243,aug_328767515.png,Tripleurospermum_inodorum
12244,aug_160950393.png,Tripleurospermum_inodorum
12245,aug_92302854.png,Tripleurospermum_inodorum
12246,aug_306125302.png,Tripleurospermum_inodorum
12247,aug_292359760.png,Tripleurospermum_inodorum
12248,aug_221272684.png,Tripleurospermum_inodorum
12249,aug_312443413.png,Tripleurospermum_inodorum
12250,aug_49514926.png,Tripleurospermum_inodorum
12251,aug_429681980.png,Tripleurospermum_inodorum
12252,aug_162338128.png,Tripleurospermum_inodorum
12253,aug_82973990.png,Tripleurospermum_inodorum
12254,aug_237201046.png,Tripleurospermum_inodorum
12255,aug_310222906.png,Tripleurospermum_inodorum
12256,aug_314634468.png,Tripleurospermum_inodorum
12257,aug_419102239.png,Tripleurospermum_inodorum
12258,aug_86595204.png,Tripleurospermum_inodorum
12259,aug_409963017.png,Tripleurospermum_inodorum
12260,aug_44754325.png,Tripleurospermum_inodorum
12261,aug_99986290.png,Tripleurospermum_inodorum
12262,aug_218487816.png,Tripleurospermum_inodorum
12263,aug_399907710.png,Tripleurospermum_inodorum
12264,aug_150516604.png,Tripleurospermum_inodorum
12265,aug_300207258.png,Tripleurospermum_inodorum
12266,aug_432388762.png,Tripleurospermum_inodorum
12267,aug_49216840.png,Tripleurospermum_inodorum
12268,aug_422025136.png,Tripleurospermum_inodorum
12269,aug_525849515.png,Tripleurospermum_inodorum
12270,aug_217136254.png,Tripleurospermum_inodorum
12271,aug_85304413.png,Tripleurospermum_inodorum
12272,aug_151317728.png,Tripleurospermum_inodorum
12273,aug_183269234.png,Tripleurospermum_inodorum
12274,aug_304959490.png,Tripleurospermum_inodorum
12275,aug_97643692.png,Tripleurospermum_inodorum
12276,aug_105423198.png,Tripleurospermum_inodorum
12277,aug_291285810.png,Tripleurospermum_inodorum
12278,aug_144460994.png,Tripleurospermum_inodorum
12279,aug_156183444.png,Tripleurospermum_inodorum
12280,aug_214147234.png,Tripleurospermum_inodorum
12281,aug_288003543.png,Tripleurospermum_inodorum
12282,aug_222367150.png,Tripleurospermum_inodorum
12283,aug_316254426.png,Tripleurospermum_inodorum
12284,aug_84293104.png,Tripleurospermum_inodorum
12285,aug_417961749.png,Tripleurospermum_inodorum
12286,aug_141959520.png,Tripleurospermum_inodorum
12287,aug_448037126.png,Tripleurospermum_inodorum
12288,aug_301669004.png,Tripleurospermum_inodorum
12289,aug_143927053.png,Tripleurospermum_inodorum
12290,aug_218370021.png,Tripleurospermum_inodorum
12291,aug_122005455.png,Tripleurospermum_inodorum
12292,aug_145116938.png,Tripleurospermum_inodorum
12293,aug_436351023.png,Tripleurospermum_inodorum
12294,aug_139366818.png,Tripleurospermum_inodorum
12295,aug_308628788.png,Tripleurospermum_inodorum
12296,aug_235364511.png,Tripleurospermum_inodorum
12297,aug_301378389.png,Tripleurospermum_inodorum
12298,aug_418043046.png,Tripleurospermum_inodorum
12299,aug_415116963.png,Tripleurospermum_inodorum
12300,aug_96149029.png,Tripleurospermum_inodorum
12301,aug_105107329.png,Tripleurospermum_inodorum
12302,aug_54089841.png,Tripleurospermum_inodorum
12303,aug_81177325.png,Tripleurospermum_inodorum
12304,aug_54446106.png,Tripleurospermum_inodorum
12305,aug_203115303.png,Tripleurospermum_inodorum
12306,aug_310834648.png,Tripleurospermum_inodorum
12307,aug_239832112.png,Tripleurospermum_inodorum
12308,aug_86851038.png,Tripleurospermum_inodorum
12309,aug_217740290.png,Tripleurospermum_inodorum
12310,aug_306146198.png,Tripleurospermum_inodorum
12311,aug_416025388.png,Tripleurospermum_inodorum
12312,aug_96104935.png,Tripleurospermum_inodorum
12313,aug_5136908.png,Tripleurospermum_inodorum
12314,aug_4242190.png,Tripleurospermum_inodorum
12315,aug_87163970.png,Tripleurospermum_inodorum
12316,aug_527424099.png,Tripleurospermum_inodorum
12317,aug_217372545.png,Tripleurospermum_inodorum
12318,aug_96362002.png,Tripleurospermum_inodorum
12319,aug_296840035.png,Tripleurospermum_inodorum
12320,aug_48392332.png,Tripleurospermum_inodorum
12321,aug_400918817.png,Tripleurospermum_inodorum
12322,aug_320015718.png,Tripleurospermum_inodorum
12323,aug_289928999.png,Tripleurospermum_inodorum
12324,aug_228496622.png,Tripleurospermum_inodorum
12325,aug_304338712.png,Tripleurospermum_inodorum
12326,aug_294180412.png,Tripleurospermum_inodorum
12327,aug_210811677.png,Tripleurospermum_inodorum
12328,aug_300067713.png,Tripleurospermum_inodorum
12329,aug_214108002.png,Tripleurospermum_inodorum
12330,aug_46929180.png,Tripleurospermum_inodorum
12331,aug_85460987.png,Tripleurospermum_inodorum
12332,aug_414960196.png,Tripleurospermum_inodorum
12333,aug_301685413.png,Tripleurospermum_inodorum
12334,aug_415514574.png,Tripleurospermum_inodorum
12335,aug_102171264.png,Tripleurospermum_inodorum
12336,aug_98613270.png,Tripleurospermum_inodorum
12337,aug_431659669.png,Tripleurospermum_inodorum
12338,aug_473417178.png,Tripleurospermum_inodorum
12339,aug_436335967.png,Tripleurospermum_inodorum
12340,aug_416065788.png,Tripleurospermum_inodorum
12341,aug_330168103.png,Tripleurospermum_inodorum
12342,aug_424650847.png,Tripleurospermum_inodorum
12343,aug_421766374.png,Tripleurospermum_inodorum
12344,aug_8816530.png,Tripleurospermum_inodorum
12345,aug_218305899.png,Tripleurospermum_inodorum
12346,aug_162362517.png,Tripleurospermum_inodorum
12347,aug_425797764.png,Tripleurospermum_inodorum
12348,aug_94082999.png,Tripleurospermum_inodorum
12349,aug_149783036.png,Tripleurospermum_inodorum
12350,aug_222005441.png,Tripleurospermum_inodorum
12351,aug_217174151.png,Tripleurospermum_inodorum
12352,aug_152196442.png,Tripleurospermum_inodorum
12353,aug_98187879.png,Tripleurospermum_inodorum
12354,aug_84633278.png,Tripleurospermum_inodorum
12355,aug_46238783.png,Tripleurospermum_inodorum
12356,aug_94511969.png,Tripleurospermum_inodorum
12357,aug_233994595.png,Tripleurospermum_inodorum
12358,aug_179024505.png,Tripleurospermum_inodorum
12359,aug_21241585.png,Tripleurospermum_inodorum
12360,aug_84790661.png,Tripleurospermum_inodorum
12361,aug_414446391.png,Tripleurospermum_inodorum
12362,aug_413431974.png,Tripleurospermum_inodorum
12363,aug_217454767.png,Tripleurospermum_inodorum
12364,aug_246906628.png,Tripleurospermum_inodorum
12365,aug_407617180.png,Tripleurospermum_inodorum
12366,aug_45058531.png,Tripleurospermum_inodorum
12367,aug_415653522.png,Tripleurospermum_inodorum
12368,aug_304345207.png,Tripleurospermum_inodorum
12369,aug_302615406.png,Tripleurospermum_inodorum
12370,aug_263228755.png,Tripleurospermum_inodorum
12371,aug_405529351.png,Tripleurospermum_inodorum
12372,aug_307930490.png,Tripleurospermum_inodorum
12373,aug_140931644.png,Tripleurospermum_inodorum
12374,aug_288592707.png,Tripleurospermum_inodorum
12375,aug_459942292.png,Tripleurospermum_inodorum
12376,aug_93893819.png,Tripleurospermum_inodorum
12377,aug_5939295.png,Tripleurospermum_inodorum
12378,aug_92882319.png,Tripleurospermum_inodorum
12379,aug_206844991.png,Tripleurospermum_inodorum
12380,aug_475604592.png,Tripleurospermum_inodorum
12381,aug_99936886.png,Tripleurospermum_inodorum
12382,aug_144267133.png,Tripleurospermum_inodorum
12383,aug_438770093.png,Tripleurospermum_inodorum
12384,aug_14184401.png,Tripleurospermum_inodorum
12385,aug_44501673.png,Tripleurospermum_inodorum
12386,aug_320296139.png,Tripleurospermum_inodorum
12387,aug_217804344.png,Tripleurospermum_inodorum
12388,aug_326460310.png,Tripleurospermum_inodorum
12389,aug_50536945.png,Tripleurospermum_inodorum
12390,aug_84040690.png,Tripleurospermum_inodorum
12391,aug_426163532.png,Tripleurospermum_inodorum
12392,aug_11334114.png,Tripleurospermum_inodorum
12393,aug_95923409.png,Tripleurospermum_inodorum
12394,aug_51045516.png,Tripleurospermum_inodorum
12395,aug_212633122.png,Tripleurospermum_inodorum
12396,aug_215260076.png,Tripleurospermum_inodorum
12397,aug_422465362.png,Tripleurospermum_inodorum
12398,aug_83755227.png,Tripleurospermum_inodorum
12399,aug_96404952.png,Tripleurospermum_inodorum
12400,aug_156143571.png,Tripleurospermum_inodorum
12401,aug_441928617.png,Tripleurospermum_inodorum
12402,aug_300967865.png,Tripleurospermum_inodorum
12403,aug_221321061.png,Tripleurospermum_inodorum
12404,aug_409900343.png,Tripleurospermum_inodorum
12405,aug_294548186.png,Tripleurospermum_inodorum
12406,aug_234792980.png,Tripleurospermum_inodorum
12407,aug_533081726.png,Tripleurospermum_inodorum
12408,aug_301534595.png,Tripleurospermum_inodorum
12409,aug_62353268.png,Tripleurospermum_inodorum
12410,aug_154474151.png,Tripleurospermum_inodorum
12411,aug_301655321.png,Tripleurospermum_inodorum
12412,aug_420909388.png,Tripleurospermum_inodorum
12413,aug_86957512.png,Tripleurospermum_inodorum
12414,aug_330433881.png,Tripleurospermum_inodorum
12415,aug_308233612.png,Tripleurospermum_inodorum
12416,aug_301684930.png,Tripleurospermum_inodorum
12417,aug_157057366.png,Tripleurospermum_inodorum
12418,aug_430408096.png,Tripleurospermum_inodorum
12419,aug_411165256.png,Tripleurospermum_inodorum
12420,aug_231579103.png,Tripleurospermum_inodorum
12421,aug_407591979.png,Tripleurospermum_inodorum
12422,aug_48964120.png,Tripleurospermum_inodorum
12423,aug_298842645.png,Tripleurospermum_inodorum
12424,aug_214633054.png,Tripleurospermum_inodorum
12425,aug_218350896.png,Tripleurospermum_inodorum
12426,aug_4784575.png,Tripleurospermum_inodorum
12427,aug_407591826.png,Tripleurospermum_inodorum
12428,aug_82946572.png,Tripleurospermum_inodorum
12429,aug_202857170.png,Tripleurospermum_inodorum
12430,aug_532595890.png,Tripleurospermum_inodorum
12431,aug_211482231.png,Tripleurospermum_inodorum
12432,aug_79856513.png,Tripleurospermum_inodorum
12433,aug_431617828.png,Tripleurospermum_inodorum
12434,aug_218872348.png,Tripleurospermum_inodorum
12435,aug_301554181.png,Tripleurospermum_inodorum
12436,aug_429820682.png,Tripleurospermum_inodorum
12437,aug_421559629.png,Tripleurospermum_inodorum
12438,aug_420582430.png,Tripleurospermum_inodorum
12439,aug_169367832.png,Tripleurospermum_inodorum
12440,aug_288003307.png,Tripleurospermum_inodorum
12441,aug_157419680.png,Tripleurospermum_inodorum
12442,aug_406504474.png,Tripleurospermum_inodorum
12443,aug_216037759.png,Tripleurospermum_inodorum
12444,aug_264560220.png,Tripleurospermum_inodorum
12445,aug_148874795.png,Tripleurospermum_inodorum
12446,aug_294548186(1).png,Tripleurospermum_inodorum
12447,aug_432499000.png,Tripleurospermum_inodorum
12448,aug_302576819.png,Tripleurospermum_inodorum
12449,aug_165481787.png,Tripleurospermum_inodorum
12450,aug_231579103(1).png,Tripleurospermum_inodorum
12451,aug_147798037.png,Tripleurospermum_inodorum
12452,aug_417803577.png,Tripleurospermum_inodorum
12453,aug_431755312.png,Tripleurospermum_inodorum
12454,aug_400512837.png,Tripleurospermum_inodorum
12455,aug_415843233.png,Tripleurospermum_inodorum
12456,aug_46859383.png,Tripleurospermum_inodorum
12457,aug_409900343(1).png,Tripleurospermum_inodorum
12458,aug_418359350.png,Tripleurospermum_inodorum
12459,aug_142706164.png,Tripleurospermum_inodorum
12460,aug_51355394.png,Tripleurospermum_inodorum
12461,aug_415843233(1).png,Tripleurospermum_inodorum
12462,aug_315910499.png,Tripleurospermum_inodorum
12463,aug_47550107.png,Tripleurospermum_inodorum
12464,aug_2247872.png,Tripleurospermum_inodorum
12465,aug_215560927.png,Tripleurospermum_inodorum
12466,aug_57077240.png,Tripleurospermum_inodorum
12467,aug_301022602.png,Tripleurospermum_inodorum
12468,aug_90803114.png,Tripleurospermum_inodorum
12469,aug_101969361.png,Tripleurospermum_inodorum
12470,aug_427323451.png,Tripleurospermum_inodorum
12471,aug_98953930.png,Tripleurospermum_inodorum
12472,aug_81897400.png,Tripleurospermum_inodorum
12473,aug_80849298.png,Tripleurospermum_inodorum
12474,aug_149867180.png,Tripleurospermum_inodorum
12475,aug_530069145.png,Tripleurospermum_inodorum
12476,aug_147985004.png,Tripleurospermum_inodorum
12477,aug_422994953.png,Tripleurospermum_inodorum
12478,aug_337988379.png,Tripleurospermum_inodorum
12479,aug_298303596.png,Tripleurospermum_inodorum
12480,aug_87927061.png,Tripleurospermum_inodorum
12481,aug_145664195.png,Tripleurospermum_inodorum
12482,aug_101377035.png,Tripleurospermum_inodorum
12483,aug_138869503.png,Tripleurospermum_inodorum
12484,aug_296433957.png,Tripleurospermum_inodorum
12485,aug_87360162.png,Tripleurospermum_inodorum
12486,aug_304477374.png,Tripleurospermum_inodorum
12487,aug_147920591.png,Tripleurospermum_inodorum
12488,aug_301673802.png,Tripleurospermum_inodorum
12489,aug_222618768.png,Tripleurospermum_inodorum
12490,aug_225522684.png,Tripleurospermum_inodorum
12491,aug_300172387.png,Tripleurospermum_inodorum
12492,aug_147693505.png,Tripleurospermum_inodorum
12493,aug_311734668.png,Tripleurospermum_inodorum
12494,aug_155789110.png,Tripleurospermum_inodorum
12495,aug_83068464.png,Tripleurospermum_inodorum
12496,aug_145224072.png,Tripleurospermum_inodorum
12497,aug_416049588.png,Tripleurospermum_inodorum
12498,aug_295198458.png,Tripleurospermum_inodorum
12499,aug_94669138.png,Tripleurospermum_inodorum
12500,aug_225136385.png,Tripleurospermum_inodorum
12501,aug_528877550.png,Tripleurospermum_inodorum
12502,aug_178655744.png,Tripleurospermum_inodorum
12503,aug_301661766.png,Tripleurospermum_inodorum
12504,aug_83639441.png,Tripleurospermum_inodorum
12505,aug_231492383.png,Tripleurospermum_inodorum
12506,aug_412655585.png,Tripleurospermum_inodorum
12507,aug_203292797.png,Tripleurospermum_inodorum
12508,aug_411190614.png,Tripleurospermum_inodorum
12509,aug_43511747.png,Tripleurospermum_inodorum
12510,aug_303560799.png,Tripleurospermum_inodorum
12511,aug_45988781.png,Tripleurospermum_inodorum
12512,aug_415116483.png,Tripleurospermum_inodorum
12513,aug_216827023.png,Tripleurospermum_inodorum
12514,aug_155652649.png,Tripleurospermum_inodorum
12515,aug_84240023.png,Tripleurospermum_inodorum
12516,aug_218332543.png,Tripleurospermum_inodorum
12517,aug_298737993.png,Tripleurospermum_inodorum
12518,aug_534648845.png,Tripleurospermum_inodorum
12519,aug_403363693.png,Tripleurospermum_inodorum
12520,aug_221858502.png,Tripleurospermum_inodorum
12521,aug_28111407.png,Tripleurospermum_inodorum
12522,aug_304351887.png,Tripleurospermum_inodorum
12523,aug_219001781.png,Tripleurospermum_inodorum
12524,aug_104300771.png,Tripleurospermum_inodorum
12525,aug_204554595.png,Tripleurospermum_inodorum
12526,aug_301665205.png,Tripleurospermum_inodorum
12527,aug_430803941.png,Tripleurospermum_inodorum
12528,aug_88650516.png,Tripleurospermum_inodorum
12529,aug_95247672.png,Tripleurospermum_inodorum
12530,aug_533174772.png,Tripleurospermum_inodorum
12531,aug_84657558.png,Tripleurospermum_inodorum
12532,aug_428058759.png,Tripleurospermum_inodorum
12533,aug_142703636.png,Tripleurospermum_inodorum
12534,aug_431138060.png,Tripleurospermum_inodorum
12535,aug_230220944.png,Tripleurospermum_inodorum
12536,aug_89146018.png,Tripleurospermum_inodorum
12537,aug_46119482.png,Tripleurospermum_inodorum
12538,aug_26317337.png,Tripleurospermum_inodorum
12539,aug_534172320.png,Tripleurospermum_inodorum
12540,aug_207692485.png,Tripleurospermum_inodorum
12541,aug_341863188.png,Tripleurospermum_inodorum
12542,aug_434986959.png,Tripleurospermum_inodorum
12543,aug_166699297.png,Tripleurospermum_inodorum
12544,aug_156971470.png,Tripleurospermum_inodorum
12545,aug_443719158.png,Tripleurospermum_inodorum
12546,aug_414473287.png,Tripleurospermum_inodorum
12547,aug_306956032.png,Tripleurospermum_inodorum
12548,aug_411436592.png,Tripleurospermum_inodorum
12549,aug_440514715.png,Tripleurospermum_inodorum
12550,aug_422765705.png,Tripleurospermum_inodorum
12551,aug_51915835.png,Tripleurospermum_inodorum
12552,aug_160886928.png,Tripleurospermum_inodorum
12553,aug_211258067.png,Tripleurospermum_inodorum
12554,aug_451215737.png,Tripleurospermum_inodorum
12555,aug_288534034.png,Tripleurospermum_inodorum
12556,aug_300604864.png,Tripleurospermum_inodorum
12557,aug_44246571.png,Tripleurospermum_inodorum
12558,aug_21718892.png,Tripleurospermum_inodorum
12559,aug_85743353.png,Tripleurospermum_inodorum
12560,aug_427948762.png,Tripleurospermum_inodorum
12561,aug_440475781.png,Tripleurospermum_inodorum
12562,aug_419476765.png,Tripleurospermum_inodorum
12563,aug_304344444.png,Tripleurospermum_inodorum
12564,aug_309193689.png,Tripleurospermum_inodorum
12565,aug_53530949.png,Tripleurospermum_inodorum
12566,aug_326393052.png,Tripleurospermum_inodorum
12567,aug_295462749.png,Tripleurospermum_inodorum
12568,aug_11811241.png,Tripleurospermum_inodorum
12569,aug_214653920.png,Tripleurospermum_inodorum
12570,aug_142119002.png,Tripleurospermum_inodorum
12571,aug_144238919.png,Tripleurospermum_inodorum
12572,aug_451215217.png,Tripleurospermum_inodorum
12573,aug_212556844.png,Tripleurospermum_inodorum
12574,aug_425183233.png,Tripleurospermum_inodorum
12575,aug_10843319.png,Tripleurospermum_inodorum
12576,aug_219142366.png,Tripleurospermum_inodorum
12577,aug_292822336.png,Tripleurospermum_inodorum
12578,aug_95286011.png,Tripleurospermum_inodorum
12579,aug_410697001.png,Tripleurospermum_inodorum
12580,aug_216831806.png,Tripleurospermum_inodorum
12581,aug_103234911.png,Tripleurospermum_inodorum
12582,aug_214255596.png,Tripleurospermum_inodorum
12583,aug_223779414.png,Tripleurospermum_inodorum
12584,aug_412276730.png,Tripleurospermum_inodorum
12585,aug_322888878.png,Tripleurospermum_inodorum
12586,aug_405554894.png,Tripleurospermum_inodorum
12587,aug_310222041.png,Tripleurospermum_inodorum
12588,aug_402870556.png,Tripleurospermum_inodorum
12589,aug_144202715.png,Tripleurospermum_inodorum
12590,aug_221441659.png,Tripleurospermum_inodorum
12591,aug_215876348.png,Tripleurospermum_inodorum
12592,aug_420805154.png,Tripleurospermum_inodorum
12593,aug_411430052.png,Tripleurospermum_inodorum
12594,aug_429483873.png,Tripleurospermum_inodorum
12595,aug_300278571.png,Tripleurospermum_inodorum
12596,aug_177082030.png,Tripleurospermum_inodorum
12597,aug_411190390.png,Tripleurospermum_inodorum
12598,aug_216101597.png,Tripleurospermum_inodorum
12599,aug_304345421.png,Tripleurospermum_inodorum
12600,aug_84286277.png,Tripleurospermum_inodorum
12601,aug_307168059.png,Tripleurospermum_inodorum
12602,aug_29176347.png,Tripleurospermum_inodorum
12603,aug_85587084.png,Tripleurospermum_inodorum
12604,aug_410432315.png,Tripleurospermum_inodorum
12605,aug_404889078.png,Tripleurospermum_inodorum
12606,aug_301674998.png,Tripleurospermum_inodorum
12607,aug_44663899.png,Tripleurospermum_inodorum
12608,aug_451668996.png,Tripleurospermum_inodorum
12609,aug_305978051.png,Tripleurospermum_inodorum
12610,aug_217841933.png,Tripleurospermum_inodorum
12611,aug_321752378.png,Tripleurospermum_inodorum
12612,aug_241351590.png,Tripleurospermum_inodorum
12613,aug_81886459.png,Tripleurospermum_inodorum
12614,aug_100686047.png,Tripleurospermum_inodorum
12615,aug_304345040.png,Tripleurospermum_inodorum
12616,aug_308003038.png,Tripleurospermum_inodorum
12617,aug_519021280.png,Tripleurospermum_inodorum
12618,aug_217848282.png,Tripleurospermum_inodorum
12619,aug_295701946.png,Tripleurospermum_inodorum
12620,aug_218364740.png,Tripleurospermum_inodorum
12621,aug_311137776.png,Tripleurospermum_inodorum
12622,aug_527327422.png,Tripleurospermum_inodorum
12623,aug_308942893.png,Tripleurospermum_inodorum
12624,aug_303275010.png,Tripleurospermum_inodorum
12625,aug_242299310.png,Tripleurospermum_inodorum
12626,aug_151321660.png,Tripleurospermum_inodorum
12627,aug_420929654.png,Tripleurospermum_inodorum
12628,aug_407171126.png,Tripleurospermum_inodorum
12629,aug_151609508.png,Tripleurospermum_inodorum
12630,aug_301660384.png,Tripleurospermum_inodorum
12631,aug_152611521.png,Tripleurospermum_inodorum
12632,aug_411184028.png,Tripleurospermum_inodorum
12633,aug_81796943.png,Tripleurospermum_inodorum
12634,aug_215246220.png,Tripleurospermum_inodorum
12635,aug_151699538.png,Tripleurospermum_inodorum
12636,aug_4404428.png,Tripleurospermum_inodorum
12637,aug_45430174.png,Tripleurospermum_inodorum
12638,aug_154445119.png,Tripleurospermum_inodorum
12639,aug_86960063.png,Tripleurospermum_inodorum
12640,aug_308717921.png,Tripleurospermum_inodorum
12641,aug_166489335.png,Tripleurospermum_inodorum
12642,aug_13331964.png,Tripleurospermum_inodorum
12643,aug_313812695.png,Tripleurospermum_inodorum
12644,aug_421062726.png,Tripleurospermum_inodorum
12645,aug_220499300.png,Tripleurospermum_inodorum
12646,aug_93997738.png,Tripleurospermum_inodorum
12647,aug_292178841.png,Tripleurospermum_inodorum
12648,aug_220021822.png,Tripleurospermum_inodorum
12649,aug_217350792.png,Tripleurospermum_inodorum
12650,aug_50960497.png,Tripleurospermum_inodorum
12651,aug_142273614.png,Tripleurospermum_inodorum
12652,aug_155547609.png,Tripleurospermum_inodorum
12653,aug_46137277.png,Tripleurospermum_inodorum
12654,aug_225275611.png,Tripleurospermum_inodorum
12655,aug_24095260.png,Tripleurospermum_inodorum
12656,aug_142474810.png,Tripleurospermum_inodorum
12657,aug_336568732.png,Tripleurospermum_inodorum
12658,aug_87256448.png,Tripleurospermum_inodorum
12659,aug_432752380.png,Tripleurospermum_inodorum
12660,aug_334481990.png,Tripleurospermum_inodorum
12661,aug_306022749.png,Tripleurospermum_inodorum
12662,aug_83611310.png,Tripleurospermum_inodorum
12663,aug_438620072.png,Tripleurospermum_inodorum
12664,aug_304936896.png,Tripleurospermum_inodorum
12665,aug_237774649.png,Tripleurospermum_inodorum
12666,aug_43219714.png,Tripleurospermum_inodorum
12667,aug_9582654.png,Tripleurospermum_inodorum
12668,aug_221404546.png,Tripleurospermum_inodorum
12669,aug_165199727.png,Tripleurospermum_inodorum
12670,aug_437379273.png,Tripleurospermum_inodorum
12671,aug_301669207.png,Tripleurospermum_inodorum
12672,aug_217936400.png,Tripleurospermum_inodorum
12673,aug_96362101.png,Tripleurospermum_inodorum
12674,aug_309207639.png,Tripleurospermum_inodorum
12675,aug_93156350.png,Tripleurospermum_inodorum
12676,aug_407432862.png,Tripleurospermum_inodorum
12677,aug_93723505.png,Tripleurospermum_inodorum
12678,aug_301666052.png,Tripleurospermum_inodorum
12679,aug_149181625.png,Tripleurospermum_inodorum
12680,aug_50201084.png,Tripleurospermum_inodorum
12681,aug_148783822.png,Tripleurospermum_inodorum
12682,aug_419065331.png,Tripleurospermum_inodorum
12683,aug_304936819.png,Tripleurospermum_inodorum
12684,aug_11475899.png,Tripleurospermum_inodorum
12685,aug_435850831.png,Tripleurospermum_inodorum
12686,aug_297322411.png,Tripleurospermum_inodorum
12687,aug_144706098.png,Tripleurospermum_inodorum
12688,aug_325205975.png,Tripleurospermum_inodorum
12689,aug_218330993.png,Tripleurospermum_inodorum
12690,aug_437094253.png,Tripleurospermum_inodorum
12691,aug_423006062.png,Tripleurospermum_inodorum
12692,aug_93990601.png,Tripleurospermum_inodorum
12693,aug_307169784.png,Tripleurospermum_inodorum
12694,aug_436669712.png,Tripleurospermum_inodorum
12695,aug_145148400.png,Tripleurospermum_inodorum
12696,aug_404888923.png,Tripleurospermum_inodorum
12697,aug_462128634.png,Tripleurospermum_inodorum
12698,aug_246822350.png,Tripleurospermum_inodorum
12699,aug_407600460.png,Tripleurospermum_inodorum
12700,aug_217763623.png,Tripleurospermum_inodorum
12701,aug_311644941.png,Tripleurospermum_inodorum
12702,aug_203327596.png,Tripleurospermum_inodorum
12703,aug_84638245.png,Tripleurospermum_inodorum
12704,aug_90307141.png,Tripleurospermum_inodorum
12705,aug_157044157.png,Tripleurospermum_inodorum
12706,aug_99651641.png,Tripleurospermum_inodorum
12707,aug_451215480.png,Tripleurospermum_inodorum
12708,aug_424441231.png,Tripleurospermum_inodorum
12709,aug_83529408.png,Tripleurospermum_inodorum
12710,aug_299051250.png,Tripleurospermum_inodorum
12711,aug_155655346.png,Tripleurospermum_inodorum
12712,aug_433730359.png,Tripleurospermum_inodorum
12713,aug_431244766.png,Tripleurospermum_inodorum
12714,aug_226537869.png,Tripleurospermum_inodorum
12715,aug_427161871.png,Tripleurospermum_inodorum
12716,aug_310846046.png,Tripleurospermum_inodorum
12717,aug_144929757.png,Tripleurospermum_inodorum
12718,aug_438260485.png,Tripleurospermum_inodorum
12719,aug_216582716.png,Tripleurospermum_inodorum
12720,aug_217654508.png,Tripleurospermum_inodorum
12721,aug_423944254.png,Tripleurospermum_inodorum
12722,aug_234337725.png,Tripleurospermum_inodorum
12723,aug_51960833.png,Tripleurospermum_inodorum
12724,aug_89041984.png,Tripleurospermum_inodorum
12725,aug_431152507.png,Tripleurospermum_inodorum
12726,aug_426190339.png,Tripleurospermum_inodorum
12727,aug_304971650.png,Tripleurospermum_inodorum
12728,aug_47129858.png,Tripleurospermum_inodorum
12729,aug_46785597.png,Tripleurospermum_inodorum
12730,aug_86290662.png,Tripleurospermum_inodorum
12731,aug_301676005.png,Tripleurospermum_inodorum
12732,aug_96362060.png,Tripleurospermum_inodorum
12733,aug_96364466.png,Tripleurospermum_inodorum
12734,aug_292689143.png,Tripleurospermum_inodorum
12735,aug_301656352.png,Tripleurospermum_inodorum
12736,aug_301672344.png,Tripleurospermum_inodorum
12737,aug_147244100.png,Tripleurospermum_inodorum
12738,aug_218050434.png,Tripleurospermum_inodorum
12739,aug_532149542.png,Tripleurospermum_inodorum
12740,aug_46474258.png,Tripleurospermum_inodorum
12741,aug_304652094.png,Tripleurospermum_inodorum
12742,aug_162084209.png,Tripleurospermum_inodorum
12743,aug_215639918.png,Tripleurospermum_inodorum
12744,aug_416303176.png,Tripleurospermum_inodorum
12745,aug_95608291.png,Tripleurospermum_inodorum
12746,aug_214489737.png,Tripleurospermum_inodorum
12747,aug_522370145.png,Tripleurospermum_inodorum
12748,aug_300306378.png,Tripleurospermum_inodorum
12749,aug_432200187.png,Tripleurospermum_inodorum
12750,aug_217025469.png,Tripleurospermum_inodorum
12751,aug_301655704.png,Tripleurospermum_inodorum
12752,aug_413704839.png,Tripleurospermum_inodorum
12753,aug_234942659.png,Tripleurospermum_inodorum
12754,aug_168905137.png,Tripleurospermum_inodorum
12755,aug_301676442.png,Tripleurospermum_inodorum
12756,aug_50456217.png,Tripleurospermum_inodorum
12757,aug_298305363.png,Tripleurospermum_inodorum
12758,aug_429359908.png,Tripleurospermum_inodorum
12759,aug_216844085.png,Tripleurospermum_inodorum
12760,aug_301374910.png,Tripleurospermum_inodorum
12761,aug_48781277.png,Tripleurospermum_inodorum
12762,aug_219239275.png,Tripleurospermum_inodorum
12763,aug_88665693.png,Tripleurospermum_inodorum
12764,aug_418622003.png,Tripleurospermum_inodorum
12765,aug_220256298.png,Tripleurospermum_inodorum
12766,aug_93985096.png,Tripleurospermum_inodorum
12767,aug_91654900.png,Tripleurospermum_inodorum
12768,aug_147922662.png,Tripleurospermum_inodorum
12769,aug_20420329.png,Tripleurospermum_inodorum
12770,aug_309207697.png,Tripleurospermum_inodorum
12771,aug_335263027.png,Tripleurospermum_inodorum
12772,aug_242885428.png,Tripleurospermum_inodorum
12773,aug_149073678.png,Tripleurospermum_inodorum
12774,aug_214095512.png,Tripleurospermum_inodorum
12775,aug_323332320.png,Tripleurospermum_inodorum
12776,aug_419786479.png,Tripleurospermum_inodorum
12777,aug_243340698.png,Tripleurospermum_inodorum
12778,aug_182630828.png,Tripleurospermum_inodorum
12779,aug_45494974.png,Tripleurospermum_inodorum
12780,aug_89126954.png,Tripleurospermum_inodorum
12781,aug_84215907.png,Tripleurospermum_inodorum
12782,aug_299000985.png,Tripleurospermum_inodorum
12783,aug_150703941.png,Tripleurospermum_inodorum
12784,aug_80405883.png,Tripleurospermum_inodorum
12785,aug_99653561.png,Tripleurospermum_inodorum
12786,aug_93748413.png,Tripleurospermum_inodorum
12787,aug_97644059.png,Tripleurospermum_inodorum
12788,aug_164843034.png,Tripleurospermum_inodorum
12789,aug_145132093.png,Tripleurospermum_inodorum
12790,aug_528482021.png,Tripleurospermum_inodorum
12791,aug_410458653.png,Tripleurospermum_inodorum
12792,aug_231498976.png,Tripleurospermum_inodorum
12793,aug_233387591.png,Tripleurospermum_inodorum
12794,aug_87163992.png,Tripleurospermum_inodorum
12795,aug_95452195.png,Tripleurospermum_inodorum
12796,aug_397437050.png,Tripleurospermum_inodorum
12797,aug_398862603.png,Tripleurospermum_inodorum
12798,aug_301660094.png,Tripleurospermum_inodorum
12799,aug_434596416.png,Tripleurospermum_inodorum
12800,aug_236368353.png,Tripleurospermum_inodorum
12801,aug_11861605.png,Tripleurospermum_inodorum
12802,aug_157660030.png,Tripleurospermum_inodorum
12803,aug_330906627.png,Tripleurospermum_inodorum
12804,aug_307884589.png,Tripleurospermum_inodorum
12805,aug_441595447.png,Tripleurospermum_inodorum
12806,aug_312421263.png,Tripleurospermum_inodorum
12807,aug_85939641.png,Tripleurospermum_inodorum
12808,aug_162269793.png,Tripleurospermum_inodorum
12809,aug_4490034.png,Tripleurospermum_inodorum
12810,aug_301656075.png,Tripleurospermum_inodorum
12811,aug_20846368.png,Tripleurospermum_inodorum
12812,aug_147713282.png,Tripleurospermum_inodorum
12813,aug_420172553.png,Tripleurospermum_inodorum
12814,aug_423672642.png,Tripleurospermum_inodorum
12815,aug_91709857.png,Tripleurospermum_inodorum
12816,aug_412033832.png,Tripleurospermum_inodorum
12817,aug_54368474.png,Tripleurospermum_inodorum
12818,aug_221779482.png,Tripleurospermum_inodorum
12819,aug_430379030.png,Tripleurospermum_inodorum
12820,aug_92003204.png,Tripleurospermum_inodorum
12821,aug_147588436.png,Tripleurospermum_inodorum
12822,aug_295501887.png,Tripleurospermum_inodorum
12823,aug_527376974.png,Tripleurospermum_inodorum
12824,aug_301025377.png,Tripleurospermum_inodorum
12825,aug_439044752.png,Tripleurospermum_inodorum
12826,aug_94176382.png,Tripleurospermum_inodorum
12827,aug_45426449.png,Tripleurospermum_inodorum
12828,aug_82963608.png,Tripleurospermum_inodorum
12829,aug_308899814.png,Tripleurospermum_inodorum
12830,aug_92216278.png,Tripleurospermum_inodorum
12831,aug_529484871.png,Tripleurospermum_inodorum
12832,aug_46500343.png,Tripleurospermum_inodorum
12833,aug_156505324.png,Tripleurospermum_inodorum
12834,aug_83258666.png,Tripleurospermum_inodorum
12835,aug_308366594.png,Tripleurospermum_inodorum
12836,aug_307534768.png,Tripleurospermum_inodorum
12837,aug_434339645.png,Tripleurospermum_inodorum
12838,aug_214760576.png,Tripleurospermum_inodorum
12839,aug_407591971.png,Tripleurospermum_inodorum
12840,aug_218765449.png,Tripleurospermum_inodorum
12841,aug_312418882.png,Tripleurospermum_inodorum
12842,aug_230040753.png,Tripleurospermum_inodorum
12843,aug_80637237.png,Tripleurospermum_inodorum
12844,aug_212590585.png,Tripleurospermum_inodorum
12845,aug_146478332.png,Tripleurospermum_inodorum
12846,aug_2070362.png,Tripleurospermum_inodorum
12847,aug_211663110.png,Tripleurospermum_inodorum
12848,aug_331088653.png,Tripleurospermum_inodorum
12849,aug_53541913.png,Tripleurospermum_inodorum
12850,aug_230529768.png,Tripleurospermum_inodorum
12851,aug_204908712.png,Tripleurospermum_inodorum
12852,aug_147790455.png,Tripleurospermum_inodorum
12853,aug_416368767.png,Tripleurospermum_inodorum
12854,aug_237066515.png,Tripleurospermum_inodorum
12855,aug_292940655.png,Tripleurospermum_inodorum
12856,aug_408031393.png,Tripleurospermum_inodorum
12857,aug_218842261.png,Tripleurospermum_inodorum
12858,aug_163720956.png,Tripleurospermum_inodorum
12859,aug_310223449.png,Tripleurospermum_inodorum
12860,aug_217484382.png,Tripleurospermum_inodorum
12861,aug_301674546.png,Tripleurospermum_inodorum
12862,aug_140742581.png,Tripleurospermum_inodorum
12863,aug_301664485.png,Tripleurospermum_inodorum
12864,aug_404595983.png,Tripleurospermum_inodorum
12865,aug_330136286.png,Tripleurospermum_inodorum
12866,aug_84167049.png,Tripleurospermum_inodorum
12867,aug_214045472.png,Tripleurospermum_inodorum
12868,aug_301664577.png,Tripleurospermum_inodorum
12869,aug_95805533.png,Tripleurospermum_inodorum
12870,aug_217664731.png,Tripleurospermum_inodorum
12871,aug_83158324.png,Tripleurospermum_inodorum
12872,aug_148180319.png,Tripleurospermum_inodorum
12873,aug_427909150.png,Tripleurospermum_inodorum
12874,aug_426607133.png,Tripleurospermum_inodorum
12875,aug_407592166.png,Tripleurospermum_inodorum
12876,aug_307933623.png,Tripleurospermum_inodorum
12877,aug_238858946.png,Tripleurospermum_inodorum
12878,aug_419095247.png,Tripleurospermum_inodorum
12879,aug_302624307.png,Tripleurospermum_inodorum
12880,aug_324786846.png,Tripleurospermum_inodorum
12881,aug_323719104.png,Tripleurospermum_inodorum
12882,aug_405434405.png,Tripleurospermum_inodorum
12883,aug_217935184.png,Tripleurospermum_inodorum
12884,aug_84187224.png,Tripleurospermum_inodorum
12885,aug_444856887.png,Tripleurospermum_inodorum
12886,aug_301662677.png,Tripleurospermum_inodorum
12887,aug_27096323.png,Tripleurospermum_inodorum
12888,aug_428250109.png,Tripleurospermum_inodorum
12889,aug_301660798.png,Tripleurospermum_inodorum
12890,aug_150348775.png,Tripleurospermum_inodorum
12891,aug_304169434.png,Tripleurospermum_inodorum
12892,aug_94629556.png,Tripleurospermum_inodorum
12893,aug_99058034.png,Tripleurospermum_inodorum
12894,aug_80881714.png,Tripleurospermum_inodorum
12895,aug_227145818.png,Tripleurospermum_inodorum
12896,aug_230537681.png,Tripleurospermum_inodorum
12897,aug_302602680.png,Tripleurospermum_inodorum
12898,aug_149984180.png,Tripleurospermum_inodorum
12899,aug_89963356.png,Tripleurospermum_inodorum
12900,aug_422987075.png,Tripleurospermum_inodorum
12901,aug_428561910.png,Tripleurospermum_inodorum
12902,aug_233410617.png,Tripleurospermum_inodorum
12903,aug_307928557.png,Tripleurospermum_inodorum
12904,aug_316116557.png,Tripleurospermum_inodorum
12905,aug_220858865.png,Tripleurospermum_inodorum
12906,aug_404152497.png,Tripleurospermum_inodorum
12907,aug_221767121.png,Tripleurospermum_inodorum
12908,aug_84123747.png,Tripleurospermum_inodorum
12909,aug_83877462.png,Tripleurospermum_inodorum
12910,aug_97750173.png,Tripleurospermum_inodorum
12911,aug_304351740.png,Tripleurospermum_inodorum
12912,aug_412869932.png,Tripleurospermum_inodorum
12913,aug_231314655.png,Tripleurospermum_inodorum
12914,aug_99741352.png,Tripleurospermum_inodorum
12915,aug_163365494.png,Tripleurospermum_inodorum
12916,aug_400416194.png,Tripleurospermum_inodorum
12917,aug_318642652.png,Tripleurospermum_inodorum
12918,aug_51384892.png,Tripleurospermum_inodorum
12919,aug_318974487.png,Tripleurospermum_inodorum
12920,aug_260046670.png,Tripleurospermum_inodorum
12921,aug_430927965.png,Tripleurospermum_inodorum
12922,aug_154202693.png,Tripleurospermum_inodorum
12923,aug_217442052.png,Tripleurospermum_inodorum
12924,aug_213322426.png,Tripleurospermum_inodorum
12925,aug_307168271.png,Tripleurospermum_inodorum
12926,aug_529249803.png,Tripleurospermum_inodorum
12927,aug_138641872.png,Tripleurospermum_inodorum
12928,aug_22576336.png,Tripleurospermum_inodorum
12929,aug_5485549.png,Tripleurospermum_inodorum
12930,aug_91878302.png,Tripleurospermum_inodorum
12931,aug_418904328.png,Tripleurospermum_inodorum
12932,aug_218324177.png,Tripleurospermum_inodorum
12933,aug_231313737.png,Tripleurospermum_inodorum
12934,aug_307170019.png,Tripleurospermum_inodorum
12935,aug_435602463.png,Tripleurospermum_inodorum
12936,aug_295854030.png,Tripleurospermum_inodorum
12937,aug_217401262.png,Tripleurospermum_inodorum
12938,aug_89705484.png,Tripleurospermum_inodorum
12939,aug_293166219.png,Tripleurospermum_inodorum
12940,aug_323198499.png,Tripleurospermum_inodorum
12941,aug_159058305.png,Tripleurospermum_inodorum
12942,aug_306146165.png,Tripleurospermum_inodorum
12943,aug_219107521.png,Tripleurospermum_inodorum
12944,aug_211345800.png,Tripleurospermum_inodorum
12945,aug_150208442.png,Tripleurospermum_inodorum
12946,aug_430721190.png,Tripleurospermum_inodorum
12947,aug_388324047.png,Tripleurospermum_inodorum
12948,aug_86824074.png,Tripleurospermum_inodorum
12949,aug_230741948.png,Tripleurospermum_inodorum
12950,aug_45040915.png,Tripleurospermum_inodorum
12951,aug_422442487.png,Tripleurospermum_inodorum
12952,aug_105078880.png,Tripleurospermum_inodorum
12953,aug_301676753.png,Tripleurospermum_inodorum
12954,aug_300030169.png,Tripleurospermum_inodorum
12955,aug_215105210.png,Tripleurospermum_inodorum
12956,aug_210702443.png,Tripleurospermum_inodorum
12957,aug_307466936.png,Tripleurospermum_inodorum
12958,aug_231947799.png,Tripleurospermum_inodorum
12959,aug_412327981.png,Tripleurospermum_inodorum
12960,aug_429531757.png,Tripleurospermum_inodorum
12961,aug_301669430.png,Tripleurospermum_inodorum
12962,aug_418733814.png,Tripleurospermum_inodorum
12963,aug_297387297.png,Tripleurospermum_inodorum
12964,aug_89976523.png,Tripleurospermum_inodorum
12965,aug_308110112.png,Tripleurospermum_inodorum
12966,aug_433154644.png,Tripleurospermum_inodorum
12967,aug_451215031.png,Tripleurospermum_inodorum
12968,aug_231065966.png,Tripleurospermum_inodorum
12969,aug_301674608.png,Tripleurospermum_inodorum
12970,aug_421772813.png,Tripleurospermum_inodorum
12971,aug_210894828.png,Tripleurospermum_inodorum
12972,aug_89174503.png,Tripleurospermum_inodorum
12973,aug_87699843.png,Tripleurospermum_inodorum
12974,aug_99425399.png,Tripleurospermum_inodorum
12975,aug_152776390.png,Tripleurospermum_inodorum
12976,aug_424281009.png,Tripleurospermum_inodorum
12977,aug_411578035.png,Tripleurospermum_inodorum
12978,aug_158266224.png,Tripleurospermum_inodorum
12979,aug_156547790.png,Tripleurospermum_inodorum
12980,aug_207159725.png,Tripleurospermum_inodorum
12981,aug_53812096.png,Tripleurospermum_inodorum
12982,aug_297827682.png,Tripleurospermum_inodorum
12983,aug_312418864.png,Tripleurospermum_inodorum
12984,aug_45719619.png,Tripleurospermum_inodorum
12985,aug_46892945.png,Tripleurospermum_inodorum
12986,aug_45596183.png,Tripleurospermum_inodorum
12987,aug_305553145.png,Tripleurospermum_inodorum
12988,aug_323328876.png,Tripleurospermum_inodorum
12989,aug_426210867.png,Tripleurospermum_inodorum
12990,aug_319673462.png,Tripleurospermum_inodorum
12991,aug_407085599.png,Tripleurospermum_inodorum
12992,aug_533587163.png,Tripleurospermum_inodorum
12993,aug_153486150.png,Tripleurospermum_inodorum
12994,aug_428780189.png,Tripleurospermum_inodorum
12995,aug_150832756.png,Tripleurospermum_inodorum
12996,aug_313819054.png,Tripleurospermum_inodorum
12997,aug_402609162.png,Tripleurospermum_inodorum
12998,aug_234023880.png,Tripleurospermum_inodorum
12999,aug_212120529.png,Tripleurospermum_inodorum
13000,aug_310234237.png,Tripleurospermum_inodorum
13001,aug_45201101.png,Tripleurospermum_inodorum
13002,aug_434627717.png,Tripleurospermum_inodorum
13003,aug_419121618.png,Tripleurospermum_inodorum
13004,aug_221753422.png,Tripleurospermum_inodorum
13005,aug_419492101.png,Tripleurospermum_inodorum
13006,aug_301662781.png,Tripleurospermum_inodorum
13007,aug_22398666.png,Tripleurospermum_inodorum
13008,aug_236557870.png,Tripleurospermum_inodorum
13009,aug_163271033.png,Tripleurospermum_inodorum
13010,aug_145952408.png,Tripleurospermum_inodorum
13011,aug_328317798.png,Tripleurospermum_inodorum
13012,aug_533612360.png,Tripleurospermum_inodorum
13013,aug_144663217.png,Tripleurospermum_inodorum
13014,aug_301663475.png,Tripleurospermum_inodorum
13015,aug_149226781.png,Tripleurospermum_inodorum
13016,aug_218628267.png,Tripleurospermum_inodorum
13017,aug_307929800.png,Tripleurospermum_inodorum
13018,aug_298661847.png,Tripleurospermum_inodorum
13019,aug_216993954.png,Tripleurospermum_inodorum
13020,aug_141269646.png,Tripleurospermum_inodorum
13021,aug_314515454.png,Tripleurospermum_inodorum
13022,aug_425268311.png,Tripleurospermum_inodorum
13023,aug_97781778.png,Tripleurospermum_inodorum
13024,aug_21013500.png,Tripleurospermum_inodorum
13025,aug_237529199.png,Tripleurospermum_inodorum
13026,aug_88091841.png,Tripleurospermum_inodorum
13027,aug_335949407.png,Tripleurospermum_inodorum
13028,aug_45031709.png,Tripleurospermum_inodorum
13029,aug_50117061.png,Tripleurospermum_inodorum
13030,aug_161383744.png,Tripleurospermum_inodorum
13031,aug_138782184.png,Tripleurospermum_inodorum
13032,aug_309207833.png,Tripleurospermum_inodorum
13033,aug_86655165.png,Tripleurospermum_inodorum
13034,aug_146529481.png,Tripleurospermum_inodorum
13035,aug_307249019.png,Tripleurospermum_inodorum
13036,aug_74898734.png,Tripleurospermum_inodorum
13037,aug_84058168.png,Tripleurospermum_inodorum
13038,aug_326024462.png,Tripleurospermum_inodorum
13039,aug_144806301.png,Tripleurospermum_inodorum
13040,aug_83259914.png,Tripleurospermum_inodorum
13041,aug_87457619.png,Tripleurospermum_inodorum
13042,aug_217504972.png,Tripleurospermum_inodorum
13043,aug_305757532.png,Tripleurospermum_inodorum
13044,aug_153494205.png,Tripleurospermum_inodorum
13045,aug_92123558.png,Tripleurospermum_inodorum
13046,aug_320015557.png,Tripleurospermum_inodorum
13047,aug_331984214.png,Tripleurospermum_inodorum
13048,aug_140543953.png,Tripleurospermum_inodorum
13049,aug_82978589.png,Tripleurospermum_inodorum
13050,aug_301374491.png,Tripleurospermum_inodorum
13051,aug_302278417.png,Tripleurospermum_inodorum
13052,aug_83892326.png,Tripleurospermum_inodorum
13053,aug_304345539.png,Tripleurospermum_inodorum
13054,aug_11551498.png,Tripleurospermum_inodorum
13055,aug_21199306.png,Tripleurospermum_inodorum
13056,aug_300654738.png,Tripleurospermum_inodorum
13057,aug_217807971.png,Tripleurospermum_inodorum
13058,aug_418743368.png,Tripleurospermum_inodorum
13059,aug_423476680.png,Tripleurospermum_inodorum
13060,aug_86791266.png,Tripleurospermum_inodorum
13061,aug_104179503.png,Tripleurospermum_inodorum
13062,aug_99575270.png,Tripleurospermum_inodorum
13063,aug_409327460.png,Tripleurospermum_inodorum
13064,aug_302625129.png,Tripleurospermum_inodorum
13065,aug_420598323.png,Tripleurospermum_inodorum
13066,aug_434039353.png,Tripleurospermum_inodorum
13067,aug_307168161.png,Tripleurospermum_inodorum
13068,aug_316630780.png,Tripleurospermum_inodorum
13069,aug_410490292.png,Tripleurospermum_inodorum
13070,aug_397801500.png,Tripleurospermum_inodorum
13071,aug_143539944.png,Tripleurospermum_inodorum
13072,aug_440176946.png,Tripleurospermum_inodorum
13073,aug_312418817.png,Tripleurospermum_inodorum
13074,aug_91280678.png,Tripleurospermum_inodorum
13075,aug_217782444.png,Tripleurospermum_inodorum
13076,aug_420451392.png,Tripleurospermum_inodorum
13077,aug_434867734.png,Tripleurospermum_inodorum
13078,aug_230311675.png,Tripleurospermum_inodorum
13079,aug_296847976.png,Tripleurospermum_inodorum
13080,aug_85990370.png,Tripleurospermum_inodorum
13081,aug_398849856.png,Tripleurospermum_inodorum
13082,aug_147886199.png,Tripleurospermum_inodorum
13083,aug_85314648.png,Tripleurospermum_inodorum
13084,aug_409938831.png,Tripleurospermum_inodorum
13085,aug_301669356.png,Tripleurospermum_inodorum
13086,aug_223966272.png,Tripleurospermum_inodorum
13087,aug_149954029.png,Tripleurospermum_inodorum
13088,aug_215622907.png,Tripleurospermum_inodorum
13089,aug_217505068.png,Tripleurospermum_inodorum
13090,aug_237143653.png,Tripleurospermum_inodorum
13091,aug_304642037.png,Tripleurospermum_inodorum
13092,aug_45699635.png,Tripleurospermum_inodorum
13093,aug_216068890.png,Tripleurospermum_inodorum
13094,aug_317232498.png,Tripleurospermum_inodorum
13095,aug_117659002.png,Tripleurospermum_inodorum
13096,aug_428019097.png,Tripleurospermum_inodorum
13097,aug_150793185.png,Tripleurospermum_inodorum
13098,aug_159709250.png,Tripleurospermum_inodorum
13099,aug_430234906.png,Tripleurospermum_inodorum
13100,aug_101515641.png,Tripleurospermum_inodorum
13101,aug_429397560.png,Tripleurospermum_inodorum
13102,aug_223479550.png,Tripleurospermum_inodorum
13103,aug_98377500.png,Tripleurospermum_inodorum
13104,aug_423062629.png,Tripleurospermum_inodorum
13105,aug_44431762.png,Tripleurospermum_inodorum
13106,aug_424019452.png,Tripleurospermum_inodorum
13107,aug_232869488.png,Tripleurospermum_inodorum
13108,aug_307929691.png,Tripleurospermum_inodorum
13109,aug_238728681.png,Tripleurospermum_inodorum
13110,aug_301665153.png,Tripleurospermum_inodorum
13111,aug_325833557.png,Tripleurospermum_inodorum
13112,aug_304231454.png,Tripleurospermum_inodorum
13113,aug_46572954.png,Tripleurospermum_inodorum
13114,aug_215365814.png,Tripleurospermum_inodorum
13115,aug_311478230.png,Tripleurospermum_inodorum
13116,aug_226455042.png,Tripleurospermum_inodorum
13117,aug_156647947.png,Tripleurospermum_inodorum
13118,aug_300561002.png,Tripleurospermum_inodorum
13119,aug_152577787.png,Tripleurospermum_inodorum
13120,aug_99844673.png,Tripleurospermum_inodorum
13121,aug_218915472.png,Tripleurospermum_inodorum
13122,aug_410054343.png,Tripleurospermum_inodorum
13123,aug_532932656.png,Tripleurospermum_inodorum
13124,aug_100142234.png,Tripleurospermum_inodorum
13125,aug_172109087.png,Tripleurospermum_inodorum
13126,aug_418656190.png,Tripleurospermum_inodorum
13127,aug_90606523.png,Tripleurospermum_inodorum
13128,aug_89584066.png,Tripleurospermum_inodorum
13129,aug_419492125.png,Tripleurospermum_inodorum
13130,aug_305123105.png,Tripleurospermum_inodorum
13131,aug_232020139.png,Tripleurospermum_inodorum
13132,aug_289431612.png,Tripleurospermum_inodorum
13133,aug_11206411.png,Tripleurospermum_inodorum
13134,aug_145370591.png,Tripleurospermum_inodorum
13135,aug_333230353.png,Tripleurospermum_inodorum
13136,aug_293092460.png,Tripleurospermum_inodorum
13137,aug_293505060.png,Tripleurospermum_inodorum
13138,aug_411796455.png,Tripleurospermum_inodorum
13139,aug_433250754.png,Tripleurospermum_inodorum
13140,aug_304344967.png,Tripleurospermum_inodorum
13141,aug_154024415.png,Tripleurospermum_inodorum
13142,aug_423429275.png,Tripleurospermum_inodorum
13143,aug_133551087.png,Tripleurospermum_inodorum
13144,aug_232823335.png,Tripleurospermum_inodorum
13145,aug_304344511.png,Tripleurospermum_inodorum
13146,aug_307069516.png,Tripleurospermum_inodorum
13147,aug_52521366.png,Tripleurospermum_inodorum
13148,aug_145890308.png,Tripleurospermum_inodorum
13149,aug_100881533.png,Tripleurospermum_inodorum
13150,aug_50193619.png,Tripleurospermum_inodorum
13151,aug_312649599.png,Tripleurospermum_inodorum
13152,aug_83880288.png,Tripleurospermum_inodorum
13153,aug_321005544.png,Tripleurospermum_inodorum
13154,aug_106193543.png,Tripleurospermum_inodorum
13155,aug_296840575.png,Tripleurospermum_inodorum
13156,aug_309323630.png,Tripleurospermum_inodorum
13157,aug_206185515.png,Tripleurospermum_inodorum
13158,aug_401350200.png,Tripleurospermum_inodorum
13159,aug_323882238.png,Tripleurospermum_inodorum
13160,aug_50252290.png,Tripleurospermum_inodorum
13161,aug_216667433.png,Tripleurospermum_inodorum
13162,aug_53145274.png,Tripleurospermum_inodorum
13163,aug_89349118.png,Tripleurospermum_inodorum
13164,aug_432165182.png,Tripleurospermum_inodorum
13165,aug_304344932.png,Tripleurospermum_inodorum
13166,aug_427244633.png,Tripleurospermum_inodorum
13167,aug_48063097.png,Tripleurospermum_inodorum
13168,aug_20437310.png,Tripleurospermum_inodorum
13169,aug_332052689.png,Tripleurospermum_inodorum
13170,aug_226776423.png,Tripleurospermum_inodorum
13171,aug_150133002.png,Tripleurospermum_inodorum
13172,aug_431312477.png,Tripleurospermum_inodorum
13173,aug_164590631.png,Tripleurospermum_inodorum
13174,aug_302625706.png,Tripleurospermum_inodorum
13175,aug_88484747.png,Tripleurospermum_inodorum
13176,aug_45269133.png,Tripleurospermum_inodorum
13177,aug_223978221.png,Tripleurospermum_inodorum
13178,aug_61229417.png,Tripleurospermum_inodorum
13179,aug_432479159.png,Tripleurospermum_inodorum
13180,aug_84617076.png,Tripleurospermum_inodorum
13181,aug_229023397.png,Tripleurospermum_inodorum
13182,aug_49513567.png,Tripleurospermum_inodorum
13183,aug_404435502.png,Tripleurospermum_inodorum
13184,aug_293003498.png,Tripleurospermum_inodorum
13185,aug_328544398.png,Tripleurospermum_inodorum
13186,aug_218350896(1).png,Tripleurospermum_inodorum
13187,aug_83849439.png,Tripleurospermum_inodorum
13188,aug_411197198.png,Tripleurospermum_inodorum
13189,aug_215023728.png,Tripleurospermum_inodorum
13190,aug_217767758.png,Tripleurospermum_inodorum
13191,aug_420909388(1).png,Tripleurospermum_inodorum
13192,aug_231221951.png,Tripleurospermum_inodorum
13193,aug_176834141.png,Tripleurospermum_inodorum
13194,aug_9085242.png,Tripleurospermum_inodorum
13195,aug_431990023.png,Tripleurospermum_inodorum
13196,aug_55418489.png,Tripleurospermum_inodorum
13197,aug_303702368.png,Tripleurospermum_inodorum
13198,aug_418359350(1).png,Tripleurospermum_inodorum
13199,aug_148067750.png,Tripleurospermum_inodorum
13200,aug_216243815.png,Tripleurospermum_inodorum
13201,aug_217799408.png,Tripleurospermum_inodorum
13202,aug_42978892.png,Tripleurospermum_inodorum
13203,aug_46321152.png,Tripleurospermum_inodorum
13204,aug_12822173.png,Tripleurospermum_inodorum
13205,aug_209433816.png,Tripleurospermum_inodorum
13206,aug_416303767.png,Tripleurospermum_inodorum
13207,aug_301662591.png,Tripleurospermum_inodorum
13208,aug_304959066.png,Tripleurospermum_inodorum
13209,aug_87746600.png,Tripleurospermum_inodorum
13210,aug_235670372.png,Tripleurospermum_inodorum
13211,aug_301675598.png,Tripleurospermum_inodorum
13212,aug_412011646.png,Tripleurospermum_inodorum
13213,aug_229255780.png,Tripleurospermum_inodorum
13214,aug_301022164.png,Tripleurospermum_inodorum
13215,aug_306903310.png,Tripleurospermum_inodorum
13216,aug_217452637.png,Tripleurospermum_inodorum
13217,aug_97628197.png,Tripleurospermum_inodorum
13218,aug_96863422.png,Tripleurospermum_inodorum
13219,aug_315926432.png,Tripleurospermum_inodorum
13220,aug_146146943.png,Tripleurospermum_inodorum
13221,aug_99959246.png,Tripleurospermum_inodorum
13222,aug_300647402.png,Tripleurospermum_inodorum
13223,aug_292940841.png,Tripleurospermum_inodorum
13224,aug_307168350.png,Tripleurospermum_inodorum
13225,aug_217618289.png,Tripleurospermum_inodorum
13226,aug_296844004.png,Tripleurospermum_inodorum
13227,aug_43370734.png,Tripleurospermum_inodorum
13228,aug_424661897.png,Tripleurospermum_inodorum
13229,aug_85046589.png,Tripleurospermum_inodorum
13230,aug_208973014.png,Tripleurospermum_inodorum
13231,aug_82625484.png,Tripleurospermum_inodorum
13232,aug_426620987.png,Tripleurospermum_inodorum
13233,aug_143528257.png,Tripleurospermum_inodorum
13234,aug_320670491.png,Tripleurospermum_inodorum
13235,aug_211620970.png,Tripleurospermum_inodorum
13236,aug_83353956.png,Tripleurospermum_inodorum
13237,aug_219942230.png,Tripleurospermum_inodorum
13238,aug_308004727.png,Tripleurospermum_inodorum
13239,aug_144814158.png,Tripleurospermum_inodorum
13240,aug_530965905.png,Tripleurospermum_inodorum
13241,aug_49724465.png,Tripleurospermum_inodorum
13242,aug_147546884.png,Tripleurospermum_inodorum
13243,aug_148683750.png,Tripleurospermum_inodorum
13244,aug_88403003.png,Tripleurospermum_inodorum
13245,aug_419425888.png,Tripleurospermum_inodorum
13246,aug_210742098.png,Tripleurospermum_inodorum
13247,aug_96206950.png,Tripleurospermum_inodorum
13248,aug_423158428.png,Tripleurospermum_inodorum
13249,aug_218907672.png,Tripleurospermum_inodorum
13250,aug_56488076.png,Tripleurospermum_inodorum
13251,aug_534013832.png,Tripleurospermum_inodorum
13252,aug_301665415.png,Tripleurospermum_inodorum
13253,aug_106576001.png,Tripleurospermum_inodorum
13254,aug_187268914.png,Tripleurospermum_inodorum
13255,aug_91143664.png,Tripleurospermum_inodorum
13256,aug_532070900.png,Tripleurospermum_inodorum
13257,aug_86179699.png,Tripleurospermum_inodorum
13258,aug_297484390.png,Tripleurospermum_inodorum
13259,aug_84627606.png,Tripleurospermum_inodorum
13260,aug_216780603.png,Tripleurospermum_inodorum
13261,aug_407028933.png,Tripleurospermum_inodorum
13262,aug_304345008.png,Tripleurospermum_inodorum
13263,aug_49010604.png,Tripleurospermum_inodorum
13264,aug_164854014.png,Tripleurospermum_inodorum
13265,aug_417322255.png,Tripleurospermum_inodorum
13266,aug_9488554.png,Tripleurospermum_inodorum
13267,aug_144918254.png,Tripleurospermum_inodorum
13268,aug_87135729.png,Tripleurospermum_inodorum
13269,aug_212454547.png,Tripleurospermum_inodorum
13270,aug_166342769.png,Tripleurospermum_inodorum
13271,aug_528975535.png,Tripleurospermum_inodorum
13272,aug_411855022.png,Tripleurospermum_inodorum
13273,aug_429403828.png,Tripleurospermum_inodorum
13274,aug_407156023.png,Tripleurospermum_inodorum
13275,aug_84927784.png,Tripleurospermum_inodorum
13276,aug_145276291.png,Tripleurospermum_inodorum
13277,aug_153972119.png,Tripleurospermum_inodorum
13278,aug_215640699.png,Tripleurospermum_inodorum
13279,aug_296149377.png,Tripleurospermum_inodorum
13280,aug_269897846.png,Tripleurospermum_inodorum
13281,aug_249620477.png,Tripleurospermum_inodorum
13282,aug_34956563.png,Tripleurospermum_inodorum
13283,aug_325122953.png,Tripleurospermum_inodorum
13284,aug_307958657.png,Tripleurospermum_inodorum
13285,aug_208572069.png,Tripleurospermum_inodorum
13286,aug_233596543.png,Tripleurospermum_inodorum
13287,aug_389633436.png,Tripleurospermum_inodorum
13288,aug_437500998.png,Tripleurospermum_inodorum
13289,aug_220415804.png,Tripleurospermum_inodorum
13290,aug_22964955.png,Tripleurospermum_inodorum
13291,aug_237658927.png,Tripleurospermum_inodorum
13292,aug_301370086.png,Tripleurospermum_inodorum
13293,aug_218776036.png,Tripleurospermum_inodorum
13294,aug_426190168.png,Tripleurospermum_inodorum
13295,aug_213469567.png,Tripleurospermum_inodorum
13296,aug_302564594.png,Tripleurospermum_inodorum
13297,aug_222649936.png,Tripleurospermum_inodorum
13298,aug_532104707.png,Tripleurospermum_inodorum
13299,aug_288003430.png,Tripleurospermum_inodorum
13300,aug_8885871.png,Tripleurospermum_inodorum
13301,aug_86258118.png,Tripleurospermum_inodorum
13302,aug_424247314.png,Tripleurospermum_inodorum
13303,aug_437703914.png,Tripleurospermum_inodorum
13304,aug_292151390.png,Tripleurospermum_inodorum
13305,aug_292784764.png,Tripleurospermum_inodorum
13306,aug_101528785.png,Tripleurospermum_inodorum
13307,aug_85391875.png,Tripleurospermum_inodorum
13308,aug_414426865.png,Tripleurospermum_inodorum
13309,aug_143084741.png,Tripleurospermum_inodorum
13310,aug_86478557.png,Tripleurospermum_inodorum
13311,aug_5348076.png,Tripleurospermum_inodorum
13312,aug_23049303.png,Tripleurospermum_inodorum
13313,aug_409133317.png,Tripleurospermum_inodorum
13314,aug_80404117.png,Tripleurospermum_inodorum
13315,aug_239183288.png,Tripleurospermum_inodorum
13316,aug_98067469.png,Tripleurospermum_inodorum
13317,aug_89834942.png,Tripleurospermum_inodorum
13318,aug_315009389.png,Tripleurospermum_inodorum
13319,aug_225575436.png,Tripleurospermum_inodorum
13320,aug_434222871.png,Tripleurospermum_inodorum
13321,aug_163703244.png,Tripleurospermum_inodorum
13322,aug_217374320.png,Tripleurospermum_inodorum
13323,aug_228424247.png,Tripleurospermum_inodorum
13324,aug_222320157.png,Tripleurospermum_inodorum
13325,aug_221458240.png,Tripleurospermum_inodorum
13326,aug_231894353.png,Tripleurospermum_inodorum
13327,aug_433687895.png,Tripleurospermum_inodorum
13328,aug_87331241.png,Tripleurospermum_inodorum
13329,aug_302623148.png,Tripleurospermum_inodorum
13330,aug_294864485.png,Tripleurospermum_inodorum
13331,aug_85327459.png,Tripleurospermum_inodorum
13332,aug_206206695.png,Tripleurospermum_inodorum
13333,aug_219334214.png,Tripleurospermum_inodorum
13334,aug_156355637.png,Tripleurospermum_inodorum
13335,aug_222814324.png,Tripleurospermum_inodorum
13336,aug_249415280.png,Tripleurospermum_inodorum
13337,aug_405201055.png,Tripleurospermum_inodorum
13338,aug_221718394.png,Tripleurospermum_inodorum
13339,aug_142203669.png,Tripleurospermum_inodorum
13340,aug_102176714.png,Tripleurospermum_inodorum
13341,aug_211369151.png,Tripleurospermum_inodorum
13342,aug_92522683.png,Tripleurospermum_inodorum
13343,aug_391127118.png,Tripleurospermum_inodorum
13344,aug_301665891.png,Tripleurospermum_inodorum
13345,aug_20928325.png,Tripleurospermum_inodorum
13346,aug_54902313.png,Tripleurospermum_inodorum
13347,aug_301656163.png,Tripleurospermum_inodorum
13348,aug_352763406.png,Tripleurospermum_inodorum
13349,aug_292826394.png,Tripleurospermum_inodorum
13350,aug_425804189.png,Tripleurospermum_inodorum
13351,aug_304352273.png,Tripleurospermum_inodorum
13352,aug_218083663.png,Tripleurospermum_inodorum
13353,aug_85888659.png,Tripleurospermum_inodorum
13354,aug_388324289.png,Tripleurospermum_inodorum
13355,aug_218540684.png,Tripleurospermum_inodorum
13356,aug_221733147.png,Tripleurospermum_inodorum
13357,aug_102196775.png,Tripleurospermum_inodorum
13358,aug_87015138.png,Tripleurospermum_inodorum
13359,aug_164280872.png,Tripleurospermum_inodorum
13360,aug_441757293.png,Tripleurospermum_inodorum
13361,aug_436133017.png,Tripleurospermum_inodorum
13362,aug_221460408.png,Tripleurospermum_inodorum
13363,aug_84306168.png,Tripleurospermum_inodorum
13364,aug_213067720.png,Tripleurospermum_inodorum
13365,aug_218953584.png,Tripleurospermum_inodorum
13366,aug_409187863.png,Tripleurospermum_inodorum
13367,aug_152719618.png,Tripleurospermum_inodorum
13368,aug_304344101.png,Tripleurospermum_inodorum
13369,aug_96719890.png,Tripleurospermum_inodorum
13370,aug_429968760.png,Tripleurospermum_inodorum
13371,aug_147925218.png,Tripleurospermum_inodorum
13372,aug_322267559.png,Tripleurospermum_inodorum
13373,aug_301025345.png,Tripleurospermum_inodorum
13374,aug_97627940.png,Tripleurospermum_inodorum
13375,aug_318658834.png,Tripleurospermum_inodorum
13376,aug_21332038.png,Tripleurospermum_inodorum
13377,aug_26550959.png,Tripleurospermum_inodorum