FileName,Label,SuperimposedFile,
408406469.jpg,Leucanthemum_vulgare,superimposed_408406469.jpg,
460895105.jpg,Leucanthemum_vulgare,superimposed_460895105.jpg,
439562410.jpg,Leucanthemum_vulgare,superimposed_439562410.jpg,
402133459.jpg,Leucanthemum_vulgare,superimposed_402133459.jpg,
453027816.jpg,Leucanthemum_vulgare,,NA
411231169.jpg,Leucanthemum_vulgare,superimposed_411231169.jpg,
408380817.jpg,Leucanthemum_vulgare,superimposed_408380817.jpg,
440179215.jpg,Leucanthemum_vulgare,,NA
467705267.jpg,Leucanthemum_vulgare,,NA
459150178.jpg,Leucanthemum_vulgare,superimposed_459150178.jpg,
401480210.jpg,Leucanthemum_vulgare,superimposed_401480210.jpg,
401347330.jpg,Leucanthemum_vulgare,superimposed_401347330.jpg,
426686350.jpg,Leucanthemum_vulgare,superimposed_426686350.jpg,
438528075.jpg,Leucanthemum_vulgare,,NA
470613410.jpg,Leucanthemum_vulgare,superimposed_470613410.jpg,
412554416.jpg,Leucanthemum_vulgare,superimposed_412554416.jpg,
433910758.jpg,Leucanthemum_vulgare,superimposed_433910758.jpg,
465297547.jpg,Leucanthemum_vulgare,superimposed_465297547.jpg,
401196616.jpg,Leucanthemum_vulgare,superimposed_401196616.jpg,
423935289.jpg,Leucanthemum_vulgare,,NA
453472119.jpg,Leucanthemum_vulgare,superimposed_453472119.jpg,
420335228.jpg,Leucanthemum_vulgare,superimposed_420335228.jpg,
444346259.jpg,Leucanthemum_vulgare,superimposed_444346259.jpg,
470305251.jpg,Leucanthemum_vulgare,superimposed_470305251.jpg,
462095377.jpg,Leucanthemum_vulgare,,NA
430886919.jpg,Leucanthemum_vulgare,superimposed_430886919.jpg,
405608271.jpg,Leucanthemum_vulgare,superimposed_405608271.jpg,
444804269.jpg,Leucanthemum_vulgare,,NA
402907772.jpg,Leucanthemum_vulgare,superimposed_402907772.jpg,
408612557.jpg,Leucanthemum_vulgare,superimposed_408612557.jpg,
402705567.jpg,Leucanthemum_vulgare,superimposed_402705567.jpg,
402903975.jpg,Leucanthemum_vulgare,superimposed_402903975.jpg,
459303773.jpg,Leucanthemum_vulgare,,NA
463540263.jpg,Leucanthemum_vulgare,superimposed_463540263.jpg,
448197448.jpg,Leucanthemum_vulgare,,NA
401744831.jpg,Leucanthemum_vulgare,,NA
456448744.jpg,Leucanthemum_vulgare,,NA
439345932.jpg,Leucanthemum_vulgare,superimposed_439345932.jpg,
401108891.jpg,Leucanthemum_vulgare,superimposed_401108891.jpg,
402594904.jpg,Leucanthemum_vulgare,superimposed_402594904.jpg,
402514294.jpg,Leucanthemum_vulgare,,NA
454929951.jpg,Leucanthemum_vulgare,,NA
411155208.jpg,Leucanthemum_vulgare,superimposed_411155208.jpg,
472713788.jpg,Leucanthemum_vulgare,superimposed_472713788.jpg,
467907481.jpg,Leucanthemum_vulgare,superimposed_467907481.jpg,
453623208.jpg,Leucanthemum_vulgare,,NA
403181270.jpg,Leucanthemum_vulgare,superimposed_403181270.jpg,
428170965.jpg,Leucanthemum_vulgare,superimposed_428170965.jpg,
403734134.jpg,Leucanthemum_vulgare,,NA
408162854.jpg,Leucanthemum_vulgare,superimposed_408162854.jpg,
403977277.jpg,Leucanthemum_vulgare,superimposed_403977277.jpg,
433925885.jpg,Leucanthemum_vulgare,,NA
433039090.jpg,Leucanthemum_vulgare,,NA
430753935.jpg,Leucanthemum_vulgare,superimposed_430753935.jpg,
438712749.jpg,Leucanthemum_vulgare,superimposed_438712749.jpg,
413125896.jpg,Leucanthemum_vulgare,,NA
411161661.jpg,Leucanthemum_vulgare,superimposed_411161661.jpg,
413223442.jpg,Leucanthemum_vulgare,superimposed_413223442.jpg,
401386275.jpg,Leucanthemum_vulgare,superimposed_401386275.jpg,
458537948.jpg,Leucanthemum_vulgare,superimposed_458537948.jpg,
430383750.jpg,Leucanthemum_vulgare,,NA
430302418.jpg,Leucanthemum_vulgare,superimposed_430302418.jpg,
416083904.jpg,Leucanthemum_vulgare,superimposed_416083904.jpg,
459100321.jpg,Leucanthemum_vulgare,superimposed_459100321.jpg,
444787617.jpg,Leucanthemum_vulgare,superimposed_444787617.jpg,
401651591.jpg,Leucanthemum_vulgare,superimposed_401651591.jpg,
401346124.jpg,Leucanthemum_vulgare,superimposed_401346124.jpg,
407252418.jpg,Leucanthemum_vulgare,superimposed_407252418.jpg,
445614367.jpg,Leucanthemum_vulgare,superimposed_445614367.jpg,
460548798.jpg,Leucanthemum_vulgare,superimposed_460548798.jpg,
410528338.jpg,Leucanthemum_vulgare,superimposed_410528338.jpg,
434675516.jpg,Leucanthemum_vulgare,superimposed_434675516.jpg,
411246309.jpg,Leucanthemum_vulgare,superimposed_411246309.jpg,
464126659.jpg,Leucanthemum_vulgare,superimposed_464126659.jpg,
457960333.jpg,Leucanthemum_vulgare,superimposed_457960333.jpg,
403068239.jpg,Leucanthemum_vulgare,,
437045343.jpg,Leucanthemum_vulgare,,
406006981.jpg,Leucanthemum_vulgare,,
419360080.jpg,Leucanthemum_vulgare,,
413621023.jpg,Leucanthemum_vulgare,,
463537896.jpg,Leucanthemum_vulgare,superimposed_463537896.jpg,
409519965.jpg,Leucanthemum_vulgare,superimposed_409519965.jpg,
437208086.jpg,Leucanthemum_vulgare,superimposed_437208086.jpg,
444713228.jpg,Leucanthemum_vulgare,,
435856788.jpg,Leucanthemum_vulgare,superimposed_435856788.jpg,
403793540.jpg,Leucanthemum_vulgare,,
461133640.jpg,Leucanthemum_vulgare,,
401008926.jpg,Leucanthemum_vulgare,superimposed_401008926.jpg,
414204380.jpg,Leucanthemum_vulgare,,
412664788.jpg,Leucanthemum_vulgare,,
428110358.jpg,Leucanthemum_vulgare,,
437708601.jpg,Leucanthemum_vulgare,superimposed_437708601.jpg,
446461287.jpg,Leucanthemum_vulgare,,
456371318.jpg,Leucanthemum_vulgare,superimposed_456371318.jpg,
405841092.jpg,Leucanthemum_vulgare,superimposed_405841092.jpg,
405724288.jpg,Leucanthemum_vulgare,superimposed_405724288.jpg,
412587630.jpg,Leucanthemum_vulgare,superimposed_412587630.jpg,
400705867.jpg,Leucanthemum_vulgare,superimposed_400705867.jpg,
401378591.jpg,Leucanthemum_vulgare,superimposed_401378591.jpg,
473978383.jpg,Leucanthemum_vulgare,superimposed_473978383.jpg,
406764445.jpg,Leucanthemum_vulgare,,
404651643.jpg,Leucanthemum_vulgare,superimposed_404651643.jpg,
451529749.jpg,Leucanthemum_vulgare,,
429409959.jpg,Leucanthemum_vulgare,superimposed_429409959.jpg,
404172087.jpg,Leucanthemum_vulgare,,
408921336.jpg,Leucanthemum_vulgare,,
426888719.jpg,Leucanthemum_vulgare,,
415043064.jpg,Leucanthemum_vulgare,superimposed_415043064.jpg,
428621385.jpg,Leucanthemum_vulgare,,
405290937.jpg,Leucanthemum_vulgare,,
458944067.jpg,Leucanthemum_vulgare,,
411998614.jpg,Leucanthemum_vulgare,,
432647547.jpg,Leucanthemum_vulgare,,
400750860.jpg,Leucanthemum_vulgare,superimposed_400750860.jpg,
438158785.jpg,Leucanthemum_vulgare,superimposed_438158785.jpg,
472978921.jpg,Leucanthemum_vulgare,superimposed_472978921.jpg,
401247955.jpg,Leucanthemum_vulgare,superimposed_401247955.jpg,
401652780.jpg,Leucanthemum_vulgare,superimposed_401652780.jpg,
433400049.jpg,Leucanthemum_vulgare,superimposed_433400049.jpg,
467059336.jpg,Leucanthemum_vulgare,superimposed_467059336.jpg,
465615317.jpg,Leucanthemum_vulgare,,
404296498.jpg,Leucanthemum_vulgare,superimposed_404296498.jpg,
415453843.jpg,Leucanthemum_vulgare,superimposed_415453843.jpg,
409534035.jpg,Leucanthemum_vulgare,superimposed_409534035.jpg,
403976527.jpg,Leucanthemum_vulgare,,
421751012.jpg,Leucanthemum_vulgare,superimposed_421751012.jpg,
454990104.jpg,Leucanthemum_vulgare,superimposed_454990104.jpg,
401344643.jpg,Leucanthemum_vulgare,superimposed_401344643.jpg,
435024055.jpg,Leucanthemum_vulgare,superimposed_435024055.jpg,
412412512.jpg,Leucanthemum_vulgare,superimposed_412412512.jpg,
403239456.jpg,Leucanthemum_vulgare,superimposed_403239456.jpg,
414036022.jpg,Leucanthemum_vulgare,superimposed_414036022.jpg,
410106761.jpg,Leucanthemum_vulgare,,
409017547.jpg,Leucanthemum_vulgare,superimposed_409017547.jpg,
439349411.jpg,Leucanthemum_vulgare,,
404762998.jpg,Leucanthemum_vulgare,superimposed_404762998.jpg,
402550884.jpg,Leucanthemum_vulgare,,
452093056.jpg,Leucanthemum_vulgare,superimposed_452093056.jpg,
435657232.jpg,Leucanthemum_vulgare,superimposed_435657232.jpg,
469652771.jpg,Leucanthemum_vulgare,superimposed_469652771.jpg,
465510338.jpg,Leucanthemum_vulgare,superimposed_465510338.jpg,
402715693.jpg,Leucanthemum_vulgare,superimposed_402715693.jpg,
431377685.jpg,Leucanthemum_vulgare,,
420453984.jpg,Leucanthemum_vulgare,superimposed_420453984.jpg,
463839405.jpg,Leucanthemum_vulgare,,
401574452.jpg,Leucanthemum_vulgare,superimposed_401574452.jpg,
420972932.jpg,Leucanthemum_vulgare,superimposed_420972932.jpg,
459219125.jpg,Leucanthemum_vulgare,superimposed_459219125.jpg,
405840189.jpg,Leucanthemum_vulgare,,
466858630.jpg,Leucanthemum_vulgare,,
407308029.jpg,Leucanthemum_vulgare,superimposed_407308029.jpg,
442337780.jpg,Leucanthemum_vulgare,superimposed_442337780.jpg,
419842281.jpg,Leucanthemum_vulgare,superimposed_419842281.jpg,
410620447.jpg,Leucanthemum_vulgare,superimposed_410620447.jpg,
403847549.jpg,Leucanthemum_vulgare,,
411070700.jpg,Leucanthemum_vulgare,superimposed_411070700.jpg,
402813942.jpg,Leucanthemum_vulgare,superimposed_402813942.jpg,
434860927.jpg,Leucanthemum_vulgare,superimposed_434860927.jpg,
407662158.jpg,Leucanthemum_vulgare,superimposed_407662158.jpg,
450824104.jpg,Leucanthemum_vulgare,superimposed_450824104.jpg,
411448142.jpg,Leucanthemum_vulgare,superimposed_411448142.jpg,
401789363.jpg,Leucanthemum_vulgare,,
465000001.jpg,Leucanthemum_vulgare,superimposed_465000001.jpg,
427151639.jpg,Leucanthemum_vulgare,superimposed_427151639.jpg,
435169860.jpg,Leucanthemum_vulgare,superimposed_435169860.jpg,
455705087.jpg,Leucanthemum_vulgare,,
437174631.jpg,Leucanthemum_vulgare,superimposed_437174631.jpg,
419907112.jpg,Leucanthemum_vulgare,superimposed_419907112.jpg,
429117845.jpg,Leucanthemum_vulgare,superimposed_429117845.jpg,
403668698.jpg,Leucanthemum_vulgare,superimposed_403668698.jpg,
454078073.jpg,Leucanthemum_vulgare,superimposed_454078073.jpg,
472608920.jpg,Leucanthemum_vulgare,superimposed_472608920.jpg,
411567807.jpg,Leucanthemum_vulgare,,
420487275.jpg,Leucanthemum_vulgare,superimposed_420487275.jpg,
400553728.jpg,Leucanthemum_vulgare,,
408211846.jpg,Leucanthemum_vulgare,superimposed_408211846.jpg,
402184518.jpg,Leucanthemum_vulgare,superimposed_402184518.jpg,
413758783.jpg,Leucanthemum_vulgare,,
437511145.jpg,Leucanthemum_vulgare,superimposed_437511145.jpg,
415229277.jpg,Leucanthemum_vulgare,,
412324717.jpg,Leucanthemum_vulgare,,
400462087.jpg,Leucanthemum_vulgare,superimposed_400462087.jpg,
424911021.jpg,Leucanthemum_vulgare,superimposed_424911021.jpg,
444234427.jpg,Leucanthemum_vulgare,superimposed_444234427.jpg,
410075125.jpg,Leucanthemum_vulgare,,
448109783.jpg,Leucanthemum_vulgare,,
400889977.jpg,Leucanthemum_vulgare,superimposed_400889977.jpg,
414261700.jpg,Leucanthemum_vulgare,superimposed_414261700.jpg,
412297401.jpg,Leucanthemum_vulgare,,
400670434.jpg,Leucanthemum_vulgare,superimposed_400670434.jpg,
407598394.jpg,Leucanthemum_vulgare,superimposed_407598394.jpg,
448337807.jpg,Leucanthemum_vulgare,superimposed_448337807.jpg,
400347044.jpg,Leucanthemum_vulgare,superimposed_400347044.jpg,
403502449.jpg,Leucanthemum_vulgare,superimposed_403502449.jpg,
457901217.jpg,Leucanthemum_vulgare,superimposed_457901217.jpg,
411431933.jpg,Leucanthemum_vulgare,superimposed_411431933.jpg,
429071944.jpg,Leucanthemum_vulgare,superimposed_429071944.jpg,
412891914.jpg,Leucanthemum_vulgare,superimposed_412891914.jpg,
403246316.jpg,Leucanthemum_vulgare,superimposed_403246316.jpg,
402733462.jpg,Leucanthemum_vulgare,,
432619882.jpg,Leucanthemum_vulgare,,
426305769.jpg,Leucanthemum_vulgare,,
454222865.jpg,Leucanthemum_vulgare,,
408928454.jpg,Leucanthemum_vulgare,,
407345721.jpg,Leucanthemum_vulgare,superimposed_407345721.jpg,
438274038.jpg,Leucanthemum_vulgare,superimposed_438274038.jpg,
456875325.jpg,Leucanthemum_vulgare,superimposed_456875325.jpg,
460292885.jpg,Leucanthemum_vulgare,superimposed_460292885.jpg,
410904951.jpg,Leucanthemum_vulgare,superimposed_410904951.jpg,
443387031.jpg,Leucanthemum_vulgare,,
438340162.jpg,Leucanthemum_vulgare,superimposed_438340162.jpg,
458795215.jpg,Leucanthemum_vulgare,superimposed_458795215.jpg,
449734344.jpg,Leucanthemum_vulgare,superimposed_449734344.jpg,
411439594.jpg,Leucanthemum_vulgare,,
408767566.jpg,Leucanthemum_vulgare,superimposed_408767566.jpg,
467434663.jpg,Leucanthemum_vulgare,,
420728336.jpg,Leucanthemum_vulgare,superimposed_420728336.jpg,
430553125.jpg,Leucanthemum_vulgare,superimposed_430553125.jpg,
407291356.jpg,Leucanthemum_vulgare,superimposed_407291356.jpg,
405920579.jpg,Leucanthemum_vulgare,superimposed_405920579.jpg,
467807694.jpg,Leucanthemum_vulgare,superimposed_467807694.jpg,
464756061.jpg,Leucanthemum_vulgare,superimposed_464756061.jpg,
447839267.jpg,Leucanthemum_vulgare,,
413246099.jpg,Leucanthemum_vulgare,superimposed_413246099.jpg,
466440151.jpg,Leucanthemum_vulgare,superimposed_466440151.jpg,
444693522.jpg,Leucanthemum_vulgare,,
437999611.jpg,Leucanthemum_vulgare,,
460254018.jpg,Leucanthemum_vulgare,superimposed_460254018.jpg,
411342542.jpg,Leucanthemum_vulgare,superimposed_411342542.jpg,
456665373.jpg,Leucanthemum_vulgare,,
413210622.jpg,Leucanthemum_vulgare,superimposed_413210622.jpg,
413798267.jpg,Leucanthemum_vulgare,superimposed_413798267.jpg,
406400215.jpg,Leucanthemum_vulgare,,
471214191.jpg,Leucanthemum_vulgare,,
402768697.jpg,Leucanthemum_vulgare,superimposed_402768697.jpg,
473822843.jpg,Leucanthemum_vulgare,superimposed_473822843.jpg,
434513246.jpg,Leucanthemum_vulgare,,
407973060.jpg,Leucanthemum_vulgare,superimposed_407973060.jpg,
401110892.jpg,Leucanthemum_vulgare,superimposed_401110892.jpg,
461419436.jpg,Leucanthemum_vulgare,superimposed_461419436.jpg,
405342725.jpg,Leucanthemum_vulgare,superimposed_405342725.jpg,
438341343.jpg,Leucanthemum_vulgare,superimposed_438341343.jpg,
401166674.jpg,Leucanthemum_vulgare,superimposed_401166674.jpg,
414403670.jpg,Leucanthemum_vulgare,,
414560585.jpg,Leucanthemum_vulgare,,
417078863.jpg,Leucanthemum_vulgare,,
405471124.jpg,Leucanthemum_vulgare,superimposed_405471124.jpg,
406190767.jpg,Leucanthemum_vulgare,superimposed_406190767.jpg,
453261341.jpg,Leucanthemum_vulgare,,
443562846.jpg,Leucanthemum_vulgare,superimposed_443562846.jpg,
404030263.jpg,Leucanthemum_vulgare,,
450074286.jpg,Leucanthemum_vulgare,,
400711267.jpg,Leucanthemum_vulgare,superimposed_400711267.jpg,
444589331.jpg,Leucanthemum_vulgare,,
451331222.jpg,Leucanthemum_vulgare,,
459349461.jpg,Leucanthemum_vulgare,superimposed_459349461.jpg,
417792947.jpg,Leucanthemum_vulgare,,
401465325.jpg,Leucanthemum_vulgare,superimposed_401465325.jpg,
427403835.jpg,Leucanthemum_vulgare,superimposed_427403835.jpg,
407883268.jpg,Leucanthemum_vulgare,superimposed_407883268.jpg,
423834895.jpg,Leucanthemum_vulgare,superimposed_423834895.jpg,
413816000.jpg,Leucanthemum_vulgare,superimposed_413816000.jpg,
408678105.jpg,Leucanthemum_vulgare,superimposed_408678105.jpg,
444553141.jpg,Leucanthemum_vulgare,superimposed_444553141.jpg,
433187984.jpg,Leucanthemum_vulgare,superimposed_433187984.jpg,
400523493.jpg,Leucanthemum_vulgare,superimposed_400523493.jpg,
401362370.jpg,Leucanthemum_vulgare,superimposed_401362370.jpg,
407377744.jpg,Leucanthemum_vulgare,superimposed_407377744.jpg,
468297942.jpg,Leucanthemum_vulgare,superimposed_468297942.jpg,
428178570.jpg,Leucanthemum_vulgare,superimposed_428178570.jpg,
448906405.jpg,Leucanthemum_vulgare,superimposed_448906405.jpg,
409688438.jpg,Leucanthemum_vulgare,,
436846643.jpg,Leucanthemum_vulgare,,
401176008.jpg,Leucanthemum_vulgare,superimposed_401176008.jpg,
402523386.jpg,Leucanthemum_vulgare,superimposed_402523386.jpg,
453796292.jpg,Leucanthemum_vulgare,,
400461206.jpg,Leucanthemum_vulgare,superimposed_400461206.jpg,
423648204.jpg,Leucanthemum_vulgare,,
460482999.jpg,Leucanthemum_vulgare,,
404696341.jpg,Leucanthemum_vulgare,superimposed_404696341.jpg,
402741008.jpg,Leucanthemum_vulgare,superimposed_402741008.jpg,
405301279.jpg,Leucanthemum_vulgare,,
426617901.jpg,Leucanthemum_vulgare,superimposed_426617901.jpg,
400534562.jpg,Leucanthemum_vulgare,superimposed_400534562.jpg,
403302478.jpg,Leucanthemum_vulgare,superimposed_403302478.jpg,
421324942.jpg,Leucanthemum_vulgare,superimposed_421324942.jpg,
411849495.jpg,Leucanthemum_vulgare,,
458651541.jpg,Leucanthemum_vulgare,,
455550030.jpg,Leucanthemum_vulgare,,
405624658.jpg,Leucanthemum_vulgare,superimposed_405624658.jpg,
437637612.jpg,Leucanthemum_vulgare,,
403449750.jpg,Leucanthemum_vulgare,superimposed_403449750.jpg,
420258005.jpg,Leucanthemum_vulgare,,
434675754.jpg,Leucanthemum_vulgare,superimposed_434675754.jpg,
418368475.jpg,Leucanthemum_vulgare,superimposed_418368475.jpg,
403920422.jpg,Leucanthemum_vulgare,,
423476694.jpg,Leucanthemum_vulgare,superimposed_423476694.jpg,
436782231.jpg,Leucanthemum_vulgare,superimposed_436782231.jpg,
457146330.jpg,Leucanthemum_vulgare,superimposed_457146330.jpg,
401322204.jpg,Leucanthemum_vulgare,superimposed_401322204.jpg,
410294244.jpg,Leucanthemum_vulgare,,
408718138.jpg,Leucanthemum_vulgare,superimposed_408718138.jpg,
423783111.jpg,Leucanthemum_vulgare,superimposed_423783111.jpg,
401810812.jpg,Leucanthemum_vulgare,superimposed_401810812.jpg,
439761998.jpg,Leucanthemum_vulgare,superimposed_439761998.jpg,
434166867.jpg,Leucanthemum_vulgare,,
450867740.jpg,Leucanthemum_vulgare,,
416640586.jpg,Leucanthemum_vulgare,,
448988875.jpg,Leucanthemum_vulgare,,
458863477.jpg,Leucanthemum_vulgare,superimposed_458863477.jpg,
454110722.jpg,Leucanthemum_vulgare,superimposed_454110722.jpg,
426057643.jpg,Leucanthemum_vulgare,superimposed_426057643.jpg,
442019042.jpg,Leucanthemum_vulgare,superimposed_442019042.jpg,
427478374.jpg,Leucanthemum_vulgare,,
409742981.jpg,Leucanthemum_vulgare,superimposed_409742981.jpg,
437130218.jpg,Leucanthemum_vulgare,,
405728872.jpg,Leucanthemum_vulgare,superimposed_405728872.jpg,
417326645.jpg,Leucanthemum_vulgare,superimposed_417326645.jpg,
463762194.jpg,Leucanthemum_vulgare,,
456376140.jpg,Leucanthemum_vulgare,superimposed_456376140.jpg,
464679017.jpg,Leucanthemum_vulgare,superimposed_464679017.jpg,
407987462.jpg,Leucanthemum_vulgare,superimposed_407987462.jpg,
402560253.jpg,Leucanthemum_vulgare,superimposed_402560253.jpg,
420191442.jpg,Leucanthemum_vulgare,superimposed_420191442.jpg,
469954684.jpg,Leucanthemum_vulgare,,
423056328.jpg,Leucanthemum_vulgare,,
411415981.jpg,Leucanthemum_vulgare,superimposed_411415981.jpg,
403769101.jpg,Leucanthemum_vulgare,superimposed_403769101.jpg,
409461681.jpg,Leucanthemum_vulgare,superimposed_409461681.jpg,
472766089.jpg,Leucanthemum_vulgare,superimposed_472766089.jpg,
434208169.jpg,Leucanthemum_vulgare,,
412873923.jpg,Leucanthemum_vulgare,,
401668940.jpg,Leucanthemum_vulgare,,
408015926.jpg,Leucanthemum_vulgare,superimposed_408015926.jpg,
404405616.jpg,Leucanthemum_vulgare,superimposed_404405616.jpg,
405779516.jpg,Leucanthemum_vulgare,superimposed_405779516.jpg,
403784501.jpg,Leucanthemum_vulgare,,
401874225.jpg,Leucanthemum_vulgare,superimposed_401874225.jpg,
404862443.jpg,Leucanthemum_vulgare,,
413220565.jpg,Leucanthemum_vulgare,superimposed_413220565.jpg,
464665360.jpg,Leucanthemum_vulgare,superimposed_464665360.jpg,
406027650.jpg,Leucanthemum_vulgare,superimposed_406027650.jpg,
401521287.jpg,Leucanthemum_vulgare,superimposed_401521287.jpg,
402344999.jpg,Leucanthemum_vulgare,superimposed_402344999.jpg,
414330718.jpg,Leucanthemum_vulgare,superimposed_414330718.jpg,
452669627.jpg,Leucanthemum_vulgare,,
409635802.jpg,Leucanthemum_vulgare,superimposed_409635802.jpg,
439059647.jpg,Leucanthemum_vulgare,superimposed_439059647.jpg,
401275578.jpg,Leucanthemum_vulgare,superimposed_401275578.jpg,
463125077.jpg,Leucanthemum_vulgare,superimposed_463125077.jpg,
403399789.jpg,Leucanthemum_vulgare,,
452091187.jpg,Leucanthemum_vulgare,superimposed_452091187.jpg,
421115546.jpg,Leucanthemum_vulgare,superimposed_421115546.jpg,
400224871.jpg,Leucanthemum_vulgare,superimposed_400224871.jpg,
471062717.jpg,Leucanthemum_vulgare,,
417597085.jpg,Leucanthemum_vulgare,superimposed_417597085.jpg,
454781468.jpg,Leucanthemum_vulgare,,
429563355.jpg,Leucanthemum_vulgare,,
431666223.jpg,Leucanthemum_vulgare,superimposed_431666223.jpg,
408981471.jpg,Leucanthemum_vulgare,superimposed_408981471.jpg,
433169940.jpg,Leucanthemum_vulgare,,
454213503.jpg,Leucanthemum_vulgare,,
430762800.jpg,Leucanthemum_vulgare,,
402937464.jpg,Leucanthemum_vulgare,superimposed_402937464.jpg,
446711133.jpg,Leucanthemum_vulgare,,
424442430.jpg,Leucanthemum_vulgare,,
401497290.jpg,Leucanthemum_vulgare,superimposed_401497290.jpg,
403258735.jpg,Leucanthemum_vulgare,superimposed_403258735.jpg,
431144326.jpg,Leucanthemum_vulgare,,
405739942.jpg,Leucanthemum_vulgare,,
400707978.jpg,Leucanthemum_vulgare,superimposed_400707978.jpg,
405341183.jpg,Leucanthemum_vulgare,,
469260898.jpg,Leucanthemum_vulgare,superimposed_469260898.jpg,
404308789.jpg,Leucanthemum_vulgare,superimposed_404308789.jpg,
412358637.jpg,Leucanthemum_vulgare,,
434118193.jpg,Leucanthemum_vulgare,superimposed_434118193.jpg,
414418164.jpg,Leucanthemum_vulgare,superimposed_414418164.jpg,
405280644.jpg,Leucanthemum_vulgare,superimposed_405280644.jpg,
413341427.jpg,Leucanthemum_vulgare,superimposed_413341427.jpg,
409024419.jpg,Leucanthemum_vulgare,superimposed_409024419.jpg,
407156007.jpg,Leucanthemum_vulgare,superimposed_407156007.jpg,
409316861.jpg,Leucanthemum_vulgare,superimposed_409316861.jpg,
460462121.jpg,Leucanthemum_vulgare,,
407883108.jpg,Leucanthemum_vulgare,superimposed_407883108.jpg,
413434213.jpg,Leucanthemum_vulgare,,
406198966.jpg,Leucanthemum_vulgare,superimposed_406198966.jpg,
407259539.jpg,Leucanthemum_vulgare,superimposed_407259539.jpg,
403776872.jpg,Leucanthemum_vulgare,superimposed_403776872.jpg,
443619991.jpg,Leucanthemum_vulgare,superimposed_443619991.jpg,
404561829.jpg,Leucanthemum_vulgare,superimposed_404561829.jpg,
417778851.jpg,Leucanthemum_vulgare,,
466898759.jpg,Leucanthemum_vulgare,superimposed_466898759.jpg,
409016465.jpg,Leucanthemum_vulgare,superimposed_409016465.jpg,
433072415.jpg,Leucanthemum_vulgare,superimposed_433072415.jpg,
445778315.jpg,Leucanthemum_vulgare,superimposed_445778315.jpg,
402282372.jpg,Leucanthemum_vulgare,,
406551036.jpg,Leucanthemum_vulgare,superimposed_406551036.jpg,
429984658.jpg,Leucanthemum_vulgare,,
402709979.jpg,Leucanthemum_vulgare,,
400564530.jpg,Leucanthemum_vulgare,superimposed_400564530.jpg,
402518676.jpg,Leucanthemum_vulgare,superimposed_402518676.jpg,
421347533.jpg,Leucanthemum_vulgare,,
469843800.jpg,Leucanthemum_vulgare,superimposed_469843800.jpg,
403242448.jpg,Leucanthemum_vulgare,superimposed_403242448.jpg,
452609195.jpg,Leucanthemum_vulgare,superimposed_452609195.jpg,
403989111.jpg,Leucanthemum_vulgare,superimposed_403989111.jpg,
413521407.jpg,Leucanthemum_vulgare,superimposed_413521407.jpg,
407575153.jpg,Leucanthemum_vulgare,superimposed_407575153.jpg,
414200968.jpg,Leucanthemum_vulgare,superimposed_414200968.jpg,
402608606.jpg,Leucanthemum_vulgare,superimposed_402608606.jpg,
405456633.jpg,Leucanthemum_vulgare,,
405480693.jpg,Leucanthemum_vulgare,superimposed_405480693.jpg,
401821985.jpg,Leucanthemum_vulgare,superimposed_401821985.jpg,
412870642.jpg,Leucanthemum_vulgare,,
453491405.jpg,Leucanthemum_vulgare,superimposed_453491405.jpg,
425888084.jpg,Leucanthemum_vulgare,superimposed_425888084.jpg,
426618342.jpg,Leucanthemum_vulgare,superimposed_426618342.jpg,
424217447.jpg,Leucanthemum_vulgare,,
420487932.jpg,Leucanthemum_vulgare,,
403010239.jpg,Leucanthemum_vulgare,superimposed_403010239.jpg,
413008632.jpg,Leucanthemum_vulgare,,
455623396.jpg,Leucanthemum_vulgare,superimposed_455623396.jpg,
421908637.jpg,Leucanthemum_vulgare,superimposed_421908637.jpg,
400733573.jpg,Leucanthemum_vulgare,superimposed_400733573.jpg,
412958672.jpg,Leucanthemum_vulgare,superimposed_412958672.jpg,
456607464.jpg,Leucanthemum_vulgare,superimposed_456607464.jpg,
402126157.jpg,Leucanthemum_vulgare,superimposed_402126157.jpg,
402924035.jpg,Leucanthemum_vulgare,superimposed_402924035.jpg,
400602121.jpg,Leucanthemum_vulgare,superimposed_400602121.jpg,
423214287.jpg,Leucanthemum_vulgare,superimposed_423214287.jpg,
421245782.jpg,Leucanthemum_vulgare,,
401352032.jpg,Leucanthemum_vulgare,superimposed_401352032.jpg,
457625705.jpg,Leucanthemum_vulgare,superimposed_457625705.jpg,
414727154.jpg,Leucanthemum_vulgare,,
411995865.jpg,Leucanthemum_vulgare,superimposed_411995865.jpg,
472215839.jpg,Leucanthemum_vulgare,superimposed_472215839.jpg,
404472624.jpg,Leucanthemum_vulgare,superimposed_404472624.jpg,
466186333.jpg,Leucanthemum_vulgare,,
462017086.jpg,Leucanthemum_vulgare,superimposed_462017086.jpg,
407674513.jpg,Leucanthemum_vulgare,superimposed_407674513.jpg,
418646755.jpg,Leucanthemum_vulgare,,
414725295.jpg,Leucanthemum_vulgare,superimposed_414725295.jpg,
403433083.jpg,Leucanthemum_vulgare,superimposed_403433083.jpg,
403591242.jpg,Leucanthemum_vulgare,superimposed_403591242.jpg,
461592224.jpg,Leucanthemum_vulgare,superimposed_461592224.jpg,
439392321.jpg,Leucanthemum_vulgare,,
457786723.jpg,Leucanthemum_vulgare,,
405156223.jpg,Leucanthemum_vulgare,,
431645432.jpg,Leucanthemum_vulgare,,
418850757.jpg,Leucanthemum_vulgare,superimposed_418850757.jpg,
402484571.jpg,Leucanthemum_vulgare,superimposed_402484571.jpg,
433039191.jpg,Leucanthemum_vulgare,,
419470577.jpg,Leucanthemum_vulgare,superimposed_419470577.jpg,
414478878.jpg,Leucanthemum_vulgare,superimposed_414478878.jpg,
452109623.jpg,Leucanthemum_vulgare,superimposed_452109623.jpg,
403929085.jpg,Leucanthemum_vulgare,superimposed_403929085.jpg,
416307974.jpg,Leucanthemum_vulgare,,
405755979.jpg,Leucanthemum_vulgare,superimposed_405755979.jpg,
402122699.jpg,Leucanthemum_vulgare,superimposed_402122699.jpg,
444562961.jpg,Leucanthemum_vulgare,,
404304519.jpg,Leucanthemum_vulgare,superimposed_404304519.jpg,
403889433.jpg,Leucanthemum_vulgare,superimposed_403889433.jpg,
403183024.jpg,Leucanthemum_vulgare,superimposed_403183024.jpg,
420286205.jpg,Leucanthemum_vulgare,,
424754211.jpg,Leucanthemum_vulgare,superimposed_424754211.jpg,
402395987.jpg,Leucanthemum_vulgare,superimposed_402395987.jpg,
423089657.jpg,Leucanthemum_vulgare,superimposed_423089657.jpg,
469337794.jpg,Leucanthemum_vulgare,superimposed_469337794.jpg,
428098861.jpg,Leucanthemum_vulgare,superimposed_428098861.jpg,
434977864.jpg,Leucanthemum_vulgare,superimposed_434977864.jpg,
408469545.jpg,Leucanthemum_vulgare,superimposed_408469545.jpg,
415987967.jpg,Leucanthemum_vulgare,superimposed_415987967.jpg,
404062852.jpg,Leucanthemum_vulgare,superimposed_404062852.jpg,
471371082.jpg,Leucanthemum_vulgare,,
450852987.jpg,Leucanthemum_vulgare,,
403906639.jpg,Leucanthemum_vulgare,superimposed_403906639.jpg,
442186468.jpg,Leucanthemum_vulgare,superimposed_442186468.jpg,
431225247.jpg,Leucanthemum_vulgare,superimposed_431225247.jpg,
426989888.jpg,Leucanthemum_vulgare,superimposed_426989888.jpg,
403885246.jpg,Leucanthemum_vulgare,superimposed_403885246.jpg,
417509822.jpg,Leucanthemum_vulgare,superimposed_417509822.jpg,
450269160.jpg,Leucanthemum_vulgare,superimposed_450269160.jpg,
462956055.jpg,Leucanthemum_vulgare,superimposed_462956055.jpg,
458945361.jpg,Leucanthemum_vulgare,superimposed_458945361.jpg,
431422590.jpg,Leucanthemum_vulgare,superimposed_431422590.jpg,
426695197.jpg,Leucanthemum_vulgare,,
443001664.jpg,Leucanthemum_vulgare,,
427210371.jpg,Leucanthemum_vulgare,superimposed_427210371.jpg,
412147106.jpg,Leucanthemum_vulgare,,
447818408.jpg,Leucanthemum_vulgare,superimposed_447818408.jpg,
419384908.jpg,Leucanthemum_vulgare,superimposed_419384908.jpg,
408046193.jpg,Leucanthemum_vulgare,,
413850687.jpg,Leucanthemum_vulgare,superimposed_413850687.jpg,
442250866.jpg,Leucanthemum_vulgare,,
400566725.jpg,Leucanthemum_vulgare,superimposed_400566725.jpg,
402481126.jpg,Leucanthemum_vulgare,superimposed_402481126.jpg,
406791263.jpg,Leucanthemum_vulgare,,
427218935.jpg,Leucanthemum_vulgare,,
465853183.jpg,Leucanthemum_vulgare,superimposed_465853183.jpg,
400618863.jpg,Leucanthemum_vulgare,superimposed_400618863.jpg,
299522502.jpg,Apocynum_androsaemifolium,,
415637612.jpg,Apocynum_androsaemifolium,superimposed_415637612.jpg,
295404828.jpg,Apocynum_androsaemifolium,,
309707812.jpg,Apocynum_androsaemifolium,,
421885696.jpg,Apocynum_androsaemifolium,,
405946998.jpg,Apocynum_androsaemifolium,superimposed_405946998.jpg,
313062565.jpg,Apocynum_androsaemifolium,superimposed_313062565.jpg,
410092981.jpg,Apocynum_androsaemifolium,,
296905923.jpg,Apocynum_androsaemifolium,superimposed_296905923.jpg,
297010919.jpg,Apocynum_androsaemifolium,,
451105527.jpg,Apocynum_androsaemifolium,,
295473343.jpg,Apocynum_androsaemifolium,,
303835629.jpg,Apocynum_androsaemifolium,,
312996215.jpg,Apocynum_androsaemifolium,,
411020645.jpg,Apocynum_androsaemifolium,,
453380159.jpg,Apocynum_androsaemifolium,,
302715584.jpg,Apocynum_androsaemifolium,superimposed_302715584.jpg,
295784630.jpg,Apocynum_androsaemifolium,superimposed_295784630.jpg,
403885618.jpg,Apocynum_androsaemifolium,,
297716320.jpg,Apocynum_androsaemifolium,,
391417387.jpg,Apocynum_androsaemifolium,,
430809284.jpg,Apocynum_androsaemifolium,,
403096892.jpg,Apocynum_androsaemifolium,superimposed_403096892.jpg,
397009439.jpg,Apocynum_androsaemifolium,superimposed_397009439.jpg,
294758165.jpg,Apocynum_androsaemifolium,superimposed_294758165.jpg,
417935098.jpg,Apocynum_androsaemifolium,,
430510163.jpg,Apocynum_androsaemifolium,,
297303696.jpg,Apocynum_androsaemifolium,superimposed_297303696.jpg,
401154105.jpg,Apocynum_androsaemifolium,,
345927382.jpg,Apocynum_androsaemifolium,,
444406759.jpg,Apocynum_androsaemifolium,,
300578801.jpg,Apocynum_androsaemifolium,,
323188791.jpg,Apocynum_androsaemifolium,,
398601217.jpg,Apocynum_androsaemifolium,superimposed_398601217.jpg,
407159114.jpg,Apocynum_androsaemifolium,superimposed_407159114.jpg,
308465563.jpg,Apocynum_androsaemifolium,,
396948320.jpg,Apocynum_androsaemifolium,superimposed_396948320.jpg,
296957166.jpg,Apocynum_androsaemifolium,,
311612790.jpg,Apocynum_androsaemifolium,superimposed_311612790.jpg,
304253738.jpg,Apocynum_androsaemifolium,superimposed_304253738.jpg,
418528818.jpg,Apocynum_androsaemifolium,,
319757230.jpg,Apocynum_androsaemifolium,superimposed_319757230.jpg,
298480707.jpg,Apocynum_androsaemifolium,superimposed_298480707.jpg,
296545302.jpg,Apocynum_androsaemifolium,superimposed_296545302.jpg,
302034711.jpg,Apocynum_androsaemifolium,superimposed_302034711.jpg,
412003097.jpg,Apocynum_androsaemifolium,,
302870124.jpg,Apocynum_androsaemifolium,,
408196436.jpg,Apocynum_androsaemifolium,superimposed_408196436.jpg,
306292112.jpg,Apocynum_androsaemifolium,superimposed_306292112.jpg,
298107758.jpg,Apocynum_androsaemifolium,superimposed_298107758.jpg,
419018598.jpg,Apocynum_androsaemifolium,superimposed_419018598.jpg,
402268270.jpg,Apocynum_androsaemifolium,,
323976365.jpg,Apocynum_androsaemifolium,,
429043925.jpg,Apocynum_androsaemifolium,,
401381323.jpg,Apocynum_androsaemifolium,superimposed_401381323.jpg,
466790236.jpg,Apocynum_androsaemifolium,superimposed_466790236.jpg,
407512734.jpg,Apocynum_androsaemifolium,,
408607449.jpg,Apocynum_androsaemifolium,,
338912750.jpg,Apocynum_androsaemifolium,,
402312535.jpg,Apocynum_androsaemifolium,,
468429919.jpg,Apocynum_androsaemifolium,superimposed_468429919.jpg,
312265745.jpg,Apocynum_androsaemifolium,superimposed_312265745.jpg,
330317481.jpg,Apocynum_androsaemifolium,superimposed_330317481.jpg,
433676643.jpg,Apocynum_androsaemifolium,,
400798441.jpg,Apocynum_androsaemifolium,superimposed_400798441.jpg,
399805409.jpg,Apocynum_androsaemifolium,superimposed_399805409.jpg,
387957584.jpg,Apocynum_androsaemifolium,,
300994257.jpg,Apocynum_androsaemifolium,superimposed_300994257.jpg,
386193043.jpg,Apocynum_androsaemifolium,superimposed_386193043.jpg,
415120473.jpg,Apocynum_androsaemifolium,,
397423369.jpg,Apocynum_androsaemifolium,,
299906284.jpg,Apocynum_androsaemifolium,superimposed_299906284.jpg,
411981196.jpg,Apocynum_androsaemifolium,,
299922744.jpg,Apocynum_androsaemifolium,superimposed_299922744.jpg,
423654287.jpg,Apocynum_androsaemifolium,,
417084372.jpg,Apocynum_androsaemifolium,superimposed_417084372.jpg,
460748548.jpg,Apocynum_androsaemifolium,,
308308426.jpg,Apocynum_androsaemifolium,superimposed_308308426.jpg,
406203168.jpg,Apocynum_androsaemifolium,superimposed_406203168.jpg,
304614879.jpg,Apocynum_androsaemifolium,,
302734133.jpg,Apocynum_androsaemifolium,superimposed_302734133.jpg,
402212365.jpg,Apocynum_androsaemifolium,superimposed_402212365.jpg,
317710664.jpg,Apocynum_androsaemifolium,,
314343375.jpg,Apocynum_androsaemifolium,,
405256080.jpg,Apocynum_androsaemifolium,,
406303685.jpg,Apocynum_androsaemifolium,,
412856562.jpg,Apocynum_androsaemifolium,,
307924545.jpg,Apocynum_androsaemifolium,superimposed_307924545.jpg,
401272262.jpg,Apocynum_androsaemifolium,,
410731331.jpg,Apocynum_androsaemifolium,,
306268623.jpg,Apocynum_androsaemifolium,,
306076653.jpg,Apocynum_androsaemifolium,superimposed_306076653.jpg,
309228472.jpg,Apocynum_androsaemifolium,,
403231224.jpg,Apocynum_androsaemifolium,,
415550985.jpg,Apocynum_androsaemifolium,,
305951554.jpg,Apocynum_androsaemifolium,,
299189564.jpg,Apocynum_androsaemifolium,superimposed_299189564.jpg,
302626831.jpg,Apocynum_androsaemifolium,superimposed_302626831.jpg,
403208502.jpg,Apocynum_androsaemifolium,,
461624444.jpg,Apocynum_androsaemifolium,,
417779098.jpg,Apocynum_androsaemifolium,,
409580747.jpg,Apocynum_androsaemifolium,superimposed_409580747.jpg,
300630475.jpg,Apocynum_androsaemifolium,superimposed_300630475.jpg,
398299503.jpg,Apocynum_androsaemifolium,superimposed_398299503.jpg,
413725442.jpg,Apocynum_androsaemifolium,,
418060631.jpg,Apocynum_androsaemifolium,,
405192554.jpg,Apocynum_androsaemifolium,superimposed_405192554.jpg,
304391612.jpg,Apocynum_androsaemifolium,superimposed_304391612.jpg,
305595776.jpg,Apocynum_androsaemifolium,superimposed_305595776.jpg,
298645251.jpg,Apocynum_androsaemifolium,superimposed_298645251.jpg,
397896367.jpg,Apocynum_androsaemifolium,superimposed_397896367.jpg,
306726837.jpg,Apocynum_androsaemifolium,,
295097066.jpg,Apocynum_androsaemifolium,superimposed_295097066.jpg,
299922045.jpg,Apocynum_androsaemifolium,superimposed_299922045.jpg,
421154912.jpg,Apocynum_androsaemifolium,,
296146268.jpg,Apocynum_androsaemifolium,,
439175598.jpg,Apocynum_androsaemifolium,,
303594754.jpg,Apocynum_androsaemifolium,superimposed_303594754.jpg,
298521941.jpg,Apocynum_androsaemifolium,superimposed_298521941.jpg,
406213628.jpg,Apocynum_androsaemifolium,superimposed_406213628.jpg,
460484122.jpg,Apocynum_androsaemifolium,,
303212345.jpg,Apocynum_androsaemifolium,,
300880219.jpg,Apocynum_androsaemifolium,,
414837375.jpg,Apocynum_androsaemifolium,,
302458460.jpg,Apocynum_androsaemifolium,,
412772176.jpg,Apocynum_androsaemifolium,superimposed_412772176.jpg,
300396522.jpg,Apocynum_androsaemifolium,,
404303897.jpg,Apocynum_androsaemifolium,superimposed_404303897.jpg,
315912485.jpg,Apocynum_androsaemifolium,,
304205548.jpg,Apocynum_androsaemifolium,superimposed_304205548.jpg,
325787510.jpg,Apocynum_androsaemifolium,,
458402153.jpg,Apocynum_androsaemifolium,superimposed_458402153.jpg,
305229226.jpg,Apocynum_androsaemifolium,,
336926648.jpg,Apocynum_androsaemifolium,superimposed_336926648.jpg,
309678014.jpg,Apocynum_androsaemifolium,superimposed_309678014.jpg,
400548893.jpg,Apocynum_androsaemifolium,superimposed_400548893.jpg,
431530751.jpg,Apocynum_androsaemifolium,,
471689376.jpg,Apocynum_androsaemifolium,superimposed_471689376.jpg,
357630484.jpg,Apocynum_androsaemifolium,superimposed_357630484.jpg,
412239227.jpg,Apocynum_androsaemifolium,,
299653818.jpg,Apocynum_androsaemifolium,superimposed_299653818.jpg,
404350312.jpg,Apocynum_androsaemifolium,,
428858339.jpg,Apocynum_androsaemifolium,,
305560480.jpg,Apocynum_androsaemifolium,,
304289806.jpg,Apocynum_androsaemifolium,superimposed_304289806.jpg,
402808675.jpg,Apocynum_androsaemifolium,superimposed_402808675.jpg,
413847014.jpg,Apocynum_androsaemifolium,,
400231873.jpg,Apocynum_androsaemifolium,,
409740813.jpg,Apocynum_androsaemifolium,,
425939774.jpg,Apocynum_androsaemifolium,,
425014905.jpg,Apocynum_androsaemifolium,,
312393394.jpg,Apocynum_androsaemifolium,,
427975790.jpg,Apocynum_androsaemifolium,,
426485911.jpg,Apocynum_androsaemifolium,,
298444000.jpg,Apocynum_androsaemifolium,superimposed_298444000.jpg,
299669439.jpg,Apocynum_androsaemifolium,superimposed_299669439.jpg,
394175901.jpg,Apocynum_androsaemifolium,,
410622125.jpg,Apocynum_androsaemifolium,,
305917758.jpg,Apocynum_androsaemifolium,superimposed_305917758.jpg,
445180611.jpg,Apocynum_androsaemifolium,,
430225186.jpg,Apocynum_androsaemifolium,,
404646093.jpg,Apocynum_androsaemifolium,superimposed_404646093.jpg,
467464662.jpg,Apocynum_androsaemifolium,,
437372349.jpg,Apocynum_androsaemifolium,,
322012613.jpg,Apocynum_androsaemifolium,,
353214745.jpg,Apocynum_androsaemifolium,superimposed_353214745.jpg,
304763428.jpg,Apocynum_androsaemifolium,superimposed_304763428.jpg,
417965603.jpg,Apocynum_androsaemifolium,,
305770904.jpg,Apocynum_androsaemifolium,superimposed_305770904.jpg,
404317596.jpg,Apocynum_androsaemifolium,,
295875128.jpg,Apocynum_androsaemifolium,superimposed_295875128.jpg,
294888859.jpg,Apocynum_androsaemifolium,,
401334323.jpg,Apocynum_androsaemifolium,superimposed_401334323.jpg,
407941364.jpg,Apocynum_androsaemifolium,superimposed_407941364.jpg,
400418345.jpg,Apocynum_androsaemifolium,,
402615184.jpg,Apocynum_androsaemifolium,superimposed_402615184.jpg,
302384232.jpg,Apocynum_androsaemifolium,,
403853992.jpg,Apocynum_androsaemifolium,,
304623082.jpg,Apocynum_androsaemifolium,,
453738469.jpg,Apocynum_androsaemifolium,superimposed_453738469.jpg,
304800946.jpg,Apocynum_androsaemifolium,superimposed_304800946.jpg,
398406290.jpg,Apocynum_androsaemifolium,superimposed_398406290.jpg,
327529566.jpg,Apocynum_androsaemifolium,superimposed_327529566.jpg,
359660201.jpg,Apocynum_androsaemifolium,superimposed_359660201.jpg,
322181337.jpg,Apocynum_androsaemifolium,,
417123300.jpg,Apocynum_androsaemifolium,superimposed_417123300.jpg,
317710506.jpg,Apocynum_androsaemifolium,,
400083347.jpg,Apocynum_androsaemifolium,,
351016857.jpg,Apocynum_androsaemifolium,,
295437606.jpg,Apocynum_androsaemifolium,superimposed_295437606.jpg,
395587604.jpg,Apocynum_androsaemifolium,superimposed_395587604.jpg,
417751248.jpg,Apocynum_androsaemifolium,,
313297075.jpg,Apocynum_androsaemifolium,superimposed_313297075.jpg,
301677579.jpg,Apocynum_androsaemifolium,superimposed_301677579.jpg,
299401777.jpg,Apocynum_androsaemifolium,superimposed_299401777.jpg,
309891685.jpg,Apocynum_androsaemifolium,,
431341328.jpg,Apocynum_androsaemifolium,,
389119026.jpg,Apocynum_androsaemifolium,,
452274701.jpg,Apocynum_androsaemifolium,,
401814194.jpg,Apocynum_androsaemifolium,superimposed_401814194.jpg,
442177803.jpg,Apocynum_androsaemifolium,,
402312287.jpg,Apocynum_androsaemifolium,,
405969892.jpg,Apocynum_androsaemifolium,,
417899357.jpg,Apocynum_androsaemifolium,,
297121423.jpg,Apocynum_androsaemifolium,superimposed_297121423.jpg,
403350835.jpg,Apocynum_androsaemifolium,,
412392285.jpg,Apocynum_androsaemifolium,superimposed_412392285.jpg,
396483183.jpg,Apocynum_androsaemifolium,,
418587102.jpg,Apocynum_androsaemifolium,,
400377629.jpg,Apocynum_androsaemifolium,,
295115256.jpg,Apocynum_androsaemifolium,superimposed_295115256.jpg,
308291161.jpg,Apocynum_androsaemifolium,superimposed_308291161.jpg,
308607277.jpg,Apocynum_androsaemifolium,superimposed_308607277.jpg,
310864542.jpg,Apocynum_androsaemifolium,,
315604902.jpg,Apocynum_androsaemifolium,,
304425445.jpg,Apocynum_androsaemifolium,,
347709815.jpg,Apocynum_androsaemifolium,,
319392353.jpg,Apocynum_androsaemifolium,superimposed_319392353.jpg,
295088983.jpg,Apocynum_androsaemifolium,,
448215351.jpg,Apocynum_androsaemifolium,,
443445318.jpg,Apocynum_androsaemifolium,,
440700488.jpg,Apocynum_androsaemifolium,,
304904150.jpg,Apocynum_androsaemifolium,,
406123012.jpg,Apocynum_androsaemifolium,superimposed_406123012.jpg,
432154849.jpg,Apocynum_androsaemifolium,,
318028765.jpg,Apocynum_androsaemifolium,superimposed_318028765.jpg,
407519535.jpg,Apocynum_androsaemifolium,,
435775090.jpg,Apocynum_androsaemifolium,,
304140485.jpg,Apocynum_androsaemifolium,,
299999551.jpg,Apocynum_androsaemifolium,superimposed_299999551.jpg,
407632439.jpg,Apocynum_androsaemifolium,,
397835814.jpg,Apocynum_androsaemifolium,,
386159887.jpg,Apocynum_androsaemifolium,superimposed_386159887.jpg,
298203259.jpg,Apocynum_androsaemifolium,superimposed_298203259.jpg,
299054040.jpg,Apocynum_androsaemifolium,superimposed_299054040.jpg,
407557325.jpg,Apocynum_androsaemifolium,,
416097150.jpg,Apocynum_androsaemifolium,,
302609301.jpg,Apocynum_androsaemifolium,,
421778605.jpg,Apocynum_androsaemifolium,,
398816229.jpg,Apocynum_androsaemifolium,superimposed_398816229.jpg,
407588961.jpg,Apocynum_androsaemifolium,,
400474898.jpg,Apocynum_androsaemifolium,superimposed_400474898.jpg,
394296374.jpg,Apocynum_androsaemifolium,superimposed_394296374.jpg,
401642654.jpg,Apocynum_androsaemifolium,,
406881265.jpg,Apocynum_androsaemifolium,,
399221567.jpg,Apocynum_androsaemifolium,,
299976715.jpg,Apocynum_androsaemifolium,superimposed_299976715.jpg,
302777234.jpg,Apocynum_androsaemifolium,,
400473536.jpg,Apocynum_androsaemifolium,,
445180505.jpg,Apocynum_androsaemifolium,,
444405556.jpg,Apocynum_androsaemifolium,,
460580685.jpg,Apocynum_androsaemifolium,,
302481260.jpg,Apocynum_androsaemifolium,,
298286632.jpg,Apocynum_androsaemifolium,superimposed_298286632.jpg,
404373365.jpg,Apocynum_androsaemifolium,superimposed_404373365.jpg,
403457803.jpg,Apocynum_androsaemifolium,superimposed_403457803.jpg,
299270365.jpg,Apocynum_androsaemifolium,superimposed_299270365.jpg,
427336745.jpg,Apocynum_androsaemifolium,,
301020484.jpg,Apocynum_androsaemifolium,,
314118486.jpg,Apocynum_androsaemifolium,,
418779833.jpg,Apocynum_androsaemifolium,,
301370311.jpg,Apocynum_androsaemifolium,superimposed_301370311.jpg,
443967896.jpg,Apocynum_androsaemifolium,,
297388769.jpg,Apocynum_androsaemifolium,superimposed_297388769.jpg,
296610419.jpg,Apocynum_androsaemifolium,superimposed_296610419.jpg,
397875317.jpg,Apocynum_androsaemifolium,,
306654620.jpg,Apocynum_androsaemifolium,superimposed_306654620.jpg,
297355663.jpg,Apocynum_androsaemifolium,superimposed_297355663.jpg,
309497488.jpg,Apocynum_androsaemifolium,,
409460509.jpg,Apocynum_androsaemifolium,,
310365940.jpg,Apocynum_androsaemifolium,superimposed_310365940.jpg,
402061492.jpg,Apocynum_androsaemifolium,,
397109571.jpg,Apocynum_androsaemifolium,superimposed_397109571.jpg,
395952486.jpg,Apocynum_androsaemifolium,,
346615225.jpg,Apocynum_androsaemifolium,,
300395375.jpg,Apocynum_androsaemifolium,superimposed_300395375.jpg,
306844800.jpg,Apocynum_androsaemifolium,,
395395891.jpg,Apocynum_androsaemifolium,superimposed_395395891.jpg,
310195435.jpg,Apocynum_androsaemifolium,,
459854779.jpg,Apocynum_androsaemifolium,,
395858181.jpg,Apocynum_androsaemifolium,superimposed_395858181.jpg,
301994078.jpg,Apocynum_androsaemifolium,superimposed_301994078.jpg,
296454622.jpg,Apocynum_androsaemifolium,,
310539339.jpg,Apocynum_androsaemifolium,superimposed_310539339.jpg,
420205082.jpg,Apocynum_androsaemifolium,,
321706500.jpg,Apocynum_androsaemifolium,,
417849933.jpg,Apocynum_androsaemifolium,superimposed_417849933.jpg,
403834692.jpg,Apocynum_androsaemifolium,,
302609235.jpg,Apocynum_androsaemifolium,superimposed_302609235.jpg,
454705837.jpg,Apocynum_androsaemifolium,,
307834099.jpg,Apocynum_androsaemifolium,superimposed_307834099.jpg,
343806224.jpg,Apocynum_androsaemifolium,superimposed_343806224.jpg,
407524905.jpg,Apocynum_androsaemifolium,,
319016360.jpg,Apocynum_androsaemifolium,superimposed_319016360.jpg,
304547060.jpg,Apocynum_androsaemifolium,,
371396740.jpg,Apocynum_androsaemifolium,,
395062751.jpg,Apocynum_androsaemifolium,,
296738830.jpg,Apocynum_androsaemifolium,superimposed_296738830.jpg,
311629838.jpg,Apocynum_androsaemifolium,superimposed_311629838.jpg,
320571987.jpg,Apocynum_androsaemifolium,,
318715744.jpg,Apocynum_androsaemifolium,,
309231724.jpg,Apocynum_androsaemifolium,superimposed_309231724.jpg,
327326078.jpg,Apocynum_androsaemifolium,,
297619435.jpg,Apocynum_androsaemifolium,superimposed_297619435.jpg,
427661480.jpg,Apocynum_androsaemifolium,,
302010976.jpg,Apocynum_androsaemifolium,superimposed_302010976.jpg,
458850119.jpg,Apocynum_androsaemifolium,,
327215995.jpg,Apocynum_androsaemifolium,,
298518797.jpg,Apocynum_androsaemifolium,,
294867495.jpg,Apocynum_androsaemifolium,superimposed_294867495.jpg,
395945530.jpg,Apocynum_androsaemifolium,superimposed_395945530.jpg,
300135663.jpg,Apocynum_androsaemifolium,superimposed_300135663.jpg,
300211051.jpg,Apocynum_androsaemifolium,superimposed_300211051.jpg,
411431538.jpg,Apocynum_androsaemifolium,,
319510897.jpg,Apocynum_androsaemifolium,superimposed_319510897.jpg,
305559058.jpg,Apocynum_androsaemifolium,,
427618195.jpg,Apocynum_androsaemifolium,,
300256819.jpg,Apocynum_androsaemifolium,,
393996583.jpg,Apocynum_androsaemifolium,superimposed_393996583.jpg,
406348960.jpg,Apocynum_androsaemifolium,superimposed_406348960.jpg,
300684576.jpg,Apocynum_androsaemifolium,superimposed_300684576.jpg,
389043071.jpg,Apocynum_androsaemifolium,superimposed_389043071.jpg,
309375728.jpg,Apocynum_androsaemifolium,,
297830029.jpg,Apocynum_androsaemifolium,superimposed_297830029.jpg,
404174107.jpg,Apocynum_androsaemifolium,,
296557990.jpg,Apocynum_androsaemifolium,,
396179214.jpg,Apocynum_androsaemifolium,superimposed_396179214.jpg,
321374067.jpg,Apocynum_androsaemifolium,,
410006795.jpg,Apocynum_androsaemifolium,superimposed_410006795.jpg,
408023555.jpg,Apocynum_androsaemifolium,superimposed_408023555.jpg,
396541964.jpg,Apocynum_androsaemifolium,superimposed_396541964.jpg,
301402098.jpg,Apocynum_androsaemifolium,,
412034316.jpg,Apocynum_androsaemifolium,,
410397333.jpg,Apocynum_androsaemifolium,,
329535657.jpg,Apocynum_androsaemifolium,,
307984099.jpg,Apocynum_androsaemifolium,superimposed_307984099.jpg,
295766574.jpg,Apocynum_androsaemifolium,superimposed_295766574.jpg,
397914387.jpg,Apocynum_androsaemifolium,superimposed_397914387.jpg,
440698134.jpg,Apocynum_androsaemifolium,,
301887858.jpg,Apocynum_androsaemifolium,superimposed_301887858.jpg,
303240273.jpg,Apocynum_androsaemifolium,superimposed_303240273.jpg,
297363930.jpg,Apocynum_androsaemifolium,superimposed_297363930.jpg,
327428118.jpg,Apocynum_androsaemifolium,,
315350056.jpg,Apocynum_androsaemifolium,,
445124322.jpg,Apocynum_androsaemifolium,,
389900605.jpg,Apocynum_androsaemifolium,,
295405497.jpg,Apocynum_androsaemifolium,,
294742693.jpg,Apocynum_androsaemifolium,superimposed_294742693.jpg,
295407028.jpg,Apocynum_androsaemifolium,superimposed_295407028.jpg,
397104310.jpg,Apocynum_androsaemifolium,superimposed_397104310.jpg,
296174826.jpg,Apocynum_androsaemifolium,,
407257465.jpg,Apocynum_androsaemifolium,,
394323952.jpg,Apocynum_androsaemifolium,,
391232703.jpg,Apocynum_androsaemifolium,,
403056177.jpg,Apocynum_androsaemifolium,,
325671768.jpg,Apocynum_androsaemifolium,,
420548400.jpg,Apocynum_androsaemifolium,,
399562662.jpg,Apocynum_androsaemifolium,,
409304023.jpg,Apocynum_androsaemifolium,superimposed_409304023.jpg,
428290005.jpg,Apocynum_androsaemifolium,,
409807841.jpg,Apocynum_androsaemifolium,,
412745687.jpg,Apocynum_androsaemifolium,,
410454891.jpg,Apocynum_androsaemifolium,,
399654383.jpg,Apocynum_androsaemifolium,,
425142266.jpg,Apocynum_androsaemifolium,,
298833125.jpg,Apocynum_androsaemifolium,superimposed_298833125.jpg,
421189822.jpg,Apocynum_androsaemifolium,superimposed_421189822.jpg,
411666784.jpg,Apocynum_androsaemifolium,superimposed_411666784.jpg,
295348934.jpg,Apocynum_androsaemifolium,superimposed_295348934.jpg,
400365335.jpg,Apocynum_androsaemifolium,superimposed_400365335.jpg,
419421634.jpg,Apocynum_androsaemifolium,,
396555881.jpg,Apocynum_androsaemifolium,superimposed_396555881.jpg,
407924239.jpg,Apocynum_androsaemifolium,superimposed_407924239.jpg,
399722657.jpg,Apocynum_androsaemifolium,,
403766634.jpg,Apocynum_androsaemifolium,superimposed_403766634.jpg,
428783304.jpg,Apocynum_androsaemifolium,,
408971621.jpg,Apocynum_androsaemifolium,,
402027057.jpg,Apocynum_androsaemifolium,superimposed_402027057.jpg,
453960028.jpg,Apocynum_androsaemifolium,superimposed_453960028.jpg,
408601659.jpg,Apocynum_androsaemifolium,superimposed_408601659.jpg,
406353665.jpg,Apocynum_androsaemifolium,,
409415118.jpg,Apocynum_androsaemifolium,superimposed_409415118.jpg,
407909679.jpg,Apocynum_androsaemifolium,,
404727984.jpg,Apocynum_androsaemifolium,,
298480514.jpg,Apocynum_androsaemifolium,superimposed_298480514.jpg,
399353107.jpg,Apocynum_androsaemifolium,superimposed_399353107.jpg,
305266501.jpg,Apocynum_androsaemifolium,superimposed_305266501.jpg,
297582421.jpg,Apocynum_androsaemifolium,superimposed_297582421.jpg,
470613804.jpg,Apocynum_androsaemifolium,superimposed_470613804.jpg,
459555858.jpg,Apocynum_androsaemifolium,,
310221898.jpg,Apocynum_androsaemifolium,,
318253351.jpg,Apocynum_androsaemifolium,superimposed_318253351.jpg,
296441482.jpg,Apocynum_androsaemifolium,superimposed_296441482.jpg,
294901986.jpg,Apocynum_androsaemifolium,superimposed_294901986.jpg,
397472346.jpg,Apocynum_androsaemifolium,superimposed_397472346.jpg,
425220782.jpg,Apocynum_androsaemifolium,,
413252747.jpg,Apocynum_androsaemifolium,superimposed_413252747.jpg,
299467762.jpg,Apocynum_androsaemifolium,,
359692561.jpg,Apocynum_androsaemifolium,superimposed_359692561.jpg,
301185818.jpg,Apocynum_androsaemifolium,superimposed_301185818.jpg,
428110658.jpg,Apocynum_androsaemifolium,,
415193499.jpg,Apocynum_androsaemifolium,,
398583044.jpg,Apocynum_androsaemifolium,superimposed_398583044.jpg,
412381729.jpg,Apocynum_androsaemifolium,superimposed_412381729.jpg,
307240820.jpg,Apocynum_androsaemifolium,superimposed_307240820.jpg,
405523320.jpg,Apocynum_androsaemifolium,,
303665200.jpg,Apocynum_androsaemifolium,,
300419666.jpg,Apocynum_androsaemifolium,,
300664640.jpg,Apocynum_androsaemifolium,superimposed_300664640.jpg,
417829056.jpg,Apocynum_androsaemifolium,superimposed_417829056.jpg,
417357900.jpg,Apocynum_androsaemifolium,,
410283400.jpg,Apocynum_androsaemifolium,superimposed_410283400.jpg,
303329811.jpg,Apocynum_androsaemifolium,,
310257668.jpg,Apocynum_androsaemifolium,,
419941971.jpg,Apocynum_androsaemifolium,,
329821350.jpg,Apocynum_androsaemifolium,,
409911559.jpg,Apocynum_androsaemifolium,,
403163889.jpg,Apocynum_androsaemifolium,,
405260073.jpg,Apocynum_androsaemifolium,,
300154909.jpg,Apocynum_androsaemifolium,superimposed_300154909.jpg,
399455358.jpg,Apocynum_androsaemifolium,superimposed_399455358.jpg,
393286801.jpg,Apocynum_androsaemifolium,,
317069118.jpg,Apocynum_androsaemifolium,,
312348167.jpg,Apocynum_androsaemifolium,superimposed_312348167.jpg,
399092652.jpg,Apocynum_androsaemifolium,,
398238364.jpg,Apocynum_androsaemifolium,,
455951104.jpg,Apocynum_androsaemifolium,,
407820646.jpg,Apocynum_androsaemifolium,,
402269723.jpg,Apocynum_androsaemifolium,,
305238842.jpg,Apocynum_androsaemifolium,superimposed_305238842.jpg,
338910784.jpg,Apocynum_androsaemifolium,,
301576158.jpg,Apocynum_androsaemifolium,superimposed_301576158.jpg,
407449682.jpg,Apocynum_androsaemifolium,,
296931051.jpg,Apocynum_androsaemifolium,superimposed_296931051.jpg,
304521925.jpg,Apocynum_androsaemifolium,,
410322831.jpg,Apocynum_androsaemifolium,superimposed_410322831.jpg,
295215514.jpg,Apocynum_androsaemifolium,superimposed_295215514.jpg,
441423578.jpg,Apocynum_androsaemifolium,,
310824798.jpg,Apocynum_androsaemifolium,,
313031667.jpg,Apocynum_androsaemifolium,superimposed_313031667.jpg,
309504087.jpg,Apocynum_androsaemifolium,,
324226630.jpg,Apocynum_androsaemifolium,superimposed_324226630.jpg,
315841258.jpg,Apocynum_androsaemifolium,superimposed_315841258.jpg,
296726724.jpg,Apocynum_androsaemifolium,superimposed_296726724.jpg,
294915094.jpg,Apocynum_androsaemifolium,superimposed_294915094.jpg,
396666846.jpg,Apocynum_androsaemifolium,,
402518709.jpg,Apocynum_androsaemifolium,,
301026338.jpg,Apocynum_androsaemifolium,superimposed_301026338.jpg,
349093399.jpg,Apocynum_androsaemifolium,superimposed_349093399.jpg,
320672877.jpg,Apocynum_androsaemifolium,,
390027498.jpg,Apocynum_androsaemifolium,,
295533806.jpg,Apocynum_androsaemifolium,superimposed_295533806.jpg,
307142046.jpg,Apocynum_androsaemifolium,,
316154333.jpg,Apocynum_androsaemifolium,,
313231042.jpg,Apocynum_androsaemifolium,superimposed_313231042.jpg,
312390706.jpg,Apocynum_androsaemifolium,,
458210273.jpg,Apocynum_androsaemifolium,superimposed_458210273.jpg,
330297458.jpg,Apocynum_androsaemifolium,superimposed_330297458.jpg,
405224493.jpg,Apocynum_androsaemifolium,superimposed_405224493.jpg,
401485326.jpg,Apocynum_androsaemifolium,superimposed_401485326.jpg,
417856585.jpg,Apocynum_androsaemifolium,,
395468233.jpg,Apocynum_androsaemifolium,superimposed_395468233.jpg,
337305872.jpg,Apocynum_androsaemifolium,superimposed_337305872.jpg,
405206047.jpg,Apocynum_androsaemifolium,,
430610305.jpg,Apocynum_androsaemifolium,,
428778626.jpg,Apocynum_androsaemifolium,,
302601899.jpg,Apocynum_androsaemifolium,,
394187561.jpg,Apocynum_androsaemifolium,,
298131906.jpg,Apocynum_androsaemifolium,superimposed_298131906.jpg,
420443693.jpg,Apocynum_androsaemifolium,,
303334658.jpg,Apocynum_androsaemifolium,superimposed_303334658.jpg,
308065634.jpg,Apocynum_androsaemifolium,,
401726199.jpg,Apocynum_androsaemifolium,,
414586752.jpg,Apocynum_androsaemifolium,,
392055811.jpg,Apocynum_androsaemifolium,superimposed_392055811.jpg,
403943829.jpg,Apocynum_androsaemifolium,superimposed_403943829.jpg,
392667000.jpg,Apocynum_androsaemifolium,,
322125182.jpg,Apocynum_androsaemifolium,superimposed_322125182.jpg,
301401455.jpg,Apocynum_androsaemifolium,superimposed_301401455.jpg,
412659105.jpg,Apocynum_androsaemifolium,superimposed_412659105.jpg,
413151625.jpg,Apocynum_androsaemifolium,superimposed_413151625.jpg,
295780779.jpg,Apocynum_androsaemifolium,,
405464915.jpg,Apocynum_androsaemifolium,,
423710482.jpg,Apocynum_androsaemifolium,,
298066383.jpg,Apocynum_androsaemifolium,,
322533827.jpg,Apocynum_androsaemifolium,,
307618723.jpg,Apocynum_androsaemifolium,superimposed_307618723.jpg,
401622029.jpg,Apocynum_androsaemifolium,,
406385592.jpg,Apocynum_androsaemifolium,superimposed_406385592.jpg,
407015657.jpg,Apocynum_androsaemifolium,,
308307816.jpg,Apocynum_androsaemifolium,superimposed_308307816.jpg,
304515718.jpg,Apocynum_androsaemifolium,superimposed_304515718.jpg,
299919396.jpg,Apocynum_androsaemifolium,superimposed_299919396.jpg,
405567233.jpg,Apocynum_androsaemifolium,,
298514870.jpg,Apocynum_androsaemifolium,superimposed_298514870.jpg,
431424791.jpg,Apocynum_androsaemifolium,,
415129932.jpg,Apocynum_androsaemifolium,superimposed_415129932.jpg,
403110145.jpg,Apocynum_androsaemifolium,superimposed_403110145.jpg,
318296447.jpg,Apocynum_androsaemifolium,superimposed_318296447.jpg,
294869637.jpg,Apocynum_androsaemifolium,superimposed_294869637.jpg,
413508826.jpg,Medicago_sativa,,
400906777.jpg,Medicago_sativa,,
403690836.jpg,Medicago_sativa,superimposed_403690836.jpg,
407805916.jpg,Medicago_sativa,,
448991666.jpg,Medicago_sativa,superimposed_448991666.jpg,
401956762.jpg,Medicago_sativa,,
413231666.jpg,Medicago_sativa,superimposed_413231666.jpg,
413038671.jpg,Medicago_sativa,superimposed_413038671.jpg,
422033037.jpg,Medicago_sativa,,
448574453.jpg,Medicago_sativa,superimposed_448574453.jpg,
413544151.jpg,Medicago_sativa,superimposed_413544151.jpg,
395480284.jpg,Medicago_sativa,superimposed_395480284.jpg,
379312450.jpg,Medicago_sativa,,
431723162.jpg,Medicago_sativa,,
438648556.jpg,Medicago_sativa,superimposed_438648556.jpg,
432388339.jpg,Medicago_sativa,,
427914902.jpg,Medicago_sativa,superimposed_427914902.jpg,
416591668.jpg,Medicago_sativa,superimposed_416591668.jpg,
383766426.jpg,Medicago_sativa,,
399386572.jpg,Medicago_sativa,,
456956648.jpg,Medicago_sativa,,
407478655.jpg,Medicago_sativa,,
448883954.jpg,Medicago_sativa,,
416116068.jpg,Medicago_sativa,,
424063069.jpg,Medicago_sativa,superimposed_424063069.jpg,
419549662.jpg,Medicago_sativa,,
433946905.jpg,Medicago_sativa,,
447298618.jpg,Medicago_sativa,superimposed_447298618.jpg,
414076304.jpg,Medicago_sativa,,
379814572.jpg,Medicago_sativa,superimposed_379814572.jpg,
388331338.jpg,Medicago_sativa,superimposed_388331338.jpg,
408186956.jpg,Medicago_sativa,,
401863496.jpg,Medicago_sativa,superimposed_401863496.jpg,
429282444.jpg,Medicago_sativa,,
385055663.jpg,Medicago_sativa,,
390755797.jpg,Medicago_sativa,superimposed_390755797.jpg,
457766452.jpg,Medicago_sativa,superimposed_457766452.jpg,
457109480.jpg,Medicago_sativa,superimposed_457109480.jpg,
436908848.jpg,Medicago_sativa,superimposed_436908848.jpg,
403608349.jpg,Medicago_sativa,,
415119637.jpg,Medicago_sativa,,
391129114.jpg,Medicago_sativa,,
430492456.jpg,Medicago_sativa,,
405679471.jpg,Medicago_sativa,superimposed_405679471.jpg,
406018688.jpg,Medicago_sativa,,
470606162.jpg,Medicago_sativa,superimposed_470606162.jpg,
408171367.jpg,Medicago_sativa,,
409335890.jpg,Medicago_sativa,superimposed_409335890.jpg,
434387263.jpg,Medicago_sativa,superimposed_434387263.jpg,
470065440.jpg,Medicago_sativa,,
466641305.jpg,Medicago_sativa,,
448725629.jpg,Medicago_sativa,,
397097638.jpg,Medicago_sativa,superimposed_397097638.jpg,
385709835.jpg,Medicago_sativa,,
424679586.jpg,Medicago_sativa,superimposed_424679586.jpg,
468453383.jpg,Medicago_sativa,,
417628748.jpg,Medicago_sativa,superimposed_417628748.jpg,
443884538.jpg,Medicago_sativa,superimposed_443884538.jpg,
400444026.jpg,Medicago_sativa,superimposed_400444026.jpg,
412303698.jpg,Medicago_sativa,superimposed_412303698.jpg,
390052091.jpg,Medicago_sativa,superimposed_390052091.jpg,
424276288.jpg,Medicago_sativa,,
438751904.jpg,Medicago_sativa,,
459775073.jpg,Medicago_sativa,superimposed_459775073.jpg,
410138792.jpg,Medicago_sativa,superimposed_410138792.jpg,
389835615.jpg,Medicago_sativa,,
456111843.jpg,Medicago_sativa,,
413135939.jpg,Medicago_sativa,superimposed_413135939.jpg,
431687435.jpg,Medicago_sativa,,
396099746.jpg,Medicago_sativa,superimposed_396099746.jpg,
395850941.jpg,Medicago_sativa,superimposed_395850941.jpg,
432663499.jpg,Medicago_sativa,superimposed_432663499.jpg,
444491361.jpg,Medicago_sativa,superimposed_444491361.jpg,
417287339.jpg,Medicago_sativa,,
428969337.jpg,Medicago_sativa,superimposed_428969337.jpg,
403929014.jpg,Medicago_sativa,,
385890252.jpg,Medicago_sativa,,
399778274.jpg,Medicago_sativa,,
379324872.jpg,Medicago_sativa,,
410433277.jpg,Medicago_sativa,superimposed_410433277.jpg,
390789354.jpg,Medicago_sativa,,
391739906.jpg,Medicago_sativa,superimposed_391739906.jpg,
385400489.jpg,Medicago_sativa,superimposed_385400489.jpg,
383926676.jpg,Medicago_sativa,,
392570147.jpg,Medicago_sativa,superimposed_392570147.jpg,
396869708.jpg,Medicago_sativa,superimposed_396869708.jpg,
425067446.jpg,Medicago_sativa,,
395105845.jpg,Medicago_sativa,superimposed_395105845.jpg,
451300141.jpg,Medicago_sativa,superimposed_451300141.jpg,
459959955.jpg,Medicago_sativa,,
407035484.jpg,Medicago_sativa,superimposed_407035484.jpg,
380197435.jpg,Medicago_sativa,superimposed_380197435.jpg,
434543229.jpg,Medicago_sativa,,
396476684.jpg,Medicago_sativa,superimposed_396476684.jpg,
384091183.jpg,Medicago_sativa,,
398355336.jpg,Medicago_sativa,,
449780308.jpg,Medicago_sativa,superimposed_449780308.jpg,
421238474.jpg,Medicago_sativa,,
411428535.jpg,Medicago_sativa,,
437138233.jpg,Medicago_sativa,superimposed_437138233.jpg,
454148404.jpg,Medicago_sativa,superimposed_454148404.jpg,
401091060.jpg,Medicago_sativa,,
417804503.jpg,Medicago_sativa,,
422813022.jpg,Medicago_sativa,,
444578689.jpg,Medicago_sativa,superimposed_444578689.jpg,
455717218.jpg,Medicago_sativa,superimposed_455717218.jpg,
388353758.jpg,Medicago_sativa,superimposed_388353758.jpg,
390977659.jpg,Medicago_sativa,,
437102920.jpg,Medicago_sativa,,
460486102.jpg,Medicago_sativa,superimposed_460486102.jpg,
468417043.jpg,Medicago_sativa,superimposed_468417043.jpg,
440454523.jpg,Medicago_sativa,,
421660235.jpg,Medicago_sativa,,
428484582.jpg,Medicago_sativa,,
405671447.jpg,Medicago_sativa,superimposed_405671447.jpg,
439066824.jpg,Medicago_sativa,,
385593434.jpg,Medicago_sativa,superimposed_385593434.jpg,
437851835.jpg,Medicago_sativa,,
397664905.jpg,Medicago_sativa,superimposed_397664905.jpg,
413773140.jpg,Medicago_sativa,superimposed_413773140.jpg,
430498727.jpg,Medicago_sativa,superimposed_430498727.jpg,
396678192.jpg,Medicago_sativa,,
383877134.jpg,Medicago_sativa,superimposed_383877134.jpg,
422029412.jpg,Medicago_sativa,superimposed_422029412.jpg,
437034074.jpg,Medicago_sativa,,
429653836.jpg,Medicago_sativa,superimposed_429653836.jpg,
406836932.jpg,Medicago_sativa,,
412542763.jpg,Medicago_sativa,,
434080900.jpg,Medicago_sativa,,
466068785.jpg,Medicago_sativa,,
407755204.jpg,Medicago_sativa,,
455168231.jpg,Medicago_sativa,superimposed_455168231.jpg,
471589339.jpg,Medicago_sativa,superimposed_471589339.jpg,
392327961.jpg,Medicago_sativa,superimposed_392327961.jpg,
405651592.jpg,Medicago_sativa,superimposed_405651592.jpg,
401324477.jpg,Medicago_sativa,superimposed_401324477.jpg,
388594290.jpg,Medicago_sativa,superimposed_388594290.jpg,
388324211.jpg,Medicago_sativa,superimposed_388324211.jpg,
437291493.jpg,Medicago_sativa,superimposed_437291493.jpg,
444930010.jpg,Medicago_sativa,superimposed_444930010.jpg,
421379137.jpg,Medicago_sativa,,
391430143.jpg,Medicago_sativa,superimposed_391430143.jpg,
405551965.jpg,Medicago_sativa,,
414606594.jpg,Medicago_sativa,superimposed_414606594.jpg,
399693683.jpg,Medicago_sativa,,
396858452.jpg,Medicago_sativa,superimposed_396858452.jpg,
401797468.jpg,Medicago_sativa,,
427059884.jpg,Medicago_sativa,superimposed_427059884.jpg,
416145142.jpg,Medicago_sativa,,
446884043.jpg,Medicago_sativa,superimposed_446884043.jpg,
456425183.jpg,Medicago_sativa,superimposed_456425183.jpg,
401502409.jpg,Medicago_sativa,superimposed_401502409.jpg,
405429879.jpg,Medicago_sativa,,
428476836.jpg,Medicago_sativa,,
395459808.jpg,Medicago_sativa,superimposed_395459808.jpg,
422634471.jpg,Medicago_sativa,,
456981427.jpg,Medicago_sativa,superimposed_456981427.jpg,
409328987.jpg,Medicago_sativa,,
470302113.jpg,Medicago_sativa,superimposed_470302113.jpg,
409073178.jpg,Medicago_sativa,superimposed_409073178.jpg,
397730243.jpg,Medicago_sativa,superimposed_397730243.jpg,
392678679.jpg,Medicago_sativa,,
448883911.jpg,Medicago_sativa,,
397788521.jpg,Medicago_sativa,superimposed_397788521.jpg,
424997193.jpg,Medicago_sativa,,
430419530.jpg,Medicago_sativa,superimposed_430419530.jpg,
416915141.jpg,Medicago_sativa,superimposed_416915141.jpg,
400829341.jpg,Medicago_sativa,,
400133515.jpg,Medicago_sativa,superimposed_400133515.jpg,
416069827.jpg,Medicago_sativa,,
412206012.jpg,Medicago_sativa,,
434424888.jpg,Medicago_sativa,,
442460744.jpg,Medicago_sativa,,
425162915.jpg,Medicago_sativa,,
410505606.jpg,Medicago_sativa,,
388675936.jpg,Medicago_sativa,,
427735990.jpg,Medicago_sativa,superimposed_427735990.jpg,
398728752.jpg,Medicago_sativa,,
430452380.jpg,Medicago_sativa,,
383999591.jpg,Medicago_sativa,superimposed_383999591.jpg,
382175808.jpg,Medicago_sativa,superimposed_382175808.jpg,
425203336.jpg,Medicago_sativa,superimposed_425203336.jpg,
469959997.jpg,Medicago_sativa,superimposed_469959997.jpg,
457742927.jpg,Medicago_sativa,,
416430720.jpg,Medicago_sativa,,
431004747.jpg,Medicago_sativa,superimposed_431004747.jpg,
424081354.jpg,Medicago_sativa,superimposed_424081354.jpg,
415107400.jpg,Medicago_sativa,,
414326941.jpg,Medicago_sativa,,
394155482.jpg,Medicago_sativa,superimposed_394155482.jpg,
402000766.jpg,Medicago_sativa,superimposed_402000766.jpg,
398612967.jpg,Medicago_sativa,superimposed_398612967.jpg,
385251012.jpg,Medicago_sativa,,
422315544.jpg,Medicago_sativa,,
404884431.jpg,Medicago_sativa,superimposed_404884431.jpg,
381186882.jpg,Medicago_sativa,superimposed_381186882.jpg,
400554136.jpg,Medicago_sativa,superimposed_400554136.jpg,
413932335.jpg,Medicago_sativa,superimposed_413932335.jpg,
420499311.jpg,Medicago_sativa,,
421802379.jpg,Medicago_sativa,,
426102823.jpg,Medicago_sativa,,
456409491.jpg,Medicago_sativa,,
413406351.jpg,Medicago_sativa,superimposed_413406351.jpg,
418123921.jpg,Medicago_sativa,superimposed_418123921.jpg,
449901939.jpg,Medicago_sativa,,
395703556.jpg,Medicago_sativa,,
393388012.jpg,Medicago_sativa,,
381908967.jpg,Medicago_sativa,superimposed_381908967.jpg,
390121708.jpg,Medicago_sativa,superimposed_390121708.jpg,
400832972.jpg,Medicago_sativa,superimposed_400832972.jpg,
401486966.jpg,Medicago_sativa,superimposed_401486966.jpg,
443749663.jpg,Medicago_sativa,superimposed_443749663.jpg,
388324205.jpg,Medicago_sativa,superimposed_388324205.jpg,
386971683.jpg,Medicago_sativa,superimposed_386971683.jpg,
381092176.jpg,Medicago_sativa,superimposed_381092176.jpg,
382106997.jpg,Medicago_sativa,superimposed_382106997.jpg,
419648445.jpg,Medicago_sativa,superimposed_419648445.jpg,
396214937.jpg,Medicago_sativa,superimposed_396214937.jpg,
394913355.jpg,Medicago_sativa,superimposed_394913355.jpg,
399975290.jpg,Medicago_sativa,superimposed_399975290.jpg,
419800415.jpg,Medicago_sativa,,
429379172.jpg,Medicago_sativa,superimposed_429379172.jpg,
450551197.jpg,Medicago_sativa,superimposed_450551197.jpg,
426324559.jpg,Medicago_sativa,superimposed_426324559.jpg,
394874259.jpg,Medicago_sativa,superimposed_394874259.jpg,
407576094.jpg,Medicago_sativa,superimposed_407576094.jpg,
382904115.jpg,Medicago_sativa,,
423675991.jpg,Medicago_sativa,superimposed_423675991.jpg,
410965653.jpg,Medicago_sativa,,
410465968.jpg,Medicago_sativa,superimposed_410465968.jpg,
400985684.jpg,Medicago_sativa,,
414514048.jpg,Medicago_sativa,,
428913197.jpg,Medicago_sativa,superimposed_428913197.jpg,
383460387.jpg,Medicago_sativa,superimposed_383460387.jpg,
427368848.jpg,Medicago_sativa,superimposed_427368848.jpg,
411251324.jpg,Medicago_sativa,superimposed_411251324.jpg,
417752512.jpg,Medicago_sativa,,
410245688.jpg,Medicago_sativa,superimposed_410245688.jpg,
465541838.jpg,Medicago_sativa,superimposed_465541838.jpg,
432805979.jpg,Medicago_sativa,,
438290266.jpg,Medicago_sativa,,
463965153.jpg,Medicago_sativa,superimposed_463965153.jpg,
426859782.jpg,Medicago_sativa,,
396473140.jpg,Medicago_sativa,,
411416638.jpg,Medicago_sativa,superimposed_411416638.jpg,
412210393.jpg,Medicago_sativa,superimposed_412210393.jpg,
406910961.jpg,Medicago_sativa,superimposed_406910961.jpg,
431242522.jpg,Medicago_sativa,superimposed_431242522.jpg,
391522997.jpg,Medicago_sativa,superimposed_391522997.jpg,
414382014.jpg,Medicago_sativa,,
420371602.jpg,Medicago_sativa,,
387745497.jpg,Medicago_sativa,superimposed_387745497.jpg,
411498406.jpg,Medicago_sativa,superimposed_411498406.jpg,
449235473.jpg,Medicago_sativa,superimposed_449235473.jpg,
435066110.jpg,Medicago_sativa,,
414333375.jpg,Medicago_sativa,,
392907955.jpg,Medicago_sativa,superimposed_392907955.jpg,
418644900.jpg,Medicago_sativa,,
431449804.jpg,Medicago_sativa,superimposed_431449804.jpg,
409903264.jpg,Medicago_sativa,,
424810515.jpg,Medicago_sativa,,
451969942.jpg,Medicago_sativa,superimposed_451969942.jpg,
449141655.jpg,Medicago_sativa,,
397058741.jpg,Medicago_sativa,superimposed_397058741.jpg,
386711125.jpg,Medicago_sativa,,
403208912.jpg,Medicago_sativa,superimposed_403208912.jpg,
431565551.jpg,Medicago_sativa,,
402825957.jpg,Medicago_sativa,superimposed_402825957.jpg,
453436853.jpg,Medicago_sativa,,
449353708.jpg,Medicago_sativa,,
383380560.jpg,Medicago_sativa,superimposed_383380560.jpg,
439326844.jpg,Medicago_sativa,superimposed_439326844.jpg,
444488064.jpg,Medicago_sativa,superimposed_444488064.jpg,
426357141.jpg,Medicago_sativa,,
457561096.jpg,Medicago_sativa,superimposed_457561096.jpg,
448732606.jpg,Medicago_sativa,,
443136545.jpg,Medicago_sativa,superimposed_443136545.jpg,
387877518.jpg,Medicago_sativa,superimposed_387877518.jpg,
399396253.jpg,Medicago_sativa,,
408359606.jpg,Medicago_sativa,,
421546372.jpg,Medicago_sativa,,
411511364.jpg,Medicago_sativa,,
463623304.jpg,Medicago_sativa,superimposed_463623304.jpg,
385483943.jpg,Medicago_sativa,,
453406408.jpg,Medicago_sativa,superimposed_453406408.jpg,
433599823.jpg,Medicago_sativa,,
442670525.jpg,Medicago_sativa,,
402680802.jpg,Medicago_sativa,,
432009888.jpg,Medicago_sativa,,
388473373.jpg,Medicago_sativa,,
393210784.jpg,Medicago_sativa,,
440634565.jpg,Medicago_sativa,,
468815216.jpg,Medicago_sativa,,
442516020.jpg,Medicago_sativa,,
403223680.jpg,Medicago_sativa,,
396418750.jpg,Medicago_sativa,,
397337848.jpg,Medicago_sativa,,
427304373.jpg,Medicago_sativa,superimposed_427304373.jpg,
441946194.jpg,Medicago_sativa,,
408767531.jpg,Medicago_sativa,superimposed_408767531.jpg,
445286530.jpg,Medicago_sativa,,
467966183.jpg,Medicago_sativa,,
439718848.jpg,Medicago_sativa,,
383980750.jpg,Medicago_sativa,superimposed_383980750.jpg,
423687526.jpg,Medicago_sativa,,
428781284.jpg,Medicago_sativa,,
399044615.jpg,Medicago_sativa,superimposed_399044615.jpg,
414272467.jpg,Medicago_sativa,,
428195432.jpg,Medicago_sativa,superimposed_428195432.jpg,
397699003.jpg,Medicago_sativa,superimposed_397699003.jpg,
390022309.jpg,Medicago_sativa,superimposed_390022309.jpg,
387918247.jpg,Medicago_sativa,superimposed_387918247.jpg,
433292102.jpg,Medicago_sativa,,
397763670.jpg,Medicago_sativa,superimposed_397763670.jpg,
435631423.jpg,Medicago_sativa,superimposed_435631423.jpg,
384502685.jpg,Medicago_sativa,,
405165338.jpg,Medicago_sativa,superimposed_405165338.jpg,
440388596.jpg,Medicago_sativa,,
416572932.jpg,Medicago_sativa,,
456791076.jpg,Medicago_sativa,superimposed_456791076.jpg,
398871679.jpg,Medicago_sativa,,
392159256.jpg,Medicago_sativa,superimposed_392159256.jpg,
419350480.jpg,Medicago_sativa,,
405480817.jpg,Medicago_sativa,,
418929694.jpg,Medicago_sativa,superimposed_418929694.jpg,
444570173.jpg,Medicago_sativa,superimposed_444570173.jpg,
453353231.jpg,Medicago_sativa,,
407712674.jpg,Medicago_sativa,superimposed_407712674.jpg,
428569875.jpg,Medicago_sativa,superimposed_428569875.jpg,
429644047.jpg,Medicago_sativa,,
417570120.jpg,Medicago_sativa,superimposed_417570120.jpg,
431372848.jpg,Medicago_sativa,,
385649995.jpg,Medicago_sativa,superimposed_385649995.jpg,
405670434.jpg,Medicago_sativa,superimposed_405670434.jpg,
404303828.jpg,Medicago_sativa,superimposed_404303828.jpg,
430069529.jpg,Medicago_sativa,superimposed_430069529.jpg,
459293282.jpg,Medicago_sativa,superimposed_459293282.jpg,
420834971.jpg,Medicago_sativa,superimposed_420834971.jpg,
422010388.jpg,Medicago_sativa,,
425003258.jpg,Medicago_sativa,,
412978881.jpg,Medicago_sativa,,
451987243.jpg,Medicago_sativa,,
415278026.jpg,Medicago_sativa,,
397961105.jpg,Medicago_sativa,superimposed_397961105.jpg,
402303066.jpg,Medicago_sativa,,
441183752.jpg,Medicago_sativa,superimposed_441183752.jpg,
401971963.jpg,Medicago_sativa,superimposed_401971963.jpg,
414550919.jpg,Medicago_sativa,,
403788893.jpg,Medicago_sativa,superimposed_403788893.jpg,
421537258.jpg,Medicago_sativa,,
407589542.jpg,Medicago_sativa,superimposed_407589542.jpg,
389297960.jpg,Medicago_sativa,,
457225693.jpg,Medicago_sativa,superimposed_457225693.jpg,
409591324.jpg,Medicago_sativa,superimposed_409591324.jpg,
382565427.jpg,Medicago_sativa,superimposed_382565427.jpg,
406515641.jpg,Medicago_sativa,superimposed_406515641.jpg,
407319785.jpg,Medicago_sativa,,
392777187.jpg,Medicago_sativa,superimposed_392777187.jpg,
425842913.jpg,Medicago_sativa,superimposed_425842913.jpg,
413596845.jpg,Medicago_sativa,,
409816685.jpg,Medicago_sativa,,
429106349.jpg,Medicago_sativa,,
417561644.jpg,Medicago_sativa,,
441821063.jpg,Medicago_sativa,superimposed_441821063.jpg,
471820650.jpg,Medicago_sativa,,
391291064.jpg,Medicago_sativa,,
457568643.jpg,Medicago_sativa,superimposed_457568643.jpg,
431827871.jpg,Medicago_sativa,,
448196221.jpg,Medicago_sativa,superimposed_448196221.jpg,
425969712.jpg,Medicago_sativa,superimposed_425969712.jpg,
406677857.jpg,Medicago_sativa,superimposed_406677857.jpg,
380183589.jpg,Medicago_sativa,superimposed_380183589.jpg,
424144370.jpg,Medicago_sativa,,
407440998.jpg,Medicago_sativa,,
445536490.jpg,Medicago_sativa,,
401791278.jpg,Medicago_sativa,superimposed_401791278.jpg,
443367793.jpg,Medicago_sativa,superimposed_443367793.jpg,
418059731.jpg,Medicago_sativa,,
393070747.jpg,Medicago_sativa,,
416036325.jpg,Medicago_sativa,,
418106974.jpg,Medicago_sativa,,
448613399.jpg,Medicago_sativa,superimposed_448613399.jpg,
428472390.jpg,Medicago_sativa,,
407761194.jpg,Medicago_sativa,superimposed_407761194.jpg,
400612665.jpg,Medicago_sativa,superimposed_400612665.jpg,
467386557.jpg,Medicago_sativa,superimposed_467386557.jpg,
451467384.jpg,Medicago_sativa,,
405737998.jpg,Medicago_sativa,,
405606327.jpg,Medicago_sativa,,
459021505.jpg,Medicago_sativa,superimposed_459021505.jpg,
442909791.jpg,Medicago_sativa,superimposed_442909791.jpg,
467840001.jpg,Medicago_sativa,superimposed_467840001.jpg,
400261342.jpg,Medicago_sativa,superimposed_400261342.jpg,
403336608.jpg,Medicago_sativa,,
452318469.jpg,Medicago_sativa,,
401580870.jpg,Medicago_sativa,superimposed_401580870.jpg,
395717965.jpg,Medicago_sativa,superimposed_395717965.jpg,
401243455.jpg,Medicago_sativa,superimposed_401243455.jpg,
443315342.jpg,Medicago_sativa,superimposed_443315342.jpg,
461455785.jpg,Medicago_sativa,superimposed_461455785.jpg,
421914484.jpg,Medicago_sativa,superimposed_421914484.jpg,
419078943.jpg,Medicago_sativa,superimposed_419078943.jpg,
451850137.jpg,Medicago_sativa,superimposed_451850137.jpg,
412647277.jpg,Medicago_sativa,superimposed_412647277.jpg,
424710334.jpg,Medicago_sativa,superimposed_424710334.jpg,
410660864.jpg,Medicago_sativa,,
402551185.jpg,Medicago_sativa,superimposed_402551185.jpg,
394893187.jpg,Medicago_sativa,,
441629675.jpg,Medicago_sativa,,
413395785.jpg,Medicago_sativa,superimposed_413395785.jpg,
434436528.jpg,Medicago_sativa,superimposed_434436528.jpg,
402313333.jpg,Medicago_sativa,superimposed_402313333.jpg,
464816659.jpg,Medicago_sativa,,
424588154.jpg,Medicago_sativa,,
392645874.jpg,Medicago_sativa,superimposed_392645874.jpg,
421500187.jpg,Medicago_sativa,,
395272673.jpg,Medicago_sativa,superimposed_395272673.jpg,
399930965.jpg,Medicago_sativa,,
410079711.jpg,Medicago_sativa,superimposed_410079711.jpg,
429764825.jpg,Medicago_sativa,,
385749288.jpg,Medicago_sativa,superimposed_385749288.jpg,
392279507.jpg,Medicago_sativa,superimposed_392279507.jpg,
388618635.jpg,Medicago_sativa,,
389639085.jpg,Medicago_sativa,superimposed_389639085.jpg,
461687471.jpg,Medicago_sativa,superimposed_461687471.jpg,
416271009.jpg,Medicago_sativa,,
401082746.jpg,Medicago_sativa,,
401423259.jpg,Medicago_sativa,superimposed_401423259.jpg,
387641344.jpg,Medicago_sativa,,
401959719.jpg,Medicago_sativa,superimposed_401959719.jpg,
410834744.jpg,Medicago_sativa,superimposed_410834744.jpg,
395527629.jpg,Medicago_sativa,superimposed_395527629.jpg,
393478387.jpg,Medicago_sativa,superimposed_393478387.jpg,
450213237.jpg,Medicago_sativa,,
424728547.jpg,Medicago_sativa,,
450813856.jpg,Medicago_sativa,superimposed_450813856.jpg,
380121221.jpg,Medicago_sativa,,
436656447.jpg,Medicago_sativa,,
421542087.jpg,Medicago_sativa,,
463080521.jpg,Medicago_sativa,superimposed_463080521.jpg,
423504774.jpg,Medicago_sativa,,
401004530.jpg,Medicago_sativa,,
459582141.jpg,Medicago_sativa,,
455059355.jpg,Medicago_sativa,superimposed_455059355.jpg,
438796268.jpg,Medicago_sativa,,
419682098.jpg,Medicago_sativa,,
394448646.jpg,Medicago_sativa,superimposed_394448646.jpg,
411743298.jpg,Medicago_sativa,,
391008228.jpg,Medicago_sativa,,
391572303.jpg,Medicago_sativa,superimposed_391572303.jpg,
446465978.jpg,Medicago_sativa,,
409973542.jpg,Medicago_sativa,,
399007527.jpg,Medicago_sativa,,
429413978.jpg,Medicago_sativa,,
403013664.jpg,Medicago_sativa,superimposed_403013664.jpg,
384688885.jpg,Medicago_sativa,superimposed_384688885.jpg,
390952324.jpg,Medicago_sativa,superimposed_390952324.jpg,
417841687.jpg,Medicago_sativa,,
400892026.jpg,Medicago_sativa,superimposed_400892026.jpg,
402950556.jpg,Medicago_sativa,,
431121969.jpg,Medicago_sativa,superimposed_431121969.jpg,
468815080.jpg,Medicago_sativa,,
385116482.jpg,Medicago_sativa,superimposed_385116482.jpg,
399683392.jpg,Medicago_sativa,,
395465779.jpg,Medicago_sativa,superimposed_395465779.jpg,
443262542.jpg,Medicago_sativa,,
393290474.jpg,Medicago_sativa,superimposed_393290474.jpg,
454801714.jpg,Medicago_sativa,,
412749296.jpg,Medicago_sativa,,
382656275.jpg,Medicago_sativa,superimposed_382656275.jpg,
412128620.jpg,Medicago_sativa,superimposed_412128620.jpg,
399396918.jpg,Medicago_sativa,,
392106554.jpg,Medicago_sativa,superimposed_392106554.jpg,
383633159.jpg,Medicago_sativa,superimposed_383633159.jpg,
448166422.jpg,Medicago_sativa,superimposed_448166422.jpg,
452984102.jpg,Medicago_sativa,,
447005345.jpg,Medicago_sativa,superimposed_447005345.jpg,
396351411.jpg,Medicago_sativa,,
428089846.jpg,Medicago_sativa,superimposed_428089846.jpg,
395325137.jpg,Medicago_sativa,superimposed_395325137.jpg,
421750699.jpg,Medicago_sativa,,
434690843.jpg,Medicago_sativa,superimposed_434690843.jpg,
396738204.jpg,Medicago_sativa,,
390503051.jpg,Medicago_sativa,,
411527409.jpg,Medicago_sativa,,
410239580.jpg,Medicago_sativa,superimposed_410239580.jpg,
421550530.jpg,Medicago_sativa,superimposed_421550530.jpg,
398064454.jpg,Medicago_sativa,,
414144293.jpg,Medicago_sativa,superimposed_414144293.jpg,
420845345.jpg,Medicago_sativa,superimposed_420845345.jpg,
401397262.jpg,Medicago_sativa,superimposed_401397262.jpg,
432308606.jpg,Medicago_sativa,,
444610346.jpg,Medicago_sativa,,
421188172.jpg,Medicago_sativa,superimposed_421188172.jpg,
399751634.jpg,Medicago_sativa,,
414746824.jpg,Medicago_sativa,,
407597247.jpg,Medicago_sativa,,
429618138.jpg,Medicago_sativa,,
413992936.jpg,Medicago_sativa,superimposed_413992936.jpg,
420861773.jpg,Medicago_sativa,,
384315122.jpg,Tripleurospermum_inodorum,,
470948201.jpg,Tripleurospermum_inodorum,superimposed_470948201.jpg,
472936676.jpg,Tripleurospermum_inodorum,superimposed_472936676.jpg,
399404404.jpg,Tripleurospermum_inodorum,superimposed_399404404.jpg,
378504602.jpg,Tripleurospermum_inodorum,superimposed_378504602.jpg,
398179626.jpg,Tripleurospermum_inodorum,superimposed_398179626.jpg,
450659009.jpg,Tripleurospermum_inodorum,superimposed_450659009.jpg,
451121615.jpg,Tripleurospermum_inodorum,,
426862800.jpg,Tripleurospermum_inodorum,superimposed_426862800.jpg,
407769684.jpg,Tripleurospermum_inodorum,superimposed_407769684.jpg,
400718943.jpg,Tripleurospermum_inodorum,superimposed_400718943.jpg,
400789948.jpg,Tripleurospermum_inodorum,superimposed_400789948.jpg,
446049340.jpg,Tripleurospermum_inodorum,,
421891265.jpg,Tripleurospermum_inodorum,superimposed_421891265.jpg,
414874627.jpg,Tripleurospermum_inodorum,superimposed_414874627.jpg,
397830571.jpg,Tripleurospermum_inodorum,superimposed_397830571.jpg,
417965705.jpg,Tripleurospermum_inodorum,,
441984366.jpg,Tripleurospermum_inodorum,,
424548122.jpg,Tripleurospermum_inodorum,superimposed_424548122.jpg,
400739036.jpg,Tripleurospermum_inodorum,superimposed_400739036.jpg,
411334521.jpg,Tripleurospermum_inodorum,superimposed_411334521.jpg,
422185795.jpg,Tripleurospermum_inodorum,,
342889265.jpg,Tripleurospermum_inodorum,superimposed_342889265.jpg,
387917053.jpg,Tripleurospermum_inodorum,superimposed_387917053.jpg,
373779091.jpg,Tripleurospermum_inodorum,,
397620701.jpg,Tripleurospermum_inodorum,superimposed_397620701.jpg,
410924197.jpg,Tripleurospermum_inodorum,,
407301487.jpg,Tripleurospermum_inodorum,,
418041591.jpg,Tripleurospermum_inodorum,superimposed_418041591.jpg,
430225417.jpg,Tripleurospermum_inodorum,,
422560774.jpg,Tripleurospermum_inodorum,,
414137697.jpg,Tripleurospermum_inodorum,superimposed_414137697.jpg,
398641987.jpg,Tripleurospermum_inodorum,superimposed_398641987.jpg,
432099810.jpg,Tripleurospermum_inodorum,,
441292477.jpg,Tripleurospermum_inodorum,,
455529169.jpg,Tripleurospermum_inodorum,superimposed_455529169.jpg,
427211066.jpg,Tripleurospermum_inodorum,,
377183687.jpg,Tripleurospermum_inodorum,,
425183233.jpg,Tripleurospermum_inodorum,,
390657063.jpg,Tripleurospermum_inodorum,superimposed_390657063.jpg,
385041908.jpg,Tripleurospermum_inodorum,,
389381129.jpg,Tripleurospermum_inodorum,,
354360018.jpg,Tripleurospermum_inodorum,,
430064058.jpg,Tripleurospermum_inodorum,,
409745392.jpg,Tripleurospermum_inodorum,,
428622749.jpg,Tripleurospermum_inodorum,,
418657452.jpg,Tripleurospermum_inodorum,,
439927403.jpg,Tripleurospermum_inodorum,superimposed_439927403.jpg,
437013720.jpg,Tripleurospermum_inodorum,,
420929654.jpg,Tripleurospermum_inodorum,,
467669851.jpg,Tripleurospermum_inodorum,,
411159136.jpg,Tripleurospermum_inodorum,superimposed_411159136.jpg,
365358634.jpg,Tripleurospermum_inodorum,,
340085247.jpg,Tripleurospermum_inodorum,,
397775381.jpg,Tripleurospermum_inodorum,superimposed_397775381.jpg,
422273852.jpg,Tripleurospermum_inodorum,,
362056062.jpg,Tripleurospermum_inodorum,,
339408460.jpg,Tripleurospermum_inodorum,superimposed_339408460.jpg,
392443878.jpg,Tripleurospermum_inodorum,,
437379273.jpg,Tripleurospermum_inodorum,superimposed_437379273.jpg,
398682271.jpg,Tripleurospermum_inodorum,superimposed_398682271.jpg,
421466036.jpg,Tripleurospermum_inodorum,,
360942769.jpg,Tripleurospermum_inodorum,,
410711375.jpg,Tripleurospermum_inodorum,superimposed_410711375.jpg,
415722117.jpg,Tripleurospermum_inodorum,,
410216641.jpg,Tripleurospermum_inodorum,superimposed_410216641.jpg,
384329476.jpg,Tripleurospermum_inodorum,,
457470726.jpg,Tripleurospermum_inodorum,superimposed_457470726.jpg,
454747058.jpg,Tripleurospermum_inodorum,,
425662527.jpg,Tripleurospermum_inodorum,superimposed_425662527.jpg,
425966243.jpg,Tripleurospermum_inodorum,,
429763081.jpg,Tripleurospermum_inodorum,,
457125054.jpg,Tripleurospermum_inodorum,superimposed_457125054.jpg,
441984121.jpg,Tripleurospermum_inodorum,superimposed_441984121.jpg,
414903626.jpg,Tripleurospermum_inodorum,,
394362748.jpg,Tripleurospermum_inodorum,superimposed_394362748.jpg,
344089223.jpg,Tripleurospermum_inodorum,superimposed_344089223.jpg,
345996701.jpg,Tripleurospermum_inodorum,superimposed_345996701.jpg,
396538103.jpg,Tripleurospermum_inodorum,superimposed_396538103.jpg,
447996106.jpg,Tripleurospermum_inodorum,superimposed_447996106.jpg,
391101408.jpg,Tripleurospermum_inodorum,,
357373877.jpg,Tripleurospermum_inodorum,,
472673426.jpg,Tripleurospermum_inodorum,superimposed_472673426.jpg,
412164308.jpg,Tripleurospermum_inodorum,superimposed_412164308.jpg,
393335480.jpg,Tripleurospermum_inodorum,superimposed_393335480.jpg,
431490815.jpg,Tripleurospermum_inodorum,,
391634628.jpg,Tripleurospermum_inodorum,superimposed_391634628.jpg,
394382145.jpg,Tripleurospermum_inodorum,superimposed_394382145.jpg,
428631102.jpg,Tripleurospermum_inodorum,,
446061660.jpg,Tripleurospermum_inodorum,superimposed_446061660.jpg,
396595508.jpg,Tripleurospermum_inodorum,superimposed_396595508.jpg,
393949674.jpg,Tripleurospermum_inodorum,superimposed_393949674.jpg,
389882400.jpg,Tripleurospermum_inodorum,,
456617551.jpg,Tripleurospermum_inodorum,,
431659669.jpg,Tripleurospermum_inodorum,superimposed_431659669.jpg,
425578560.jpg,Tripleurospermum_inodorum,superimposed_425578560.jpg,
467562199.jpg,Tripleurospermum_inodorum,,
417716910.jpg,Tripleurospermum_inodorum,,
416116508.jpg,Tripleurospermum_inodorum,,
441984391.jpg,Tripleurospermum_inodorum,,
437202229.jpg,Tripleurospermum_inodorum,,
387400548.jpg,Tripleurospermum_inodorum,,
392516960.jpg,Tripleurospermum_inodorum,,
419671072.jpg,Tripleurospermum_inodorum,,
431161640.jpg,Tripleurospermum_inodorum,superimposed_431161640.jpg,
393558778.jpg,Tripleurospermum_inodorum,superimposed_393558778.jpg,
420678078.jpg,Tripleurospermum_inodorum,,
431994779.jpg,Tripleurospermum_inodorum,,
443932531.jpg,Tripleurospermum_inodorum,,
405359058.jpg,Tripleurospermum_inodorum,superimposed_405359058.jpg,
404152497.jpg,Tripleurospermum_inodorum,superimposed_404152497.jpg,
452052647.jpg,Tripleurospermum_inodorum,superimposed_452052647.jpg,
418622003.jpg,Tripleurospermum_inodorum,superimposed_418622003.jpg,
394391352.jpg,Tripleurospermum_inodorum,superimposed_394391352.jpg,
427612191.jpg,Tripleurospermum_inodorum,,
445347941.jpg,Tripleurospermum_inodorum,,
368867865.jpg,Tripleurospermum_inodorum,,
450644457.jpg,Tripleurospermum_inodorum,superimposed_450644457.jpg,
409938831.jpg,Tripleurospermum_inodorum,superimposed_409938831.jpg,
411448889.jpg,Tripleurospermum_inodorum,superimposed_411448889.jpg,
462557893.jpg,Tripleurospermum_inodorum,,
439797538.jpg,Tripleurospermum_inodorum,,
392421117.jpg,Tripleurospermum_inodorum,,
362811876.jpg,Tripleurospermum_inodorum,superimposed_362811876.jpg,
393181259.jpg,Tripleurospermum_inodorum,,
419592106.jpg,Tripleurospermum_inodorum,,
451874383.jpg,Tripleurospermum_inodorum,,
437883018.jpg,Tripleurospermum_inodorum,,
397855547.jpg,Tripleurospermum_inodorum,,
456329354.jpg,Tripleurospermum_inodorum,superimposed_456329354.jpg,
388524497.jpg,Tripleurospermum_inodorum,,
450790046.jpg,Tripleurospermum_inodorum,superimposed_450790046.jpg,
400622725.jpg,Tripleurospermum_inodorum,superimposed_400622725.jpg,
340909654.jpg,Tripleurospermum_inodorum,superimposed_340909654.jpg,
427043325.jpg,Tripleurospermum_inodorum,superimposed_427043325.jpg,
356162168.jpg,Tripleurospermum_inodorum,,
406963992.jpg,Tripleurospermum_inodorum,superimposed_406963992.jpg,
432234353.jpg,Tripleurospermum_inodorum,,
404696806.jpg,Tripleurospermum_inodorum,superimposed_404696806.jpg,
406536875.jpg,Tripleurospermum_inodorum,,
437201932.jpg,Tripleurospermum_inodorum,,
398609102.jpg,Tripleurospermum_inodorum,,
464565737.jpg,Tripleurospermum_inodorum,,
413781758.jpg,Tripleurospermum_inodorum,superimposed_413781758.jpg,
388507116.jpg,Tripleurospermum_inodorum,,
434815604.jpg,Tripleurospermum_inodorum,superimposed_434815604.jpg,
388128859.jpg,Tripleurospermum_inodorum,,
357870780.jpg,Tripleurospermum_inodorum,,
401945671.jpg,Tripleurospermum_inodorum,,
431672170.jpg,Tripleurospermum_inodorum,superimposed_431672170.jpg,
438189921.jpg,Tripleurospermum_inodorum,,
394548856.jpg,Tripleurospermum_inodorum,superimposed_394548856.jpg,
378951729.jpg,Tripleurospermum_inodorum,,
371089547.jpg,Tripleurospermum_inodorum,,
422025136.jpg,Tripleurospermum_inodorum,superimposed_422025136.jpg,
460292926.jpg,Tripleurospermum_inodorum,,
444206252.jpg,Tripleurospermum_inodorum,superimposed_444206252.jpg,
462557928.jpg,Tripleurospermum_inodorum,,
369667265.jpg,Tripleurospermum_inodorum,,
404034545.jpg,Tripleurospermum_inodorum,,
401044069.jpg,Tripleurospermum_inodorum,,
404444133.jpg,Tripleurospermum_inodorum,superimposed_404444133.jpg,
408084119.jpg,Tripleurospermum_inodorum,superimposed_408084119.jpg,
416523371.jpg,Tripleurospermum_inodorum,,
422903606.jpg,Tripleurospermum_inodorum,,
385237944.jpg,Tripleurospermum_inodorum,,
383040313.jpg,Tripleurospermum_inodorum,,
381374262.jpg,Tripleurospermum_inodorum,,
369221772.jpg,Tripleurospermum_inodorum,,
451668996.jpg,Tripleurospermum_inodorum,,
401014226.jpg,Tripleurospermum_inodorum,,
341493227.jpg,Tripleurospermum_inodorum,superimposed_341493227.jpg,
405832185.jpg,Tripleurospermum_inodorum,superimposed_405832185.jpg,
425794214.jpg,Tripleurospermum_inodorum,,
376252198.jpg,Tripleurospermum_inodorum,,
372022492.jpg,Tripleurospermum_inodorum,,
397269975.jpg,Tripleurospermum_inodorum,superimposed_397269975.jpg,
439736740.jpg,Tripleurospermum_inodorum,superimposed_439736740.jpg,
415267682.jpg,Tripleurospermum_inodorum,superimposed_415267682.jpg,
364757494.jpg,Tripleurospermum_inodorum,superimposed_364757494.jpg,
384753720.jpg,Tripleurospermum_inodorum,,
423438984.jpg,Tripleurospermum_inodorum,,
376237055.jpg,Tripleurospermum_inodorum,superimposed_376237055.jpg,
423388148.jpg,Tripleurospermum_inodorum,,
394105492.jpg,Tripleurospermum_inodorum,superimposed_394105492.jpg,
449020306.jpg,Tripleurospermum_inodorum,superimposed_449020306.jpg,
405033728.jpg,Tripleurospermum_inodorum,superimposed_405033728.jpg,
426815670.jpg,Tripleurospermum_inodorum,,
396232139.jpg,Tripleurospermum_inodorum,,
408010752.jpg,Tripleurospermum_inodorum,superimposed_408010752.jpg,
410774904.jpg,Tripleurospermum_inodorum,superimposed_410774904.jpg,
472199143.jpg,Tripleurospermum_inodorum,superimposed_472199143.jpg,
361232279.jpg,Tripleurospermum_inodorum,superimposed_361232279.jpg,
388171069.jpg,Tripleurospermum_inodorum,superimposed_388171069.jpg,
388498159.jpg,Tripleurospermum_inodorum,superimposed_388498159.jpg,
413862764.jpg,Tripleurospermum_inodorum,,
430234906.jpg,Tripleurospermum_inodorum,superimposed_430234906.jpg,
451517515.jpg,Tripleurospermum_inodorum,,
404770637.jpg,Tripleurospermum_inodorum,superimposed_404770637.jpg,
404265417.jpg,Tripleurospermum_inodorum,,
370523143.jpg,Tripleurospermum_inodorum,superimposed_370523143.jpg,
395812613.jpg,Tripleurospermum_inodorum,superimposed_395812613.jpg,
403847523.jpg,Tripleurospermum_inodorum,,
388355429.jpg,Tripleurospermum_inodorum,,
457125213.jpg,Tripleurospermum_inodorum,superimposed_457125213.jpg,
410165157.jpg,Tripleurospermum_inodorum,,
431507107.jpg,Tripleurospermum_inodorum,,
416631786.jpg,Tripleurospermum_inodorum,,
406101176.jpg,Tripleurospermum_inodorum,,
411618858.jpg,Tripleurospermum_inodorum,superimposed_411618858.jpg,
384266648.jpg,Tripleurospermum_inodorum,,
401751007.jpg,Tripleurospermum_inodorum,,
438898036.jpg,Tripleurospermum_inodorum,superimposed_438898036.jpg,
458063378.jpg,Tripleurospermum_inodorum,,
338131381.jpg,Tripleurospermum_inodorum,superimposed_338131381.jpg,
399787499.jpg,Tripleurospermum_inodorum,,
419177779.jpg,Tripleurospermum_inodorum,superimposed_419177779.jpg,
408458363.jpg,Tripleurospermum_inodorum,superimposed_408458363.jpg,
429681980.jpg,Tripleurospermum_inodorum,,
422671342.jpg,Tripleurospermum_inodorum,superimposed_422671342.jpg,
403714930.jpg,Tripleurospermum_inodorum,superimposed_403714930.jpg,
448821407.jpg,Tripleurospermum_inodorum,,
440265042.jpg,Tripleurospermum_inodorum,,
433696024.jpg,Tripleurospermum_inodorum,superimposed_433696024.jpg,
427060131.jpg,Tripleurospermum_inodorum,superimposed_427060131.jpg,
451215480.jpg,Tripleurospermum_inodorum,superimposed_451215480.jpg,
447571557.jpg,Tripleurospermum_inodorum,,
406834633.jpg,Tripleurospermum_inodorum,,
354882628.jpg,Tripleurospermum_inodorum,superimposed_354882628.jpg,
419242752.jpg,Tripleurospermum_inodorum,superimposed_419242752.jpg,
412523117.jpg,Tripleurospermum_inodorum,superimposed_412523117.jpg,
419354258.jpg,Tripleurospermum_inodorum,superimposed_419354258.jpg,
430230665.jpg,Tripleurospermum_inodorum,,
437616670.jpg,Tripleurospermum_inodorum,,
429916031.jpg,Tripleurospermum_inodorum,,
467627000.jpg,Tripleurospermum_inodorum,,
394929829.jpg,Tripleurospermum_inodorum,superimposed_394929829.jpg,
402798111.jpg,Tripleurospermum_inodorum,superimposed_402798111.jpg,
395784854.jpg,Tripleurospermum_inodorum,superimposed_395784854.jpg,
428917988.jpg,Tripleurospermum_inodorum,superimposed_428917988.jpg,
395244137.jpg,Tripleurospermum_inodorum,superimposed_395244137.jpg,
343800565.jpg,Tripleurospermum_inodorum,,
437832559.jpg,Tripleurospermum_inodorum,superimposed_437832559.jpg,
360511543.jpg,Tripleurospermum_inodorum,,
453286649.jpg,Tripleurospermum_inodorum,,
434407629.jpg,Tripleurospermum_inodorum,,
367830677.jpg,Tripleurospermum_inodorum,,
407033080.jpg,Tripleurospermum_inodorum,,
440913364.jpg,Tripleurospermum_inodorum,,
425920045.jpg,Tripleurospermum_inodorum,,
426210867.jpg,Tripleurospermum_inodorum,superimposed_426210867.jpg,
417961749.jpg,Tripleurospermum_inodorum,,
452242707.jpg,Tripleurospermum_inodorum,,
401646790.jpg,Tripleurospermum_inodorum,,
435039814.jpg,Tripleurospermum_inodorum,superimposed_435039814.jpg,
412498490.jpg,Tripleurospermum_inodorum,,
431467113.jpg,Tripleurospermum_inodorum,superimposed_431467113.jpg,
395424779.jpg,Tripleurospermum_inodorum,,
415596017.jpg,Tripleurospermum_inodorum,superimposed_415596017.jpg,
351030759.jpg,Tripleurospermum_inodorum,superimposed_351030759.jpg,
423393590.jpg,Tripleurospermum_inodorum,,
413865582.jpg,Tripleurospermum_inodorum,,
415442870.jpg,Tripleurospermum_inodorum,superimposed_415442870.jpg,
394067511.jpg,Tripleurospermum_inodorum,superimposed_394067511.jpg,
384042388.jpg,Tripleurospermum_inodorum,,
415834369.jpg,Tripleurospermum_inodorum,,
400530064.jpg,Tripleurospermum_inodorum,superimposed_400530064.jpg,
390852791.jpg,Tripleurospermum_inodorum,,
459942292.jpg,Tripleurospermum_inodorum,superimposed_459942292.jpg,
451649788.jpg,Tripleurospermum_inodorum,superimposed_451649788.jpg,
454500655.jpg,Tripleurospermum_inodorum,,
411674937.jpg,Tripleurospermum_inodorum,,
443665962.jpg,Tripleurospermum_inodorum,,
432010879.jpg,Tripleurospermum_inodorum,,
401638293.jpg,Tripleurospermum_inodorum,superimposed_401638293.jpg,
400512335.jpg,Tripleurospermum_inodorum,superimposed_400512335.jpg,
382075396.jpg,Tripleurospermum_inodorum,,
427948762.jpg,Tripleurospermum_inodorum,superimposed_427948762.jpg,
412655585.jpg,Tripleurospermum_inodorum,,
409346877.jpg,Tripleurospermum_inodorum,superimposed_409346877.jpg,
396901171.jpg,Tripleurospermum_inodorum,superimposed_396901171.jpg,
414473287.jpg,Tripleurospermum_inodorum,,
423108198.jpg,Tripleurospermum_inodorum,superimposed_423108198.jpg,
453423536.jpg,Tripleurospermum_inodorum,superimposed_453423536.jpg,
386115318.jpg,Tripleurospermum_inodorum,,
426699257.jpg,Tripleurospermum_inodorum,,
421544958.jpg,Tripleurospermum_inodorum,superimposed_421544958.jpg,
396392685.jpg,Tripleurospermum_inodorum,,
410405497.jpg,Tripleurospermum_inodorum,,
413298019.jpg,Tripleurospermum_inodorum,,
420426092.jpg,Tripleurospermum_inodorum,superimposed_420426092.jpg,
449609740.jpg,Tripleurospermum_inodorum,superimposed_449609740.jpg,
340658748.jpg,Tripleurospermum_inodorum,superimposed_340658748.jpg,
459222611.jpg,Tripleurospermum_inodorum,,
448935404.jpg,Tripleurospermum_inodorum,,
419641050.jpg,Tripleurospermum_inodorum,superimposed_419641050.jpg,
400527864.jpg,Tripleurospermum_inodorum,superimposed_400527864.jpg,
398999208.jpg,Tripleurospermum_inodorum,superimposed_398999208.jpg,
348342748.jpg,Tripleurospermum_inodorum,superimposed_348342748.jpg,
422113943.jpg,Tripleurospermum_inodorum,,
346651889.jpg,Tripleurospermum_inodorum,superimposed_346651889.jpg,
349712605.jpg,Tripleurospermum_inodorum,superimposed_349712605.jpg,
427741593.jpg,Tripleurospermum_inodorum,,
372699592.jpg,Tripleurospermum_inodorum,,
342035647.jpg,Tripleurospermum_inodorum,superimposed_342035647.jpg,
403695886.jpg,Tripleurospermum_inodorum,superimposed_403695886.jpg,
403667649.jpg,Tripleurospermum_inodorum,superimposed_403667649.jpg,
402899395.jpg,Tripleurospermum_inodorum,,
434596416.jpg,Tripleurospermum_inodorum,,
433864336.jpg,Tripleurospermum_inodorum,,
404258873.jpg,Tripleurospermum_inodorum,,
466304608.jpg,Tripleurospermum_inodorum,,
405382817.jpg,Tripleurospermum_inodorum,superimposed_405382817.jpg,
471493491.jpg,Tripleurospermum_inodorum,,
422861873.jpg,Tripleurospermum_inodorum,,
397649554.jpg,Tripleurospermum_inodorum,superimposed_397649554.jpg,
360575777.jpg,Tripleurospermum_inodorum,superimposed_360575777.jpg,
460004468.jpg,Tripleurospermum_inodorum,superimposed_460004468.jpg,
442468420.jpg,Tripleurospermum_inodorum,,
378686650.jpg,Tripleurospermum_inodorum,,
370789044.jpg,Tripleurospermum_inodorum,,
430282755.jpg,Tripleurospermum_inodorum,superimposed_430282755.jpg,
416798610.jpg,Tripleurospermum_inodorum,superimposed_416798610.jpg,
394973617.jpg,Tripleurospermum_inodorum,,
424605843.jpg,Tripleurospermum_inodorum,superimposed_424605843.jpg,
397890766.jpg,Tripleurospermum_inodorum,superimposed_397890766.jpg,
402756252.jpg,Tripleurospermum_inodorum,superimposed_402756252.jpg,
453074906.jpg,Tripleurospermum_inodorum,,
448777685.jpg,Tripleurospermum_inodorum,,
435746941.jpg,Tripleurospermum_inodorum,superimposed_435746941.jpg,
417600095.jpg,Tripleurospermum_inodorum,,
401067936.jpg,Tripleurospermum_inodorum,superimposed_401067936.jpg,
431951175.jpg,Tripleurospermum_inodorum,,
402758675.jpg,Tripleurospermum_inodorum,,
430597567.jpg,Tripleurospermum_inodorum,,
402798254.jpg,Tripleurospermum_inodorum,superimposed_402798254.jpg,
450130852.jpg,Tripleurospermum_inodorum,superimposed_450130852.jpg,
422808343.jpg,Tripleurospermum_inodorum,,
346718505.jpg,Tripleurospermum_inodorum,superimposed_346718505.jpg,
425434804.jpg,Tripleurospermum_inodorum,superimposed_425434804.jpg,
401678200.jpg,Tripleurospermum_inodorum,superimposed_401678200.jpg,
421213685.jpg,Tripleurospermum_inodorum,,
336533948.jpg,Tripleurospermum_inodorum,superimposed_336533948.jpg,
432227810.jpg,Tripleurospermum_inodorum,,
445973007.jpg,Tripleurospermum_inodorum,,
428780189.jpg,Tripleurospermum_inodorum,,
405750236.jpg,Tripleurospermum_inodorum,,
428513534.jpg,Tripleurospermum_inodorum,superimposed_428513534.jpg,
452414936.jpg,Tripleurospermum_inodorum,,
384351213.jpg,Tripleurospermum_inodorum,,
398951123.jpg,Tripleurospermum_inodorum,superimposed_398951123.jpg,
389035667.jpg,Tripleurospermum_inodorum,,
393271624.jpg,Tripleurospermum_inodorum,,
396829459.jpg,Tripleurospermum_inodorum,,
441983463.jpg,Tripleurospermum_inodorum,,
434921274.jpg,Tripleurospermum_inodorum,superimposed_434921274.jpg,
401442061.jpg,Tripleurospermum_inodorum,superimposed_401442061.jpg,
393028324.jpg,Tripleurospermum_inodorum,superimposed_393028324.jpg,
463290279.jpg,Tripleurospermum_inodorum,superimposed_463290279.jpg,
468441819.jpg,Tripleurospermum_inodorum,superimposed_468441819.jpg,
403760565.jpg,Tripleurospermum_inodorum,,
459423682.jpg,Tripleurospermum_inodorum,,
437786426.jpg,Tripleurospermum_inodorum,superimposed_437786426.jpg,
386922496.jpg,Tripleurospermum_inodorum,,
398902328.jpg,Tripleurospermum_inodorum,superimposed_398902328.jpg,
373366358.jpg,Tripleurospermum_inodorum,superimposed_373366358.jpg,
400526389.jpg,Tripleurospermum_inodorum,superimposed_400526389.jpg,
432920319.jpg,Tripleurospermum_inodorum,superimposed_432920319.jpg,
443568850.jpg,Tripleurospermum_inodorum,,
418579062.jpg,Tripleurospermum_inodorum,,
414144155.jpg,Tripleurospermum_inodorum,,
392958989.jpg,Tripleurospermum_inodorum,,
393727831.jpg,Tripleurospermum_inodorum,,
404058443.jpg,Tripleurospermum_inodorum,,
403953262.jpg,Tripleurospermum_inodorum,,
451750210.jpg,Tripleurospermum_inodorum,superimposed_451750210.jpg,
344070064.jpg,Tripleurospermum_inodorum,,
406387794.jpg,Tripleurospermum_inodorum,superimposed_406387794.jpg,
396176195.jpg,Tripleurospermum_inodorum,,
386491505.jpg,Tripleurospermum_inodorum,,
404214729.jpg,Tripleurospermum_inodorum,,
411436592.jpg,Tripleurospermum_inodorum,,
463524393.jpg,Tripleurospermum_inodorum,,
412436084.jpg,Tripleurospermum_inodorum,superimposed_412436084.jpg,
416845070.jpg,Tripleurospermum_inodorum,,
427718047.jpg,Tripleurospermum_inodorum,,
432187908.jpg,Tripleurospermum_inodorum,superimposed_432187908.jpg,
397644041.jpg,Tripleurospermum_inodorum,superimposed_397644041.jpg,
431078087.jpg,Tripleurospermum_inodorum,,
442714376.jpg,Tripleurospermum_inodorum,superimposed_442714376.jpg,
399427024.jpg,Tripleurospermum_inodorum,superimposed_399427024.jpg,
394989817.jpg,Tripleurospermum_inodorum,superimposed_394989817.jpg,
411276633.jpg,Tripleurospermum_inodorum,superimposed_411276633.jpg,
385194125.jpg,Tripleurospermum_inodorum,superimposed_385194125.jpg,
424225499.jpg,Tripleurospermum_inodorum,,
413704839.jpg,Tripleurospermum_inodorum,,
443566629.jpg,Tripleurospermum_inodorum,superimposed_443566629.jpg,
402870556.jpg,Tripleurospermum_inodorum,superimposed_402870556.jpg,
392296665.jpg,Tripleurospermum_inodorum,superimposed_392296665.jpg,
430480023.jpg,Tripleurospermum_inodorum,superimposed_430480023.jpg,
427853252.jpg,Tripleurospermum_inodorum,,
418965156.jpg,Tripleurospermum_inodorum,superimposed_418965156.jpg,
432200097.jpg,Tripleurospermum_inodorum,,
415675326.jpg,Tripleurospermum_inodorum,,
385242360.jpg,Tripleurospermum_inodorum,,
432003037.jpg,Tripleurospermum_inodorum,superimposed_432003037.jpg,
383026020.jpg,Tripleurospermum_inodorum,,
409451626.jpg,Tripleurospermum_inodorum,superimposed_409451626.jpg,
414515845.jpg,Tripleurospermum_inodorum,superimposed_414515845.jpg,
398602599.jpg,Tripleurospermum_inodorum,superimposed_398602599.jpg,
376772514.jpg,Tripleurospermum_inodorum,,
425447525.jpg,Tripleurospermum_inodorum,superimposed_425447525.jpg,
423476680.jpg,Tripleurospermum_inodorum,,
407281148.jpg,Tripleurospermum_inodorum,superimposed_407281148.jpg,
381815455.jpg,Tripleurospermum_inodorum,superimposed_381815455.jpg,
400969369.jpg,Tripleurospermum_inodorum,superimposed_400969369.jpg,
459127161.jpg,Tripleurospermum_inodorum,,
399056024.jpg,Tripleurospermum_inodorum,superimposed_399056024.jpg,
352800017.jpg,Tripleurospermum_inodorum,superimposed_352800017.jpg,
447349059.jpg,Tripleurospermum_inodorum,superimposed_447349059.jpg,
441573555.jpg,Tripleurospermum_inodorum,,
460308982.jpg,Tripleurospermum_inodorum,,
382868243.jpg,Tripleurospermum_inodorum,,
421147028.jpg,Tripleurospermum_inodorum,,
446841157.jpg,Tripleurospermum_inodorum,,
434047186.jpg,Tripleurospermum_inodorum,superimposed_434047186.jpg,
385319726.jpg,Tripleurospermum_inodorum,superimposed_385319726.jpg,
434616441.jpg,Tripleurospermum_inodorum,,
404263466.jpg,Tripleurospermum_inodorum,superimposed_404263466.jpg,
439066862.jpg,Tripleurospermum_inodorum,,
385439303.jpg,Tripleurospermum_inodorum,,
418914574.jpg,Tripleurospermum_inodorum,superimposed_418914574.jpg,
397582151.jpg,Tripleurospermum_inodorum,,
424337715.jpg,Tripleurospermum_inodorum,superimposed_424337715.jpg,
403190661.jpg,Tripleurospermum_inodorum,superimposed_403190661.jpg,
417722616.jpg,Tripleurospermum_inodorum,,
457431893.jpg,Tripleurospermum_inodorum,,
420673805.jpg,Tripleurospermum_inodorum,superimposed_420673805.jpg,
446907081.jpg,Tripleurospermum_inodorum,superimposed_446907081.jpg,
395819716.jpg,Tripleurospermum_inodorum,,
370704242.jpg,Tripleurospermum_inodorum,,
338732803.jpg,Tripleurospermum_inodorum,superimposed_338732803.jpg,
412211647.jpg,Tripleurospermum_inodorum,superimposed_412211647.jpg,
426767154.jpg,Tripleurospermum_inodorum,,
430732048.jpg,Tripleurospermum_inodorum,superimposed_430732048.jpg,
391810817.jpg,Tripleurospermum_inodorum,superimposed_391810817.jpg,
428948480.jpg,Tripleurospermum_inodorum,,
369756595.jpg,Tripleurospermum_inodorum,,
431956272.jpg,Tripleurospermum_inodorum,superimposed_431956272.jpg,
400517762.jpg,Tripleurospermum_inodorum,superimposed_400517762.jpg,
397638793.jpg,Tripleurospermum_inodorum,superimposed_397638793.jpg,
378262731.jpg,Tripleurospermum_inodorum,,
434031555.jpg,Tripleurospermum_inodorum,,
409736491.jpg,Tripleurospermum_inodorum,,
429531706.jpg,Tripleurospermum_inodorum,superimposed_429531706.jpg,
407079892.jpg,Tripleurospermum_inodorum,superimposed_407079892.jpg,
449795101.jpg,Tripleurospermum_inodorum,superimposed_449795101.jpg,
439756427.jpg,Tripleurospermum_inodorum,,
394684356.jpg,Tripleurospermum_inodorum,superimposed_394684356.jpg,
461166233.jpg,Tripleurospermum_inodorum,superimposed_461166233.jpg,
421540774.jpg,Tripleurospermum_inodorum,,
427896450.jpg,Tripleurospermum_inodorum,superimposed_427896450.jpg,
426792144.jpg,Tripleurospermum_inodorum,,
397432798.jpg,Tripleurospermum_inodorum,superimposed_397432798.jpg,
396038342.jpg,Tripleurospermum_inodorum,superimposed_396038342.jpg,
337308220.jpg,Tripleurospermum_inodorum,superimposed_337308220.jpg,
428559180.jpg,Tripleurospermum_inodorum,superimposed_428559180.jpg,
440607192.jpg,Tripleurospermum_inodorum,superimposed_440607192.jpg,
404571877.jpg,Tripleurospermum_inodorum,superimposed_404571877.jpg,
380617109.jpg,Tripleurospermum_inodorum,superimposed_380617109.jpg,
396960863.jpg,Tripleurospermum_inodorum,superimposed_396960863.jpg,
427460534.jpg,Tripleurospermum_inodorum,,
435058989.jpg,Tripleurospermum_inodorum,,
341341722.jpg,Tripleurospermum_inodorum,superimposed_341341722.jpg,
403731254.jpg,Tripleurospermum_inodorum,superimposed_403731254.jpg,
394940555.jpg,Tripleurospermum_inodorum,superimposed_394940555.jpg,
393587524.jpg,Tripleurospermum_inodorum,,
466824554.jpg,Tripleurospermum_inodorum,,
401044274.jpg,Tripleurospermum_inodorum,,
415294653.jpg,Tripleurospermum_inodorum,superimposed_415294653.jpg,
424039394.jpg,Tripleurospermum_inodorum,,
403261727.jpg,Tripleurospermum_inodorum,superimposed_403261727.jpg,
404693356.jpg,Tripleurospermum_inodorum,superimposed_404693356.jpg,
466394017.jpg,Tripleurospermum_inodorum,superimposed_466394017.jpg,
391544719.jpg,Tripleurospermum_inodorum,,
444493069.jpg,Tripleurospermum_inodorum,superimposed_444493069.jpg,
366093420.jpg,Tripleurospermum_inodorum,,
394167484.jpg,Tripleurospermum_inodorum,superimposed_394167484.jpg,
413375878.jpg,Tripleurospermum_inodorum,superimposed_413375878.jpg,
408094661.jpg,Tripleurospermum_inodorum,superimposed_408094661.jpg,
372837613.jpg,Tripleurospermum_inodorum,,
427062896.jpg,Tripleurospermum_inodorum,,
371017383.jpg,Tripleurospermum_inodorum,,
390729426.jpg,Tripleurospermum_inodorum,superimposed_390729426.jpg,
372090944.jpg,Tripleurospermum_inodorum,superimposed_372090944.jpg,
399090585.jpg,Tripleurospermum_inodorum,,
364879533.jpg,Tripleurospermum_inodorum,superimposed_364879533.jpg,
387437117.jpg,Tripleurospermum_inodorum,superimposed_387437117.jpg,
385782811.jpg,Tripleurospermum_inodorum,superimposed_385782811.jpg,
417572453.jpg,Tripleurospermum_inodorum,,
423920036.jpg,Circium_arvense,,
422690556.jpg,Circium_arvense,,
450445047.jpg,Circium_arvense,,
437861638.jpg,Circium_arvense,,
454180312.jpg,Circium_arvense,,
443571168.jpg,Circium_arvense,,
447626693.jpg,Circium_arvense,,
449341228.jpg,Circium_arvense,,
438646007.jpg,Circium_arvense,superimposed_438646007.jpg,
432040533.jpg,Circium_arvense,,
442269495.jpg,Circium_arvense,,
449165793.jpg,Circium_arvense,,
435159029.jpg,Circium_arvense,,
431864398.jpg,Circium_arvense,,
434867032.jpg,Circium_arvense,superimposed_434867032.jpg,
427528004.jpg,Circium_arvense,,
448268324.jpg,Circium_arvense,,
452200702.jpg,Circium_arvense,,
436597220.jpg,Circium_arvense,,
423322900.jpg,Circium_arvense,superimposed_423322900.jpg,
437756199.jpg,Circium_arvense,,
423651624.jpg,Circium_arvense,,
439957490.jpg,Circium_arvense,,
438701757.jpg,Circium_arvense,superimposed_438701757.jpg,
428496764.jpg,Circium_arvense,,
439814484.jpg,Circium_arvense,,
428219693.jpg,Circium_arvense,,
471414136.jpg,Circium_arvense,,
456951704.jpg,Circium_arvense,,
425550973.jpg,Circium_arvense,,
447144039.jpg,Circium_arvense,superimposed_447144039.jpg,
433058978.jpg,Circium_arvense,,
440007897.jpg,Circium_arvense,,
425246377.jpg,Circium_arvense,superimposed_425246377.jpg,
448683131.jpg,Circium_arvense,,
428275824.jpg,Circium_arvense,,
439855065.jpg,Circium_arvense,,
431144725.jpg,Circium_arvense,,
433072243.jpg,Circium_arvense,superimposed_433072243.jpg,
432062882.jpg,Circium_arvense,superimposed_432062882.jpg,
441240880.jpg,Circium_arvense,superimposed_441240880.jpg,
449915060.jpg,Circium_arvense,,
434016608.jpg,Circium_arvense,,
433162550.jpg,Circium_arvense,superimposed_433162550.jpg,
429253231.jpg,Circium_arvense,,
429274709.jpg,Circium_arvense,,
456637592.jpg,Circium_arvense,,
449124785.jpg,Circium_arvense,,
425199738.jpg,Circium_arvense,,
426295727.jpg,Circium_arvense,,
424583682.jpg,Circium_arvense,superimposed_424583682.jpg,
433476896.jpg,Circium_arvense,superimposed_433476896.jpg,
437374653.jpg,Circium_arvense,,
436219670.jpg,Circium_arvense,superimposed_436219670.jpg,
429411960.jpg,Circium_arvense,,
427197275.jpg,Circium_arvense,superimposed_427197275.jpg,
441149181.jpg,Circium_arvense,,
420839190.jpg,Circium_arvense,,
458292664.jpg,Circium_arvense,superimposed_458292664.jpg,
428496744.jpg,Circium_arvense,,
430490219.jpg,Circium_arvense,superimposed_430490219.jpg,
424708495.jpg,Circium_arvense,superimposed_424708495.jpg,
465462760.jpg,Circium_arvense,,
443625635.jpg,Circium_arvense,,
424603201.jpg,Circium_arvense,superimposed_424603201.jpg,
428233119.jpg,Circium_arvense,,
431612415.jpg,Circium_arvense,,
470808760.jpg,Circium_arvense,,
422510957.jpg,Circium_arvense,,
424881528.jpg,Circium_arvense,superimposed_424881528.jpg,
469918422.jpg,Circium_arvense,,
446877571.jpg,Circium_arvense,,
451785651.jpg,Circium_arvense,,
424236914.jpg,Circium_arvense,,
426707862.jpg,Circium_arvense,superimposed_426707862.jpg,
434928077.jpg,Circium_arvense,,
433369082.jpg,Circium_arvense,superimposed_433369082.jpg,
438355336.jpg,Circium_arvense,,
431992912.jpg,Circium_arvense,,
466780363.jpg,Circium_arvense,superimposed_466780363.jpg,
422596469.jpg,Circium_arvense,,
433971751.jpg,Circium_arvense,,
422605091.jpg,Circium_arvense,superimposed_422605091.jpg,
429113873.jpg,Circium_arvense,,
427003735.jpg,Circium_arvense,superimposed_427003735.jpg,
468884632.jpg,Circium_arvense,superimposed_468884632.jpg,
439435556.jpg,Circium_arvense,,
430455436.jpg,Circium_arvense,,
430146354.jpg,Circium_arvense,,
438728605.jpg,Circium_arvense,,
429693955.jpg,Circium_arvense,,
426485921.jpg,Circium_arvense,,
425966708.jpg,Circium_arvense,,
427554554.jpg,Circium_arvense,,
437157905.jpg,Circium_arvense,,
454898402.jpg,Circium_arvense,superimposed_454898402.jpg,
420879015.jpg,Circium_arvense,,
429759734.jpg,Circium_arvense,superimposed_429759734.jpg,
430567538.jpg,Circium_arvense,,
429641615.jpg,Circium_arvense,,
426364766.jpg,Circium_arvense,,
453286348.jpg,Circium_arvense,,
431955152.jpg,Circium_arvense,,
428298043.jpg,Circium_arvense,superimposed_428298043.jpg,
436369728.jpg,Circium_arvense,superimposed_436369728.jpg,
457911155.jpg,Circium_arvense,superimposed_457911155.jpg,
428654428.jpg,Circium_arvense,,
434513801.jpg,Circium_arvense,,
421179683.jpg,Circium_arvense,,
427065746.jpg,Circium_arvense,,
473270087.jpg,Circium_arvense,superimposed_473270087.jpg,
472384192.jpg,Circium_arvense,,
458920502.jpg,Circium_arvense,,
430237157.jpg,Circium_arvense,,
453989320.jpg,Circium_arvense,,
425906321.jpg,Circium_arvense,,
434838356.jpg,Circium_arvense,superimposed_434838356.jpg,
426985303.jpg,Circium_arvense,superimposed_426985303.jpg,
436243300.jpg,Circium_arvense,,
432119446.jpg,Circium_arvense,,
447649943.jpg,Circium_arvense,,
440659825.jpg,Circium_arvense,,
426765003.jpg,Circium_arvense,superimposed_426765003.jpg,
471451466.jpg,Circium_arvense,,
428617691.jpg,Circium_arvense,,
421935857.jpg,Circium_arvense,,
435885843.jpg,Circium_arvense,,
435185609.jpg,Circium_arvense,,
447973753.jpg,Circium_arvense,superimposed_447973753.jpg,
452841065.jpg,Circium_arvense,,
438952428.jpg,Circium_arvense,,
421655522.jpg,Circium_arvense,,
424763306.jpg,Circium_arvense,,
426126930.jpg,Circium_arvense,superimposed_426126930.jpg,
451338624.jpg,Circium_arvense,,
435145676.jpg,Circium_arvense,,
423870875.jpg,Circium_arvense,,
463044734.jpg,Circium_arvense,superimposed_463044734.jpg,
448667307.jpg,Circium_arvense,,
430748684.jpg,Circium_arvense,superimposed_430748684.jpg,
427570580.jpg,Circium_arvense,,
452967465.jpg,Circium_arvense,,
445058703.jpg,Circium_arvense,,
439143164.jpg,Circium_arvense,,
448303172.jpg,Circium_arvense,,
435548176.jpg,Circium_arvense,,
442848834.jpg,Circium_arvense,,
427163280.jpg,Circium_arvense,,
433077829.jpg,Circium_arvense,,
424063775.jpg,Circium_arvense,,
431672909.jpg,Circium_arvense,,
423039219.jpg,Circium_arvense,,
439557204.jpg,Circium_arvense,,
429547858.jpg,Circium_arvense,,
426114767.jpg,Circium_arvense,,
432261543.jpg,Circium_arvense,superimposed_432261543.jpg,
448946522.jpg,Circium_arvense,,
423558079.jpg,Circium_arvense,,
429544351.jpg,Circium_arvense,,
421484563.jpg,Circium_arvense,superimposed_421484563.jpg,
428059928.jpg,Circium_arvense,,
467011042.jpg,Circium_arvense,,
452423764.jpg,Circium_arvense,,
433901685.jpg,Circium_arvense,,
432926644.jpg,Circium_arvense,,
435002772.jpg,Circium_arvense,superimposed_435002772.jpg,
450649657.jpg,Circium_arvense,,
454749675.jpg,Circium_arvense,superimposed_454749675.jpg,
423777121.jpg,Circium_arvense,,
457543936.jpg,Circium_arvense,,
431042333.jpg,Circium_arvense,superimposed_431042333.jpg,
452721121.jpg,Circium_arvense,,
448361989.jpg,Circium_arvense,,
431980878.jpg,Circium_arvense,,
434641507.jpg,Circium_arvense,superimposed_434641507.jpg,
423076402.jpg,Circium_arvense,,
449907837.jpg,Circium_arvense,,
442801619.jpg,Circium_arvense,,
428498423.jpg,Circium_arvense,,
439267259.jpg,Circium_arvense,superimposed_439267259.jpg,
436147598.jpg,Circium_arvense,superimposed_436147598.jpg,
450424754.jpg,Circium_arvense,,
442072219.jpg,Circium_arvense,superimposed_442072219.jpg,
421102294.jpg,Circium_arvense,,
441980346.jpg,Circium_arvense,,
444907088.jpg,Circium_arvense,,
442280118.jpg,Circium_arvense,superimposed_442280118.jpg,
421317489.jpg,Circium_arvense,superimposed_421317489.jpg,
458460321.jpg,Circium_arvense,,
427571164.jpg,Circium_arvense,,
428661024.jpg,Circium_arvense,superimposed_428661024.jpg,
471691864.jpg,Circium_arvense,,
424158988.jpg,Circium_arvense,superimposed_424158988.jpg,
444605914.jpg,Circium_arvense,,
436814890.jpg,Circium_arvense,,
428093335.jpg,Circium_arvense,,
429407747.jpg,Circium_arvense,,
448146735.jpg,Circium_arvense,,
430611069.jpg,Circium_arvense,,
435014808.jpg,Circium_arvense,,
446191708.jpg,Circium_arvense,,
425319047.jpg,Circium_arvense,superimposed_425319047.jpg,
453904267.jpg,Circium_arvense,,
438994733.jpg,Circium_arvense,superimposed_438994733.jpg,
468124883.jpg,Circium_arvense,superimposed_468124883.jpg,
464661922.jpg,Circium_arvense,,
450113363.jpg,Circium_arvense,,
450113246.jpg,Circium_arvense,,
423805952.jpg,Circium_arvense,,
458833182.jpg,Circium_arvense,superimposed_458833182.jpg,
431229259.jpg,Circium_arvense,superimposed_431229259.jpg,
441935385.jpg,Circium_arvense,,
435237513.jpg,Circium_arvense,,
424145830.jpg,Circium_arvense,superimposed_424145830.jpg,
440144639.jpg,Circium_arvense,,
432335743.jpg,Circium_arvense,,
434069656.jpg,Circium_arvense,,
424093088.jpg,Circium_arvense,,
424534210.jpg,Circium_arvense,,
469745077.jpg,Circium_arvense,,
443328585.jpg,Circium_arvense,superimposed_443328585.jpg,
421740698.jpg,Circium_arvense,superimposed_421740698.jpg,
421166903.jpg,Circium_arvense,,
446263751.jpg,Circium_arvense,,
453607409.jpg,Circium_arvense,,
426621807.jpg,Circium_arvense,superimposed_426621807.jpg,
438043376.jpg,Circium_arvense,superimposed_438043376.jpg,
467901223.jpg,Circium_arvense,,
446837970.jpg,Circium_arvense,,
424676390.jpg,Circium_arvense,,
423387177.jpg,Circium_arvense,,
456722444.jpg,Circium_arvense,,
436724160.jpg,Circium_arvense,superimposed_436724160.jpg,
425963328.jpg,Circium_arvense,,
432036676.jpg,Circium_arvense,,
431078079.jpg,Circium_arvense,,
434116259.jpg,Circium_arvense,,
431309158.jpg,Circium_arvense,,
459588653.jpg,Circium_arvense,,
421129925.jpg,Circium_arvense,,
423327839.jpg,Circium_arvense,superimposed_423327839.jpg,
437410381.jpg,Circium_arvense,,
457107239.jpg,Circium_arvense,,
428341014.jpg,Circium_arvense,,
426269673.jpg,Circium_arvense,,
431997149.jpg,Circium_arvense,,
450177863.jpg,Circium_arvense,superimposed_450177863.jpg,
463256386.jpg,Circium_arvense,superimposed_463256386.jpg,
436647280.jpg,Circium_arvense,,
442138427.jpg,Circium_arvense,,
436428934.jpg,Circium_arvense,,
427420711.jpg,Circium_arvense,superimposed_427420711.jpg,
432020020.jpg,Circium_arvense,,
442660435.jpg,Circium_arvense,,
425329243.jpg,Circium_arvense,,
442615409.jpg,Circium_arvense,,
433829467.jpg,Circium_arvense,,
431324406.jpg,Circium_arvense,,
443805470.jpg,Circium_arvense,,
431105731.jpg,Circium_arvense,superimposed_431105731.jpg,
442375435.jpg,Circium_arvense,,
463543470.jpg,Circium_arvense,,
426532155.jpg,Circium_arvense,,
422432914.jpg,Circium_arvense,,
460027442.jpg,Circium_arvense,,
437691399.jpg,Circium_arvense,superimposed_437691399.jpg,
431466707.jpg,Circium_arvense,,
421522551.jpg,Circium_arvense,,
462137916.jpg,Circium_arvense,,
438811556.jpg,Circium_arvense,,
442355987.jpg,Circium_arvense,,
428381244.jpg,Circium_arvense,,
448273209.jpg,Circium_arvense,,
473104406.jpg,Circium_arvense,,
449705040.jpg,Circium_arvense,,
434454931.jpg,Circium_arvense,,
423056471.jpg,Circium_arvense,superimposed_423056471.jpg,
442951456.jpg,Circium_arvense,,
463284868.jpg,Circium_arvense,,
469610438.jpg,Circium_arvense,,
424307299.jpg,Circium_arvense,,
421668866.jpg,Circium_arvense,,
428784464.jpg,Circium_arvense,superimposed_428784464.jpg,
447886232.jpg,Circium_arvense,,
426836210.jpg,Circium_arvense,,
447269790.jpg,Circium_arvense,,
471588935.jpg,Circium_arvense,superimposed_471588935.jpg,
429389093.jpg,Circium_arvense,superimposed_429389093.jpg,
431797801.jpg,Circium_arvense,superimposed_431797801.jpg,
464079727.jpg,Circium_arvense,superimposed_464079727.jpg,
423026531.jpg,Circium_arvense,,
443896112.jpg,Circium_arvense,superimposed_443896112.jpg,
422436974.jpg,Circium_arvense,,
432608294.jpg,Circium_arvense,,
467000681.jpg,Circium_arvense,,
446504475.jpg,Circium_arvense,,
424433328.jpg,Circium_arvense,superimposed_424433328.jpg,
441887430.jpg,Circium_arvense,,
420869361.jpg,Circium_arvense,superimposed_420869361.jpg,
422648909.jpg,Circium_arvense,,
442602103.jpg,Circium_arvense,,
444571756.jpg,Circium_arvense,,
444436898.jpg,Circium_arvense,,
430267212.jpg,Circium_arvense,,
421443813.jpg,Circium_arvense,,
422907560.jpg,Circium_arvense,,
424289359.jpg,Circium_arvense,superimposed_424289359.jpg,
433951367.jpg,Circium_arvense,,
436460692.jpg,Circium_arvense,superimposed_436460692.jpg,
430692200.jpg,Circium_arvense,superimposed_430692200.jpg,
428750719.jpg,Circium_arvense,superimposed_428750719.jpg,
451062137.jpg,Circium_arvense,superimposed_451062137.jpg,
443646106.jpg,Circium_arvense,,
449707710.jpg,Circium_arvense,superimposed_449707710.jpg,
430158194.jpg,Circium_arvense,,
430649247.jpg,Circium_arvense,,
449988094.jpg,Circium_arvense,,
430506026.jpg,Circium_arvense,superimposed_430506026.jpg,
434814727.jpg,Circium_arvense,,
453132693.jpg,Circium_arvense,,
421036646.jpg,Circium_arvense,,
435480987.jpg,Circium_arvense,,
432275480.jpg,Circium_arvense,superimposed_432275480.jpg,
472128255.jpg,Circium_arvense,,
446079475.jpg,Circium_arvense,,
437927386.jpg,Circium_arvense,,
424209107.jpg,Circium_arvense,,
422795075.jpg,Circium_arvense,superimposed_422795075.jpg,
435008719.jpg,Circium_arvense,,
444678476.jpg,Circium_arvense,,
440072318.jpg,Circium_arvense,,
431072905.jpg,Circium_arvense,,
422737220.jpg,Circium_arvense,,
424104418.jpg,Circium_arvense,,
433840215.jpg,Circium_arvense,superimposed_433840215.jpg,
437232517.jpg,Circium_arvense,,
423678747.jpg,Circium_arvense,,
432254357.jpg,Circium_arvense,,
421811219.jpg,Circium_arvense,,
427552759.jpg,Circium_arvense,,
436558105.jpg,Circium_arvense,,
443678580.jpg,Circium_arvense,,
431968967.jpg,Circium_arvense,,
434422325.jpg,Circium_arvense,superimposed_434422325.jpg,
473983665.jpg,Circium_arvense,superimposed_473983665.jpg,
421938359.jpg,Circium_arvense,,
438007676.jpg,Circium_arvense,,
435972430.jpg,Circium_arvense,superimposed_435972430.jpg,
439843633.jpg,Circium_arvense,superimposed_439843633.jpg,
435957798.jpg,Circium_arvense,,
435084985.jpg,Circium_arvense,,
468757504.jpg,Circium_arvense,,
447631236.jpg,Circium_arvense,,
453566695.jpg,Circium_arvense,,
440503272.jpg,Circium_arvense,,
425465461.jpg,Circium_arvense,,
421809731.jpg,Circium_arvense,superimposed_421809731.jpg,
424093031.jpg,Circium_arvense,,
435549308.jpg,Circium_arvense,,
430962627.jpg,Circium_arvense,superimposed_430962627.jpg,
467229925.jpg,Circium_arvense,,
433889659.jpg,Circium_arvense,,
436144762.jpg,Circium_arvense,,
444204415.jpg,Circium_arvense,,
448976891.jpg,Circium_arvense,,
435161314.jpg,Circium_arvense,,
430752497.jpg,Circium_arvense,,
425346688.jpg,Circium_arvense,,
429407750.jpg,Circium_arvense,,
436423033.jpg,Circium_arvense,,
420952754.jpg,Circium_arvense,,
449301444.jpg,Circium_arvense,,
442448803.jpg,Circium_arvense,superimposed_442448803.jpg,
445819290.jpg,Circium_arvense,,
447580025.jpg,Circium_arvense,superimposed_447580025.jpg,
424694120.jpg,Circium_arvense,superimposed_424694120.jpg,
424458297.jpg,Circium_arvense,superimposed_424458297.jpg,
428257904.jpg,Circium_arvense,,
439212131.jpg,Circium_arvense,,
462541084.jpg,Circium_arvense,,
438042167.jpg,Circium_arvense,,
426496747.jpg,Circium_arvense,,
435497088.jpg,Circium_arvense,,
438961042.jpg,Circium_arvense,,
465140621.jpg,Circium_arvense,,
430732829.jpg,Circium_arvense,,
431033419.jpg,Circium_arvense,,
421343449.jpg,Circium_arvense,,
454927720.jpg,Circium_arvense,,
424439525.jpg,Circium_arvense,,
424199866.jpg,Circium_arvense,,
468998669.jpg,Circium_arvense,,
423345923.jpg,Circium_arvense,,
448304926.jpg,Circium_arvense,,
452370166.jpg,Circium_arvense,,
446780444.jpg,Circium_arvense,superimposed_446780444.jpg,
429282725.jpg,Circium_arvense,,
421664248.jpg,Circium_arvense,superimposed_421664248.jpg,
431366207.jpg,Circium_arvense,,
451003244.jpg,Circium_arvense,,
451291524.jpg,Circium_arvense,,
459004891.jpg,Circium_arvense,,
426287525.jpg,Circium_arvense,superimposed_426287525.jpg,
432490368.jpg,Circium_arvense,,
435278872.jpg,Circium_arvense,,
436256481.jpg,Circium_arvense,,
439801636.jpg,Circium_arvense,superimposed_439801636.jpg,
442040189.jpg,Circium_arvense,,
426189884.jpg,Circium_arvense,superimposed_426189884.jpg,
431111313.jpg,Circium_arvense,,
453668024.jpg,Circium_arvense,,
450371822.jpg,Circium_arvense,,
427264552.jpg,Circium_arvense,,
430512459.jpg,Circium_arvense,,
428621284.jpg,Circium_arvense,superimposed_428621284.jpg,
448422268.jpg,Circium_arvense,,
440616772.jpg,Circium_arvense,superimposed_440616772.jpg,
438188557.jpg,Circium_arvense,,
428501927.jpg,Circium_arvense,,
439501280.jpg,Circium_arvense,,
424468172.jpg,Circium_arvense,superimposed_424468172.jpg,
423543256.jpg,Circium_arvense,,
437827345.jpg,Circium_arvense,,
433834945.jpg,Circium_arvense,,
421380264.jpg,Circium_arvense,,
421198106.jpg,Circium_arvense,superimposed_421198106.jpg,
463782742.jpg,Circium_arvense,,
444596080.jpg,Circium_arvense,,
437942260.jpg,Circium_arvense,,
442364150.jpg,Circium_arvense,,
432429881.jpg,Circium_arvense,,
436115025.jpg,Circium_arvense,,
463620655.jpg,Circium_arvense,,
426968851.jpg,Circium_arvense,,
437885994.jpg,Circium_arvense,,
441225785.jpg,Circium_arvense,,
421704731.jpg,Circium_arvense,,
431525902.jpg,Circium_arvense,,
433391398.jpg,Circium_arvense,superimposed_433391398.jpg,
443388773.jpg,Circium_arvense,,
428308352.jpg,Circium_arvense,,
431864799.jpg,Circium_arvense,,
472677012.jpg,Circium_arvense,,
430400162.jpg,Circium_arvense,,
421896971.jpg,Circium_arvense,,
468358745.jpg,Circium_arvense,,
434456453.jpg,Circium_arvense,,
446962775.jpg,Circium_arvense,,
451579749.jpg,Circium_arvense,,
426284709.jpg,Circium_arvense,superimposed_426284709.jpg,
440257212.jpg,Circium_arvense,,
436122399.jpg,Circium_arvense,superimposed_436122399.jpg,
428499664.jpg,Circium_arvense,,
427793119.jpg,Circium_arvense,,
423686513.jpg,Circium_arvense,,
422204364.jpg,Circium_arvense,,
439127485.jpg,Circium_arvense,,
441986027.jpg,Circium_arvense,,
434407783.jpg,Circium_arvense,,
453989212.jpg,Circium_arvense,,
433376336.jpg,Circium_arvense,,
467000543.jpg,Circium_arvense,,
432660791.jpg,Circium_arvense,,
428581879.jpg,Circium_arvense,,
424222549.jpg,Circium_arvense,superimposed_424222549.jpg,
456236982.jpg,Circium_arvense,,
421606516.jpg,Circium_arvense,,
433818986.jpg,Circium_arvense,,
434224877.jpg,Circium_arvense,,
437621928.jpg,Circium_arvense,,
461181169.jpg,Circium_arvense,,
421155880.jpg,Circium_arvense,superimposed_421155880.jpg,
448490906.jpg,Circium_arvense,,
437935525.jpg,Circium_arvense,,
433328838.jpg,Circium_arvense,,
454075674.jpg,Circium_arvense,,
462391700.jpg,Circium_arvense,,
428788673.jpg,Circium_arvense,,
455421078.jpg,Circium_arvense,,
421354034.jpg,Circium_arvense,superimposed_421354034.jpg,
468872283.jpg,Circium_arvense,,
472318194.jpg,Circium_arvense,,
462094673.jpg,Circium_arvense,superimposed_462094673.jpg,
451568342.jpg,Circium_arvense,,
450435718.jpg,Circium_arvense,,
440359531.jpg,Circium_arvense,,
444136768.jpg,Circium_arvense,,
429792257.jpg,Circium_arvense,,
455993800.jpg,Circium_arvense,,
438432204.jpg,Circium_arvense,,
465800709.jpg,Circium_arvense,superimposed_465800709.jpg,
455493647.jpg,Circium_arvense,,
420891423.jpg,Circium_arvense,,
431156916.jpg,Circium_arvense,,
421782117.jpg,Circium_arvense,,
424759944.jpg,Circium_arvense,,
469093707.jpg,Circium_arvense,,
444102891.jpg,Circium_arvense,,
462573502.jpg,Circium_arvense,,
458881939.jpg,Circium_arvense,,
458264735.jpg,Ericameria_nauseosa,,
458792572.jpg,Ericameria_nauseosa,,
463831139.jpg,Ericameria_nauseosa,,
432198580.jpg,Ericameria_nauseosa,,
388378820.jpg,Ericameria_nauseosa,,
439217735.jpg,Ericameria_nauseosa,superimposed_439217735.jpg,
358739487.jpg,Ericameria_nauseosa,superimposed_358739487.jpg,
395968649.jpg,Ericameria_nauseosa,,
407545094.jpg,Ericameria_nauseosa,,
406731558.jpg,Ericameria_nauseosa,,
449263716.jpg,Ericameria_nauseosa,,
383131031.jpg,Ericameria_nauseosa,,
396745582.jpg,Ericameria_nauseosa,,
443992232.jpg,Ericameria_nauseosa,,
322649864.jpg,Ericameria_nauseosa,superimposed_322649864.jpg,
466276102.jpg,Ericameria_nauseosa,superimposed_466276102.jpg,
426115947.jpg,Ericameria_nauseosa,,
466053208.jpg,Ericameria_nauseosa,,
322230592.jpg,Ericameria_nauseosa,superimposed_322230592.jpg,
435184245.jpg,Ericameria_nauseosa,,
340856388.jpg,Ericameria_nauseosa,,
427344649.jpg,Ericameria_nauseosa,superimposed_427344649.jpg,
472562250.jpg,Ericameria_nauseosa,,
447696123.jpg,Ericameria_nauseosa,,
433054216.jpg,Ericameria_nauseosa,superimposed_433054216.jpg,
363856872.jpg,Ericameria_nauseosa,,
453756632.jpg,Ericameria_nauseosa,,
319818444.jpg,Ericameria_nauseosa,superimposed_319818444.jpg,
361932318.jpg,Ericameria_nauseosa,superimposed_361932318.jpg,
330773973.jpg,Ericameria_nauseosa,,
403385585.jpg,Ericameria_nauseosa,,
438844024.jpg,Ericameria_nauseosa,superimposed_438844024.jpg,
427029062.jpg,Ericameria_nauseosa,superimposed_427029062.jpg,
330333273.jpg,Ericameria_nauseosa,,
414974541.jpg,Ericameria_nauseosa,,
390115902.jpg,Ericameria_nauseosa,,
417846097.jpg,Ericameria_nauseosa,superimposed_417846097.jpg,
473552882.jpg,Ericameria_nauseosa,,
368365269.jpg,Ericameria_nauseosa,,
384939934.jpg,Ericameria_nauseosa,,
366013043.jpg,Ericameria_nauseosa,,
459582591.jpg,Ericameria_nauseosa,,
455756757.jpg,Ericameria_nauseosa,,
467576921.jpg,Ericameria_nauseosa,,
431343472.jpg,Ericameria_nauseosa,superimposed_431343472.jpg,
330101523.jpg,Ericameria_nauseosa,superimposed_330101523.jpg,
325615953.jpg,Ericameria_nauseosa,,
436590697.jpg,Ericameria_nauseosa,,
448270901.jpg,Ericameria_nauseosa,,
462112338.jpg,Ericameria_nauseosa,,
339400222.jpg,Ericameria_nauseosa,superimposed_339400222.jpg,
329274243.jpg,Ericameria_nauseosa,superimposed_329274243.jpg,
436568478.jpg,Ericameria_nauseosa,,
347416698.jpg,Ericameria_nauseosa,,
422483007.jpg,Ericameria_nauseosa,,
414456600.jpg,Ericameria_nauseosa,,
448930411.jpg,Ericameria_nauseosa,,
434496240.jpg,Ericameria_nauseosa,,
437548959.jpg,Ericameria_nauseosa,superimposed_437548959.jpg,
322841186.jpg,Ericameria_nauseosa,superimposed_322841186.jpg,
326395993.jpg,Ericameria_nauseosa,,
431771733.jpg,Ericameria_nauseosa,,
352287690.jpg,Ericameria_nauseosa,,
331417462.jpg,Ericameria_nauseosa,,
436817996.jpg,Ericameria_nauseosa,,
441349340.jpg,Ericameria_nauseosa,superimposed_441349340.jpg,
429519995.jpg,Ericameria_nauseosa,superimposed_429519995.jpg,
322961751.jpg,Ericameria_nauseosa,superimposed_322961751.jpg,
433074851.jpg,Ericameria_nauseosa,superimposed_433074851.jpg,
412770557.jpg,Ericameria_nauseosa,,
328089551.jpg,Ericameria_nauseosa,superimposed_328089551.jpg,
321778435.jpg,Ericameria_nauseosa,,
332052440.jpg,Ericameria_nauseosa,superimposed_332052440.jpg,
470493995.jpg,Ericameria_nauseosa,,
472970674.jpg,Ericameria_nauseosa,,
325133346.jpg,Ericameria_nauseosa,superimposed_325133346.jpg,
403854468.jpg,Ericameria_nauseosa,,
320923996.jpg,Ericameria_nauseosa,superimposed_320923996.jpg,
343566828.jpg,Ericameria_nauseosa,,
321698477.jpg,Ericameria_nauseosa,,
457278783.jpg,Ericameria_nauseosa,,
446145908.jpg,Ericameria_nauseosa,,
418987002.jpg,Ericameria_nauseosa,superimposed_418987002.jpg,
430807069.jpg,Ericameria_nauseosa,superimposed_430807069.jpg,
328519731.jpg,Ericameria_nauseosa,superimposed_328519731.jpg,
329551395.jpg,Ericameria_nauseosa,superimposed_329551395.jpg,
328631217.jpg,Ericameria_nauseosa,superimposed_328631217.jpg,
441167899.jpg,Ericameria_nauseosa,,
321700661.jpg,Ericameria_nauseosa,superimposed_321700661.jpg,
442121613.jpg,Ericameria_nauseosa,,
461025629.jpg,Ericameria_nauseosa,,
442471583.jpg,Ericameria_nauseosa,,
321986382.jpg,Ericameria_nauseosa,superimposed_321986382.jpg,
339972220.jpg,Ericameria_nauseosa,,
435662736.jpg,Ericameria_nauseosa,superimposed_435662736.jpg,
422648049.jpg,Ericameria_nauseosa,superimposed_422648049.jpg,
327043241.jpg,Ericameria_nauseosa,,
431449263.jpg,Ericameria_nauseosa,,
409041153.jpg,Ericameria_nauseosa,,
319788378.jpg,Ericameria_nauseosa,superimposed_319788378.jpg,
433582768.jpg,Ericameria_nauseosa,,
320560174.jpg,Ericameria_nauseosa,superimposed_320560174.jpg,
428845008.jpg,Ericameria_nauseosa,superimposed_428845008.jpg,
460507229.jpg,Ericameria_nauseosa,,
461980946.jpg,Ericameria_nauseosa,,
415426871.jpg,Ericameria_nauseosa,,
346765741.jpg,Ericameria_nauseosa,,
435696154.jpg,Ericameria_nauseosa,,
428223530.jpg,Ericameria_nauseosa,,
419219120.jpg,Ericameria_nauseosa,superimposed_419219120.jpg,
410541660.jpg,Ericameria_nauseosa,,
472532064.jpg,Ericameria_nauseosa,,
361328204.jpg,Ericameria_nauseosa,superimposed_361328204.jpg,
456003881.jpg,Ericameria_nauseosa,superimposed_456003881.jpg,
322892186.jpg,Ericameria_nauseosa,superimposed_322892186.jpg,
454057914.jpg,Ericameria_nauseosa,,
443746121.jpg,Ericameria_nauseosa,,
322253239.jpg,Ericameria_nauseosa,,
422162834.jpg,Ericameria_nauseosa,superimposed_422162834.jpg,
430525766.jpg,Ericameria_nauseosa,,
462422613.jpg,Ericameria_nauseosa,,
415602776.jpg,Ericameria_nauseosa,,
445393536.jpg,Ericameria_nauseosa,,
349393954.jpg,Ericameria_nauseosa,,
437800594.jpg,Ericameria_nauseosa,,
321413167.jpg,Ericameria_nauseosa,superimposed_321413167.jpg,
430817379.jpg,Ericameria_nauseosa,superimposed_430817379.jpg,
419491597.jpg,Ericameria_nauseosa,,
451128081.jpg,Ericameria_nauseosa,,
457267279.jpg,Ericameria_nauseosa,superimposed_457267279.jpg,
322355442.jpg,Ericameria_nauseosa,superimposed_322355442.jpg,
428855851.jpg,Ericameria_nauseosa,,
334920007.jpg,Ericameria_nauseosa,,
373443721.jpg,Ericameria_nauseosa,,
353235194.jpg,Ericameria_nauseosa,,
438168377.jpg,Ericameria_nauseosa,,
468899191.jpg,Ericameria_nauseosa,,
326229624.jpg,Ericameria_nauseosa,superimposed_326229624.jpg,
434242297.jpg,Ericameria_nauseosa,superimposed_434242297.jpg,
326092975.jpg,Ericameria_nauseosa,superimposed_326092975.jpg,
447926114.jpg,Ericameria_nauseosa,,
410214324.jpg,Ericameria_nauseosa,,
427041394.jpg,Ericameria_nauseosa,superimposed_427041394.jpg,
440440450.jpg,Ericameria_nauseosa,superimposed_440440450.jpg,
401850181.jpg,Ericameria_nauseosa,,
401797537.jpg,Ericameria_nauseosa,,
333637423.jpg,Ericameria_nauseosa,superimposed_333637423.jpg,
357574731.jpg,Ericameria_nauseosa,superimposed_357574731.jpg,
441811035.jpg,Ericameria_nauseosa,,
428442105.jpg,Ericameria_nauseosa,,
437684186.jpg,Ericameria_nauseosa,superimposed_437684186.jpg,
345448568.jpg,Ericameria_nauseosa,,
434883767.jpg,Ericameria_nauseosa,superimposed_434883767.jpg,
451890787.jpg,Ericameria_nauseosa,,
440427040.jpg,Ericameria_nauseosa,superimposed_440427040.jpg,
339129651.jpg,Ericameria_nauseosa,superimposed_339129651.jpg,
429485998.jpg,Ericameria_nauseosa,superimposed_429485998.jpg,
435530989.jpg,Ericameria_nauseosa,,
326116480.jpg,Ericameria_nauseosa,superimposed_326116480.jpg,
336196106.jpg,Ericameria_nauseosa,,
424022039.jpg,Ericameria_nauseosa,,
456006603.jpg,Ericameria_nauseosa,,
359693291.jpg,Ericameria_nauseosa,superimposed_359693291.jpg,
328603244.jpg,Ericameria_nauseosa,,
408794040.jpg,Ericameria_nauseosa,superimposed_408794040.jpg,
436958793.jpg,Ericameria_nauseosa,superimposed_436958793.jpg,
368365408.jpg,Ericameria_nauseosa,,
328196708.jpg,Ericameria_nauseosa,,
383231017.jpg,Ericameria_nauseosa,,
441167627.jpg,Ericameria_nauseosa,superimposed_441167627.jpg,
326387692.jpg,Ericameria_nauseosa,superimposed_326387692.jpg,
450594880.jpg,Ericameria_nauseosa,,
325333487.jpg,Ericameria_nauseosa,superimposed_325333487.jpg,
352678432.jpg,Ericameria_nauseosa,,
465407511.jpg,Ericameria_nauseosa,superimposed_465407511.jpg,
341026452.jpg,Ericameria_nauseosa,,
366044879.jpg,Ericameria_nauseosa,superimposed_366044879.jpg,
419634097.jpg,Ericameria_nauseosa,,
338905809.jpg,Ericameria_nauseosa,,
447320830.jpg,Ericameria_nauseosa,,
365565248.jpg,Ericameria_nauseosa,,
453146277.jpg,Ericameria_nauseosa,superimposed_453146277.jpg,
422443032.jpg,Ericameria_nauseosa,superimposed_422443032.jpg,
393653184.jpg,Ericameria_nauseosa,,
403918300.jpg,Ericameria_nauseosa,,
329213181.jpg,Ericameria_nauseosa,,
450385480.jpg,Ericameria_nauseosa,,
461499210.jpg,Ericameria_nauseosa,,
321726092.jpg,Ericameria_nauseosa,superimposed_321726092.jpg,
470496047.jpg,Ericameria_nauseosa,,
403842481.jpg,Ericameria_nauseosa,,
346114717.jpg,Ericameria_nauseosa,,
407240492.jpg,Ericameria_nauseosa,,
439899660.jpg,Ericameria_nauseosa,superimposed_439899660.jpg,
332931254.jpg,Ericameria_nauseosa,,
323940796.jpg,Ericameria_nauseosa,,
325319296.jpg,Ericameria_nauseosa,,
432467516.jpg,Ericameria_nauseosa,,
322972645.jpg,Ericameria_nauseosa,superimposed_322972645.jpg,
433722674.jpg,Ericameria_nauseosa,superimposed_433722674.jpg,
381571135.jpg,Ericameria_nauseosa,,
462028766.jpg,Ericameria_nauseosa,,
395868301.jpg,Ericameria_nauseosa,,
424125412.jpg,Ericameria_nauseosa,superimposed_424125412.jpg,
321851435.jpg,Ericameria_nauseosa,superimposed_321851435.jpg,
465106164.jpg,Ericameria_nauseosa,,
452487376.jpg,Ericameria_nauseosa,,
326935482.jpg,Ericameria_nauseosa,superimposed_326935482.jpg,
377237153.jpg,Ericameria_nauseosa,,
325392858.jpg,Ericameria_nauseosa,,
329085372.jpg,Ericameria_nauseosa,superimposed_329085372.jpg,
430028530.jpg,Ericameria_nauseosa,,
323437710.jpg,Ericameria_nauseosa,superimposed_323437710.jpg,
433655278.jpg,Ericameria_nauseosa,superimposed_433655278.jpg,
434146663.jpg,Ericameria_nauseosa,superimposed_434146663.jpg,
365775687.jpg,Ericameria_nauseosa,,
352432633.jpg,Ericameria_nauseosa,,
435811582.jpg,Ericameria_nauseosa,,
464591283.jpg,Ericameria_nauseosa,,
326456938.jpg,Ericameria_nauseosa,superimposed_326456938.jpg,
445192383.jpg,Ericameria_nauseosa,superimposed_445192383.jpg,
431404739.jpg,Ericameria_nauseosa,superimposed_431404739.jpg,
373465269.jpg,Ericameria_nauseosa,,
444635770.jpg,Ericameria_nauseosa,,
432017852.jpg,Ericameria_nauseosa,superimposed_432017852.jpg,
326170924.jpg,Ericameria_nauseosa,superimposed_326170924.jpg,
426074392.jpg,Ericameria_nauseosa,,
361755458.jpg,Ericameria_nauseosa,,
423588326.jpg,Ericameria_nauseosa,superimposed_423588326.jpg,
455634667.jpg,Ericameria_nauseosa,,
398277342.jpg,Ericameria_nauseosa,,
447462853.jpg,Ericameria_nauseosa,,
439030952.jpg,Ericameria_nauseosa,,
328031045.jpg,Ericameria_nauseosa,superimposed_328031045.jpg,
438085255.jpg,Ericameria_nauseosa,superimposed_438085255.jpg,
407943697.jpg,Ericameria_nauseosa,,
424945758.jpg,Ericameria_nauseosa,,
360315639.jpg,Ericameria_nauseosa,,
424283798.jpg,Ericameria_nauseosa,,
413651035.jpg,Ericameria_nauseosa,,
418694716.jpg,Ericameria_nauseosa,,
429334690.jpg,Ericameria_nauseosa,,
333637362.jpg,Ericameria_nauseosa,superimposed_333637362.jpg,
431782346.jpg,Ericameria_nauseosa,superimposed_431782346.jpg,
444929984.jpg,Ericameria_nauseosa,,
321230056.jpg,Ericameria_nauseosa,superimposed_321230056.jpg,
343021513.jpg,Ericameria_nauseosa,,
358331876.jpg,Ericameria_nauseosa,,
345529093.jpg,Ericameria_nauseosa,,
434649082.jpg,Ericameria_nauseosa,superimposed_434649082.jpg,
434619598.jpg,Ericameria_nauseosa,,
353751592.jpg,Ericameria_nauseosa,,
319699572.jpg,Ericameria_nauseosa,,
375387273.jpg,Ericameria_nauseosa,,
333958498.jpg,Ericameria_nauseosa,superimposed_333958498.jpg,
420636562.jpg,Ericameria_nauseosa,,
459116878.jpg,Ericameria_nauseosa,,
430565341.jpg,Ericameria_nauseosa,superimposed_430565341.jpg,
434435416.jpg,Ericameria_nauseosa,superimposed_434435416.jpg,
321484118.jpg,Ericameria_nauseosa,superimposed_321484118.jpg,
321082778.jpg,Ericameria_nauseosa,superimposed_321082778.jpg,
420610723.jpg,Ericameria_nauseosa,superimposed_420610723.jpg,
322563922.jpg,Ericameria_nauseosa,superimposed_322563922.jpg,
450440377.jpg,Ericameria_nauseosa,,
439114227.jpg,Ericameria_nauseosa,superimposed_439114227.jpg,
450368576.jpg,Ericameria_nauseosa,,
468600509.jpg,Ericameria_nauseosa,,
344648052.jpg,Ericameria_nauseosa,,
351075049.jpg,Ericameria_nauseosa,,
430586346.jpg,Ericameria_nauseosa,,
320036857.jpg,Ericameria_nauseosa,,
431716899.jpg,Ericameria_nauseosa,,
431442098.jpg,Ericameria_nauseosa,,
380688915.jpg,Ericameria_nauseosa,,
362711636.jpg,Ericameria_nauseosa,,
458467687.jpg,Ericameria_nauseosa,,
419840345.jpg,Ericameria_nauseosa,superimposed_419840345.jpg,
455745824.jpg,Ericameria_nauseosa,superimposed_455745824.jpg,
449582078.jpg,Ericameria_nauseosa,superimposed_449582078.jpg,
466049251.jpg,Ericameria_nauseosa,,
383075988.jpg,Ericameria_nauseosa,,
327306187.jpg,Ericameria_nauseosa,,
330856827.jpg,Ericameria_nauseosa,,
434519189.jpg,Ericameria_nauseosa,superimposed_434519189.jpg,
444949762.jpg,Ericameria_nauseosa,superimposed_444949762.jpg,
435185627.jpg,Ericameria_nauseosa,,
407151487.jpg,Ericameria_nauseosa,,
440078734.jpg,Ericameria_nauseosa,,
406811227.jpg,Ericameria_nauseosa,,
431455990.jpg,Ericameria_nauseosa,,
472618767.jpg,Ericameria_nauseosa,,
461123679.jpg,Ericameria_nauseosa,,
424136355.jpg,Ericameria_nauseosa,,
326429910.jpg,Ericameria_nauseosa,,
469590095.jpg,Ericameria_nauseosa,,
323590482.jpg,Ericameria_nauseosa,superimposed_323590482.jpg,
327455081.jpg,Ericameria_nauseosa,superimposed_327455081.jpg,
448448512.jpg,Ericameria_nauseosa,,
332916863.jpg,Ericameria_nauseosa,superimposed_332916863.jpg,
444956293.jpg,Ericameria_nauseosa,superimposed_444956293.jpg,
382402499.jpg,Ericameria_nauseosa,,
321359798.jpg,Ericameria_nauseosa,superimposed_321359798.jpg,
461545131.jpg,Ericameria_nauseosa,,
336784665.jpg,Ericameria_nauseosa,,
331117936.jpg,Ericameria_nauseosa,superimposed_331117936.jpg,
374901867.jpg,Ericameria_nauseosa,,
436933983.jpg,Ericameria_nauseosa,,
458265388.jpg,Ericameria_nauseosa,,
462569934.jpg,Ericameria_nauseosa,,
416213397.jpg,Ericameria_nauseosa,,
331856352.jpg,Ericameria_nauseosa,,
421006010.jpg,Ericameria_nauseosa,superimposed_421006010.jpg,
336492421.jpg,Ericameria_nauseosa,,
438166538.jpg,Ericameria_nauseosa,,
336749435.jpg,Ericameria_nauseosa,,
442367785.jpg,Ericameria_nauseosa,,
417730950.jpg,Ericameria_nauseosa,,
353084174.jpg,Ericameria_nauseosa,,
443779854.jpg,Ericameria_nauseosa,superimposed_443779854.jpg,
461509264.jpg,Ericameria_nauseosa,,
407012741.jpg,Ericameria_nauseosa,,
319676049.jpg,Ericameria_nauseosa,superimposed_319676049.jpg,
472859921.jpg,Ericameria_nauseosa,,
434563336.jpg,Ericameria_nauseosa,,
383611811.jpg,Ericameria_nauseosa,,
323900875.jpg,Ericameria_nauseosa,,
432472715.jpg,Ericameria_nauseosa,,
336434656.jpg,Ericameria_nauseosa,superimposed_336434656.jpg,
368358314.jpg,Ericameria_nauseosa,,
331121446.jpg,Ericameria_nauseosa,,
430500982.jpg,Ericameria_nauseosa,,
363037954.jpg,Ericameria_nauseosa,,
325658316.jpg,Ericameria_nauseosa,,
426920651.jpg,Ericameria_nauseosa,,
325665996.jpg,Ericameria_nauseosa,,
445859127.jpg,Ericameria_nauseosa,,
322872695.jpg,Ericameria_nauseosa,,
451586419.jpg,Ericameria_nauseosa,superimposed_451586419.jpg,
428034688.jpg,Ericameria_nauseosa,superimposed_428034688.jpg,
430121837.jpg,Ericameria_nauseosa,,
434785982.jpg,Ericameria_nauseosa,superimposed_434785982.jpg,
326171101.jpg,Ericameria_nauseosa,superimposed_326171101.jpg,
468157589.jpg,Ericameria_nauseosa,,
363132473.jpg,Ericameria_nauseosa,,
457407874.jpg,Ericameria_nauseosa,,
401834242.jpg,Ericameria_nauseosa,,
420035291.jpg,Ericameria_nauseosa,,
346050872.jpg,Ericameria_nauseosa,,
422394432.jpg,Ericameria_nauseosa,,
329312640.jpg,Ericameria_nauseosa,superimposed_329312640.jpg,
326639049.jpg,Ericameria_nauseosa,superimposed_326639049.jpg,
332630547.jpg,Ericameria_nauseosa,superimposed_332630547.jpg,
331703103.jpg,Ericameria_nauseosa,,
434981556.jpg,Ericameria_nauseosa,superimposed_434981556.jpg,
436597283.jpg,Ericameria_nauseosa,,
437443121.jpg,Ericameria_nauseosa,superimposed_437443121.jpg,
426230032.jpg,Ericameria_nauseosa,,
358355476.jpg,Ericameria_nauseosa,,
320347932.jpg,Ericameria_nauseosa,superimposed_320347932.jpg,
319767078.jpg,Ericameria_nauseosa,superimposed_319767078.jpg,
438845575.jpg,Ericameria_nauseosa,,
424891632.jpg,Ericameria_nauseosa,,
329608514.jpg,Ericameria_nauseosa,superimposed_329608514.jpg,
321448171.jpg,Ericameria_nauseosa,,
459313878.jpg,Ericameria_nauseosa,,
368259737.jpg,Ericameria_nauseosa,,
375286953.jpg,Ericameria_nauseosa,,
434586144.jpg,Ericameria_nauseosa,,
430225155.jpg,Ericameria_nauseosa,superimposed_430225155.jpg,
404516300.jpg,Ericameria_nauseosa,,
437404205.jpg,Ericameria_nauseosa,superimposed_437404205.jpg,
393152319.jpg,Ericameria_nauseosa,,
460084852.jpg,Ericameria_nauseosa,superimposed_460084852.jpg,
450929557.jpg,Ericameria_nauseosa,,
423654178.jpg,Ericameria_nauseosa,,
424121599.jpg,Ericameria_nauseosa,,
406816797.jpg,Ericameria_nauseosa,,
324948780.jpg,Ericameria_nauseosa,superimposed_324948780.jpg,
389693556.jpg,Ericameria_nauseosa,,
429411633.jpg,Ericameria_nauseosa,,
339943832.jpg,Ericameria_nauseosa,,
462360755.jpg,Ericameria_nauseosa,superimposed_462360755.jpg,
385755709.jpg,Ericameria_nauseosa,,
461018799.jpg,Ericameria_nauseosa,,
463455559.jpg,Ericameria_nauseosa,,
359487225.jpg,Ericameria_nauseosa,,
411869639.jpg,Ericameria_nauseosa,,
437307933.jpg,Ericameria_nauseosa,superimposed_437307933.jpg,
339070967.jpg,Ericameria_nauseosa,,
439130511.jpg,Ericameria_nauseosa,superimposed_439130511.jpg,
439101156.jpg,Ericameria_nauseosa,superimposed_439101156.jpg,
467044469.jpg,Ericameria_nauseosa,,
343277207.jpg,Ericameria_nauseosa,,
331987872.jpg,Ericameria_nauseosa,superimposed_331987872.jpg,
460078031.jpg,Ericameria_nauseosa,,
434971655.jpg,Ericameria_nauseosa,,
448549160.jpg,Ericameria_nauseosa,,
436773564.jpg,Ericameria_nauseosa,superimposed_436773564.jpg,
402858221.jpg,Ericameria_nauseosa,,
338101890.jpg,Ericameria_nauseosa,,
335451059.jpg,Ericameria_nauseosa,superimposed_335451059.jpg,
360719517.jpg,Ericameria_nauseosa,,
321702424.jpg,Ericameria_nauseosa,superimposed_321702424.jpg,
471625870.jpg,Ericameria_nauseosa,,
471416157.jpg,Ericameria_nauseosa,,
445737194.jpg,Ericameria_nauseosa,,
455323105.jpg,Ericameria_nauseosa,superimposed_455323105.jpg,
405320722.jpg,Ericameria_nauseosa,superimposed_405320722.jpg,
371331306.jpg,Ericameria_nauseosa,,
458946150.jpg,Ericameria_nauseosa,,
343797362.jpg,Ericameria_nauseosa,,
432697932.jpg,Ericameria_nauseosa,superimposed_432697932.jpg,
340381885.jpg,Ericameria_nauseosa,,
415179362.jpg,Ericameria_nauseosa,,
426984215.jpg,Ericameria_nauseosa,superimposed_426984215.jpg,
470132523.jpg,Ericameria_nauseosa,,
339561569.jpg,Ericameria_nauseosa,,
443086287.jpg,Ericameria_nauseosa,superimposed_443086287.jpg,
337738268.jpg,Ericameria_nauseosa,,
425761794.jpg,Ericameria_nauseosa,superimposed_425761794.jpg,
345600690.jpg,Ericameria_nauseosa,,
345243572.jpg,Ericameria_nauseosa,,
378569378.jpg,Ericameria_nauseosa,,
424891840.jpg,Ericameria_nauseosa,,
412582506.jpg,Ericameria_nauseosa,,
322126521.jpg,Ericameria_nauseosa,superimposed_322126521.jpg,
427692968.jpg,Ericameria_nauseosa,superimposed_427692968.jpg,
456218063.jpg,Ericameria_nauseosa,,
383201187.jpg,Ericameria_nauseosa,,
426634058.jpg,Ericameria_nauseosa,,
340998012.jpg,Ericameria_nauseosa,superimposed_340998012.jpg,
323662213.jpg,Ericameria_nauseosa,superimposed_323662213.jpg,
331799155.jpg,Ericameria_nauseosa,superimposed_331799155.jpg,
423810649.jpg,Ericameria_nauseosa,,
341850835.jpg,Ericameria_nauseosa,,
332265839.jpg,Ericameria_nauseosa,,
442473932.jpg,Ericameria_nauseosa,superimposed_442473932.jpg,
434857081.jpg,Ericameria_nauseosa,superimposed_434857081.jpg,
413677718.jpg,Ericameria_nauseosa,superimposed_413677718.jpg,
331699946.jpg,Ericameria_nauseosa,,
448276526.jpg,Ericameria_nauseosa,,
425374034.jpg,Ericameria_nauseosa,,
453119183.jpg,Ericameria_nauseosa,,
432666247.jpg,Ericameria_nauseosa,superimposed_432666247.jpg,
428246902.jpg,Ericameria_nauseosa,,
461734125.jpg,Ericameria_nauseosa,,
427341258.jpg,Ericameria_nauseosa,superimposed_427341258.jpg,
440202709.jpg,Ericameria_nauseosa,superimposed_440202709.jpg,
426996221.jpg,Ericameria_nauseosa,,
373307000.jpg,Ericameria_nauseosa,,
324558020.jpg,Ericameria_nauseosa,,
327991566.jpg,Ericameria_nauseosa,,
397299493.jpg,Ericameria_nauseosa,,
383147800.jpg,Ericameria_nauseosa,,
320952144.jpg,Ericameria_nauseosa,superimposed_320952144.jpg,
453831227.jpg,Ericameria_nauseosa,,
460029107.jpg,Ericameria_nauseosa,,
427692941.jpg,Ericameria_nauseosa,superimposed_427692941.jpg,
439026742.jpg,Ericameria_nauseosa,superimposed_439026742.jpg,
375385131.jpg,Ericameria_nauseosa,,
435155046.jpg,Ericameria_nauseosa,superimposed_435155046.jpg,
339993182.jpg,Ericameria_nauseosa,,
321174197.jpg,Ericameria_nauseosa,superimposed_321174197.jpg,
434994862.jpg,Ericameria_nauseosa,superimposed_434994862.jpg,
428362067.jpg,Ericameria_nauseosa,,
420195149.jpg,Ericameria_nauseosa,superimposed_420195149.jpg,
360901186.jpg,Ericameria_nauseosa,superimposed_360901186.jpg,
325673819.jpg,Ericameria_nauseosa,,
363947720.jpg,Ericameria_nauseosa,,
441421852.jpg,Ericameria_nauseosa,superimposed_441421852.jpg,
329726264.jpg,Ericameria_nauseosa,,
463690500.jpg,Ericameria_nauseosa,,
327691889.jpg,Ericameria_nauseosa,superimposed_327691889.jpg,
331123694.jpg,Ericameria_nauseosa,superimposed_331123694.jpg,
409312442.jpg,Ericameria_nauseosa,,
433199259.jpg,Ericameria_nauseosa,superimposed_433199259.jpg,
438327389.jpg,Ericameria_nauseosa,,
459345277.jpg,Ericameria_nauseosa,,
445148657.jpg,Ericameria_nauseosa,,
449290920.jpg,Ericameria_nauseosa,,
454269408.jpg,Ericameria_nauseosa,,
432168521.jpg,Ericameria_nauseosa,,
439256780.jpg,Ericameria_nauseosa,,
405574751.jpg,Ericameria_nauseosa,superimposed_405574751.jpg,
383649841.jpg,Ericameria_nauseosa,,
429110408.jpg,Ericameria_nauseosa,,
353483992.jpg,Ericameria_nauseosa,,
446470029.jpg,Ericameria_nauseosa,,
345468473.jpg,Ericameria_nauseosa,,
442381050.jpg,Ericameria_nauseosa,,
426674479.jpg,Ericameria_nauseosa,superimposed_426674479.jpg,
343762747.jpg,Ericameria_nauseosa,,
364284186.jpg,Ericameria_nauseosa,,
330180172.jpg,Ericameria_nauseosa,superimposed_330180172.jpg,
418287572.jpg,Ericameria_nauseosa,superimposed_418287572.jpg,
462139095.jpg,Ericameria_nauseosa,,
390927591.jpg,Ericameria_nauseosa,,
327675308.jpg,Ericameria_nauseosa,superimposed_327675308.jpg,
321469982.jpg,Ericameria_nauseosa,superimposed_321469982.jpg,
368539269.jpg,Ericameria_nauseosa,,
425003007.jpg,Sisymbrium loeselii,,
385070208.jpg,Sisymbrium loeselii,,
210142718.jpg,Sisymbrium loeselii,,
231215681.jpg,Sisymbrium loeselii,superimposed_231215681.jpg,
290169207.jpg,Sisymbrium loeselii,,
425967925.jpg,Sisymbrium loeselii,,
224656153.jpg,Sisymbrium loeselii,superimposed_224656153.jpg,
287041605.jpg,Sisymbrium loeselii,,
431170670.jpg,Sisymbrium loeselii,,
282201654.jpg,Sisymbrium loeselii,,
433938618.jpg,Sisymbrium loeselii,superimposed_433938618.jpg,
365643042.jpg,Sisymbrium loeselii,,
292941478.jpg,Sisymbrium loeselii,superimposed_292941478.jpg,
401771982.jpg,Sisymbrium loeselii,,
448563544.jpg,Sisymbrium loeselii,,
207654883.jpg,Sisymbrium loeselii,,
343464813.jpg,Sisymbrium loeselii,superimposed_343464813.jpg,
444751905.jpg,Sisymbrium loeselii,,
281666816.jpg,Sisymbrium loeselii,,
420318024.jpg,Sisymbrium loeselii,,
398586901.jpg,Sisymbrium loeselii,superimposed_398586901.jpg,
314400866.jpg,Sisymbrium loeselii,,
296070728.jpg,Sisymbrium loeselii,superimposed_296070728.jpg,
287013879.jpg,Sisymbrium loeselii,,
296490555.jpg,Sisymbrium loeselii,,
211383354.jpg,Sisymbrium loeselii,superimposed_211383354.jpg,
401724460.jpg,Sisymbrium loeselii,,
326324083.jpg,Sisymbrium loeselii,,
232612523.jpg,Sisymbrium loeselii,,
284171543.jpg,Sisymbrium loeselii,,
283435922.jpg,Sisymbrium loeselii,superimposed_283435922.jpg,
281219325.jpg,Sisymbrium loeselii,,
436553401.jpg,Sisymbrium loeselii,,
217395111.jpg,Sisymbrium loeselii,,
378520463.jpg,Sisymbrium loeselii,,
285996534.jpg,Sisymbrium loeselii,,
272377965.jpg,Sisymbrium loeselii,,
288002273.jpg,Sisymbrium loeselii,superimposed_288002273.jpg,
207350564.jpg,Sisymbrium loeselii,,
297149195.jpg,Sisymbrium loeselii,superimposed_297149195.jpg,
272683505.jpg,Sisymbrium loeselii,,
286435364.jpg,Sisymbrium loeselii,,
299560568.jpg,Sisymbrium loeselii,,
278587771.jpg,Sisymbrium loeselii,,
339687178.jpg,Sisymbrium loeselii,,
309412423.jpg,Sisymbrium loeselii,,
434280199.jpg,Sisymbrium loeselii,,
298864560.jpg,Sisymbrium loeselii,,
377590357.jpg,Sisymbrium loeselii,,
320146777.jpg,Sisymbrium loeselii,superimposed_320146777.jpg,
401097875.jpg,Sisymbrium loeselii,superimposed_401097875.jpg,
403859826.jpg,Sisymbrium loeselii,,
305288225.jpg,Sisymbrium loeselii,superimposed_305288225.jpg,
327353197.jpg,Sisymbrium loeselii,superimposed_327353197.jpg,
299502671.jpg,Sisymbrium loeselii,,
272756437.jpg,Sisymbrium loeselii,superimposed_272756437.jpg,
448563589.jpg,Sisymbrium loeselii,superimposed_448563589.jpg,
401701426.jpg,Sisymbrium loeselii,,
283297639.jpg,Sisymbrium loeselii,,
357254243.jpg,Sisymbrium loeselii,superimposed_357254243.jpg,
390716058.jpg,Sisymbrium loeselii,,
286850817.jpg,Sisymbrium loeselii,,
285423866.jpg,Sisymbrium loeselii,,
235369716.jpg,Sisymbrium loeselii,,
208183476.jpg,Sisymbrium loeselii,,
401709482.jpg,Sisymbrium loeselii,,
378080401.jpg,Sisymbrium loeselii,superimposed_378080401.jpg,
429577138.jpg,Sisymbrium loeselii,,
314277023.jpg,Sisymbrium loeselii,superimposed_314277023.jpg,
296321347.jpg,Sisymbrium loeselii,superimposed_296321347.jpg,
395244120.jpg,Sisymbrium loeselii,,
242495952.jpg,Sisymbrium loeselii,,
285631436.jpg,Sisymbrium loeselii,,
274933838.jpg,Sisymbrium loeselii,superimposed_274933838.jpg,
455308448.jpg,Sisymbrium loeselii,,
400484517.jpg,Sisymbrium loeselii,superimposed_400484517.jpg,
242470716.jpg,Sisymbrium loeselii,,
389873917.jpg,Sisymbrium loeselii,,
417666953.jpg,Sisymbrium loeselii,,
208652483.jpg,Sisymbrium loeselii,,
290393292.jpg,Sisymbrium loeselii,superimposed_290393292.jpg,
293228010.jpg,Sisymbrium loeselii,,
341433239.jpg,Sisymbrium loeselii,superimposed_341433239.jpg,
375006528.jpg,Sisymbrium loeselii,,
446977935.jpg,Sisymbrium loeselii,,
206745647.jpg,Sisymbrium loeselii,,
225746896.jpg,Sisymbrium loeselii,,
271613207.jpg,Sisymbrium loeselii,,
326134680.jpg,Sisymbrium loeselii,,
287262698.jpg,Sisymbrium loeselii,,
276364169.jpg,Sisymbrium loeselii,,
403812241.jpg,Sisymbrium loeselii,superimposed_403812241.jpg,
439151921.jpg,Sisymbrium loeselii,,
386485966.jpg,Sisymbrium loeselii,superimposed_386485966.jpg,
425373010.jpg,Sisymbrium loeselii,,
338037533.jpg,Sisymbrium loeselii,,
298562173.jpg,Sisymbrium loeselii,superimposed_298562173.jpg,
425423794.jpg,Sisymbrium loeselii,,
417438475.jpg,Sisymbrium loeselii,superimposed_417438475.jpg,
278048116.jpg,Sisymbrium loeselii,,
248426607.jpg,Sisymbrium loeselii,superimposed_248426607.jpg,
307158950.jpg,Sisymbrium loeselii,superimposed_307158950.jpg,
297316605.jpg,Sisymbrium loeselii,superimposed_297316605.jpg,
426208907.jpg,Sisymbrium loeselii,,
250280981.jpg,Sisymbrium loeselii,,
291176209.jpg,Sisymbrium loeselii,,
382848370.jpg,Sisymbrium loeselii,,
396874066.jpg,Sisymbrium loeselii,superimposed_396874066.jpg,
235364936.jpg,Sisymbrium loeselii,,
222734736.jpg,Sisymbrium loeselii,,
285691157.jpg,Sisymbrium loeselii,,
273144472.jpg,Sisymbrium loeselii,,
285683624.jpg,Sisymbrium loeselii,superimposed_285683624.jpg,
399002431.jpg,Sisymbrium loeselii,,
248448002.jpg,Sisymbrium loeselii,,
432614547.jpg,Sisymbrium loeselii,,
223647220.jpg,Sisymbrium loeselii,superimposed_223647220.jpg,
240123550.jpg,Sisymbrium loeselii,superimposed_240123550.jpg,
336826674.jpg,Sisymbrium loeselii,,
441217802.jpg,Sisymbrium loeselii,superimposed_441217802.jpg,
387819583.jpg,Sisymbrium loeselii,superimposed_387819583.jpg,
289866784.jpg,Sisymbrium loeselii,,
391615817.jpg,Sisymbrium loeselii,superimposed_391615817.jpg,
407306776.jpg,Sisymbrium loeselii,,
401094418.jpg,Sisymbrium loeselii,superimposed_401094418.jpg,
276148845.jpg,Sisymbrium loeselii,,
289121519.jpg,Sisymbrium loeselii,superimposed_289121519.jpg,
252413851.jpg,Sisymbrium loeselii,,
374294869.jpg,Sisymbrium loeselii,superimposed_374294869.jpg,
290345899.jpg,Sisymbrium loeselii,superimposed_290345899.jpg,
243892061.jpg,Sisymbrium loeselii,,
280698178.jpg,Sisymbrium loeselii,,
385434700.jpg,Sisymbrium loeselii,,
207238355.jpg,Sisymbrium loeselii,superimposed_207238355.jpg,
384359335.jpg,Sisymbrium loeselii,,
289502354.jpg,Sisymbrium loeselii,,
328976589.jpg,Sisymbrium loeselii,superimposed_328976589.jpg,
379707872.jpg,Sisymbrium loeselii,superimposed_379707872.jpg,
330494152.jpg,Sisymbrium loeselii,superimposed_330494152.jpg,
289206677.jpg,Sisymbrium loeselii,,
284830964.jpg,Sisymbrium loeselii,superimposed_284830964.jpg,
291663407.jpg,Sisymbrium loeselii,,
295160459.jpg,Sisymbrium loeselii,superimposed_295160459.jpg,
308099713.jpg,Sisymbrium loeselii,superimposed_308099713.jpg,
442515322.jpg,Sisymbrium loeselii,,
451010336.jpg,Sisymbrium loeselii,,
206739611.jpg,Sisymbrium loeselii,,
295029905.jpg,Sisymbrium loeselii,,
399352245.jpg,Sisymbrium loeselii,superimposed_399352245.jpg,
318847114.jpg,Sisymbrium loeselii,,
209539540.jpg,Sisymbrium loeselii,superimposed_209539540.jpg,
209541940.jpg,Sisymbrium loeselii,,
430399157.jpg,Sisymbrium loeselii,,
304194678.jpg,Sisymbrium loeselii,,
385856251.jpg,Sisymbrium loeselii,,
368786567.jpg,Sisymbrium loeselii,,
367764416.jpg,Sisymbrium loeselii,,
423498605.jpg,Sisymbrium loeselii,,
415876684.jpg,Sisymbrium loeselii,superimposed_415876684.jpg,
227408377.jpg,Sisymbrium loeselii,,
285767148.jpg,Sisymbrium loeselii,,
206006443.jpg,Sisymbrium loeselii,superimposed_206006443.jpg,
365626634.jpg,Sisymbrium loeselii,,
212758517.jpg,Sisymbrium loeselii,,
378757727.jpg,Sisymbrium loeselii,,
447628333.jpg,Sisymbrium loeselii,,
206601904.jpg,Sisymbrium loeselii,,
424420168.jpg,Sisymbrium loeselii,,
382866313.jpg,Sisymbrium loeselii,superimposed_382866313.jpg,
316728227.jpg,Sisymbrium loeselii,,
285202101.jpg,Sisymbrium loeselii,superimposed_285202101.jpg,
391956485.jpg,Sisymbrium loeselii,,
324553743.jpg,Sisymbrium loeselii,superimposed_324553743.jpg,
401785420.jpg,Sisymbrium loeselii,,
428060934.jpg,Sisymbrium loeselii,,
457881862.jpg,Sisymbrium loeselii,superimposed_457881862.jpg,
420192178.jpg,Sisymbrium loeselii,,
394108498.jpg,Sisymbrium loeselii,,
290518452.jpg,Sisymbrium loeselii,,
385625698.jpg,Sisymbrium loeselii,superimposed_385625698.jpg,
323609227.jpg,Sisymbrium loeselii,,
394032849.jpg,Sisymbrium loeselii,superimposed_394032849.jpg,
211154161.jpg,Sisymbrium loeselii,superimposed_211154161.jpg,
325922667.jpg,Sisymbrium loeselii,,
390494764.jpg,Sisymbrium loeselii,,
295669405.jpg,Sisymbrium loeselii,superimposed_295669405.jpg,
396909534.jpg,Sisymbrium loeselii,,
354968885.jpg,Sisymbrium loeselii,,
438514116.jpg,Sisymbrium loeselii,,
371491032.jpg,Sisymbrium loeselii,,
440561114.jpg,Sisymbrium loeselii,,
403506256.jpg,Sisymbrium loeselii,,
215764191.jpg,Sisymbrium loeselii,,
311531407.jpg,Sisymbrium loeselii,,
233588389.jpg,Sisymbrium loeselii,,
211926162.jpg,Sisymbrium loeselii,,
287159716.jpg,Sisymbrium loeselii,superimposed_287159716.jpg,
228387780.jpg,Sisymbrium loeselii,,
407890757.jpg,Sisymbrium loeselii,,
403752965.jpg,Sisymbrium loeselii,,
370233694.jpg,Sisymbrium loeselii,,
338292470.jpg,Sisymbrium loeselii,superimposed_338292470.jpg,
417803367.jpg,Sisymbrium loeselii,superimposed_417803367.jpg,
400783275.jpg,Sisymbrium loeselii,superimposed_400783275.jpg,
294391224.jpg,Sisymbrium loeselii,superimposed_294391224.jpg,
210330303.jpg,Sisymbrium loeselii,superimposed_210330303.jpg,
324127558.jpg,Sisymbrium loeselii,,
401531623.jpg,Sisymbrium loeselii,,
390342084.jpg,Sisymbrium loeselii,superimposed_390342084.jpg,
271619581.jpg,Sisymbrium loeselii,,
403608985.jpg,Sisymbrium loeselii,,
404536009.jpg,Sisymbrium loeselii,superimposed_404536009.jpg,
289851460.jpg,Sisymbrium loeselii,,
467901263.jpg,Sisymbrium loeselii,,
291981226.jpg,Sisymbrium loeselii,superimposed_291981226.jpg,
401183641.jpg,Sisymbrium loeselii,,
287234138.jpg,Sisymbrium loeselii,superimposed_287234138.jpg,
313373849.jpg,Sisymbrium loeselii,,
381001806.jpg,Sisymbrium loeselii,superimposed_381001806.jpg,
406880068.jpg,Sisymbrium loeselii,,
469464636.jpg,Sisymbrium loeselii,superimposed_469464636.jpg,
219622225.jpg,Sisymbrium loeselii,,
285739005.jpg,Sisymbrium loeselii,superimposed_285739005.jpg,
387802385.jpg,Sisymbrium loeselii,,
364359576.jpg,Sisymbrium loeselii,,
341323049.jpg,Sisymbrium loeselii,,
259813304.jpg,Sisymbrium loeselii,,
234183155.jpg,Sisymbrium loeselii,superimposed_234183155.jpg,
329108159.jpg,Sisymbrium loeselii,,
378333355.jpg,Sisymbrium loeselii,,
308913587.jpg,Sisymbrium loeselii,superimposed_308913587.jpg,
392485157.jpg,Sisymbrium loeselii,superimposed_392485157.jpg,
417665470.jpg,Sisymbrium loeselii,,
213875637.jpg,Sisymbrium loeselii,,
271749356.jpg,Sisymbrium loeselii,,
306185118.jpg,Sisymbrium loeselii,superimposed_306185118.jpg,
298734523.jpg,Sisymbrium loeselii,,
296327392.jpg,Sisymbrium loeselii,,
401609839.jpg,Sisymbrium loeselii,superimposed_401609839.jpg,
415418408.jpg,Sisymbrium loeselii,superimposed_415418408.jpg,
418897605.jpg,Sisymbrium loeselii,,
423739868.jpg,Sisymbrium loeselii,,
403527439.jpg,Sisymbrium loeselii,superimposed_403527439.jpg,
401339118.jpg,Sisymbrium loeselii,,
338726824.jpg,Sisymbrium loeselii,,
447633359.jpg,Sisymbrium loeselii,,
298891864.jpg,Sisymbrium loeselii,,
460684877.jpg,Sisymbrium loeselii,,
272280674.jpg,Sisymbrium loeselii,,
281335969.jpg,Sisymbrium loeselii,,
285519589.jpg,Sisymbrium loeselii,,
208761350.jpg,Sisymbrium loeselii,superimposed_208761350.jpg,
457935414.jpg,Sisymbrium loeselii,superimposed_457935414.jpg,
287013939.jpg,Sisymbrium loeselii,,
388870215.jpg,Sisymbrium loeselii,superimposed_388870215.jpg,
211990796.jpg,Sisymbrium loeselii,,
281364579.jpg,Sisymbrium loeselii,superimposed_281364579.jpg,
232171455.jpg,Sisymbrium loeselii,,
301336817.jpg,Sisymbrium loeselii,superimposed_301336817.jpg,
288839558.jpg,Sisymbrium loeselii,,
422911288.jpg,Sisymbrium loeselii,,
388639010.jpg,Sisymbrium loeselii,superimposed_388639010.jpg,
393147065.jpg,Sisymbrium loeselii,superimposed_393147065.jpg,
392821551.jpg,Sisymbrium loeselii,,
310421246.jpg,Sisymbrium loeselii,superimposed_310421246.jpg,
284111575.jpg,Sisymbrium loeselii,superimposed_284111575.jpg,
285136611.jpg,Sisymbrium loeselii,,
310623558.jpg,Sisymbrium loeselii,,
385927014.jpg,Sisymbrium loeselii,,
361278455.jpg,Sisymbrium loeselii,,
446750778.jpg,Sisymbrium loeselii,,
303226778.jpg,Sisymbrium loeselii,,
324070289.jpg,Sisymbrium loeselii,,
346215606.jpg,Sisymbrium loeselii,,
385935449.jpg,Sisymbrium loeselii,,
310683221.jpg,Sisymbrium loeselii,,
421054213.jpg,Sisymbrium loeselii,superimposed_421054213.jpg,
439324432.jpg,Sisymbrium loeselii,superimposed_439324432.jpg,
329443232.jpg,Sisymbrium loeselii,,
208178157.jpg,Sisymbrium loeselii,superimposed_208178157.jpg,
437052612.jpg,Sisymbrium loeselii,superimposed_437052612.jpg,
312493131.jpg,Sisymbrium loeselii,superimposed_312493131.jpg,
382931442.jpg,Sisymbrium loeselii,superimposed_382931442.jpg,
287496722.jpg,Sisymbrium loeselii,,
230370697.jpg,Sisymbrium loeselii,,
378089678.jpg,Sisymbrium loeselii,,
400518117.jpg,Sisymbrium loeselii,superimposed_400518117.jpg,
285380809.jpg,Sisymbrium loeselii,,
392754202.jpg,Sisymbrium loeselii,superimposed_392754202.jpg,
307087180.jpg,Sisymbrium loeselii,superimposed_307087180.jpg,
207925122.jpg,Sisymbrium loeselii,,
469264294.jpg,Sisymbrium loeselii,superimposed_469264294.jpg,
296477143.jpg,Sisymbrium loeselii,,
417564216.jpg,Sisymbrium loeselii,,
418662776.jpg,Sisymbrium loeselii,,
431755320.jpg,Sisymbrium loeselii,superimposed_431755320.jpg,
397051610.jpg,Sisymbrium loeselii,,
321803315.jpg,Sisymbrium loeselii,,
298093035.jpg,Sisymbrium loeselii,,
283464168.jpg,Sisymbrium loeselii,,
325962902.jpg,Sisymbrium loeselii,,
368799265.jpg,Sisymbrium loeselii,,
326887700.jpg,Sisymbrium loeselii,,
370922833.jpg,Sisymbrium loeselii,,
228214613.jpg,Sisymbrium loeselii,superimposed_228214613.jpg,
283664487.jpg,Sisymbrium loeselii,superimposed_283664487.jpg,
213643060.jpg,Sisymbrium loeselii,superimposed_213643060.jpg,
240066924.jpg,Sisymbrium loeselii,superimposed_240066924.jpg,
215680271.jpg,Sisymbrium loeselii,,
413935087.jpg,Sisymbrium loeselii,,
292514445.jpg,Sisymbrium loeselii,superimposed_292514445.jpg,
401203953.jpg,Sisymbrium loeselii,,
327122065.jpg,Sisymbrium loeselii,,
290189846.jpg,Sisymbrium loeselii,,
422351669.jpg,Sisymbrium loeselii,,
389024837.jpg,Sisymbrium loeselii,superimposed_389024837.jpg,
302782959.jpg,Sisymbrium loeselii,,
230183809.jpg,Sisymbrium loeselii,,
281754771.jpg,Sisymbrium loeselii,,
214904069.jpg,Sisymbrium loeselii,,
394355825.jpg,Sisymbrium loeselii,superimposed_394355825.jpg,
470464214.jpg,Sisymbrium loeselii,superimposed_470464214.jpg,
410340847.jpg,Sisymbrium loeselii,,
431452182.jpg,Sisymbrium loeselii,,
370818642.jpg,Sisymbrium loeselii,,
293804556.jpg,Sisymbrium loeselii,,
290513570.jpg,Sisymbrium loeselii,,
441358952.jpg,Sisymbrium loeselii,superimposed_441358952.jpg,
401447147.jpg,Sisymbrium loeselii,,
421601040.jpg,Sisymbrium loeselii,superimposed_421601040.jpg,
209314050.jpg,Sisymbrium loeselii,,
245062421.jpg,Sisymbrium loeselii,,
325175310.jpg,Sisymbrium loeselii,,
304485845.jpg,Sisymbrium loeselii,superimposed_304485845.jpg,
465495435.jpg,Sisymbrium loeselii,superimposed_465495435.jpg,
224481039.jpg,Sisymbrium loeselii,,
463110214.jpg,Sisymbrium loeselii,,
400494149.jpg,Sisymbrium loeselii,,
291273241.jpg,Sisymbrium loeselii,,
431171611.jpg,Sisymbrium loeselii,superimposed_431171611.jpg,
230157699.jpg,Sisymbrium loeselii,,
235568203.jpg,Sisymbrium loeselii,,
356866292.jpg,Sisymbrium loeselii,,
436083061.jpg,Sisymbrium loeselii,superimposed_436083061.jpg,
386442273.jpg,Sisymbrium loeselii,superimposed_386442273.jpg,
390584546.jpg,Sisymbrium loeselii,,
378163613.jpg,Sisymbrium loeselii,,
394811283.jpg,Sisymbrium loeselii,superimposed_394811283.jpg,
401234741.jpg,Sisymbrium loeselii,,
267976067.jpg,Sisymbrium loeselii,,
239833106.jpg,Sisymbrium loeselii,,
395188448.jpg,Sisymbrium loeselii,superimposed_395188448.jpg,
385852335.jpg,Sisymbrium loeselii,superimposed_385852335.jpg,
390251721.jpg,Sisymbrium loeselii,,
323495935.jpg,Sisymbrium loeselii,,
227649962.jpg,Sisymbrium loeselii,superimposed_227649962.jpg,
276151218.jpg,Sisymbrium loeselii,,
229653439.jpg,Sisymbrium loeselii,,
274015725.jpg,Sisymbrium loeselii,,
237069537.jpg,Sisymbrium loeselii,superimposed_237069537.jpg,
208971561.jpg,Sisymbrium loeselii,,
211389464.jpg,Sisymbrium loeselii,superimposed_211389464.jpg,
392853139.jpg,Sisymbrium loeselii,superimposed_392853139.jpg,
386827153.jpg,Sisymbrium loeselii,,
414284614.jpg,Sisymbrium loeselii,,
229925175.jpg,Sisymbrium loeselii,,
409660248.jpg,Sisymbrium loeselii,superimposed_409660248.jpg,
283470281.jpg,Sisymbrium loeselii,superimposed_283470281.jpg,
425164236.jpg,Sisymbrium loeselii,,
330470842.jpg,Sisymbrium loeselii,,
229436889.jpg,Sisymbrium loeselii,superimposed_229436889.jpg,
401892424.jpg,Sisymbrium loeselii,superimposed_401892424.jpg,
436119894.jpg,Sisymbrium loeselii,,
422888796.jpg,Sisymbrium loeselii,superimposed_422888796.jpg,
216893517.jpg,Sisymbrium loeselii,,
416869492.jpg,Sisymbrium loeselii,,
207381529.jpg,Sisymbrium loeselii,,
205993488.jpg,Sisymbrium loeselii,superimposed_205993488.jpg,
222635637.jpg,Sisymbrium loeselii,,
217806824.jpg,Sisymbrium loeselii,,
345996690.jpg,Sisymbrium loeselii,,
396321522.jpg,Sisymbrium loeselii,superimposed_396321522.jpg,
290210434.jpg,Sisymbrium loeselii,,
287205710.jpg,Sisymbrium loeselii,superimposed_287205710.jpg,
281218526.jpg,Sisymbrium loeselii,,
365297107.jpg,Sisymbrium loeselii,,
418534774.jpg,Sisymbrium loeselii,,
396119536.jpg,Sisymbrium loeselii,superimposed_396119536.jpg,
287849651.jpg,Sisymbrium loeselii,superimposed_287849651.jpg,
312446499.jpg,Sisymbrium loeselii,superimposed_312446499.jpg,
209240173.jpg,Sisymbrium loeselii,superimposed_209240173.jpg,
414554531.jpg,Sisymbrium loeselii,superimposed_414554531.jpg,
348231511.jpg,Sisymbrium loeselii,,
290519421.jpg,Sisymbrium loeselii,,
210315821.jpg,Sisymbrium loeselii,,
303580805.jpg,Sisymbrium loeselii,,
248917249.jpg,Sisymbrium loeselii,,
312515757.jpg,Sisymbrium loeselii,superimposed_312515757.jpg,
403586957.jpg,Sisymbrium loeselii,superimposed_403586957.jpg,
289635091.jpg,Sisymbrium loeselii,,
285441658.jpg,Sisymbrium loeselii,,
209237702.jpg,Sisymbrium loeselii,,
370385335.jpg,Sisymbrium loeselii,,
376654042.jpg,Sisymbrium loeselii,,
218751965.jpg,Sisymbrium loeselii,,
237188925.jpg,Sisymbrium loeselii,,
317868552.jpg,Sisymbrium loeselii,superimposed_317868552.jpg,
388146958.jpg,Sisymbrium loeselii,,
230463580.jpg,Sisymbrium loeselii,,
440490616.jpg,Sisymbrium loeselii,superimposed_440490616.jpg,
316528459.jpg,Sisymbrium loeselii,,
329469469.jpg,Sisymbrium loeselii,,
251517335.jpg,Sisymbrium loeselii,superimposed_251517335.jpg,
437587122.jpg,Sisymbrium loeselii,,
394849390.jpg,Sisymbrium loeselii,superimposed_394849390.jpg,
327217067.jpg,Sisymbrium loeselii,,
210544400.jpg,Sisymbrium loeselii,,
460685009.jpg,Sisymbrium loeselii,,
329632604.jpg,Sisymbrium loeselii,superimposed_329632604.jpg,
210522408.jpg,Sisymbrium loeselii,,
331663350.jpg,Sisymbrium loeselii,,
296308968.jpg,Sisymbrium loeselii,,
322072988.jpg,Sisymbrium loeselii,,
222538265.jpg,Sisymbrium loeselii,,
457474997.jpg,Sisymbrium loeselii,superimposed_457474997.jpg,
322523901.jpg,Sisymbrium loeselii,superimposed_322523901.jpg,
382374178.jpg,Sisymbrium loeselii,,
388304262.jpg,Sisymbrium loeselii,,
404492917.jpg,Sisymbrium loeselii,,
402228622.jpg,Sisymbrium loeselii,,
321774586.jpg,Sisymbrium loeselii,,
213657134.jpg,Sisymbrium loeselii,superimposed_213657134.jpg,
435720787.jpg,Sisymbrium loeselii,,
317581296.jpg,Sisymbrium loeselii,superimposed_317581296.jpg,
285768158.jpg,Sisymbrium loeselii,,
382609700.jpg,Sisymbrium loeselii,,
271619346.jpg,Sisymbrium loeselii,,
210378203.jpg,Sisymbrium loeselii,superimposed_210378203.jpg,
400522062.jpg,Sisymbrium loeselii,superimposed_400522062.jpg,
408429322.jpg,Sisymbrium loeselii,superimposed_408429322.jpg,
289966278.jpg,Sisymbrium loeselii,superimposed_289966278.jpg,
386823982.jpg,Sisymbrium loeselii,,
383212495.jpg,Sisymbrium loeselii,,
440208312.jpg,Sisymbrium loeselii,,
212572990.jpg,Sisymbrium loeselii,superimposed_212572990.jpg,
244675104.jpg,Sisymbrium loeselii,,
229226886.jpg,Sisymbrium loeselii,,
381343997.jpg,Sisymbrium loeselii,superimposed_381343997.jpg,
280932222.jpg,Sisymbrium loeselii,superimposed_280932222.jpg,
212054280.jpg,Sisymbrium loeselii,superimposed_212054280.jpg,
432769766.jpg,Sisymbrium loeselii,superimposed_432769766.jpg,
254432475.jpg,Sisymbrium loeselii,,
291656387.jpg,Sisymbrium loeselii,,
277004772.jpg,Sisymbrium loeselii,,
322383463.jpg,Sisymbrium loeselii,superimposed_322383463.jpg,
213886528.jpg,Sisymbrium loeselii,superimposed_213886528.jpg,
401819479.jpg,Sisymbrium loeselii,,
297780198.jpg,Sisymbrium loeselii,,
282394735.jpg,Sisymbrium loeselii,,
308664207.jpg,Sisymbrium loeselii,,
281029303.jpg,Sisymbrium loeselii,,
393580757.jpg,Sisymbrium loeselii,,
246365367.jpg,Sisymbrium loeselii,,
224321980.jpg,Sisymbrium loeselii,superimposed_224321980.jpg,
285076504.jpg,Sisymbrium loeselii,,
420368558.jpg,Sisymbrium loeselii,,
373742060.jpg,Sisymbrium loeselii,superimposed_373742060.jpg,
436618380.jpg,Sisymbrium loeselii,superimposed_436618380.jpg,
285949003.jpg,Sisymbrium loeselii,superimposed_285949003.jpg,
286272823.jpg,Sisymbrium loeselii,superimposed_286272823.jpg,
296011376.jpg,Sisymbrium loeselii,,
233932424.jpg,Sisymbrium loeselii,superimposed_233932424.jpg,
375786841.jpg,Sisymbrium loeselii,,
217277757.jpg,Sisymbrium loeselii,,
373205939.jpg,Sisymbrium loeselii,,
449304307.jpg,Sisymbrium loeselii,,
311832333.jpg,Sisymbrium loeselii,superimposed_311832333.jpg,
389342545.jpg,Sisymbrium loeselii,,
314594580.jpg,Sisymbrium loeselii,,
437871367.jpg,Sisymbrium loeselii,,
428461859.jpg,Sisymbrium loeselii,,
279545026.jpg,Sisymbrium loeselii,,
221157690.jpg,Sisymbrium loeselii,superimposed_221157690.jpg,
225804502.jpg,Sisymbrium loeselii,,
327604250.jpg,Sisymbrium loeselii,,
437590395.jpg,Sisymbrium loeselii,,
400514410.jpg,Sisymbrium loeselii,superimposed_400514410.jpg,
280053822.jpg,Sisymbrium loeselii,,
242694438.jpg,Sisymbrium loeselii,,
304735078.jpg,Sisymbrium loeselii,,
243889477.jpg,Sisymbrium loeselii,,
216123582.jpg,Sisymbrium loeselii,,
401616726.jpg,Sisymbrium loeselii,superimposed_401616726.jpg,
231814503.jpg,Sisymbrium loeselii,,
222739156.jpg,Sisymbrium loeselii,,
400486695.jpg,Sisymbrium loeselii,superimposed_400486695.jpg,
207908418.jpg,Sisymbrium loeselii,,
371370588.jpg,Sisymbrium loeselii,superimposed_371370588.jpg,
300094953.jpg,Sisymbrium loeselii,,
421110046.jpg,Sisymbrium loeselii,,
419840998.jpg,Anaphalis_margaritacea,,
434369731.jpg,Anaphalis_margaritacea,,
413987018.jpg,Anaphalis_margaritacea,,
420842303.jpg,Anaphalis_margaritacea,superimposed_420842303.jpg,
423473981.jpg,Anaphalis_margaritacea,superimposed_423473981.jpg,
429238083.jpg,Anaphalis_margaritacea,,
333502981.jpg,Anaphalis_margaritacea,,
430997899.jpg,Anaphalis_margaritacea,,
432189069.jpg,Anaphalis_margaritacea,superimposed_432189069.jpg,
426189526.jpg,Anaphalis_margaritacea,,
416260773.jpg,Anaphalis_margaritacea,,
419155575.jpg,Anaphalis_margaritacea,,
470686632.jpg,Anaphalis_margaritacea,,
410433516.jpg,Anaphalis_margaritacea,,
417930244.jpg,Anaphalis_margaritacea,superimposed_417930244.jpg,
416273535.jpg,Anaphalis_margaritacea,,
438526882.jpg,Anaphalis_margaritacea,,
429162976.jpg,Anaphalis_margaritacea,superimposed_429162976.jpg,
416780158.jpg,Anaphalis_margaritacea,,
420039030.jpg,Anaphalis_margaritacea,,
417407279.jpg,Anaphalis_margaritacea,superimposed_417407279.jpg,
423876674.jpg,Anaphalis_margaritacea,superimposed_423876674.jpg,
414218643.jpg,Anaphalis_margaritacea,,
416978862.jpg,Anaphalis_margaritacea,superimposed_416978862.jpg,
405590930.jpg,Anaphalis_margaritacea,,
428859084.jpg,Anaphalis_margaritacea,superimposed_428859084.jpg,
466623653.jpg,Anaphalis_margaritacea,,
324307552.jpg,Anaphalis_margaritacea,superimposed_324307552.jpg,
412923810.jpg,Anaphalis_margaritacea,superimposed_412923810.jpg,
324018990.jpg,Anaphalis_margaritacea,,
334398395.jpg,Anaphalis_margaritacea,superimposed_334398395.jpg,
413059929.jpg,Anaphalis_margaritacea,,
421980327.jpg,Anaphalis_margaritacea,,
328793916.jpg,Anaphalis_margaritacea,superimposed_328793916.jpg,
425319609.jpg,Anaphalis_margaritacea,,
413109275.jpg,Anaphalis_margaritacea,superimposed_413109275.jpg,
323869416.jpg,Anaphalis_margaritacea,superimposed_323869416.jpg,
319667561.jpg,Anaphalis_margaritacea,superimposed_319667561.jpg,
426814591.jpg,Anaphalis_margaritacea,superimposed_426814591.jpg,
473953573.jpg,Anaphalis_margaritacea,superimposed_473953573.jpg,
428840250.jpg,Anaphalis_margaritacea,superimposed_428840250.jpg,
320247094.jpg,Anaphalis_margaritacea,superimposed_320247094.jpg,
326656976.jpg,Anaphalis_margaritacea,superimposed_326656976.jpg,
434980050.jpg,Anaphalis_margaritacea,,
430559379.jpg,Anaphalis_margaritacea,,
410448656.jpg,Anaphalis_margaritacea,superimposed_410448656.jpg,
448402552.jpg,Anaphalis_margaritacea,,
327658989.jpg,Anaphalis_margaritacea,superimposed_327658989.jpg,
407522691.jpg,Anaphalis_margaritacea,superimposed_407522691.jpg,
420302258.jpg,Anaphalis_margaritacea,superimposed_420302258.jpg,
434276971.jpg,Anaphalis_margaritacea,superimposed_434276971.jpg,
411368673.jpg,Anaphalis_margaritacea,superimposed_411368673.jpg,
423507809.jpg,Anaphalis_margaritacea,,
426510799.jpg,Anaphalis_margaritacea,superimposed_426510799.jpg,
414369095.jpg,Anaphalis_margaritacea,,
330985391.jpg,Anaphalis_margaritacea,superimposed_330985391.jpg,
417764581.jpg,Anaphalis_margaritacea,,
339277050.jpg,Anaphalis_margaritacea,superimposed_339277050.jpg,
425512514.jpg,Anaphalis_margaritacea,superimposed_425512514.jpg,
326481921.jpg,Anaphalis_margaritacea,superimposed_326481921.jpg,
430531723.jpg,Anaphalis_margaritacea,superimposed_430531723.jpg,
412993086.jpg,Anaphalis_margaritacea,,
338516922.jpg,Anaphalis_margaritacea,superimposed_338516922.jpg,
412651429.jpg,Anaphalis_margaritacea,,
410809543.jpg,Anaphalis_margaritacea,superimposed_410809543.jpg,
425649070.jpg,Anaphalis_margaritacea,,
332537663.jpg,Anaphalis_margaritacea,superimposed_332537663.jpg,
443407053.jpg,Anaphalis_margaritacea,superimposed_443407053.jpg,
437531627.jpg,Anaphalis_margaritacea,,
463169993.jpg,Anaphalis_margaritacea,superimposed_463169993.jpg,
418301395.jpg,Anaphalis_margaritacea,superimposed_418301395.jpg,
428230149.jpg,Anaphalis_margaritacea,,
453994683.jpg,Anaphalis_margaritacea,,
437268921.jpg,Anaphalis_margaritacea,,
435612015.jpg,Anaphalis_margaritacea,,
413497357.jpg,Anaphalis_margaritacea,superimposed_413497357.jpg,
415533256.jpg,Anaphalis_margaritacea,,
433652192.jpg,Anaphalis_margaritacea,superimposed_433652192.jpg,
415382562.jpg,Anaphalis_margaritacea,,
427038855.jpg,Anaphalis_margaritacea,superimposed_427038855.jpg,
428118735.jpg,Anaphalis_margaritacea,superimposed_428118735.jpg,
433666432.jpg,Anaphalis_margaritacea,,
455236776.jpg,Anaphalis_margaritacea,,
406633566.jpg,Anaphalis_margaritacea,,
425668903.jpg,Anaphalis_margaritacea,superimposed_425668903.jpg,
421336054.jpg,Anaphalis_margaritacea,,
324134212.jpg,Anaphalis_margaritacea,superimposed_324134212.jpg,
408129455.jpg,Anaphalis_margaritacea,,
413342774.jpg,Anaphalis_margaritacea,superimposed_413342774.jpg,
412362811.jpg,Anaphalis_margaritacea,,
328215146.jpg,Anaphalis_margaritacea,,
410698615.jpg,Anaphalis_margaritacea,,
320381134.jpg,Anaphalis_margaritacea,superimposed_320381134.jpg,
415014336.jpg,Anaphalis_margaritacea,superimposed_415014336.jpg,
320371545.jpg,Anaphalis_margaritacea,superimposed_320371545.jpg,
471867236.jpg,Anaphalis_margaritacea,,
446843584.jpg,Anaphalis_margaritacea,,
418719139.jpg,Anaphalis_margaritacea,superimposed_418719139.jpg,
455790616.jpg,Anaphalis_margaritacea,,
398819794.jpg,Anaphalis_margaritacea,superimposed_398819794.jpg,
436239365.jpg,Anaphalis_margaritacea,superimposed_436239365.jpg,
408916081.jpg,Anaphalis_margaritacea,,
354361119.jpg,Anaphalis_margaritacea,superimposed_354361119.jpg,
352962192.jpg,Anaphalis_margaritacea,superimposed_352962192.jpg,
331685559.jpg,Anaphalis_margaritacea,,
415963740.jpg,Anaphalis_margaritacea,superimposed_415963740.jpg,
473090758.jpg,Anaphalis_margaritacea,,
324845857.jpg,Anaphalis_margaritacea,superimposed_324845857.jpg,
466775333.jpg,Anaphalis_margaritacea,,
377438472.jpg,Anaphalis_margaritacea,,
438973622.jpg,Anaphalis_margaritacea,superimposed_438973622.jpg,
328628134.jpg,Anaphalis_margaritacea,superimposed_328628134.jpg,
425665129.jpg,Anaphalis_margaritacea,superimposed_425665129.jpg,
451604353.jpg,Anaphalis_margaritacea,,
415236631.jpg,Anaphalis_margaritacea,superimposed_415236631.jpg,
451268033.jpg,Anaphalis_margaritacea,,
398216690.jpg,Anaphalis_margaritacea,,
432620075.jpg,Anaphalis_margaritacea,superimposed_432620075.jpg,
426782904.jpg,Anaphalis_margaritacea,superimposed_426782904.jpg,
451602429.jpg,Anaphalis_margaritacea,,
441882250.jpg,Anaphalis_margaritacea,,
444518583.jpg,Anaphalis_margaritacea,,
430689420.jpg,Anaphalis_margaritacea,superimposed_430689420.jpg,
333973813.jpg,Anaphalis_margaritacea,superimposed_333973813.jpg,
406687416.jpg,Anaphalis_margaritacea,,
444596734.jpg,Anaphalis_margaritacea,superimposed_444596734.jpg,
330131195.jpg,Anaphalis_margaritacea,,
394550393.jpg,Anaphalis_margaritacea,superimposed_394550393.jpg,
426835225.jpg,Anaphalis_margaritacea,superimposed_426835225.jpg,
326989244.jpg,Anaphalis_margaritacea,superimposed_326989244.jpg,
411030873.jpg,Anaphalis_margaritacea,,
324836772.jpg,Anaphalis_margaritacea,superimposed_324836772.jpg,
431267067.jpg,Anaphalis_margaritacea,,
326481412.jpg,Anaphalis_margaritacea,superimposed_326481412.jpg,
461361808.jpg,Anaphalis_margaritacea,,
421698922.jpg,Anaphalis_margaritacea,,
439936081.jpg,Anaphalis_margaritacea,superimposed_439936081.jpg,
322240460.jpg,Anaphalis_margaritacea,superimposed_322240460.jpg,
425569026.jpg,Anaphalis_margaritacea,,
436404204.jpg,Anaphalis_margaritacea,,
427942581.jpg,Anaphalis_margaritacea,superimposed_427942581.jpg,
410890045.jpg,Anaphalis_margaritacea,superimposed_410890045.jpg,
370532446.jpg,Anaphalis_margaritacea,,
400905396.jpg,Anaphalis_margaritacea,,
429433373.jpg,Anaphalis_margaritacea,,
412364840.jpg,Anaphalis_margaritacea,,
400871824.jpg,Anaphalis_margaritacea,superimposed_400871824.jpg,
328353890.jpg,Anaphalis_margaritacea,superimposed_328353890.jpg,
405505705.jpg,Anaphalis_margaritacea,,
401246443.jpg,Anaphalis_margaritacea,superimposed_401246443.jpg,
388637076.jpg,Anaphalis_margaritacea,superimposed_388637076.jpg,
409407755.jpg,Anaphalis_margaritacea,,
331464144.jpg,Anaphalis_margaritacea,,
403427739.jpg,Anaphalis_margaritacea,superimposed_403427739.jpg,
419404601.jpg,Anaphalis_margaritacea,,
461347190.jpg,Anaphalis_margaritacea,,
322799333.jpg,Anaphalis_margaritacea,,
417452017.jpg,Anaphalis_margaritacea,,
407223363.jpg,Anaphalis_margaritacea,superimposed_407223363.jpg,
415715468.jpg,Anaphalis_margaritacea,superimposed_415715468.jpg,
324959699.jpg,Anaphalis_margaritacea,superimposed_324959699.jpg,
324680288.jpg,Anaphalis_margaritacea,superimposed_324680288.jpg,
440497310.jpg,Anaphalis_margaritacea,,
421323801.jpg,Anaphalis_margaritacea,,
324084273.jpg,Anaphalis_margaritacea,,
349331470.jpg,Anaphalis_margaritacea,,
322291580.jpg,Anaphalis_margaritacea,,
466773505.jpg,Anaphalis_margaritacea,,
437811780.jpg,Anaphalis_margaritacea,superimposed_437811780.jpg,
341990251.jpg,Anaphalis_margaritacea,superimposed_341990251.jpg,
425023959.jpg,Anaphalis_margaritacea,superimposed_425023959.jpg,
426882252.jpg,Anaphalis_margaritacea,,
446217793.jpg,Anaphalis_margaritacea,superimposed_446217793.jpg,
414087135.jpg,Anaphalis_margaritacea,superimposed_414087135.jpg,
426687004.jpg,Anaphalis_margaritacea,superimposed_426687004.jpg,
335367969.jpg,Anaphalis_margaritacea,superimposed_335367969.jpg,
444546055.jpg,Anaphalis_margaritacea,,
436736182.jpg,Anaphalis_margaritacea,,
380354986.jpg,Anaphalis_margaritacea,,
415595647.jpg,Anaphalis_margaritacea,superimposed_415595647.jpg,
425537050.jpg,Anaphalis_margaritacea,,
399194470.jpg,Anaphalis_margaritacea,,
407871536.jpg,Anaphalis_margaritacea,,
439153016.jpg,Anaphalis_margaritacea,superimposed_439153016.jpg,
398660933.jpg,Anaphalis_margaritacea,,
446429369.jpg,Anaphalis_margaritacea,,
425514906.jpg,Anaphalis_margaritacea,superimposed_425514906.jpg,
455957168.jpg,Anaphalis_margaritacea,,
408347698.jpg,Anaphalis_margaritacea,,
421395002.jpg,Anaphalis_margaritacea,,
320835587.jpg,Anaphalis_margaritacea,superimposed_320835587.jpg,
406808050.jpg,Anaphalis_margaritacea,superimposed_406808050.jpg,
429165453.jpg,Anaphalis_margaritacea,,
433741380.jpg,Anaphalis_margaritacea,superimposed_433741380.jpg,
441856693.jpg,Anaphalis_margaritacea,superimposed_441856693.jpg,
421319606.jpg,Anaphalis_margaritacea,superimposed_421319606.jpg,
398715905.jpg,Anaphalis_margaritacea,,
433710080.jpg,Anaphalis_margaritacea,superimposed_433710080.jpg,
419367417.jpg,Anaphalis_margaritacea,superimposed_419367417.jpg,
324708680.jpg,Anaphalis_margaritacea,superimposed_324708680.jpg,
456566197.jpg,Anaphalis_margaritacea,superimposed_456566197.jpg,
326193834.jpg,Anaphalis_margaritacea,superimposed_326193834.jpg,
426093115.jpg,Anaphalis_margaritacea,,
337796636.jpg,Anaphalis_margaritacea,superimposed_337796636.jpg,
328496374.jpg,Anaphalis_margaritacea,superimposed_328496374.jpg,
324927466.jpg,Anaphalis_margaritacea,superimposed_324927466.jpg,
422101785.jpg,Anaphalis_margaritacea,,
411658767.jpg,Anaphalis_margaritacea,,
445491040.jpg,Anaphalis_margaritacea,,
415563733.jpg,Anaphalis_margaritacea,,
421573818.jpg,Anaphalis_margaritacea,,
352548037.jpg,Anaphalis_margaritacea,,
444903052.jpg,Anaphalis_margaritacea,,
430149127.jpg,Anaphalis_margaritacea,superimposed_430149127.jpg,
471060027.jpg,Anaphalis_margaritacea,superimposed_471060027.jpg,
411593929.jpg,Anaphalis_margaritacea,superimposed_411593929.jpg,
321978069.jpg,Anaphalis_margaritacea,,
323220803.jpg,Anaphalis_margaritacea,superimposed_323220803.jpg,
428974975.jpg,Anaphalis_margaritacea,superimposed_428974975.jpg,
411199529.jpg,Anaphalis_margaritacea,superimposed_411199529.jpg,
423590923.jpg,Anaphalis_margaritacea,,
452235184.jpg,Anaphalis_margaritacea,,
408945593.jpg,Anaphalis_margaritacea,superimposed_408945593.jpg,
425932165.jpg,Anaphalis_margaritacea,superimposed_425932165.jpg,
449477899.jpg,Anaphalis_margaritacea,superimposed_449477899.jpg,
326078403.jpg,Anaphalis_margaritacea,,
410422683.jpg,Anaphalis_margaritacea,superimposed_410422683.jpg,
384109117.jpg,Anaphalis_margaritacea,,
426568900.jpg,Anaphalis_margaritacea,superimposed_426568900.jpg,
421007891.jpg,Anaphalis_margaritacea,superimposed_421007891.jpg,
327585249.jpg,Anaphalis_margaritacea,superimposed_327585249.jpg,
447108713.jpg,Anaphalis_margaritacea,superimposed_447108713.jpg,
433629926.jpg,Anaphalis_margaritacea,superimposed_433629926.jpg,
327882444.jpg,Anaphalis_margaritacea,superimposed_327882444.jpg,
432483844.jpg,Anaphalis_margaritacea,superimposed_432483844.jpg,
416404019.jpg,Anaphalis_margaritacea,,
395278336.jpg,Anaphalis_margaritacea,,
432354999.jpg,Anaphalis_margaritacea,superimposed_432354999.jpg,
439863445.jpg,Anaphalis_margaritacea,,
423622847.jpg,Anaphalis_margaritacea,,
384141509.jpg,Anaphalis_margaritacea,,
406904828.jpg,Anaphalis_margaritacea,superimposed_406904828.jpg,
429728520.jpg,Anaphalis_margaritacea,superimposed_429728520.jpg,
347175798.jpg,Anaphalis_margaritacea,superimposed_347175798.jpg,
337754419.jpg,Anaphalis_margaritacea,superimposed_337754419.jpg,
449532620.jpg,Anaphalis_margaritacea,superimposed_449532620.jpg,
428146185.jpg,Anaphalis_margaritacea,superimposed_428146185.jpg,
441746105.jpg,Anaphalis_margaritacea,superimposed_441746105.jpg,
323683620.jpg,Anaphalis_margaritacea,,
421703707.jpg,Anaphalis_margaritacea,superimposed_421703707.jpg,
327614344.jpg,Anaphalis_margaritacea,superimposed_327614344.jpg,
441472310.jpg,Anaphalis_margaritacea,superimposed_441472310.jpg,
321454686.jpg,Anaphalis_margaritacea,superimposed_321454686.jpg,
464600080.jpg,Anaphalis_margaritacea,,
421216087.jpg,Anaphalis_margaritacea,superimposed_421216087.jpg,
425607984.jpg,Anaphalis_margaritacea,superimposed_425607984.jpg,
450798703.jpg,Anaphalis_margaritacea,superimposed_450798703.jpg,
342456016.jpg,Anaphalis_margaritacea,,
415604698.jpg,Anaphalis_margaritacea,superimposed_415604698.jpg,
434719488.jpg,Anaphalis_margaritacea,superimposed_434719488.jpg,
406693436.jpg,Anaphalis_margaritacea,,
426773034.jpg,Anaphalis_margaritacea,superimposed_426773034.jpg,
423632906.jpg,Anaphalis_margaritacea,,
437821398.jpg,Anaphalis_margaritacea,,
340687206.jpg,Anaphalis_margaritacea,,
462004785.jpg,Anaphalis_margaritacea,superimposed_462004785.jpg,
467689504.jpg,Anaphalis_margaritacea,superimposed_467689504.jpg,
359887537.jpg,Anaphalis_margaritacea,,
411527361.jpg,Anaphalis_margaritacea,,
428418765.jpg,Anaphalis_margaritacea,superimposed_428418765.jpg,
430952295.jpg,Anaphalis_margaritacea,,
430246191.jpg,Anaphalis_margaritacea,superimposed_430246191.jpg,
333393261.jpg,Anaphalis_margaritacea,,
423159405.jpg,Anaphalis_margaritacea,,
426845121.jpg,Anaphalis_margaritacea,,
327245026.jpg,Anaphalis_margaritacea,,
431824375.jpg,Anaphalis_margaritacea,superimposed_431824375.jpg,
408532071.jpg,Anaphalis_margaritacea,,
442574250.jpg,Anaphalis_margaritacea,superimposed_442574250.jpg,
422510296.jpg,Anaphalis_margaritacea,,
423667238.jpg,Anaphalis_margaritacea,,
448652926.jpg,Anaphalis_margaritacea,,
423240057.jpg,Anaphalis_margaritacea,superimposed_423240057.jpg,
413960452.jpg,Anaphalis_margaritacea,,
438078078.jpg,Anaphalis_margaritacea,,
356091102.jpg,Anaphalis_margaritacea,,
462307300.jpg,Anaphalis_margaritacea,superimposed_462307300.jpg,
442883616.jpg,Anaphalis_margaritacea,superimposed_442883616.jpg,
429712413.jpg,Anaphalis_margaritacea,superimposed_429712413.jpg,
434987636.jpg,Anaphalis_margaritacea,,
323732394.jpg,Anaphalis_margaritacea,,
440181670.jpg,Anaphalis_margaritacea,,
424315061.jpg,Anaphalis_margaritacea,,
368504141.jpg,Anaphalis_margaritacea,,
420544235.jpg,Anaphalis_margaritacea,superimposed_420544235.jpg,
418596022.jpg,Anaphalis_margaritacea,,
448700488.jpg,Anaphalis_margaritacea,superimposed_448700488.jpg,
421348307.jpg,Anaphalis_margaritacea,superimposed_421348307.jpg,
428967393.jpg,Anaphalis_margaritacea,superimposed_428967393.jpg,
433480679.jpg,Anaphalis_margaritacea,,
414826690.jpg,Anaphalis_margaritacea,superimposed_414826690.jpg,
323883584.jpg,Anaphalis_margaritacea,superimposed_323883584.jpg,
397505083.jpg,Anaphalis_margaritacea,superimposed_397505083.jpg,
417147215.jpg,Anaphalis_margaritacea,,
405566516.jpg,Anaphalis_margaritacea,,
397969254.jpg,Anaphalis_margaritacea,,
426257178.jpg,Anaphalis_margaritacea,superimposed_426257178.jpg,
417358398.jpg,Anaphalis_margaritacea,superimposed_417358398.jpg,
450285196.jpg,Anaphalis_margaritacea,superimposed_450285196.jpg,
425730438.jpg,Anaphalis_margaritacea,superimposed_425730438.jpg,
455109362.jpg,Anaphalis_margaritacea,superimposed_455109362.jpg,
408026815.jpg,Anaphalis_margaritacea,superimposed_408026815.jpg,
330872154.jpg,Anaphalis_margaritacea,superimposed_330872154.jpg,
323664842.jpg,Anaphalis_margaritacea,superimposed_323664842.jpg,
436773120.jpg,Anaphalis_margaritacea,,
456795988.jpg,Anaphalis_margaritacea,,
429235140.jpg,Anaphalis_margaritacea,superimposed_429235140.jpg,
435288140.jpg,Anaphalis_margaritacea,superimposed_435288140.jpg,
422602937.jpg,Anaphalis_margaritacea,,
335814159.jpg,Anaphalis_margaritacea,superimposed_335814159.jpg,
420553692.jpg,Anaphalis_margaritacea,,
417316513.jpg,Anaphalis_margaritacea,superimposed_417316513.jpg,
416604118.jpg,Anaphalis_margaritacea,superimposed_416604118.jpg,
439202514.jpg,Anaphalis_margaritacea,superimposed_439202514.jpg,
444702648.jpg,Anaphalis_margaritacea,superimposed_444702648.jpg,
442957521.jpg,Anaphalis_margaritacea,superimposed_442957521.jpg,
405255133.jpg,Anaphalis_margaritacea,,
344926191.jpg,Anaphalis_margaritacea,,
342721291.jpg,Anaphalis_margaritacea,superimposed_342721291.jpg,
451980565.jpg,Anaphalis_margaritacea,superimposed_451980565.jpg,
426629047.jpg,Anaphalis_margaritacea,superimposed_426629047.jpg,
413207583.jpg,Anaphalis_margaritacea,superimposed_413207583.jpg,
403933265.jpg,Anaphalis_margaritacea,superimposed_403933265.jpg,
433758278.jpg,Anaphalis_margaritacea,superimposed_433758278.jpg,
433951407.jpg,Anaphalis_margaritacea,,
422668217.jpg,Anaphalis_margaritacea,superimposed_422668217.jpg,
425034137.jpg,Anaphalis_margaritacea,,
446823540.jpg,Anaphalis_margaritacea,,
439885753.jpg,Anaphalis_margaritacea,superimposed_439885753.jpg,
431132211.jpg,Anaphalis_margaritacea,superimposed_431132211.jpg,
414746978.jpg,Anaphalis_margaritacea,,
431440024.jpg,Anaphalis_margaritacea,,
427584424.jpg,Anaphalis_margaritacea,,
402168586.jpg,Anaphalis_margaritacea,superimposed_402168586.jpg,
331527389.jpg,Anaphalis_margaritacea,,
322529687.jpg,Anaphalis_margaritacea,superimposed_322529687.jpg,
432375571.jpg,Anaphalis_margaritacea,superimposed_432375571.jpg,
426124986.jpg,Anaphalis_margaritacea,superimposed_426124986.jpg,
423613877.jpg,Anaphalis_margaritacea,superimposed_423613877.jpg,
415140750.jpg,Anaphalis_margaritacea,superimposed_415140750.jpg,
436960689.jpg,Anaphalis_margaritacea,superimposed_436960689.jpg,
405181547.jpg,Anaphalis_margaritacea,,
430207431.jpg,Anaphalis_margaritacea,,
441842574.jpg,Anaphalis_margaritacea,superimposed_441842574.jpg,
411826547.jpg,Anaphalis_margaritacea,superimposed_411826547.jpg,
338506395.jpg,Anaphalis_margaritacea,superimposed_338506395.jpg,
411165342.jpg,Anaphalis_margaritacea,,
321153501.jpg,Anaphalis_margaritacea,superimposed_321153501.jpg,
368410702.jpg,Anaphalis_margaritacea,,
447604996.jpg,Anaphalis_margaritacea,,
412243446.jpg,Anaphalis_margaritacea,,
409947059.jpg,Anaphalis_margaritacea,,
437981559.jpg,Anaphalis_margaritacea,superimposed_437981559.jpg,
324522021.jpg,Anaphalis_margaritacea,,
411677842.jpg,Anaphalis_margaritacea,superimposed_411677842.jpg,
464600344.jpg,Anaphalis_margaritacea,,
418117371.jpg,Anaphalis_margaritacea,,
416922493.jpg,Anaphalis_margaritacea,,
419153635.jpg,Anaphalis_margaritacea,,
441405654.jpg,Anaphalis_margaritacea,superimposed_441405654.jpg,
428547086.jpg,Anaphalis_margaritacea,,
444060807.jpg,Anaphalis_margaritacea,,
428910606.jpg,Anaphalis_margaritacea,superimposed_428910606.jpg,
410757117.jpg,Anaphalis_margaritacea,superimposed_410757117.jpg,
373019534.jpg,Anaphalis_margaritacea,,
411972977.jpg,Anaphalis_margaritacea,superimposed_411972977.jpg,
413994761.jpg,Anaphalis_margaritacea,,
416309452.jpg,Anaphalis_margaritacea,,
334073199.jpg,Anaphalis_margaritacea,superimposed_334073199.jpg,
416074296.jpg,Anaphalis_margaritacea,,
420550479.jpg,Anaphalis_margaritacea,,
406604030.jpg,Anaphalis_margaritacea,superimposed_406604030.jpg,
428167482.jpg,Anaphalis_margaritacea,superimposed_428167482.jpg,
436986175.jpg,Anaphalis_margaritacea,superimposed_436986175.jpg,
434631631.jpg,Anaphalis_margaritacea,,
439416913.jpg,Anaphalis_margaritacea,superimposed_439416913.jpg,
395315950.jpg,Anaphalis_margaritacea,,
425792738.jpg,Anaphalis_margaritacea,superimposed_425792738.jpg,
346768087.jpg,Anaphalis_margaritacea,superimposed_346768087.jpg,
443833667.jpg,Anaphalis_margaritacea,superimposed_443833667.jpg,
419497651.jpg,Anaphalis_margaritacea,,
431801224.jpg,Anaphalis_margaritacea,,
460423528.jpg,Anaphalis_margaritacea,superimposed_460423528.jpg,
328540897.jpg,Anaphalis_margaritacea,superimposed_328540897.jpg,
406260758.jpg,Anaphalis_margaritacea,superimposed_406260758.jpg,
409979823.jpg,Anaphalis_margaritacea,,
411575029.jpg,Anaphalis_margaritacea,superimposed_411575029.jpg,
321750946.jpg,Anaphalis_margaritacea,superimposed_321750946.jpg,
442344061.jpg,Anaphalis_margaritacea,superimposed_442344061.jpg,
414759080.jpg,Anaphalis_margaritacea,superimposed_414759080.jpg,
418982124.jpg,Anaphalis_margaritacea,,
435156473.jpg,Anaphalis_margaritacea,,
329534691.jpg,Anaphalis_margaritacea,superimposed_329534691.jpg,
411676759.jpg,Anaphalis_margaritacea,,
336898818.jpg,Anaphalis_margaritacea,superimposed_336898818.jpg,
442276318.jpg,Anaphalis_margaritacea,,
417552497.jpg,Anaphalis_margaritacea,superimposed_417552497.jpg,
437005162.jpg,Anaphalis_margaritacea,superimposed_437005162.jpg,
334844418.jpg,Anaphalis_margaritacea,superimposed_334844418.jpg,
423153475.jpg,Anaphalis_margaritacea,,
319488577.jpg,Anaphalis_margaritacea,,
414677055.jpg,Anaphalis_margaritacea,superimposed_414677055.jpg,
427955456.jpg,Anaphalis_margaritacea,,
415218923.jpg,Anaphalis_margaritacea,superimposed_415218923.jpg,
408402604.jpg,Anaphalis_margaritacea,,
421749152.jpg,Anaphalis_margaritacea,,
414326805.jpg,Anaphalis_margaritacea,superimposed_414326805.jpg,
417645014.jpg,Anaphalis_margaritacea,superimposed_417645014.jpg,
402914936.jpg,Anaphalis_margaritacea,,
324916215.jpg,Anaphalis_margaritacea,superimposed_324916215.jpg,
413966958.jpg,Anaphalis_margaritacea,superimposed_413966958.jpg,
419225778.jpg,Anaphalis_margaritacea,superimposed_419225778.jpg,
424350816.jpg,Anaphalis_margaritacea,,
325332151.jpg,Anaphalis_margaritacea,superimposed_325332151.jpg,
412301952.jpg,Anaphalis_margaritacea,,
321228043.jpg,Anaphalis_margaritacea,superimposed_321228043.jpg,
421794628.jpg,Anaphalis_margaritacea,superimposed_421794628.jpg,
411705315.jpg,Anaphalis_margaritacea,superimposed_411705315.jpg,
427610751.jpg,Anaphalis_margaritacea,superimposed_427610751.jpg,
432019667.jpg,Anaphalis_margaritacea,,
341546355.jpg,Anaphalis_margaritacea,superimposed_341546355.jpg,
322191941.jpg,Anaphalis_margaritacea,superimposed_322191941.jpg,
415236238.jpg,Anaphalis_margaritacea,superimposed_415236238.jpg,
453633652.jpg,Anaphalis_margaritacea,,
442754296.jpg,Anaphalis_margaritacea,,
328020870.jpg,Anaphalis_margaritacea,superimposed_328020870.jpg,
414447913.jpg,Anaphalis_margaritacea,,
320658939.jpg,Anaphalis_margaritacea,superimposed_320658939.jpg,
423527367.jpg,Anaphalis_margaritacea,superimposed_423527367.jpg,
411411195.jpg,Anaphalis_margaritacea,superimposed_411411195.jpg,
441746910.jpg,Anaphalis_margaritacea,,
420053421.jpg,Anaphalis_margaritacea,superimposed_420053421.jpg,
439693457.jpg,Anaphalis_margaritacea,superimposed_439693457.jpg,
391311960.jpg,Anaphalis_margaritacea,,
434199732.jpg,Anaphalis_margaritacea,superimposed_434199732.jpg,
409747353.jpg,Anaphalis_margaritacea,,
423928025.jpg,Anaphalis_margaritacea,,
415823235.jpg,Anaphalis_margaritacea,superimposed_415823235.jpg,
420089065.jpg,Anaphalis_margaritacea,superimposed_420089065.jpg,
341711352.jpg,Anaphalis_margaritacea,,
416373282.jpg,Anaphalis_margaritacea,,
323738387.jpg,Anaphalis_margaritacea,superimposed_323738387.jpg,
430418796.jpg,Anaphalis_margaritacea,superimposed_430418796.jpg,
408026171.jpg,Anaphalis_margaritacea,superimposed_408026171.jpg,
411010292.jpg,Anaphalis_margaritacea,superimposed_411010292.jpg,
424964617.jpg,Anaphalis_margaritacea,,
336161460.jpg,Anaphalis_margaritacea,,
417153634.jpg,Anaphalis_margaritacea,,
410018393.jpg,Anaphalis_margaritacea,superimposed_410018393.jpg,
433138417.jpg,Anaphalis_margaritacea,superimposed_433138417.jpg,
411617222.jpg,Anaphalis_margaritacea,,
454981823.jpg,Anaphalis_margaritacea,superimposed_454981823.jpg,
336785992.jpg,Anaphalis_margaritacea,superimposed_336785992.jpg,
452595302.jpg,Anaphalis_margaritacea,superimposed_452595302.jpg,
440298453.jpg,Anaphalis_margaritacea,,
417110448.jpg,Anaphalis_margaritacea,,
331485869.jpg,Anaphalis_margaritacea,superimposed_331485869.jpg,
443674944.jpg,Anaphalis_margaritacea,,
331043049.jpg,Anaphalis_margaritacea,,
434542054.jpg,Anaphalis_margaritacea,,
447982812.jpg,Anaphalis_margaritacea,,
429410073.jpg,Anaphalis_margaritacea,,
421385399.jpg,Anaphalis_margaritacea,superimposed_421385399.jpg,
415184253.jpg,Anaphalis_margaritacea,,
331585695.jpg,Anaphalis_margaritacea,,
406496971.jpg,Anaphalis_margaritacea,,
437973014.jpg,Anaphalis_margaritacea,,
443517714.jpg,Anaphalis_margaritacea,superimposed_443517714.jpg,
324572130.jpg,Anaphalis_margaritacea,superimposed_324572130.jpg,
459252442.jpg,Anaphalis_margaritacea,superimposed_459252442.jpg,
347020042.jpg,Anaphalis_margaritacea,superimposed_347020042.jpg,
432041465.jpg,Anaphalis_margaritacea,,
417256037.jpg,Anaphalis_margaritacea,superimposed_417256037.jpg,
435329148.jpg,Anaphalis_margaritacea,,
414463290.jpg,Anaphalis_margaritacea,,
455456617.jpg,Anaphalis_margaritacea,superimposed_455456617.jpg,
359697154.jpg,Anaphalis_margaritacea,superimposed_359697154.jpg,
363733954.jpg,Anaphalis_margaritacea,superimposed_363733954.jpg,
361452913.jpg,Anaphalis_margaritacea,,
433304223.jpg,Anaphalis_margaritacea,superimposed_433304223.jpg,
329432377.jpg,Anaphalis_margaritacea,superimposed_329432377.jpg,
426541137.jpg,Anaphalis_margaritacea,,
425179359.jpg,Anaphalis_margaritacea,,
413699362.jpg,Anaphalis_margaritacea,superimposed_413699362.jpg,
353263465.jpg,Anaphalis_margaritacea,superimposed_353263465.jpg,
374461926.jpg,Anaphalis_margaritacea,,
434561896.jpg,Anaphalis_margaritacea,superimposed_434561896.jpg,
436242902.jpg,Anaphalis_margaritacea,,
426910370.jpg,Anaphalis_margaritacea,,
321754126.jpg,Anaphalis_margaritacea,,
448933494.jpg,Achillea_millefolium,,
449095532.jpg,Achillea_millefolium,,
444210970.jpg,Achillea_millefolium,,
442922449.jpg,Achillea_millefolium,superimposed_442922449.jpg,
432496607.jpg,Achillea_millefolium,,
440232469.jpg,Achillea_millefolium,,
445681094.jpg,Achillea_millefolium,superimposed_445681094.jpg,
451802855.jpg,Achillea_millefolium,,
448966737.jpg,Achillea_millefolium,superimposed_448966737.jpg,
471484407.jpg,Achillea_millefolium,superimposed_471484407.jpg,
455530610.jpg,Achillea_millefolium,superimposed_455530610.jpg,
440967353.jpg,Achillea_millefolium,,
450092900.jpg,Achillea_millefolium,superimposed_450092900.jpg,
466695633.jpg,Achillea_millefolium,,
439692674.jpg,Achillea_millefolium,superimposed_439692674.jpg,
459305064.jpg,Achillea_millefolium,,
442492274.jpg,Achillea_millefolium,superimposed_442492274.jpg,
441053978.jpg,Achillea_millefolium,,
461449350.jpg,Achillea_millefolium,superimposed_461449350.jpg,
443833895.jpg,Achillea_millefolium,,
448181644.jpg,Achillea_millefolium,,
437592141.jpg,Achillea_millefolium,superimposed_437592141.jpg,
438285056.jpg,Achillea_millefolium,,
461282187.jpg,Achillea_millefolium,,
461764403.jpg,Achillea_millefolium,,
449763662.jpg,Achillea_millefolium,superimposed_449763662.jpg,
460583401.jpg,Achillea_millefolium,,
432806214.jpg,Achillea_millefolium,,
438019166.jpg,Achillea_millefolium,,
457441023.jpg,Achillea_millefolium,superimposed_457441023.jpg,
469064595.jpg,Achillea_millefolium,,
451427644.jpg,Achillea_millefolium,,
467721587.jpg,Achillea_millefolium,superimposed_467721587.jpg,
447666807.jpg,Achillea_millefolium,superimposed_447666807.jpg,
410235825.jpg,Achillea_millefolium,superimposed_410235825.jpg,
459187836.jpg,Achillea_millefolium,,
443174876.jpg,Achillea_millefolium,,
473520353.jpg,Achillea_millefolium,,
460444264.jpg,Achillea_millefolium,superimposed_460444264.jpg,
442897620.jpg,Achillea_millefolium,superimposed_442897620.jpg,
449843040.jpg,Achillea_millefolium,,
441287628.jpg,Achillea_millefolium,,
460747947.jpg,Achillea_millefolium,superimposed_460747947.jpg,
432425681.jpg,Achillea_millefolium,superimposed_432425681.jpg,
433209899.jpg,Achillea_millefolium,,
442085566.jpg,Achillea_millefolium,,
453354964.jpg,Achillea_millefolium,,
462435093.jpg,Achillea_millefolium,superimposed_462435093.jpg,
434587049.jpg,Achillea_millefolium,superimposed_434587049.jpg,
441123558.jpg,Achillea_millefolium,superimposed_441123558.jpg,
440532116.jpg,Achillea_millefolium,,
439989916.jpg,Achillea_millefolium,,
433096110.jpg,Achillea_millefolium,superimposed_433096110.jpg,
455858802.jpg,Achillea_millefolium,superimposed_455858802.jpg,
458878482.jpg,Achillea_millefolium,,
434943107.jpg,Achillea_millefolium,,
432264873.jpg,Achillea_millefolium,superimposed_432264873.jpg,
443300982.jpg,Achillea_millefolium,superimposed_443300982.jpg,
439734950.jpg,Achillea_millefolium,,
470851591.jpg,Achillea_millefolium,,
451047312.jpg,Achillea_millefolium,,
459707896.jpg,Achillea_millefolium,superimposed_459707896.jpg,
464373980.jpg,Achillea_millefolium,superimposed_464373980.jpg,
436609821.jpg,Achillea_millefolium,superimposed_436609821.jpg,
448220379.jpg,Achillea_millefolium,,
445012818.jpg,Achillea_millefolium,,
434812112.jpg,Achillea_millefolium,,
451188306.jpg,Achillea_millefolium,,
443439718.jpg,Achillea_millefolium,superimposed_443439718.jpg,
434598472.jpg,Achillea_millefolium,superimposed_434598472.jpg,
446051341.jpg,Achillea_millefolium,,
450771065.jpg,Achillea_millefolium,,
455140197.jpg,Achillea_millefolium,,
462938352.jpg,Achillea_millefolium,,
451413884.jpg,Achillea_millefolium,,
439853969.jpg,Achillea_millefolium,,
440919871.jpg,Achillea_millefolium,superimposed_440919871.jpg,
431615539.jpg,Achillea_millefolium,superimposed_431615539.jpg,
436715418.jpg,Achillea_millefolium,superimposed_436715418.jpg,
474340579.jpg,Achillea_millefolium,superimposed_474340579.jpg,
471592083.jpg,Achillea_millefolium,,
468589772.jpg,Achillea_millefolium,,
435031226.jpg,Achillea_millefolium,superimposed_435031226.jpg,
438818640.jpg,Achillea_millefolium,,
432702428.jpg,Achillea_millefolium,,
431323619.jpg,Achillea_millefolium,,
431988004.jpg,Achillea_millefolium,,
442253505.jpg,Achillea_millefolium,superimposed_442253505.jpg,
467859375.jpg,Achillea_millefolium,superimposed_467859375.jpg,
455461125.jpg,Achillea_millefolium,,
442776097.jpg,Achillea_millefolium,,
433124142.jpg,Achillea_millefolium,superimposed_433124142.jpg,
447615706.jpg,Achillea_millefolium,,
450915529.jpg,Achillea_millefolium,,
449605755.jpg,Achillea_millefolium,superimposed_449605755.jpg,
435410658.jpg,Achillea_millefolium,,
463120360.jpg,Achillea_millefolium,,
458868239.jpg,Achillea_millefolium,superimposed_458868239.jpg,
440098660.jpg,Achillea_millefolium,,
443570863.jpg,Achillea_millefolium,,
435080348.jpg,Achillea_millefolium,superimposed_435080348.jpg,
433043014.jpg,Achillea_millefolium,superimposed_433043014.jpg,
447586946.jpg,Achillea_millefolium,,
431948218.jpg,Achillea_millefolium,superimposed_431948218.jpg,
448443889.jpg,Achillea_millefolium,,
438642475.jpg,Achillea_millefolium,superimposed_438642475.jpg,
460650706.jpg,Achillea_millefolium,,
474181926.jpg,Achillea_millefolium,,
471838028.jpg,Achillea_millefolium,,
434144777.jpg,Achillea_millefolium,superimposed_434144777.jpg,
449239807.jpg,Achillea_millefolium,,
465395551.jpg,Achillea_millefolium,,
462432708.jpg,Achillea_millefolium,,
443632721.jpg,Achillea_millefolium,,
451880813.jpg,Achillea_millefolium,,
451432731.jpg,Achillea_millefolium,,
446676010.jpg,Achillea_millefolium,,
470781236.jpg,Achillea_millefolium,,
462535739.jpg,Achillea_millefolium,,
455198619.jpg,Achillea_millefolium,,
439661676.jpg,Achillea_millefolium,superimposed_439661676.jpg,
433967263.jpg,Achillea_millefolium,superimposed_433967263.jpg,
437300693.jpg,Achillea_millefolium,superimposed_437300693.jpg,
437853411.jpg,Achillea_millefolium,,
443318013.jpg,Achillea_millefolium,,
459076779.jpg,Achillea_millefolium,,
442592718.jpg,Achillea_millefolium,,
450142201.jpg,Achillea_millefolium,superimposed_450142201.jpg,
437571820.jpg,Achillea_millefolium,superimposed_437571820.jpg,
432675241.jpg,Achillea_millefolium,superimposed_432675241.jpg,
451759703.jpg,Achillea_millefolium,superimposed_451759703.jpg,
432932317.jpg,Achillea_millefolium,,
431889673.jpg,Achillea_millefolium,,
473481115.jpg,Achillea_millefolium,,
453778238.jpg,Achillea_millefolium,superimposed_453778238.jpg,
432045385.jpg,Achillea_millefolium,,
454723412.jpg,Achillea_millefolium,,
472319909.jpg,Achillea_millefolium,superimposed_472319909.jpg,
445107367.jpg,Achillea_millefolium,,
449330852.jpg,Achillea_millefolium,,
437094232.jpg,Achillea_millefolium,,
441472734.jpg,Achillea_millefolium,,
447882434.jpg,Achillea_millefolium,superimposed_447882434.jpg,
434321996.jpg,Achillea_millefolium,superimposed_434321996.jpg,
439202121.jpg,Achillea_millefolium,superimposed_439202121.jpg,
455685078.jpg,Achillea_millefolium,,
441922511.jpg,Achillea_millefolium,,
437025324.jpg,Achillea_millefolium,,
446103895.jpg,Achillea_millefolium,,
446282028.jpg,Achillea_millefolium,,
432049254.jpg,Achillea_millefolium,,
439681863.jpg,Achillea_millefolium,,
443775305.jpg,Achillea_millefolium,,
453353236.jpg,Achillea_millefolium,,
450621513.jpg,Achillea_millefolium,superimposed_450621513.jpg,
432200247.jpg,Achillea_millefolium,superimposed_432200247.jpg,
439395880.jpg,Achillea_millefolium,,
454321241.jpg,Achillea_millefolium,superimposed_454321241.jpg,
460462025.jpg,Achillea_millefolium,,
473312813.jpg,Achillea_millefolium,superimposed_473312813.jpg,
455494948.jpg,Achillea_millefolium,,
437231944.jpg,Achillea_millefolium,superimposed_437231944.jpg,
451812146.jpg,Achillea_millefolium,,
461354000.jpg,Achillea_millefolium,superimposed_461354000.jpg,
472463732.jpg,Achillea_millefolium,superimposed_472463732.jpg,
451411152.jpg,Achillea_millefolium,,
458413663.jpg,Achillea_millefolium,superimposed_458413663.jpg,
431329311.jpg,Achillea_millefolium,superimposed_431329311.jpg,
449392137.jpg,Achillea_millefolium,superimposed_449392137.jpg,
462318807.jpg,Achillea_millefolium,superimposed_462318807.jpg,
437637499.jpg,Achillea_millefolium,superimposed_437637499.jpg,
435992439.jpg,Achillea_millefolium,,
463308538.jpg,Achillea_millefolium,,
441361889.jpg,Achillea_millefolium,,
431820667.jpg,Achillea_millefolium,,
446312353.jpg,Achillea_millefolium,,
465989468.jpg,Achillea_millefolium,,
436032825.jpg,Achillea_millefolium,,
471879475.jpg,Achillea_millefolium,,
449712935.jpg,Achillea_millefolium,,
443009583.jpg,Achillea_millefolium,superimposed_443009583.jpg,
438500811.jpg,Achillea_millefolium,superimposed_438500811.jpg,
437461931.jpg,Achillea_millefolium,,
446274785.jpg,Achillea_millefolium,,
434954971.jpg,Achillea_millefolium,superimposed_434954971.jpg,
437139148.jpg,Achillea_millefolium,,
472613908.jpg,Achillea_millefolium,,
433587402.jpg,Achillea_millefolium,,
438908305.jpg,Achillea_millefolium,,
432873218.jpg,Achillea_millefolium,superimposed_432873218.jpg,
436249031.jpg,Achillea_millefolium,superimposed_436249031.jpg,
448556943.jpg,Achillea_millefolium,,
439615431.jpg,Achillea_millefolium,,
442009808.jpg,Achillea_millefolium,,
449792899.jpg,Achillea_millefolium,,
432142087.jpg,Achillea_millefolium,superimposed_432142087.jpg,
435809163.jpg,Achillea_millefolium,superimposed_435809163.jpg,
461551683.jpg,Achillea_millefolium,,
434208202.jpg,Achillea_millefolium,superimposed_434208202.jpg,
439730607.jpg,Achillea_millefolium,superimposed_439730607.jpg,
460168888.jpg,Achillea_millefolium,superimposed_460168888.jpg,
448836811.jpg,Achillea_millefolium,superimposed_448836811.jpg,
472615380.jpg,Achillea_millefolium,,
469142061.jpg,Achillea_millefolium,,
448511380.jpg,Achillea_millefolium,,
443682576.jpg,Achillea_millefolium,,
445324471.jpg,Achillea_millefolium,,
474255461.jpg,Achillea_millefolium,,
457344131.jpg,Achillea_millefolium,,
451806653.jpg,Achillea_millefolium,superimposed_451806653.jpg,
451067010.jpg,Achillea_millefolium,,
447159748.jpg,Achillea_millefolium,,
456936424.jpg,Achillea_millefolium,superimposed_456936424.jpg,
438690648.jpg,Achillea_millefolium,superimposed_438690648.jpg,
461080424.jpg,Achillea_millefolium,,
459602744.jpg,Achillea_millefolium,superimposed_459602744.jpg,
470853290.jpg,Achillea_millefolium,,
447184075.jpg,Achillea_millefolium,,
456017222.jpg,Achillea_millefolium,superimposed_456017222.jpg,
472410143.jpg,Achillea_millefolium,,
460733906.jpg,Achillea_millefolium,superimposed_460733906.jpg,
471012795.jpg,Achillea_millefolium,,
467225628.jpg,Achillea_millefolium,,
435939475.jpg,Achillea_millefolium,,
432764170.jpg,Achillea_millefolium,,
461091292.jpg,Achillea_millefolium,,
432594672.jpg,Achillea_millefolium,,
451978407.jpg,Achillea_millefolium,,
435618462.jpg,Achillea_millefolium,superimposed_435618462.jpg,
445276865.jpg,Achillea_millefolium,superimposed_445276865.jpg,
434395160.jpg,Achillea_millefolium,,
435210561.jpg,Achillea_millefolium,,
459145310.jpg,Achillea_millefolium,,
451881167.jpg,Achillea_millefolium,,
440575569.jpg,Achillea_millefolium,,
455054320.jpg,Achillea_millefolium,superimposed_455054320.jpg,
441135050.jpg,Achillea_millefolium,superimposed_441135050.jpg,
444644811.jpg,Achillea_millefolium,,
441381903.jpg,Achillea_millefolium,,
468486156.jpg,Achillea_millefolium,,
467059007.jpg,Achillea_millefolium,,
461689181.jpg,Achillea_millefolium,,
465055744.jpg,Achillea_millefolium,,
448460761.jpg,Achillea_millefolium,,
434701026.jpg,Achillea_millefolium,superimposed_434701026.jpg,
473511173.jpg,Achillea_millefolium,superimposed_473511173.jpg,
431612329.jpg,Achillea_millefolium,superimposed_431612329.jpg,
437922788.jpg,Achillea_millefolium,,
471778688.jpg,Achillea_millefolium,,
452152436.jpg,Achillea_millefolium,superimposed_452152436.jpg,
464387696.jpg,Achillea_millefolium,superimposed_464387696.jpg,
440587250.jpg,Achillea_millefolium,superimposed_440587250.jpg,
457581950.jpg,Achillea_millefolium,,
461150993.jpg,Achillea_millefolium,,
440115663.jpg,Achillea_millefolium,superimposed_440115663.jpg,
456617639.jpg,Achillea_millefolium,,
467294846.jpg,Achillea_millefolium,,
468104765.jpg,Achillea_millefolium,superimposed_468104765.jpg,
433115357.jpg,Achillea_millefolium,superimposed_433115357.jpg,
466280926.jpg,Achillea_millefolium,superimposed_466280926.jpg,
462934355.jpg,Achillea_millefolium,,
453198266.jpg,Achillea_millefolium,,
437037714.jpg,Achillea_millefolium,superimposed_437037714.jpg,
458285324.jpg,Achillea_millefolium,,
447972215.jpg,Achillea_millefolium,,
442421244.jpg,Achillea_millefolium,,
465093927.jpg,Achillea_millefolium,superimposed_465093927.jpg,
431538927.jpg,Achillea_millefolium,superimposed_431538927.jpg,
442368654.jpg,Achillea_millefolium,superimposed_442368654.jpg,
470521150.jpg,Achillea_millefolium,,
469020056.jpg,Achillea_millefolium,superimposed_469020056.jpg,
447126592.jpg,Achillea_millefolium,superimposed_447126592.jpg,
457972338.jpg,Achillea_millefolium,,
439775483.jpg,Achillea_millefolium,superimposed_439775483.jpg,
438863351.jpg,Achillea_millefolium,,
451373538.jpg,Achillea_millefolium,,
461753423.jpg,Achillea_millefolium,superimposed_461753423.jpg,
431701470.jpg,Achillea_millefolium,superimposed_431701470.jpg,
456704096.jpg,Achillea_millefolium,,
445713687.jpg,Achillea_millefolium,superimposed_445713687.jpg,
452192510.jpg,Achillea_millefolium,superimposed_452192510.jpg,
438332296.jpg,Achillea_millefolium,,
448209874.jpg,Achillea_millefolium,superimposed_448209874.jpg,
445221408.jpg,Achillea_millefolium,,
436666004.jpg,Achillea_millefolium,,
436510644.jpg,Achillea_millefolium,,
439174976.jpg,Achillea_millefolium,,
467925407.jpg,Achillea_millefolium,superimposed_467925407.jpg,
466196788.jpg,Achillea_millefolium,,
439047101.jpg,Achillea_millefolium,,
473912925.jpg,Achillea_millefolium,,
457551191.jpg,Achillea_millefolium,,
468052935.jpg,Achillea_millefolium,superimposed_468052935.jpg,
451853183.jpg,Achillea_millefolium,,
467042955.jpg,Achillea_millefolium,,
447893991.jpg,Achillea_millefolium,superimposed_447893991.jpg,
443036316.jpg,Achillea_millefolium,superimposed_443036316.jpg,
442443821.jpg,Achillea_millefolium,,
447326419.jpg,Achillea_millefolium,,
442568751.jpg,Achillea_millefolium,,
433072212.jpg,Achillea_millefolium,superimposed_433072212.jpg,
452320841.jpg,Achillea_millefolium,,
431373711.jpg,Achillea_millefolium,,
434758436.jpg,Achillea_millefolium,,
441892919.jpg,Achillea_millefolium,,
434096212.jpg,Achillea_millefolium,,
432741316.jpg,Achillea_millefolium,,
460818666.jpg,Achillea_millefolium,,
446847786.jpg,Achillea_millefolium,,
436531597.jpg,Achillea_millefolium,,
455147616.jpg,Achillea_millefolium,,
458176403.jpg,Achillea_millefolium,,
450437256.jpg,Achillea_millefolium,,
445074733.jpg,Achillea_millefolium,superimposed_445074733.jpg,
434400082.jpg,Achillea_millefolium,,
448395668.jpg,Achillea_millefolium,,
459438176.jpg,Achillea_millefolium,superimposed_459438176.jpg,
436605727.jpg,Achillea_millefolium,,
471503304.jpg,Achillea_millefolium,,
451896577.jpg,Achillea_millefolium,,
472137857.jpg,Achillea_millefolium,,
463538569.jpg,Achillea_millefolium,,
466460627.jpg,Achillea_millefolium,,
450818017.jpg,Achillea_millefolium,superimposed_450818017.jpg,
446914184.jpg,Achillea_millefolium,superimposed_446914184.jpg,
452496824.jpg,Achillea_millefolium,superimposed_452496824.jpg,
461350514.jpg,Achillea_millefolium,,
444304922.jpg,Achillea_millefolium,,
450802685.jpg,Achillea_millefolium,,
466253188.jpg,Achillea_millefolium,,
473265599.jpg,Achillea_millefolium,superimposed_473265599.jpg,
444458591.jpg,Achillea_millefolium,,
440384434.jpg,Achillea_millefolium,,
471493530.jpg,Achillea_millefolium,,
453918338.jpg,Achillea_millefolium,superimposed_453918338.jpg,
439504029.jpg,Achillea_millefolium,,
461350092.jpg,Achillea_millefolium,superimposed_461350092.jpg,
469845762.jpg,Achillea_millefolium,,
447031243.jpg,Achillea_millefolium,superimposed_447031243.jpg,
439847632.jpg,Achillea_millefolium,,
464494954.jpg,Achillea_millefolium,superimposed_464494954.jpg,
433724898.jpg,Achillea_millefolium,,
436091604.jpg,Achillea_millefolium,,
437833554.jpg,Achillea_millefolium,superimposed_437833554.jpg,
443118973.jpg,Achillea_millefolium,,
440160535.jpg,Achillea_millefolium,,
438765589.jpg,Achillea_millefolium,,
436703102.jpg,Achillea_millefolium,,
455274134.jpg,Achillea_millefolium,superimposed_455274134.jpg,
459107508.jpg,Achillea_millefolium,superimposed_459107508.jpg,
446260255.jpg,Achillea_millefolium,superimposed_446260255.jpg,
439826600.jpg,Achillea_millefolium,,
441152665.jpg,Achillea_millefolium,superimposed_441152665.jpg,
439434481.jpg,Achillea_millefolium,,
462984305.jpg,Achillea_millefolium,superimposed_462984305.jpg,
447291001.jpg,Achillea_millefolium,superimposed_447291001.jpg,
433324874.jpg,Achillea_millefolium,superimposed_433324874.jpg,
455198901.jpg,Achillea_millefolium,,
461562777.jpg,Achillea_millefolium,superimposed_461562777.jpg,
433336708.jpg,Achillea_millefolium,superimposed_433336708.jpg,
454949417.jpg,Achillea_millefolium,superimposed_454949417.jpg,
453204945.jpg,Achillea_millefolium,,
438919375.jpg,Achillea_millefolium,,
457870246.jpg,Achillea_millefolium,,
444770736.jpg,Achillea_millefolium,superimposed_444770736.jpg,
438003587.jpg,Achillea_millefolium,superimposed_438003587.jpg,
433952529.jpg,Achillea_millefolium,,
439098650.jpg,Achillea_millefolium,,
432726659.jpg,Achillea_millefolium,,
460639086.jpg,Achillea_millefolium,,
460665004.jpg,Achillea_millefolium,,
442680344.jpg,Achillea_millefolium,,
436423000.jpg,Achillea_millefolium,,
470780322.jpg,Achillea_millefolium,,
448160258.jpg,Achillea_millefolium,superimposed_448160258.jpg,
441079430.jpg,Achillea_millefolium,,
470772541.jpg,Achillea_millefolium,superimposed_470772541.jpg,
469118645.jpg,Achillea_millefolium,,
451008770.jpg,Achillea_millefolium,,
472850101.jpg,Achillea_millefolium,superimposed_472850101.jpg,
466401679.jpg,Achillea_millefolium,,
466204763.jpg,Achillea_millefolium,superimposed_466204763.jpg,
466531261.jpg,Achillea_millefolium,superimposed_466531261.jpg,
449811673.jpg,Achillea_millefolium,superimposed_449811673.jpg,
453571507.jpg,Achillea_millefolium,,
466822436.jpg,Achillea_millefolium,superimposed_466822436.jpg,
466547837.jpg,Achillea_millefolium,superimposed_466547837.jpg,
433149438.jpg,Achillea_millefolium,superimposed_433149438.jpg,
431468287.jpg,Achillea_millefolium,,
462432634.jpg,Achillea_millefolium,,
457622919.jpg,Achillea_millefolium,,
441143270.jpg,Achillea_millefolium,superimposed_441143270.jpg,
454131710.jpg,Achillea_millefolium,superimposed_454131710.jpg,
438880365.jpg,Achillea_millefolium,,
442819867.jpg,Achillea_millefolium,superimposed_442819867.jpg,
456122976.jpg,Achillea_millefolium,superimposed_456122976.jpg,
466634663.jpg,Achillea_millefolium,superimposed_466634663.jpg,
451097884.jpg,Achillea_millefolium,,
447920429.jpg,Achillea_millefolium,,
470163239.jpg,Achillea_millefolium,,
437941410.jpg,Achillea_millefolium,superimposed_437941410.jpg,
435191188.jpg,Achillea_millefolium,,
441823700.jpg,Achillea_millefolium,superimposed_441823700.jpg,
435477100.jpg,Achillea_millefolium,,
469763453.jpg,Achillea_millefolium,,
434670906.jpg,Achillea_millefolium,,
472444432.jpg,Achillea_millefolium,superimposed_472444432.jpg,
449933342.jpg,Achillea_millefolium,,
432999794.jpg,Achillea_millefolium,,
452680093.jpg,Achillea_millefolium,superimposed_452680093.jpg,
443652883.jpg,Achillea_millefolium,,
444988710.jpg,Achillea_millefolium,,
472137839.jpg,Achillea_millefolium,,
461658360.jpg,Achillea_millefolium,superimposed_461658360.jpg,
446354323.jpg,Achillea_millefolium,superimposed_446354323.jpg,
450028416.jpg,Achillea_millefolium,superimposed_450028416.jpg,
462548889.jpg,Achillea_millefolium,,
467548301.jpg,Achillea_millefolium,superimposed_467548301.jpg,
448222711.jpg,Achillea_millefolium,,
451097954.jpg,Achillea_millefolium,superimposed_451097954.jpg,
440123658.jpg,Achillea_millefolium,superimposed_440123658.jpg,
471836727.jpg,Achillea_millefolium,,
435652173.jpg,Achillea_millefolium,superimposed_435652173.jpg,
434991652.jpg,Achillea_millefolium,superimposed_434991652.jpg,
448696548.jpg,Achillea_millefolium,superimposed_448696548.jpg,
465045130.jpg,Achillea_millefolium,superimposed_465045130.jpg,
440297839.jpg,Achillea_millefolium,,
456966932.jpg,Achillea_millefolium,,
460227550.jpg,Achillea_millefolium,,
434047716.jpg,Achillea_millefolium,,
432056257.jpg,Achillea_millefolium,,
436702797.jpg,Achillea_millefolium,superimposed_436702797.jpg,
474450240.jpg,Achillea_millefolium,,
467615423.jpg,Achillea_millefolium,superimposed_467615423.jpg,
467694368.jpg,Achillea_millefolium,,
439517918.jpg,Achillea_millefolium,,
455953637.jpg,Achillea_millefolium,,
450920749.jpg,Achillea_millefolium,,
431956495.jpg,Achillea_millefolium,,
469411471.jpg,Achillea_millefolium,,
444932732.jpg,Achillea_millefolium,,
441772207.jpg,Achillea_millefolium,,
436553033.jpg,Achillea_millefolium,,
451162409.jpg,Achillea_millefolium,superimposed_451162409.jpg,
447518236.jpg,Achillea_millefolium,,
444230411.jpg,Achillea_millefolium,superimposed_444230411.jpg,
432476809.jpg,Achillea_millefolium,,
460686698.jpg,Achillea_millefolium,,
454518516.jpg,Achillea_millefolium,superimposed_454518516.jpg,
435266055.jpg,Achillea_millefolium,superimposed_435266055.jpg,
444319621.jpg,Achillea_millefolium,,
465629143.jpg,Achillea_millefolium,,
458797662.jpg,Achillea_millefolium,,
439296141.jpg,Achillea_millefolium,,
452050518.jpg,Achillea_millefolium,,
436775448.jpg,Achillea_millefolium,,
452308602.jpg,Achillea_millefolium,,
444631910.jpg,Achillea_millefolium,,
434027382.jpg,Achillea_millefolium,,
469952009.jpg,Achillea_millefolium,,
447709738.jpg,Achillea_millefolium,,
471241440.jpg,Achillea_millefolium,,
449563562.jpg,Achillea_millefolium,superimposed_449563562.jpg,
431910149.jpg,Achillea_millefolium,superimposed_431910149.jpg,
437532600.jpg,Achillea_millefolium,superimposed_437532600.jpg,
462157913.jpg,Achillea_millefolium,,
444740982.jpg,Achillea_millefolium,superimposed_444740982.jpg,
437904572.jpg,Achillea_millefolium,,
474456352.jpg,Achillea_millefolium,,
455255227.jpg,Achillea_millefolium,,
449429426.jpg,Achillea_millefolium,,
444943992.jpg,Achillea_millefolium,,
448390153.jpg,Achillea_millefolium,superimposed_448390153.jpg,
462570861.jpg,Achillea_millefolium,superimposed_462570861.jpg,
452318480.jpg,Achillea_millefolium,superimposed_452318480.jpg,
469753450.jpg,Achillea_millefolium,superimposed_469753450.jpg,
434506926.jpg,Achillea_millefolium,,
448619739.jpg,Achillea_millefolium,superimposed_448619739.jpg,
446654165.jpg,Achillea_millefolium,,
451587953.jpg,Achillea_millefolium,superimposed_451587953.jpg,
468068488.jpg,Achillea_millefolium,superimposed_468068488.jpg,
473757220.jpg,Achillea_millefolium,,
437093324.jpg,Achillea_millefolium,,
461486451.jpg,Achillea_millefolium,,
462411292.jpg,Achillea_millefolium,superimposed_462411292.jpg,
443359031.jpg,Achillea_millefolium,superimposed_443359031.jpg,
437790057.jpg,Achillea_millefolium,,
470416038.jpg,Achillea_millefolium,superimposed_470416038.jpg,
459107195.jpg,Achillea_millefolium,superimposed_459107195.jpg,
465794757.jpg,Achillea_millefolium,,
436523101.jpg,Achillea_millefolium,,
462774174.jpg,Achillea_millefolium,,
438267209.jpg,Achillea_millefolium,superimposed_438267209.jpg,
441792756.jpg,Achillea_millefolium,,
438107175.jpg,Achillea_millefolium,superimposed_438107175.jpg,
453534297.jpg,Achillea_millefolium,,
473411370.jpg,Achillea_millefolium,,
433201209.jpg,Achillea_millefolium,,
450093614.jpg,Achillea_millefolium,superimposed_450093614.jpg,
463671872.jpg,Achillea_millefolium,superimposed_463671872.jpg,
397929781.jpg,Asclepias_speciosa,superimposed_397929781.jpg,
294697142.jpg,Asclepias_speciosa,superimposed_294697142.jpg,
398883004.jpg,Asclepias_speciosa,,
412874467.jpg,Asclepias_speciosa,superimposed_412874467.jpg,
298672001.jpg,Asclepias_speciosa,superimposed_298672001.jpg,
395471750.jpg,Asclepias_speciosa,superimposed_395471750.jpg,
402083161.jpg,Asclepias_speciosa,superimposed_402083161.jpg,
424261664.jpg,Asclepias_speciosa,superimposed_424261664.jpg,
294679008.jpg,Asclepias_speciosa,,
294807987.jpg,Asclepias_speciosa,superimposed_294807987.jpg,
399266914.jpg,Asclepias_speciosa,superimposed_399266914.jpg,
409555715.jpg,Asclepias_speciosa,,
306461894.jpg,Asclepias_speciosa,superimposed_306461894.jpg,
433419974.jpg,Asclepias_speciosa,,
307598579.jpg,Asclepias_speciosa,,
434198143.jpg,Asclepias_speciosa,,
394225647.jpg,Asclepias_speciosa,superimposed_394225647.jpg,
408374508.jpg,Asclepias_speciosa,,
401239399.jpg,Asclepias_speciosa,superimposed_401239399.jpg,
302604701.jpg,Asclepias_speciosa,superimposed_302604701.jpg,
434033890.jpg,Asclepias_speciosa,,
288762810.jpg,Asclepias_speciosa,superimposed_288762810.jpg,
316429606.jpg,Asclepias_speciosa,,
389126678.jpg,Asclepias_speciosa,,
291533311.jpg,Asclepias_speciosa,,
391325921.jpg,Asclepias_speciosa,,
385697784.jpg,Asclepias_speciosa,,
402653787.jpg,Asclepias_speciosa,,
277265399.jpg,Asclepias_speciosa,,
293100207.jpg,Asclepias_speciosa,superimposed_293100207.jpg,
305992893.jpg,Asclepias_speciosa,,
352784633.jpg,Asclepias_speciosa,superimposed_352784633.jpg,
448903434.jpg,Asclepias_speciosa,,
391403211.jpg,Asclepias_speciosa,,
404492127.jpg,Asclepias_speciosa,,
287240786.jpg,Asclepias_speciosa,,
298487076.jpg,Asclepias_speciosa,superimposed_298487076.jpg,
404291074.jpg,Asclepias_speciosa,superimposed_404291074.jpg,
294403850.jpg,Asclepias_speciosa,superimposed_294403850.jpg,
470139976.jpg,Asclepias_speciosa,,
433108137.jpg,Asclepias_speciosa,,
421772691.jpg,Asclepias_speciosa,,
336255940.jpg,Asclepias_speciosa,superimposed_336255940.jpg,
422520215.jpg,Asclepias_speciosa,,
389800120.jpg,Asclepias_speciosa,superimposed_389800120.jpg,
426468193.jpg,Asclepias_speciosa,,
400765169.jpg,Asclepias_speciosa,,
391277695.jpg,Asclepias_speciosa,superimposed_391277695.jpg,
303397526.jpg,Asclepias_speciosa,superimposed_303397526.jpg,
407575582.jpg,Asclepias_speciosa,,
443743619.jpg,Asclepias_speciosa,,
380590470.jpg,Asclepias_speciosa,,
390834071.jpg,Asclepias_speciosa,superimposed_390834071.jpg,
296808763.jpg,Asclepias_speciosa,superimposed_296808763.jpg,
324253461.jpg,Asclepias_speciosa,,
379488989.jpg,Asclepias_speciosa,,
309781714.jpg,Asclepias_speciosa,,
402653335.jpg,Asclepias_speciosa,,
425743388.jpg,Asclepias_speciosa,,
447114617.jpg,Asclepias_speciosa,,
327730004.jpg,Asclepias_speciosa,,
445223965.jpg,Asclepias_speciosa,,
424342728.jpg,Asclepias_speciosa,,
323489592.jpg,Asclepias_speciosa,,
473249295.jpg,Asclepias_speciosa,,
371363250.jpg,Asclepias_speciosa,,
431227999.jpg,Asclepias_speciosa,,
291155113.jpg,Asclepias_speciosa,superimposed_291155113.jpg,
332523873.jpg,Asclepias_speciosa,superimposed_332523873.jpg,
390188237.jpg,Asclepias_speciosa,,
383161531.jpg,Asclepias_speciosa,,
405518901.jpg,Asclepias_speciosa,,
390799739.jpg,Asclepias_speciosa,,
304929060.jpg,Asclepias_speciosa,superimposed_304929060.jpg,
385985587.jpg,Asclepias_speciosa,,
413769221.jpg,Asclepias_speciosa,,
297282410.jpg,Asclepias_speciosa,,
325161826.jpg,Asclepias_speciosa,superimposed_325161826.jpg,
291785755.jpg,Asclepias_speciosa,superimposed_291785755.jpg,
421421569.jpg,Asclepias_speciosa,,
300814782.jpg,Asclepias_speciosa,superimposed_300814782.jpg,
297471949.jpg,Asclepias_speciosa,,
388021679.jpg,Asclepias_speciosa,superimposed_388021679.jpg,
303528053.jpg,Asclepias_speciosa,superimposed_303528053.jpg,
299620545.jpg,Asclepias_speciosa,superimposed_299620545.jpg,
396818179.jpg,Asclepias_speciosa,,
407879298.jpg,Asclepias_speciosa,,
288557344.jpg,Asclepias_speciosa,superimposed_288557344.jpg,
404242501.jpg,Asclepias_speciosa,superimposed_404242501.jpg,
396527161.jpg,Asclepias_speciosa,,
418257833.jpg,Asclepias_speciosa,,
320012190.jpg,Asclepias_speciosa,superimposed_320012190.jpg,
460839910.jpg,Asclepias_speciosa,,
390627538.jpg,Asclepias_speciosa,,
337722800.jpg,Asclepias_speciosa,,
297560887.jpg,Asclepias_speciosa,superimposed_297560887.jpg,
303355794.jpg,Asclepias_speciosa,,
277107334.jpg,Asclepias_speciosa,,
293815950.jpg,Asclepias_speciosa,,
396130562.jpg,Asclepias_speciosa,,
303529584.jpg,Asclepias_speciosa,,
295060764.jpg,Asclepias_speciosa,superimposed_295060764.jpg,
429065760.jpg,Asclepias_speciosa,,
311940737.jpg,Asclepias_speciosa,superimposed_311940737.jpg,
408638080.jpg,Asclepias_speciosa,superimposed_408638080.jpg,
289344304.jpg,Asclepias_speciosa,superimposed_289344304.jpg,
409343636.jpg,Asclepias_speciosa,superimposed_409343636.jpg,
414926936.jpg,Asclepias_speciosa,superimposed_414926936.jpg,
395946664.jpg,Asclepias_speciosa,superimposed_395946664.jpg,
423426389.jpg,Asclepias_speciosa,,
390833714.jpg,Asclepias_speciosa,,
292234430.jpg,Asclepias_speciosa,superimposed_292234430.jpg,
431444092.jpg,Asclepias_speciosa,,
463629274.jpg,Asclepias_speciosa,superimposed_463629274.jpg,
434495190.jpg,Asclepias_speciosa,,
321778400.jpg,Asclepias_speciosa,superimposed_321778400.jpg,
401919238.jpg,Asclepias_speciosa,superimposed_401919238.jpg,
297241945.jpg,Asclepias_speciosa,superimposed_297241945.jpg,
414298952.jpg,Asclepias_speciosa,,
411980446.jpg,Asclepias_speciosa,superimposed_411980446.jpg,
408274574.jpg,Asclepias_speciosa,superimposed_408274574.jpg,
303530580.jpg,Asclepias_speciosa,superimposed_303530580.jpg,
405803563.jpg,Asclepias_speciosa,,
416027726.jpg,Asclepias_speciosa,,
407358409.jpg,Asclepias_speciosa,,
288674183.jpg,Asclepias_speciosa,,
286368898.jpg,Asclepias_speciosa,superimposed_286368898.jpg,
453112780.jpg,Asclepias_speciosa,,
331502309.jpg,Asclepias_speciosa,,
407608073.jpg,Asclepias_speciosa,superimposed_407608073.jpg,
310149015.jpg,Asclepias_speciosa,,
398300302.jpg,Asclepias_speciosa,superimposed_398300302.jpg,
395033382.jpg,Asclepias_speciosa,superimposed_395033382.jpg,
398998443.jpg,Asclepias_speciosa,superimposed_398998443.jpg,
439598832.jpg,Asclepias_speciosa,,
415229628.jpg,Asclepias_speciosa,,
435341805.jpg,Asclepias_speciosa,,
308527766.jpg,Asclepias_speciosa,,
309220781.jpg,Asclepias_speciosa,superimposed_309220781.jpg,
303394218.jpg,Asclepias_speciosa,superimposed_303394218.jpg,
307235000.jpg,Asclepias_speciosa,,
398861021.jpg,Asclepias_speciosa,,
407155914.jpg,Asclepias_speciosa,superimposed_407155914.jpg,
310595402.jpg,Asclepias_speciosa,superimposed_310595402.jpg,
295690107.jpg,Asclepias_speciosa,,
303360669.jpg,Asclepias_speciosa,superimposed_303360669.jpg,
317948336.jpg,Asclepias_speciosa,,
445229340.jpg,Asclepias_speciosa,,
317138144.jpg,Asclepias_speciosa,superimposed_317138144.jpg,
412471791.jpg,Asclepias_speciosa,,
391586525.jpg,Asclepias_speciosa,,
302328712.jpg,Asclepias_speciosa,,
387949247.jpg,Asclepias_speciosa,,
385320087.jpg,Asclepias_speciosa,,
276434374.jpg,Asclepias_speciosa,superimposed_276434374.jpg,
293842218.jpg,Asclepias_speciosa,,
431448125.jpg,Asclepias_speciosa,,
401919078.jpg,Asclepias_speciosa,,
295719734.jpg,Asclepias_speciosa,superimposed_295719734.jpg,
287707648.jpg,Asclepias_speciosa,superimposed_287707648.jpg,
296554480.jpg,Asclepias_speciosa,superimposed_296554480.jpg,
448276813.jpg,Asclepias_speciosa,,
300893395.jpg,Asclepias_speciosa,superimposed_300893395.jpg,
291145232.jpg,Asclepias_speciosa,,
293929266.jpg,Asclepias_speciosa,superimposed_293929266.jpg,
294463063.jpg,Asclepias_speciosa,superimposed_294463063.jpg,
408626105.jpg,Asclepias_speciosa,,
397592423.jpg,Asclepias_speciosa,superimposed_397592423.jpg,
319141684.jpg,Asclepias_speciosa,superimposed_319141684.jpg,
295494618.jpg,Asclepias_speciosa,,
447777150.jpg,Asclepias_speciosa,,
372948989.jpg,Asclepias_speciosa,,
398824577.jpg,Asclepias_speciosa,,
419630572.jpg,Asclepias_speciosa,,
295660235.jpg,Asclepias_speciosa,superimposed_295660235.jpg,
371119444.jpg,Asclepias_speciosa,,
292022183.jpg,Asclepias_speciosa,,
280212044.jpg,Asclepias_speciosa,,
424944179.jpg,Asclepias_speciosa,,
395846398.jpg,Asclepias_speciosa,,
402160430.jpg,Asclepias_speciosa,superimposed_402160430.jpg,
430518002.jpg,Asclepias_speciosa,,
319681993.jpg,Asclepias_speciosa,,
425720620.jpg,Asclepias_speciosa,,
294257440.jpg,Asclepias_speciosa,superimposed_294257440.jpg,
415226913.jpg,Asclepias_speciosa,,
416966022.jpg,Asclepias_speciosa,,
301569210.jpg,Asclepias_speciosa,superimposed_301569210.jpg,
407552258.jpg,Asclepias_speciosa,superimposed_407552258.jpg,
407365335.jpg,Asclepias_speciosa,,
288004935.jpg,Asclepias_speciosa,,
292177839.jpg,Asclepias_speciosa,,
416331370.jpg,Asclepias_speciosa,,
296257615.jpg,Asclepias_speciosa,superimposed_296257615.jpg,
335822492.jpg,Asclepias_speciosa,,
388069841.jpg,Asclepias_speciosa,,
400262421.jpg,Asclepias_speciosa,,
397489527.jpg,Asclepias_speciosa,superimposed_397489527.jpg,
393383698.jpg,Asclepias_speciosa,superimposed_393383698.jpg,
290402357.jpg,Asclepias_speciosa,,
417934777.jpg,Asclepias_speciosa,,
429764984.jpg,Asclepias_speciosa,,
422483913.jpg,Asclepias_speciosa,,
315037625.jpg,Asclepias_speciosa,,
397113344.jpg,Asclepias_speciosa,superimposed_397113344.jpg,
319393208.jpg,Asclepias_speciosa,,
375541659.jpg,Asclepias_speciosa,,
405225910.jpg,Asclepias_speciosa,,
417359756.jpg,Asclepias_speciosa,,
297539904.jpg,Asclepias_speciosa,superimposed_297539904.jpg,
299389794.jpg,Asclepias_speciosa,superimposed_299389794.jpg,
440506180.jpg,Asclepias_speciosa,,
397526560.jpg,Asclepias_speciosa,superimposed_397526560.jpg,
461793788.jpg,Asclepias_speciosa,superimposed_461793788.jpg,
398414690.jpg,Asclepias_speciosa,,
400459676.jpg,Asclepias_speciosa,,
431451249.jpg,Asclepias_speciosa,,
390627818.jpg,Asclepias_speciosa,,
311652280.jpg,Asclepias_speciosa,superimposed_311652280.jpg,
298602971.jpg,Asclepias_speciosa,superimposed_298602971.jpg,
287446003.jpg,Asclepias_speciosa,superimposed_287446003.jpg,
302230657.jpg,Asclepias_speciosa,,
411047904.jpg,Asclepias_speciosa,,
292796116.jpg,Asclepias_speciosa,superimposed_292796116.jpg,
284687828.jpg,Asclepias_speciosa,,
309782228.jpg,Asclepias_speciosa,,
315631969.jpg,Asclepias_speciosa,,
292142061.jpg,Asclepias_speciosa,superimposed_292142061.jpg,
293920112.jpg,Asclepias_speciosa,superimposed_293920112.jpg,
297198495.jpg,Asclepias_speciosa,superimposed_297198495.jpg,
308798906.jpg,Asclepias_speciosa,,
403032253.jpg,Asclepias_speciosa,superimposed_403032253.jpg,
295860583.jpg,Asclepias_speciosa,superimposed_295860583.jpg,
303572706.jpg,Asclepias_speciosa,,
292872541.jpg,Asclepias_speciosa,superimposed_292872541.jpg,
445092048.jpg,Asclepias_speciosa,,
353137194.jpg,Asclepias_speciosa,superimposed_353137194.jpg,
301329897.jpg,Asclepias_speciosa,,
469477224.jpg,Asclepias_speciosa,,
416342478.jpg,Asclepias_speciosa,,
442962253.jpg,Asclepias_speciosa,,
355169133.jpg,Asclepias_speciosa,superimposed_355169133.jpg,
301060877.jpg,Asclepias_speciosa,superimposed_301060877.jpg,
298661291.jpg,Asclepias_speciosa,superimposed_298661291.jpg,
418150313.jpg,Asclepias_speciosa,,
289440106.jpg,Asclepias_speciosa,,
402724819.jpg,Asclepias_speciosa,superimposed_402724819.jpg,
312104244.jpg,Asclepias_speciosa,,
304623266.jpg,Asclepias_speciosa,,
404216973.jpg,Asclepias_speciosa,superimposed_404216973.jpg,
396181930.jpg,Asclepias_speciosa,,
383198798.jpg,Asclepias_speciosa,,
289068062.jpg,Asclepias_speciosa,,
285862574.jpg,Asclepias_speciosa,,
303562704.jpg,Asclepias_speciosa,,
441889673.jpg,Asclepias_speciosa,,
290688893.jpg,Asclepias_speciosa,,
413169582.jpg,Asclepias_speciosa,,
311378249.jpg,Asclepias_speciosa,,
294100931.jpg,Asclepias_speciosa,superimposed_294100931.jpg,
298132768.jpg,Asclepias_speciosa,,
288421110.jpg,Asclepias_speciosa,superimposed_288421110.jpg,
396229484.jpg,Asclepias_speciosa,,
391179413.jpg,Asclepias_speciosa,superimposed_391179413.jpg,
306554443.jpg,Asclepias_speciosa,superimposed_306554443.jpg,
434578899.jpg,Asclepias_speciosa,,
406642148.jpg,Asclepias_speciosa,superimposed_406642148.jpg,
431409707.jpg,Asclepias_speciosa,,
412431890.jpg,Asclepias_speciosa,,
417375087.jpg,Asclepias_speciosa,superimposed_417375087.jpg,
296270766.jpg,Asclepias_speciosa,,
439276009.jpg,Asclepias_speciosa,,
401919004.jpg,Asclepias_speciosa,superimposed_401919004.jpg,
448765267.jpg,Asclepias_speciosa,,
317449384.jpg,Asclepias_speciosa,,
298120191.jpg,Asclepias_speciosa,superimposed_298120191.jpg,
371459256.jpg,Asclepias_speciosa,,
299995413.jpg,Asclepias_speciosa,superimposed_299995413.jpg,
303384668.jpg,Asclepias_speciosa,,
290069670.jpg,Asclepias_speciosa,superimposed_290069670.jpg,
412686731.jpg,Asclepias_speciosa,superimposed_412686731.jpg,
344165492.jpg,Asclepias_speciosa,,
304007559.jpg,Asclepias_speciosa,superimposed_304007559.jpg,
417118917.jpg,Asclepias_speciosa,,
409377501.jpg,Asclepias_speciosa,superimposed_409377501.jpg,
400895241.jpg,Asclepias_speciosa,superimposed_400895241.jpg,
294065746.jpg,Asclepias_speciosa,,
299190961.jpg,Asclepias_speciosa,superimposed_299190961.jpg,
432492760.jpg,Asclepias_speciosa,,
299356873.jpg,Asclepias_speciosa,,
463630931.jpg,Asclepias_speciosa,,
448607560.jpg,Asclepias_speciosa,,
296892369.jpg,Asclepias_speciosa,superimposed_296892369.jpg,
308280711.jpg,Asclepias_speciosa,superimposed_308280711.jpg,
419351457.jpg,Asclepias_speciosa,,
300507167.jpg,Asclepias_speciosa,,
300811528.jpg,Asclepias_speciosa,superimposed_300811528.jpg,
392632953.jpg,Asclepias_speciosa,,
406118833.jpg,Asclepias_speciosa,,
315608822.jpg,Asclepias_speciosa,,
303599268.jpg,Asclepias_speciosa,,
300154712.jpg,Asclepias_speciosa,superimposed_300154712.jpg,
298653769.jpg,Asclepias_speciosa,superimposed_298653769.jpg,
405612161.jpg,Asclepias_speciosa,,
403488668.jpg,Asclepias_speciosa,superimposed_403488668.jpg,
315379586.jpg,Asclepias_speciosa,,
398357789.jpg,Asclepias_speciosa,superimposed_398357789.jpg,
303132208.jpg,Asclepias_speciosa,,
468380835.jpg,Asclepias_speciosa,,
297788421.jpg,Asclepias_speciosa,superimposed_297788421.jpg,
303526438.jpg,Asclepias_speciosa,superimposed_303526438.jpg,
324257173.jpg,Asclepias_speciosa,,
415587297.jpg,Asclepias_speciosa,superimposed_415587297.jpg,
303577523.jpg,Asclepias_speciosa,,
293257562.jpg,Asclepias_speciosa,superimposed_293257562.jpg,
296734546.jpg,Asclepias_speciosa,superimposed_296734546.jpg,
440935484.jpg,Asclepias_speciosa,,
332962284.jpg,Asclepias_speciosa,,
296543073.jpg,Asclepias_speciosa,,
402099927.jpg,Asclepias_speciosa,superimposed_402099927.jpg,
315032039.jpg,Asclepias_speciosa,,
426535350.jpg,Asclepias_speciosa,,
405920818.jpg,Asclepias_speciosa,,
409331479.jpg,Asclepias_speciosa,,
433428835.jpg,Asclepias_speciosa,,
437307786.jpg,Asclepias_speciosa,,
400881853.jpg,Asclepias_speciosa,superimposed_400881853.jpg,
276742953.jpg,Asclepias_speciosa,,
296773803.jpg,Asclepias_speciosa,superimposed_296773803.jpg,
396130666.jpg,Asclepias_speciosa,superimposed_396130666.jpg,
294129696.jpg,Asclepias_speciosa,superimposed_294129696.jpg,
390834214.jpg,Asclepias_speciosa,,
411193705.jpg,Asclepias_speciosa,,
461315556.jpg,Asclepias_speciosa,,
416256503.jpg,Asclepias_speciosa,superimposed_416256503.jpg,
299715182.jpg,Asclepias_speciosa,,
403001763.jpg,Asclepias_speciosa,superimposed_403001763.jpg,
389753905.jpg,Asclepias_speciosa,superimposed_389753905.jpg,
422137976.jpg,Asclepias_speciosa,,
393478832.jpg,Asclepias_speciosa,superimposed_393478832.jpg,
406348899.jpg,Asclepias_speciosa,superimposed_406348899.jpg,
428324545.jpg,Asclepias_speciosa,,
396771878.jpg,Asclepias_speciosa,superimposed_396771878.jpg,
382044956.jpg,Asclepias_speciosa,,
402653487.jpg,Asclepias_speciosa,,
293062245.jpg,Asclepias_speciosa,superimposed_293062245.jpg,
293422565.jpg,Asclepias_speciosa,superimposed_293422565.jpg,
289493205.jpg,Asclepias_speciosa,,
461501947.jpg,Asclepias_speciosa,,
440741488.jpg,Asclepias_speciosa,,
411414991.jpg,Asclepias_speciosa,,
320921362.jpg,Asclepias_speciosa,,
393531969.jpg,Asclepias_speciosa,superimposed_393531969.jpg,
401690105.jpg,Asclepias_speciosa,superimposed_401690105.jpg,
393062073.jpg,Asclepias_speciosa,superimposed_393062073.jpg,
298867807.jpg,Asclepias_speciosa,superimposed_298867807.jpg,
286678010.jpg,Asclepias_speciosa,,
473274123.jpg,Asclepias_speciosa,,
303135423.jpg,Asclepias_speciosa,,
307189209.jpg,Asclepias_speciosa,,
396387175.jpg,Asclepias_speciosa,superimposed_396387175.jpg,
324326914.jpg,Asclepias_speciosa,,
437928242.jpg,Asclepias_speciosa,,
400687213.jpg,Asclepias_speciosa,superimposed_400687213.jpg,
379802839.jpg,Asclepias_speciosa,,
417774067.jpg,Asclepias_speciosa,,
308696999.jpg,Asclepias_speciosa,superimposed_308696999.jpg,
309908920.jpg,Asclepias_speciosa,,
432823455.jpg,Asclepias_speciosa,,
420564580.jpg,Asclepias_speciosa,,
305502092.jpg,Asclepias_speciosa,,
396131045.jpg,Asclepias_speciosa,superimposed_396131045.jpg,
385022505.jpg,Asclepias_speciosa,superimposed_385022505.jpg,
418702349.jpg,Asclepias_speciosa,,
386687593.jpg,Asclepias_speciosa,,
409141086.jpg,Asclepias_speciosa,superimposed_409141086.jpg,
291297499.jpg,Asclepias_speciosa,superimposed_291297499.jpg,
406194940.jpg,Asclepias_speciosa,superimposed_406194940.jpg,
473282748.jpg,Asclepias_speciosa,,
303562991.jpg,Asclepias_speciosa,,
311138770.jpg,Asclepias_speciosa,,
310046423.jpg,Asclepias_speciosa,,
300087041.jpg,Asclepias_speciosa,superimposed_300087041.jpg,
289929556.jpg,Asclepias_speciosa,,
422605422.jpg,Asclepias_speciosa,,
299620799.jpg,Asclepias_speciosa,superimposed_299620799.jpg,
422137823.jpg,Asclepias_speciosa,,
367960520.jpg,Asclepias_speciosa,superimposed_367960520.jpg,
298805188.jpg,Asclepias_speciosa,,
421903028.jpg,Asclepias_speciosa,superimposed_421903028.jpg,
301396402.jpg,Asclepias_speciosa,superimposed_301396402.jpg,
404271008.jpg,Asclepias_speciosa,superimposed_404271008.jpg,
421999786.jpg,Asclepias_speciosa,,
404144592.jpg,Asclepias_speciosa,superimposed_404144592.jpg,
397537529.jpg,Asclepias_speciosa,superimposed_397537529.jpg,
388611728.jpg,Asclepias_speciosa,,
400720758.jpg,Asclepias_speciosa,,
405000097.jpg,Asclepias_speciosa,,
307592492.jpg,Asclepias_speciosa,,
415065500.jpg,Asclepias_speciosa,,
410796437.jpg,Asclepias_speciosa,superimposed_410796437.jpg,
420621723.jpg,Asclepias_speciosa,,
384644643.jpg,Asclepias_speciosa,,
419448214.jpg,Asclepias_speciosa,,
411033690.jpg,Asclepias_speciosa,,
416586075.jpg,Asclepias_speciosa,superimposed_416586075.jpg,
279418955.jpg,Asclepias_speciosa,,
411964063.jpg,Asclepias_speciosa,,
325159403.jpg,Asclepias_speciosa,,
442961784.jpg,Asclepias_speciosa,,
420798938.jpg,Asclepias_speciosa,,
348128079.jpg,Asclepias_speciosa,superimposed_348128079.jpg,
318030170.jpg,Asclepias_speciosa,,
404236955.jpg,Asclepias_speciosa,superimposed_404236955.jpg,
327670877.jpg,Asclepias_speciosa,,
407602107.jpg,Asclepias_speciosa,superimposed_407602107.jpg,
297858267.jpg,Asclepias_speciosa,,
303137175.jpg,Asclepias_speciosa,superimposed_303137175.jpg,
424342114.jpg,Asclepias_speciosa,,
403862105.jpg,Asclepias_speciosa,superimposed_403862105.jpg,
299283203.jpg,Asclepias_speciosa,superimposed_299283203.jpg,
308492547.jpg,Asclepias_speciosa,,
448315439.jpg,Asclepias_speciosa,,
386046424.jpg,Asclepias_speciosa,superimposed_386046424.jpg,
289071931.jpg,Asclepias_speciosa,superimposed_289071931.jpg,
424342834.jpg,Asclepias_speciosa,,
353176639.jpg,Asclepias_speciosa,,
296731631.jpg,Asclepias_speciosa,superimposed_296731631.jpg,
404841333.jpg,Asclepias_speciosa,superimposed_404841333.jpg,
287140000.jpg,Asclepias_speciosa,,
411085419.jpg,Asclepias_speciosa,,
289345322.jpg,Asclepias_speciosa,superimposed_289345322.jpg,
399118836.jpg,Asclepias_speciosa,superimposed_399118836.jpg,
290993382.jpg,Asclepias_speciosa,,
393345093.jpg,Asclepias_speciosa,,
379901930.jpg,Asclepias_speciosa,,
416031857.jpg,Asclepias_speciosa,,
297571636.jpg,Asclepias_speciosa,superimposed_297571636.jpg,
463081946.jpg,Asclepias_speciosa,superimposed_463081946.jpg,
416067221.jpg,Asclepias_speciosa,,
400841532.jpg,Asclepias_speciosa,superimposed_400841532.jpg,
406124140.jpg,Asclepias_speciosa,superimposed_406124140.jpg,
308606159.jpg,Asclepias_speciosa,,
311624342.jpg,Asclepias_speciosa,,
434460316.jpg,Asclepias_speciosa,,
424345235.jpg,Asclepias_speciosa,,
289505570.jpg,Asclepias_speciosa,,
293485703.jpg,Asclepias_speciosa,superimposed_293485703.jpg,
428243501.jpg,Asclepias_speciosa,,
374419315.jpg,Asclepias_speciosa,,
285102572.jpg,Asclepias_speciosa,superimposed_285102572.jpg,
438078455.jpg,Asclepias_speciosa,,
306480095.jpg,Asclepias_speciosa,,
390354524.jpg,Asclepias_speciosa,,
299684965.jpg,Asclepias_speciosa,superimposed_299684965.jpg,
303133130.jpg,Asclepias_speciosa,superimposed_303133130.jpg,
308497887.jpg,Asclepias_speciosa,,
317681471.jpg,Asclepias_speciosa,,
412039463.jpg,Asclepias_speciosa,,
448548447.jpg,Asclepias_speciosa,,
345441866.jpg,Asclepias_speciosa,,
325914530.jpg,Asclepias_speciosa,,
408306211.jpg,Asclepias_speciosa,superimposed_408306211.jpg,
348378788.jpg,Asclepias_speciosa,,
291683679.jpg,Asclepias_speciosa,,
415967917.jpg,Asclepias_speciosa,,
327674964.jpg,Asclepias_speciosa,,
397823363.jpg,Asclepias_speciosa,,
282869717.jpg,Asclepias_speciosa,,
298602712.jpg,Asclepias_speciosa,superimposed_298602712.jpg,
306035183.jpg,Asclepias_speciosa,superimposed_306035183.jpg,
421450050.jpg,Asclepias_speciosa,,
414282380.jpg,Asclepias_speciosa,,
301567791.jpg,Asclepias_speciosa,superimposed_301567791.jpg,
302885453.jpg,Asclepias_speciosa,,
315616510.jpg,Asclepias_speciosa,,
292213361.jpg,Asclepias_speciosa,,
388420879.jpg,Asclepias_speciosa,,
376535524.jpg,Asclepias_speciosa,,
301677813.jpg,Asclepias_speciosa,,
326580947.jpg,Asclepias_speciosa,,
419384932.jpg,Asclepias_speciosa,,
289102575.jpg,Asclepias_speciosa,,
409433573.jpg,Asclepias_speciosa,,
419054891.jpg,Asclepias_speciosa,superimposed_419054891.jpg,
407577025.jpg,Asclepias_speciosa,superimposed_407577025.jpg,
330184941.jpg,Asclepias_speciosa,,
419146154.jpg,Asclepias_speciosa,,
409169774.jpg,Asclepias_speciosa,superimposed_409169774.jpg,
445230707.jpg,Asclepias_speciosa,,
393487516.jpg,Asclepias_speciosa,,
396182073.jpg,Asclepias_speciosa,,
435775117.jpg,Asclepias_speciosa,,
443565060.jpg,Asclepias_speciosa,,
291102471.jpg,Asclepias_speciosa,,
295869128.jpg,Asclepias_speciosa,superimposed_295869128.jpg,
300678463.jpg,Asclepias_speciosa,superimposed_300678463.jpg,
308787225.jpg,Asclepias_speciosa,,
436994452.jpg,Asclepias_speciosa,,
396677913.jpg,Asclepias_speciosa,superimposed_396677913.jpg,