FileName,Species
714098179.jpg,Monarch
714062001.jpg,Monarch
713991984.jpg,Monarch
713869861.jpg,Monarch
713879924.jpg,Monarch
713807526.jpg,Monarch
713777735.jpg,Monarch
713769708.jpg,Monarch
713700278.jpg,Monarch
713700284.jpg,Monarch
713579205.jpg,Monarch
713576048.jpg,Monarch
713574921.jpg,Monarch
713517234.jpg,Monarch
713499216.jpg,Monarch
713497817.jpg,Monarch
713456926.jpg,Monarch
713439388.jpg,Monarch
713418717.jpg,Monarch
713416396.jpg,Monarch
713382814.jpg,Monarch
713383165.jpg,Monarch
713369327.jpg,Monarch
713360230.jpg,Monarch
713360152.jpg,Monarch
713359186.jpg,Monarch
713335175.jpg,Monarch
713280314.jpg,Monarch
713271549.jpg,Monarch
713252309.jpg,Monarch
713257675.jpg,Monarch
713237963.jpg,Monarch
713231466.jpg,Monarch
713193650.jpg,Monarch
713177709.jpg,Monarch
713177136.jpg,Monarch
713150506.jpg,Monarch
713150099.jpg,Monarch
713141320.jpg,Monarch
713136039.jpg,Monarch
713129502.jpg,Monarch
713111076.jpg,Monarch
713096490.jpg,Monarch
713071637.jpg,Monarch
713071591.jpg,Monarch
712946385.jpg,Monarch
712934533.jpg,Monarch
712927187.jpg,Monarch
712919894.jpg,Monarch
712917404.jpg,Monarch
712914396.jpg,Monarch
712900227.jpg,Monarch
712881733.jpg,Monarch
712874329.jpg,Monarch
712880699.jpg,Monarch
712879516.jpg,Monarch
712874763.jpg,Monarch
712872682.jpg,Monarch
712871603.jpg,Monarch
712868959.jpg,Monarch
712851444.jpg,Monarch
712849099.jpg,Monarch
712841223.jpg,Monarch
712810629.jpg,Monarch
712808492.jpg,Monarch
712807930.jpg,Monarch
712799490.jpg,Monarch
712799393.jpg,Monarch
712792681.jpg,Monarch
712771325.jpg,Monarch
712735479.jpg,Monarch
712733516.jpg,Monarch
712719835.jpg,Monarch
712708957.jpg,Monarch
712710520.jpg,Monarch
712705222.jpg,Monarch
712702917.jpg,Monarch
712662260.jpg,Monarch
712596032.jpg,Monarch
712574173.jpg,Monarch
712518805.jpg,Monarch
712517561.jpg,Monarch
712513683.jpg,Monarch
712449267.jpg,Monarch
712447658.jpg,Monarch
712447361.jpg,Monarch
712447107.jpg,Monarch
712446920.jpg,Monarch
712441575.jpg,Monarch
712425948.jpg,Monarch
712413792.jpg,Monarch
712383496.jpg,Monarch
712381347.jpg,Monarch
712370570.jpg,Monarch
712365425.jpg,Monarch
712337601.jpg,Monarch
712329701.jpg,Monarch
712319686.jpg,Monarch
712317092.jpg,Monarch
712307923.jpg,Monarch
712295019.jpg,Monarch
712294876.jpg,Monarch
712288824.jpg,Monarch
712279405.jpg,Monarch
712274970.jpg,Monarch
712272494.jpg,Monarch
712271509.jpg,Monarch
712264863.jpg,Monarch
712257640.jpg,Monarch
712253604.jpg,Monarch
712253189.jpg,Monarch
712242952.jpg,Monarch
712230392.jpg,Monarch
712197611.jpg,Monarch
712180494.jpg,Monarch
712178639.jpg,Monarch
712171099.jpg,Monarch
712166791.jpg,Monarch
712155589.jpg,Monarch
712158243.jpg,Monarch
712140876.jpg,Monarch
712139852.jpg,Monarch
712125646.jpg,Monarch
712102102.jpg,Monarch
712059417.jpg,Monarch
712057238.jpg,Monarch
712046888.jpg,Monarch
712025498.jpg,Monarch
712021392.jpg,Monarch
711990592.jpg,Monarch
711980566.jpg,Monarch
711973561.jpg,Monarch
711946543.jpg,Monarch
711889710.jpg,Monarch
711889457.jpg,Monarch
711857166.jpg,Monarch
711839816.jpg,Monarch
711834240.jpg,Monarch
711820428.jpg,Monarch
711814384.jpg,Monarch
711808713.jpg,Monarch
711804687.jpg,Monarch
711803683.jpg,Monarch
711794396.jpg,Monarch
711793812.jpg,Monarch
711793582.jpg,Monarch
711793567.jpg,Monarch
711793449.jpg,Monarch
711786431.jpg,Monarch
711785503.jpg,Monarch
711785157.jpg,Monarch
711784871.jpg,Monarch
711781104.jpg,Monarch
711784680.jpg,Monarch
711784392.jpg,Monarch
711784062.jpg,Monarch
711779809.jpg,Monarch
711779756.jpg,Monarch
711779292.jpg,Monarch
711779102.jpg,Monarch
711778665.jpg,Monarch
711778564.jpg,Monarch
711777030.jpg,Monarch
711776791.jpg,Monarch
711775936.jpg,Monarch
711775240.jpg,Monarch
711773945.jpg,Monarch
711772806.jpg,Monarch
711772893.jpg,Monarch
711772263.jpg,Monarch
711757903.jpg,Monarch
711751651.jpg,Monarch
711741895.jpg,Monarch
711742010.jpg,Monarch
711742195.jpg,Monarch
711740657.jpg,Monarch
711734435.jpg,Monarch
711730254.jpg,Monarch
711690304.jpg,Monarch
711677621.jpg,Monarch
711684824.jpg,Monarch
711659587.jpg,Monarch
711659642.jpg,Monarch
711651186.jpg,Monarch
711649826.jpg,Monarch
711647585.jpg,Monarch
711646387.jpg,Monarch
711637115.jpg,Monarch
711629305.jpg,Monarch
711603128.jpg,Monarch
711604085.jpg,Monarch
711601936.jpg,Monarch
711590960.jpg,Monarch
711579448.jpg,Monarch
711573446.jpg,Monarch
711554992.jpg,Monarch
711551943.jpg,Monarch
711541710.jpg,Monarch
711529966.jpg,Monarch
711528960.jpg,Monarch
711522380.jpg,Monarch
711518288.jpg,Monarch
711517579.jpg,Monarch
711515018.jpg,Monarch
711501127.jpg,Monarch
711499432.jpg,Monarch
711488860.jpg,Monarch
711465639.jpg,Monarch
711446280.jpg,Monarch
711436693.jpg,Monarch
711426281.jpg,Monarch
711418480.jpg,Monarch
711417984.jpg,Monarch
711402438.jpg,Monarch
711325672.jpg,Monarch
711322664.jpg,Monarch
711309853.jpg,Monarch
711300004.jpg,Monarch
711292621.jpg,Monarch
711292565.jpg,Monarch
711292530.jpg,Monarch
711285038.jpg,Monarch
711281347.jpg,Monarch
711281143.jpg,Monarch
711276579.jpg,Monarch
711268677.jpg,Monarch
711264511.jpg,Monarch
711263813.jpg,Monarch
711253851.jpg,Monarch
711253615.jpg,Monarch
711244926.jpg,Monarch
711232600.jpg,Monarch
711235642.jpg,Monarch
711232119.jpg,Monarch
711231696.jpg,Monarch
711221612.jpg,Monarch
711206431.jpg,Monarch
711206114.jpg,Monarch
711206032.jpg,Monarch
711206012.jpg,Monarch
711206000.jpg,Monarch
711196824.jpg,Monarch
711197885.jpg,Monarch
711197736.jpg,Monarch
711194963.jpg,Monarch
711179540.jpg,Monarch
711188340.jpg,Monarch
711184769.jpg,Monarch
711184644.jpg,Monarch
711183176.jpg,Monarch
711182309.jpg,Monarch
711178771.jpg,Monarch
711178180.jpg,Monarch
711175604.jpg,Monarch
711156401.jpg,Monarch
711151290.jpg,Monarch
711149179.jpg,Monarch
711134747.jpg,Monarch
711129064.jpg,Monarch
711126946.jpg,Monarch
711108706.jpg,Monarch
711108217.jpg,Monarch
711104042.jpg,Monarch
711102712.jpg,Monarch
711088643.jpg,Monarch
711054961.jpg,Monarch
711051904.jpg,Monarch
711026326.jpg,Monarch
711018250.jpg,Monarch
710937941.jpg,Monarch
710958821.jpg,Monarch
711006508.jpg,Monarch
711004368.jpg,Monarch
710991619.jpg,Monarch
710990324.jpg,Monarch
710949375.jpg,Monarch
710929391.jpg,Monarch
710918265.jpg,Monarch
710915552.jpg,Monarch
710914897.jpg,Monarch
710898137.jpg,Monarch
710888457.jpg,Monarch
710887433.jpg,Monarch
710885522.jpg,Monarch
710876301.jpg,Monarch
710875345.jpg,Monarch
710874353.jpg,Monarch
710870238.jpg,Monarch
710868246.jpg,Monarch
710857557.jpg,Monarch
710853538.jpg,Monarch
710852387.jpg,Monarch
710852004.jpg,Monarch
710844427.jpg,Monarch
710843942.jpg,Monarch
710842867.jpg,Monarch
710837637.jpg,Monarch
710836335.jpg,Monarch
710780640.jpg,Monarch
710769826.jpg,Monarch
710766918.jpg,Monarch
710766898.jpg,Monarch
710760168.jpg,Monarch
710760076.jpg,Monarch
710726316.jpg,Monarch
710730890.jpg,Monarch
710717129.jpg,Monarch
710693440.jpg,Monarch
710710939.jpg,Monarch
710700542.jpg,Monarch
710428302.jpg,Monarch
710645738.jpg,Monarch
710679914.jpg,Monarch
710688356.jpg,Monarch
710674697.jpg,Monarch
710685423.jpg,Monarch
710683809.jpg,Monarch
710680465.jpg,Monarch
710677161.jpg,Monarch
710672924.jpg,Monarch
710659002.jpg,Monarch
710647973.jpg,Monarch
710655478.jpg,Monarch
710635531.jpg,Monarch
710633698.jpg,Monarch
710624441.jpg,Monarch
710623448.jpg,Monarch
710621524.jpg,Monarch
710621053.jpg,Monarch
710620348.jpg,Monarch
710619168.jpg,Monarch
710618009.jpg,Monarch
710616846.jpg,Monarch
710610166.jpg,Monarch
710605844.jpg,Monarch
710082636.jpg,Monarch
710082315.jpg,Monarch
710602354.jpg,Monarch
710590426.jpg,Monarch
710586773.jpg,Monarch
710571274.jpg,Monarch
710581185.jpg,Monarch
710575537.jpg,Monarch
710575393.jpg,Monarch
710571614.jpg,Monarch
710542211.jpg,Monarch
710570710.jpg,Monarch
710566085.jpg,Monarch
710560942.jpg,Monarch
710631953.jpg,Monarch
710568397.jpg,Monarch
710568138.jpg,Monarch
710554958.jpg,Monarch
710538152.jpg,Monarch
710541002.jpg,Monarch
710531461.jpg,Monarch
710530419.jpg,Monarch
710522631.jpg,Monarch
710520388.jpg,Monarch
710514154.jpg,Monarch
710514343.jpg,Monarch
710507533.jpg,Monarch
710507416.jpg,Monarch
710484246.jpg,Monarch
710503050.jpg,Monarch
710501340.jpg,Monarch
710495999.jpg,Monarch
710485569.jpg,Monarch
710484602.jpg,Monarch
710477766.jpg,Monarch
710473329.jpg,Monarch
710464807.jpg,Monarch
710464552.jpg,Monarch
710460224.jpg,Monarch
710459280.jpg,Monarch
710450648.jpg,Monarch
710428517.jpg,Monarch
710425069.jpg,Monarch
710422012.jpg,Monarch
710421706.jpg,Monarch
710421386.jpg,Monarch
710418351.jpg,Monarch
710406110.jpg,Monarch
710402533.jpg,Monarch
710395352.jpg,Monarch
710513999.jpg,Monarch
710392974.jpg,Monarch
710391794.jpg,Monarch
710378683.jpg,Monarch
710379541.jpg,Monarch
710374056.jpg,Monarch
710369836.jpg,Monarch
710362405.jpg,Monarch
710357197.jpg,Monarch
710361861.jpg,Monarch
710355363.jpg,Monarch
710356146.jpg,Monarch
710353896.jpg,Monarch
710352556.jpg,Monarch
710351439.jpg,Monarch
710351399.jpg,Monarch
710351355.jpg,Monarch
710350779.jpg,Monarch
710348209.jpg,Monarch
710343166.jpg,Monarch
710343157.jpg,Monarch
710343129.jpg,Monarch
710343122.jpg,Monarch
710343099.jpg,Monarch
710343081.jpg,Monarch
710343080.jpg,Monarch
710343037.jpg,Monarch
710343049.jpg,Monarch
710343038.jpg,Monarch
710343002.jpg,Monarch
710342999.jpg,Monarch
710343001.jpg,Monarch
710342916.jpg,Monarch
710342918.jpg,Monarch
710342913.jpg,Monarch
710323659.jpg,Monarch
710320333.jpg,Monarch
710305622.jpg,Monarch
710296557.jpg,Monarch
710293737.jpg,Monarch
710292036.jpg,Monarch
710290672.jpg,Monarch
710282293.jpg,Monarch
710280222.jpg,Monarch
710273138.jpg,Monarch
710271381.jpg,Monarch
710253710.jpg,Monarch
710250153.jpg,Monarch
710248931.jpg,Monarch
710242425.jpg,Monarch
710237650.jpg,Monarch
710208669.jpg,Monarch
710205725.jpg,Monarch
710024107.jpg,Monarch
710183255.jpg,Monarch
710173999.jpg,Monarch
710135302.jpg,Monarch
710119609.jpg,Monarch
710104219.jpg,Monarch
710104053.jpg,Monarch
710101507.jpg,Monarch
710100437.jpg,Monarch
710098080.jpg,Monarch
710097554.jpg,Monarch
710099277.jpg,Monarch
710097470.jpg,Monarch
710096984.jpg,Monarch
710094621.jpg,Monarch
710093521.jpg,Monarch
710092484.jpg,Monarch
710091129.jpg,Monarch
710090784.jpg,Monarch
710089542.jpg,Monarch
710080527.jpg,Monarch
710082058.jpg,Monarch
710080468.jpg,Monarch
710078550.jpg,Monarch
710072843.jpg,Monarch
710072745.jpg,Monarch
710072176.jpg,Monarch
710071993.jpg,Monarch
710071100.jpg,Monarch
710062413.jpg,Monarch
710060761.jpg,Monarch
710060078.jpg,Monarch
710045799.jpg,Monarch
710045779.jpg,Monarch
710045780.jpg,Monarch
710045778.jpg,Monarch
710051319.jpg,Monarch
710042464.jpg,Monarch
710050158.jpg,Monarch
710047808.jpg,Monarch
710043882.jpg,Monarch
710042210.jpg,Monarch
710040708.jpg,Monarch
710036400.jpg,Monarch
710033826.jpg,Monarch
710024131.jpg,Monarch
710026275.jpg,Monarch
710012046.jpg,Monarch
710020541.jpg,Monarch
710020420.jpg,Monarch
710019109.jpg,Monarch
710015800.jpg,Monarch
710015629.jpg,Monarch
710014563.jpg,Monarch
710011332.jpg,Monarch
710010040.jpg,Monarch
710007441.jpg,Monarch
710005936.jpg,Monarch
709999726.jpg,Monarch
709996188.jpg,Monarch
709995678.jpg,Monarch
709995022.jpg,Monarch
709989543.jpg,Monarch
709994992.jpg,Monarch
709992366.jpg,Monarch
709989349.jpg,Monarch
709987902.jpg,Monarch
709986057.jpg,Monarch
709985282.jpg,Monarch
709981283.jpg,Monarch
709978382.jpg,Monarch
709975959.jpg,Monarch
709970081.jpg,Monarch
709969901.jpg,Monarch
709968906.jpg,Monarch
709959332.jpg,Monarch
709962301.jpg,Monarch
709959159.jpg,Monarch
709953785.jpg,Monarch
709953741.jpg,Monarch
709941962.jpg,Monarch
709941920.jpg,Monarch
709933658.jpg,Monarch
709933228.jpg,Monarch
709932143.jpg,Monarch
709929316.jpg,Monarch
709925823.jpg,Monarch
709909553.jpg,Monarch
709908606.jpg,Monarch
709905232.jpg,Monarch
709904637.jpg,Monarch
709904177.jpg,Monarch
709900909.jpg,Monarch
709900180.jpg,Monarch
709899354.jpg,Monarch
709893739.jpg,Monarch
709894384.jpg,Monarch
709893806.jpg,Monarch
709893785.jpg,Monarch
709893118.jpg,Monarch
709892220.jpg,Monarch
709885277.jpg,Monarch
709885273.jpg,Monarch
709885242.jpg,Monarch
709885240.jpg,Monarch
709885238.jpg,Monarch
709888776.jpg,Monarch
709887425.jpg,Monarch
709885858.jpg,Monarch
709883228.jpg,Monarch
709882517.jpg,Monarch
709837777.jpg,Monarch
709834728.jpg,Monarch
709830617.jpg,Monarch
709830153.jpg,Monarch
709823018.jpg,Monarch
709821408.jpg,Monarch
709815038.jpg,Monarch
709813849.jpg,Monarch
709815497.jpg,Monarch
709811684.jpg,Monarch
709801981.jpg,Monarch
709802902.jpg,Monarch
709801570.jpg,Monarch
709786118.jpg,Monarch
709796876.jpg,Monarch
709796767.jpg,Monarch
709796699.jpg,Monarch
709796348.jpg,Monarch
709771982.jpg,Monarch
709771951.jpg,Monarch
709771855.jpg,Monarch
709776426.jpg,Monarch
709768169.jpg,Monarch
709767893.jpg,Monarch
709765468.jpg,Monarch
709765413.jpg,Monarch
709758375.jpg,Monarch
709758356.jpg,Monarch
709758244.jpg,Monarch
709762760.jpg,Monarch
709758488.jpg,Monarch
709747051.jpg,Monarch
709747061.jpg,Monarch
709738833.jpg,Monarch
709717620.jpg,Monarch
709716694.jpg,Monarch
709713604.jpg,Monarch
709737731.jpg,Monarch
709733491.jpg,Monarch
709727996.jpg,Monarch
709726151.jpg,Monarch
709706003.jpg,Monarch
709681572.jpg,Monarch
709679436.jpg,Monarch
709678232.jpg,Monarch
709677841.jpg,Monarch
709673991.jpg,Monarch
709667042.jpg,Monarch
709664699.jpg,Monarch
709658444.jpg,Monarch
709656275.jpg,Monarch
709654547.jpg,Monarch
709651327.jpg,Monarch
709649446.jpg,Monarch
709647976.jpg,Monarch
709646075.jpg,Monarch
709636119.jpg,Monarch
709623817.jpg,Monarch
709623143.jpg,Monarch
709611115.jpg,Monarch
709608247.jpg,Monarch
709596834.jpg,Monarch
709596794.jpg,Monarch
709597936.jpg,Monarch
709596515.jpg,Monarch
709567242.jpg,Monarch
709563750.jpg,Monarch
709559531.jpg,Monarch
709549441.jpg,Monarch
709503102.jpg,Monarch
709502215.jpg,Monarch
709483743.jpg,Monarch
709470088.jpg,Monarch
709444345.jpg,Monarch
709433510.jpg,Monarch
709425057.jpg,Monarch
709424995.jpg,Monarch
709424329.jpg,Monarch
709424186.jpg,Monarch
709422569.jpg,Monarch
709415830.jpg,Monarch
709417707.jpg,Monarch
709416744.jpg,Monarch
709401221.jpg,Monarch
709399645.jpg,Monarch
709399394.jpg,Monarch
709395050.jpg,Monarch
709394789.jpg,Monarch
709384443.jpg,Monarch
710115359.jpg,Monarch
709376507.jpg,Monarch
709367323.jpg,Monarch
709358364.jpg,Monarch
709356373.jpg,Monarch
709356345.jpg,Monarch
709352349.jpg,Monarch
709355354.jpg,Monarch
709354483.jpg,Monarch
709353697.jpg,Monarch
709349370.jpg,Monarch
709346179.jpg,Monarch
709339708.jpg,Monarch
709340776.jpg,Monarch
709338258.jpg,Monarch
709337204.jpg,Monarch
709334781.jpg,Monarch
709331844.jpg,Monarch
709314925.jpg,Monarch
709306980.jpg,Monarch
709299639.jpg,Monarch
709295306.jpg,Monarch
709293999.jpg,Monarch
709280159.jpg,Monarch
709276871.jpg,Monarch
709277880.jpg,Monarch
709270415.jpg,Monarch
709263968.jpg,Monarch
709261889.jpg,Monarch
709250880.jpg,Monarch
709246802.jpg,Monarch
709243437.jpg,Monarch
709241609.jpg,Monarch
709237344.jpg,Monarch
709227849.jpg,Monarch
709225831.jpg,Monarch
709225747.jpg,Monarch
709221305.jpg,Monarch
709220809.jpg,Monarch
709207100.jpg,Monarch
709205730.jpg,Monarch
709196583.jpg,Monarch
709196657.jpg,Monarch
709192398.jpg,Monarch
709176446.jpg,Monarch
709168996.jpg,Monarch
709166936.jpg,Monarch
709166600.jpg,Monarch
709166535.jpg,Monarch
709160817.jpg,Monarch
709156882.jpg,Monarch
709155980.jpg,Monarch
709155036.jpg,Monarch
709145427.jpg,Monarch
709141094.jpg,Monarch
709138636.jpg,Monarch
709178024.jpg,Monarch
709132399.jpg,Monarch
709132063.jpg,Monarch
709131724.jpg,Monarch
709130478.jpg,Monarch
709130297.jpg,Monarch
709118844.jpg,Monarch
709119680.jpg,Monarch
709115319.jpg,Monarch
709111737.jpg,Monarch
709107097.jpg,Monarch
709110303.jpg,Monarch
709104088.jpg,Monarch
709104090.jpg,Monarch
709107279.jpg,Monarch
709098431.jpg,Monarch
709098428.jpg,Monarch
709098399.jpg,Monarch
709098395.jpg,Monarch
709098389.jpg,Monarch
709098367.jpg,Monarch
709098366.jpg,Monarch
709098356.jpg,Monarch
709098324.jpg,Monarch
709098321.jpg,Monarch
709098314.jpg,Monarch
709104516.jpg,Monarch
709103316.jpg,Monarch
709102747.jpg,Monarch
709101137.jpg,Monarch
709098128.jpg,Monarch
709096964.jpg,Monarch
709096638.jpg,Monarch
709089300.jpg,Monarch
709089044.jpg,Monarch
709088863.jpg,Monarch
712227307.jpg,Monarch
709087161.jpg,Monarch
709081817.jpg,Monarch
709081917.jpg,Monarch
709078485.jpg,Monarch
709063060.jpg,Monarch
709074420.jpg,Monarch
709073520.jpg,Monarch
709071392.jpg,Monarch
709069446.jpg,Monarch
709070035.jpg,Monarch
709069800.jpg,Monarch
709068564.jpg,Monarch
709058770.jpg,Monarch
709056371.jpg,Monarch
709055227.jpg,Monarch
709051071.jpg,Monarch
709046928.jpg,Monarch
709048551.jpg,Monarch
709046085.jpg,Monarch
709045272.jpg,Monarch
709036840.jpg,Monarch
709028864.jpg,Monarch
709024232.jpg,Monarch
709023891.jpg,Monarch
709022514.jpg,Monarch
709026593.jpg,Monarch
709970816.jpg,Monarch
709021630.jpg,Monarch
709020967.jpg,Monarch
709020110.jpg,Monarch
709016809.jpg,Monarch
709001328.jpg,Monarch
709000653.jpg,Monarch
709005520.jpg,Monarch
709004459.jpg,Monarch
709004400.jpg,Monarch
708989360.jpg,Monarch
708978876.jpg,Monarch
708976096.jpg,Monarch
708971908.jpg,Monarch
708971364.jpg,Monarch
708960654.jpg,Monarch
708960305.jpg,Monarch
708957099.jpg,Monarch
708957088.jpg,Monarch
708956638.jpg,Monarch
708948361.jpg,Monarch
708949774.jpg,Monarch
708949277.jpg,Monarch
708945962.jpg,Monarch
708945227.jpg,Monarch
708942024.jpg,Monarch
708940305.jpg,Monarch
708940200.jpg,Monarch
708937160.jpg,Monarch
708936960.jpg,Monarch
708936504.jpg,Monarch
708923636.jpg,Monarch
708935042.jpg,Monarch
708933219.jpg,Monarch
708930306.jpg,Monarch
708929250.jpg,Monarch
708928402.jpg,Monarch
708922661.jpg,Monarch
708922053.jpg,Monarch
708914615.jpg,Monarch
708914299.jpg,Monarch
708913348.jpg,Monarch
708911705.jpg,Monarch
708911874.jpg,Monarch
708898346.jpg,Monarch
708895577.jpg,Monarch
708894689.jpg,Monarch
708893014.jpg,Monarch
708879734.jpg,Monarch
708879729.jpg,Monarch
708879592.jpg,Monarch
708879583.jpg,Monarch
708879571.jpg,Monarch
708879533.jpg,Monarch
708879522.jpg,Monarch
708880717.jpg,Monarch
708877097.jpg,Monarch
708876320.jpg,Monarch
708876283.jpg,Monarch
708859862.jpg,Monarch
708851495.jpg,Monarch
708851468.jpg,Monarch
708851451.jpg,Monarch
708851452.jpg,Monarch
708851427.jpg,Monarch
708851419.jpg,Monarch
708851417.jpg,Monarch
708851413.jpg,Monarch
708819457.jpg,Monarch
708818336.jpg,Monarch
708818320.jpg,Monarch
708811460.jpg,Monarch
708801928.jpg,Monarch
708801260.jpg,Monarch
708799331.jpg,Monarch
708798364.jpg,Monarch
708794638.jpg,Monarch
708790255.jpg,Monarch
708790231.jpg,Monarch
708790215.jpg,Monarch
708790108.jpg,Monarch
708790059.jpg,Monarch
708793803.jpg,Monarch
708790501.jpg,Monarch
708787557.jpg,Monarch
708787226.jpg,Monarch
708784629.jpg,Monarch
708780309.jpg,Monarch
708779122.jpg,Monarch
708773247.jpg,Monarch
708772240.jpg,Monarch
708764246.jpg,Monarch
708769391.jpg,Monarch
708768355.jpg,Monarch
708765927.jpg,Monarch
708764658.jpg,Monarch
708760384.jpg,Monarch
708760134.jpg,Monarch
708759463.jpg,Monarch
708763652.jpg,Monarch
708763381.jpg,Monarch
708759366.jpg,Monarch
708759675.jpg,Monarch
708754662.jpg,Monarch
708757791.jpg,Monarch
708757020.jpg,Monarch
708750617.jpg,Monarch
708742429.jpg,Monarch
708749687.jpg,Monarch
708748980.jpg,Monarch
708747429.jpg,Monarch
708746843.jpg,Monarch
708746149.jpg,Monarch
708744489.jpg,Monarch
708743600.jpg,Monarch
708743555.jpg,Monarch
708742585.jpg,Monarch
708742286.jpg,Monarch
708741524.jpg,Monarch
708741751.jpg,Monarch
708741149.jpg,Monarch
708739960.jpg,Monarch
708740371.jpg,Monarch
708740141.jpg,Monarch
708739709.jpg,Monarch
708716521.jpg,Monarch
708738348.jpg,Monarch
708738408.jpg,Monarch
708738377.jpg,Monarch
708738353.jpg,Monarch
708738287.jpg,Monarch
708738154.jpg,Monarch
708738060.jpg,Monarch
708737189.jpg,Monarch
708737034.jpg,Monarch
708736694.jpg,Monarch
708736123.jpg,Monarch
708736986.jpg,Monarch
708734487.jpg,Monarch
708733837.jpg,Monarch
708742366.jpg,Monarch
708731816.jpg,Monarch
708731750.jpg,Monarch
708731602.jpg,Monarch
708729902.jpg,Monarch
708728099.jpg,Monarch
708725690.jpg,Monarch
708725393.jpg,Monarch
708723865.jpg,Monarch
708721252.jpg,Monarch
708721610.jpg,Monarch
708720105.jpg,Monarch
708719150.jpg,Monarch
708719509.jpg,Monarch
708719494.jpg,Monarch
708716910.jpg,Monarch
708719022.jpg,Monarch
708708912.jpg,Monarch
708716025.jpg,Monarch
708717158.jpg,Monarch
708716546.jpg,Monarch
708714789.jpg,Monarch
708714439.jpg,Monarch
708714263.jpg,Monarch
708713347.jpg,Monarch
709227016.jpg,Monarch
708711275.jpg,Monarch
708710777.jpg,Monarch
708710512.jpg,Monarch
708710196.jpg,Monarch
708710193.jpg,Monarch
708709934.jpg,Monarch
708706491.jpg,Monarch
708709674.jpg,Monarch
708709470.jpg,Monarch
708709128.jpg,Monarch
708708896.jpg,Monarch
708708499.jpg,Monarch
708707011.jpg,Monarch
708712766.jpg,Monarch
708705814.jpg,Monarch
708705375.jpg,Monarch
708705428.jpg,Monarch
708705317.jpg,Monarch
708704640.jpg,Monarch
708702910.jpg,Monarch
708702279.jpg,Monarch
708699600.jpg,Monarch
708699187.jpg,Monarch
708698956.jpg,Monarch
708696838.jpg,Monarch
708696818.jpg,Monarch
708692388.jpg,Monarch
708693598.jpg,Monarch
708693156.jpg,Monarch
708691811.jpg,Monarch
708691395.jpg,Monarch
708692439.jpg,Monarch
708690688.jpg,Monarch
708692391.jpg,Monarch
708689494.jpg,Monarch
708689058.jpg,Monarch
708687743.jpg,Monarch
708686141.jpg,Monarch
708684619.jpg,Monarch
708684945.jpg,Monarch
708684757.jpg,Monarch
708684451.jpg,Monarch
708684391.jpg,Monarch
708684065.jpg,Monarch
708683938.jpg,Monarch
708683880.jpg,Monarch
708683559.jpg,Monarch
708683207.jpg,Monarch
708682742.jpg,Monarch
708682530.jpg,Monarch
708682391.jpg,Monarch
708682307.jpg,Monarch
708682324.jpg,Monarch
708675233.jpg,Monarch
708674999.jpg,Monarch
708674976.jpg,Monarch
708680158.jpg,Monarch
708674948.jpg,Monarch
708674861.jpg,Monarch
708680172.jpg,Monarch
708674662.jpg,Monarch
708674626.jpg,Monarch
708674620.jpg,Monarch
708674628.jpg,Monarch
708674607.jpg,Monarch
708674418.jpg,Monarch
708679989.jpg,Monarch
708679790.jpg,Monarch
708679715.jpg,Monarch
708679628.jpg,Monarch
708679396.jpg,Monarch
708679213.jpg,Monarch
708678818.jpg,Monarch
708678608.jpg,Monarch
708678592.jpg,Monarch
708678647.jpg,Monarch
708678109.jpg,Monarch
708678062.jpg,Monarch
708678002.jpg,Monarch
708677881.jpg,Monarch
708677767.jpg,Monarch
708675712.jpg,Monarch
708675137.jpg,Monarch
708675165.jpg,Monarch
708673544.jpg,Monarch
708673155.jpg,Monarch
708672205.jpg,Monarch
708671294.jpg,Monarch
708670359.jpg,Monarch
708668237.jpg,Monarch
708667911.jpg,Monarch
708667522.jpg,Monarch
708667332.jpg,Monarch
708666646.jpg,Monarch
708666178.jpg,Monarch
708665202.jpg,Monarch
708665210.jpg,Monarch
708664989.jpg,Monarch
708664872.jpg,Monarch
708662275.jpg,Monarch
708661251.jpg,Monarch
708659379.jpg,Monarch
708659111.jpg,Monarch
708658101.jpg,Monarch
708657845.jpg,Monarch
708657544.jpg,Monarch
708657422.jpg,Monarch
708653387.jpg,Monarch
708656436.jpg,Monarch
708655726.jpg,Monarch
708655446.jpg,Monarch
708655039.jpg,Monarch
708652975.jpg,Monarch
708684497.jpg,Monarch
708652070.jpg,Monarch
708652045.jpg,Monarch
708650710.jpg,Monarch
708649641.jpg,Monarch
708640072.jpg,Monarch
708647815.jpg,Monarch
708647715.jpg,Monarch
708647831.jpg,Monarch
708647672.jpg,Monarch
708647601.jpg,Monarch
708647511.jpg,Monarch
708647585.jpg,Monarch
708647366.jpg,Monarch
708646209.jpg,Monarch
708645218.jpg,Monarch
708635377.jpg,Monarch
708642137.jpg,Monarch
708644103.jpg,Monarch
708642337.jpg,Monarch
708640957.jpg,Monarch
708640771.jpg,Monarch
708635757.jpg,Monarch
708637760.jpg,Monarch
708637624.jpg,Monarch
708637640.jpg,Monarch
708630810.jpg,Monarch
708629848.jpg,Monarch
708629800.jpg,Monarch
708629716.jpg,Monarch
708636095.jpg,Monarch
708634668.jpg,Monarch
708634622.jpg,Monarch
710438007.jpg,Monarch
708634092.jpg,Monarch
708633591.jpg,Monarch
708633548.jpg,Monarch
708633291.jpg,Monarch
708632276.jpg,Monarch
708630475.jpg,Monarch
708632243.jpg,Monarch
708630197.jpg,Monarch
708627351.jpg,Monarch
708629533.jpg,Monarch
708628895.jpg,Monarch
708629002.jpg,Monarch
708628888.jpg,Monarch
708628699.jpg,Monarch
708628039.jpg,Monarch
708627127.jpg,Monarch
708626901.jpg,Monarch
708626561.jpg,Monarch
708626224.jpg,Monarch
708625769.jpg,Monarch
708625340.jpg,Monarch
708633392.jpg,Monarch
708624847.jpg,Monarch
708623075.jpg,Monarch
708621992.jpg,Monarch
708620563.jpg,Monarch
708616493.jpg,Monarch
708618531.jpg,Monarch
708618326.jpg,Monarch
708621786.jpg,Monarch
708617242.jpg,Monarch
708616989.jpg,Monarch
708616247.jpg,Monarch
708616342.jpg,Monarch
708615433.jpg,Monarch
708615210.jpg,Monarch
708614643.jpg,Monarch
708614144.jpg,Monarch
708612979.jpg,Monarch
708612344.jpg,Monarch
708611690.jpg,Monarch
708605826.jpg,Monarch
708605539.jpg,Monarch
708610617.jpg,Monarch
708610339.jpg,Monarch
708605811.jpg,Monarch
708607510.jpg,Monarch
708606440.jpg,Monarch
708602112.jpg,Monarch
708597492.jpg,Monarch
708597464.jpg,Monarch
708597455.jpg,Monarch
708600958.jpg,Monarch
708600661.jpg,Monarch
708600065.jpg,Monarch
708598541.jpg,Monarch
708597612.jpg,Monarch
708596299.jpg,Monarch
708595919.jpg,Monarch
708595109.jpg,Monarch
708592566.jpg,Monarch
708592782.jpg,Monarch
708590747.jpg,Monarch
708591067.jpg,Monarch
708590784.jpg,Monarch
708590135.jpg,Monarch
708589758.jpg,Monarch
708589617.jpg,Monarch
708587201.jpg,Monarch
708586760.jpg,Monarch
708586366.jpg,Monarch
708584861.jpg,Monarch
708585016.jpg,Monarch
708584587.jpg,Monarch
708584312.jpg,Monarch
708583612.jpg,Monarch
708583520.jpg,Monarch
708583529.jpg,Monarch
708583387.jpg,Monarch
708581381.jpg,Monarch
708581241.jpg,Monarch
708580897.jpg,Monarch
708580214.jpg,Monarch
708580780.jpg,Monarch
708580506.jpg,Monarch
708580147.jpg,Monarch
708580105.jpg,Monarch
708578470.jpg,Monarch
708579799.jpg,Monarch
708579703.jpg,Monarch
708579589.jpg,Monarch
708579483.jpg,Monarch
708579396.jpg,Monarch
708579215.jpg,Monarch
708579224.jpg,Monarch
708578965.jpg,Monarch
708577232.jpg,Monarch
708577696.jpg,Monarch
708577141.jpg,Monarch
708575743.jpg,Monarch
708575684.jpg,Monarch
708574657.jpg,Monarch
708571010.jpg,Monarch
708573264.jpg,Monarch
708572122.jpg,Monarch
708566381.jpg,Monarch
708571160.jpg,Monarch
708570333.jpg,Monarch
708568522.jpg,Monarch
708566503.jpg,Monarch
708564753.jpg,Monarch
708563162.jpg,Monarch
708563009.jpg,Monarch
708562968.jpg,Monarch
708562725.jpg,Monarch
708560836.jpg,Monarch
708560597.jpg,Monarch
708559661.jpg,Monarch
708559447.jpg,Monarch
708558152.jpg,Monarch
708556887.jpg,Monarch
708556642.jpg,Monarch
708556590.jpg,Monarch
708555991.jpg,Monarch
708554529.jpg,Monarch
708553992.jpg,Monarch
708553604.jpg,Monarch
708553529.jpg,Monarch
708552809.jpg,Monarch
708552106.jpg,Monarch
709167640.jpg,Monarch
708548522.jpg,Monarch
708548367.jpg,Monarch
708540154.jpg,Monarch
708547320.jpg,Monarch
708580548.jpg,Monarch
708545733.jpg,Monarch
708544055.jpg,Monarch
708544444.jpg,Monarch
708543994.jpg,Monarch
708543271.jpg,Monarch
708542361.jpg,Monarch
708537208.jpg,Monarch
708534945.jpg,Monarch
708539360.jpg,Monarch
708539302.jpg,Monarch
708538565.jpg,Monarch
708536448.jpg,Monarch
708533632.jpg,Monarch
708533628.jpg,Monarch
708533528.jpg,Monarch
708533503.jpg,Monarch
708533388.jpg,Monarch
708533609.jpg,Monarch
708533322.jpg,Monarch
708532972.jpg,Monarch
708532942.jpg,Monarch
708532871.jpg,Monarch
708534633.jpg,Monarch
708534352.jpg,Monarch
708534140.jpg,Monarch
708533978.jpg,Monarch
708533052.jpg,Monarch
708532812.jpg,Monarch
708532229.jpg,Monarch
708531296.jpg,Monarch
708530846.jpg,Monarch
708530658.jpg,Monarch
708530442.jpg,Monarch
708529669.jpg,Monarch
708528170.jpg,Monarch
708527985.jpg,Monarch
708527217.jpg,Monarch
708527408.jpg,Monarch
708527246.jpg,Monarch
708526505.jpg,Monarch
708523688.jpg,Monarch
708521969.jpg,Monarch
708521114.jpg,Monarch
708513054.jpg,Monarch
708518440.jpg,Monarch
708517827.jpg,Monarch
708797858.jpg,Monarch
708515161.jpg,Monarch
708507001.jpg,Monarch
708506938.jpg,Monarch
708509644.jpg,Monarch
708509033.jpg,Monarch
708508488.jpg,Monarch
708503663.jpg,Monarch
708508280.jpg,Monarch
708507475.jpg,Monarch
708507454.jpg,Monarch
708617765.jpg,Monarch
708506624.jpg,Monarch
708506100.jpg,Monarch
708505717.jpg,Monarch
708504008.jpg,Monarch
708491838.jpg,Monarch
708497596.jpg,Monarch
708497487.jpg,Monarch
708502472.jpg,Monarch
708500321.jpg,Monarch
708499363.jpg,Monarch
708498152.jpg,Monarch
708497952.jpg,Monarch
708497781.jpg,Monarch
708497711.jpg,Monarch
708495632.jpg,Monarch
708495199.jpg,Monarch
708495201.jpg,Monarch
708494085.jpg,Monarch
708493573.jpg,Monarch
708492450.jpg,Monarch
708492446.jpg,Monarch
708489059.jpg,Monarch
708488038.jpg,Monarch
708487677.jpg,Monarch
708487440.jpg,Monarch
708487493.jpg,Monarch
708487324.jpg,Monarch
708486986.jpg,Monarch
708485737.jpg,Monarch
708484652.jpg,Monarch
708484473.jpg,Monarch
708484525.jpg,Monarch
708483423.jpg,Monarch
708483735.jpg,Monarch
708483426.jpg,Monarch
708481148.jpg,Monarch
708480400.jpg,Monarch
708477291.jpg,Monarch
708477287.jpg,Monarch
708476344.jpg,Monarch
708475445.jpg,Monarch
708473289.jpg,Monarch
708473040.jpg,Monarch
708492290.jpg,Monarch
708470168.jpg,Monarch
708468313.jpg,Monarch
708468049.jpg,Monarch
708467991.jpg,Monarch
708468259.jpg,Monarch
708474931.jpg,Monarch
708467168.jpg,Monarch
708466869.jpg,Monarch
708456247.jpg,Monarch
708465482.jpg,Monarch
708463946.jpg,Monarch
708463545.jpg,Monarch
709044092.jpg,Monarch
708462786.jpg,Monarch
708462532.jpg,Monarch
708462471.jpg,Monarch
708461186.jpg,Monarch
708460929.jpg,Monarch
708459965.jpg,Monarch
708459532.jpg,Monarch
708459036.jpg,Monarch
708458756.jpg,Monarch
708458420.jpg,Monarch
708457532.jpg,Monarch
709105053.jpg,Monarch
708455954.jpg,Monarch
708455377.jpg,Monarch
708454300.jpg,Monarch
708454000.jpg,Monarch
708452516.jpg,Monarch
708451707.jpg,Monarch
708451091.jpg,Monarch
708451015.jpg,Monarch
708450945.jpg,Monarch
708442802.jpg,Monarch
708450790.jpg,Monarch
708448744.jpg,Monarch
708448603.jpg,Monarch
708448390.jpg,Monarch
708447782.jpg,Monarch
708447329.jpg,Monarch
708446606.jpg,Monarch
708441513.jpg,Monarch
708441411.jpg,Monarch
708443345.jpg,Monarch
708438932.jpg,Monarch
708442814.jpg,Monarch
708441821.jpg,Monarch
708442090.jpg,Monarch
708441222.jpg,Monarch
708441166.jpg,Monarch
708439340.jpg,Monarch
708439984.jpg,Monarch
708439877.jpg,Monarch
708438940.jpg,Monarch
708439563.jpg,Monarch
708439184.jpg,Monarch
708438513.jpg,Monarch
708436885.jpg,Monarch
708436352.jpg,Monarch
708435733.jpg,Monarch
708389957.jpg,Monarch
708434405.jpg,Monarch
708434153.jpg,Monarch
708432591.jpg,Monarch
708429910.jpg,Monarch
708427889.jpg,Monarch
708428856.jpg,Monarch
708423730.jpg,Monarch
708423443.jpg,Monarch
708423340.jpg,Monarch
708421742.jpg,Monarch
708421630.jpg,Monarch
708421095.jpg,Monarch
712715882.jpg,Monarch
708419913.jpg,Monarch
708419428.jpg,Monarch
708416697.jpg,Monarch
708390021.jpg,Monarch
708415716.jpg,Monarch
708415763.jpg,Monarch
708416183.jpg,Monarch
708415773.jpg,Monarch
708415565.jpg,Monarch
708415080.jpg,Monarch
708589958.jpg,Monarch
708414231.jpg,Monarch
708413987.jpg,Monarch
708412144.jpg,Monarch
708411500.jpg,Monarch
708410023.jpg,Monarch
708409867.jpg,Monarch
708409561.jpg,Monarch
708408542.jpg,Monarch
708407758.jpg,Monarch
708407132.jpg,Monarch
708406411.jpg,Monarch
708405718.jpg,Monarch
708403849.jpg,Monarch
708403975.jpg,Monarch
708393337.jpg,Monarch
708400969.jpg,Monarch
708400982.jpg,Monarch
708404922.jpg,Monarch
708374032.jpg,Monarch
708400643.jpg,Monarch
708396312.jpg,Monarch
708395348.jpg,Monarch
708392321.jpg,Monarch
708392024.jpg,Monarch
708390050.jpg,Monarch
708393035.jpg,Monarch
708386832.jpg,Monarch
708384987.jpg,Monarch
708383916.jpg,Monarch
708383739.jpg,Monarch
708383029.jpg,Monarch
708382723.jpg,Monarch
708486236.jpg,Monarch
708382224.jpg,Monarch
708382215.jpg,Monarch
708380752.jpg,Monarch
708380673.jpg,Monarch
708380364.jpg,Monarch
708380094.jpg,Monarch
708380034.jpg,Monarch
708379946.jpg,Monarch
708379696.jpg,Monarch
708379554.jpg,Monarch
708379233.jpg,Monarch
708378964.jpg,Monarch
708379026.jpg,Monarch
708376064.jpg,Monarch
708374033.jpg,Monarch
708373684.jpg,Monarch
708372928.jpg,Monarch
708372592.jpg,Monarch
708371790.jpg,Monarch
708371499.jpg,Monarch
708371543.jpg,Monarch
708370093.jpg,Monarch
708369474.jpg,Monarch
708369075.jpg,Monarch
708368130.jpg,Monarch
708367350.jpg,Monarch
708365384.jpg,Monarch
708362847.jpg,Monarch
708362551.jpg,Monarch
708363530.jpg,Monarch
708362516.jpg,Monarch
708362458.jpg,Monarch
708362175.jpg,Monarch
708359290.jpg,Monarch
708359283.jpg,Monarch
708359261.jpg,Monarch
708359253.jpg,Monarch
708359209.jpg,Monarch
708360112.jpg,Monarch
708358469.jpg,Monarch
708353113.jpg,Monarch
708352659.jpg,Monarch
708352487.jpg,Monarch
708352226.jpg,Monarch
708351236.jpg,Monarch
708351098.jpg,Monarch
708351036.jpg,Monarch
708350780.jpg,Monarch
708347498.jpg,Monarch
708347248.jpg,Monarch
708346368.jpg,Monarch
708346204.jpg,Monarch
708345026.jpg,Monarch
708342894.jpg,Monarch
708341683.jpg,Monarch
708340587.jpg,Monarch
708339413.jpg,Monarch
708335670.jpg,Monarch
708335614.jpg,Monarch
708335505.jpg,Monarch
708335548.jpg,Monarch
708334433.jpg,Monarch
708334375.jpg,Monarch
708331939.jpg,Monarch
708330750.jpg,Monarch
708329857.jpg,Monarch
708329498.jpg,Monarch
708329394.jpg,Monarch
708328249.jpg,Monarch
710011028.jpg,Monarch
708314056.jpg,Monarch
708313805.jpg,Monarch
708309348.jpg,Monarch
708309047.jpg,Monarch
708304194.jpg,Monarch
708304179.jpg,Monarch
708304187.jpg,Monarch
708304140.jpg,Monarch
708288693.jpg,Monarch
708282684.jpg,Monarch
708282193.jpg,Monarch
708240536.jpg,Monarch
708235800.jpg,Monarch
708233820.jpg,Monarch
708227188.jpg,Monarch
708225655.jpg,Monarch
708212382.jpg,Monarch
708209256.jpg,Monarch
708202746.jpg,Monarch
708208249.jpg,Monarch
708202971.jpg,Monarch
708198144.jpg,Monarch
708201969.jpg,Monarch
708201798.jpg,Monarch
708199327.jpg,Monarch
708198489.jpg,Monarch
708197684.jpg,Monarch
708197065.jpg,Monarch
708196428.jpg,Monarch
708193681.jpg,Monarch
708180840.jpg,Monarch
708192263.jpg,Monarch
708190852.jpg,Monarch
708189531.jpg,Monarch
708189361.jpg,Monarch
708189011.jpg,Monarch
708183230.jpg,Monarch
708179377.jpg,Monarch
708175768.jpg,Monarch
708175619.jpg,Monarch
708175009.jpg,Monarch
708174295.jpg,Monarch
708173904.jpg,Monarch
708173301.jpg,Monarch
708171945.jpg,Monarch
708171226.jpg,Monarch
708170234.jpg,Monarch
708166183.jpg,Monarch
708166122.jpg,Monarch
708165987.jpg,Monarch
708165911.jpg,Monarch
708165235.jpg,Monarch
708165488.jpg,Monarch
708163358.jpg,Monarch
708163302.jpg,Monarch
708163270.jpg,Monarch
708163174.jpg,Monarch
708164385.jpg,Monarch
708141254.jpg,Monarch
708153466.jpg,Monarch
708153341.jpg,Monarch
708153331.jpg,Monarch
708152930.jpg,Monarch
708152765.jpg,Monarch
708154318.jpg,Monarch
708153635.jpg,Monarch
708151398.jpg,Monarch
708151397.jpg,Monarch
708152427.jpg,Monarch
708152081.jpg,Monarch
708150442.jpg,Monarch
708150038.jpg,Monarch
708149371.jpg,Monarch
708149308.jpg,Monarch
708148771.jpg,Monarch
708146887.jpg,Monarch
708146608.jpg,Monarch
708145812.jpg,Monarch
708143916.jpg,Monarch
708143844.jpg,Monarch
708143839.jpg,Monarch
708143766.jpg,Monarch
708144430.jpg,Monarch
708143846.jpg,Monarch
708140469.jpg,Monarch
708139826.jpg,Monarch
708137206.jpg,Monarch
708136619.jpg,Monarch
708135891.jpg,Monarch
708136730.jpg,Monarch
708137497.jpg,Monarch
708135737.jpg,Monarch
708117082.jpg,Monarch
708130156.jpg,Monarch
708133746.jpg,Monarch
708133021.jpg,Monarch
708132737.jpg,Monarch
708133356.jpg,Monarch
708132177.jpg,Monarch
708131822.jpg,Monarch
708129001.jpg,Monarch
708130098.jpg,Monarch
708129435.jpg,Monarch
708129262.jpg,Monarch
708128452.jpg,Monarch
708126798.jpg,Monarch
708126535.jpg,Monarch
708125940.jpg,Monarch
708125682.jpg,Monarch
708126176.jpg,Monarch
708124891.jpg,Monarch
708124757.jpg,Monarch
708124421.jpg,Monarch
708123807.jpg,Monarch
708122181.jpg,Monarch
708555417.jpg,Monarch
708120419.jpg,Monarch
708121055.jpg,Monarch
708120055.jpg,Monarch
708118174.jpg,Monarch
708117847.jpg,Monarch
708115536.jpg,Monarch
708115515.jpg,Monarch
708113723.jpg,Monarch
708113145.jpg,Monarch
708112028.jpg,Monarch
708112018.jpg,Monarch
708111739.jpg,Monarch
708110992.jpg,Monarch
708110652.jpg,Monarch
708110231.jpg,Monarch
708110012.jpg,Monarch
708109679.jpg,Monarch
708109636.jpg,Monarch
709003702.jpg,Monarch
708108288.jpg,Monarch
708107864.jpg,Monarch
708107280.jpg,Monarch
708106098.jpg,Monarch
708105874.jpg,Monarch
708105702.jpg,Monarch
708105412.jpg,Monarch
708103257.jpg,Monarch
708103616.jpg,Monarch
708102352.jpg,Monarch
708100390.jpg,Monarch
708101463.jpg,Monarch
708099998.jpg,Monarch
708098742.jpg,Monarch
708095751.jpg,Monarch
708098591.jpg,Monarch
708096025.jpg,Monarch
708097312.jpg,Monarch
708102032.jpg,Monarch
708096011.jpg,Monarch
708095309.jpg,Monarch
708095332.jpg,Monarch
708094037.jpg,Monarch
708092096.jpg,Monarch
708091893.jpg,Monarch
708089752.jpg,Monarch
708089261.jpg,Monarch
708089172.jpg,Monarch
708086831.jpg,Monarch
708086741.jpg,Monarch
708086717.jpg,Monarch
708086287.jpg,Monarch
708086096.jpg,Monarch
708086042.jpg,Monarch
708071906.jpg,Monarch
708084542.jpg,Monarch
708084419.jpg,Monarch
708083309.jpg,Monarch
708083023.jpg,Monarch
708082459.jpg,Monarch
708078982.jpg,Monarch
708081614.jpg,Monarch
708081631.jpg,Monarch
708080815.jpg,Monarch
708079245.jpg,Monarch
708078922.jpg,Monarch
708078381.jpg,Monarch
708078220.jpg,Monarch
708077990.jpg,Monarch
708077809.jpg,Monarch
708076854.jpg,Monarch
708075845.jpg,Monarch
708075342.jpg,Monarch
708075385.jpg,Monarch
708072692.jpg,Monarch
708071707.jpg,Monarch
708052052.jpg,Monarch
708068847.jpg,Monarch
708068798.jpg,Monarch
708068468.jpg,Monarch
708067596.jpg,Monarch
708067029.jpg,Monarch
708064339.jpg,Monarch
708064213.jpg,Monarch
708062859.jpg,Monarch
708060890.jpg,Monarch
708060989.jpg,Monarch
708059775.jpg,Monarch
708056292.jpg,Monarch
708055527.jpg,Monarch
708054685.jpg,Monarch
708054530.jpg,Monarch
708053483.jpg,Monarch
708052183.jpg,Monarch
708049995.jpg,Monarch
708049060.jpg,Monarch
708048300.jpg,Monarch
708048092.jpg,Monarch
708047742.jpg,Monarch
708046248.jpg,Monarch
708044227.jpg,Monarch
708043718.jpg,Monarch
708043531.jpg,Monarch
708040472.jpg,Monarch
708035869.jpg,Monarch
708034595.jpg,Monarch
708034234.jpg,Monarch
708033452.jpg,Monarch
708032010.jpg,Monarch
708031971.jpg,Monarch
708031343.jpg,Monarch
708030640.jpg,Monarch
708030606.jpg,Monarch
708030598.jpg,Monarch
708029828.jpg,Monarch
708029735.jpg,Monarch
708029623.jpg,Monarch
708028397.jpg,Monarch
708026583.jpg,Monarch
708026125.jpg,Monarch
708025986.jpg,Monarch
708025970.jpg,Monarch
708023332.jpg,Monarch
708022743.jpg,Monarch
708022698.jpg,Monarch
708022861.jpg,Monarch
708022412.jpg,Monarch
708022150.jpg,Monarch
708021727.jpg,Monarch
708020560.jpg,Monarch
708021536.jpg,Monarch
708021315.jpg,Monarch
708021212.jpg,Monarch
708021149.jpg,Monarch
708020705.jpg,Monarch
708019939.jpg,Monarch
708019973.jpg,Monarch
708019426.jpg,Monarch
708018182.jpg,Monarch
707872148.jpg,Monarch
708017775.jpg,Monarch
708017733.jpg,Monarch
708017415.jpg,Monarch
708016521.jpg,Monarch
708016020.jpg,Monarch
708015433.jpg,Monarch
708014753.jpg,Monarch
708014102.jpg,Monarch
708013970.jpg,Monarch
708013783.jpg,Monarch
708009734.jpg,Monarch
708007328.jpg,Monarch
708013598.jpg,Monarch
708011708.jpg,Monarch
708010927.jpg,Monarch
708010388.jpg,Monarch
708010387.jpg,Monarch
708010340.jpg,Monarch
708010063.jpg,Monarch
708009144.jpg,Monarch
708009106.jpg,Monarch
708008231.jpg,Monarch
708007082.jpg,Monarch
708006765.jpg,Monarch
708006633.jpg,Monarch
708004504.jpg,Monarch
708003225.jpg,Monarch
708002293.jpg,Monarch
708002184.jpg,Monarch
708001986.jpg,Monarch
708000518.jpg,Monarch
708000308.jpg,Monarch
707997085.jpg,Monarch
707996616.jpg,Monarch
707993715.jpg,Monarch
707993479.jpg,Monarch
707995791.jpg,Monarch
707992025.jpg,Monarch
707995132.jpg,Monarch
707985570.jpg,Monarch
707992680.jpg,Monarch
707991076.jpg,Monarch
707990788.jpg,Monarch
707989341.jpg,Monarch
707988733.jpg,Monarch
707986193.jpg,Monarch
707986091.jpg,Monarch
707988382.jpg,Monarch
707985837.jpg,Monarch
707981104.jpg,Monarch
707978207.jpg,Monarch
707973771.jpg,Monarch
707978026.jpg,Monarch
707973528.jpg,Monarch
707973116.jpg,Monarch
707972734.jpg,Monarch
707972429.jpg,Monarch
707972242.jpg,Monarch
707970815.jpg,Monarch
707967807.jpg,Monarch
707969092.jpg,Monarch
707966983.jpg,Monarch
707966743.jpg,Monarch
707966378.jpg,Monarch
707965048.jpg,Monarch
707964880.jpg,Monarch
707964806.jpg,Monarch
707964612.jpg,Monarch
707964436.jpg,Monarch
707963938.jpg,Monarch
707963700.jpg,Monarch
709936578.jpg,Monarch
707962366.jpg,Monarch
707962303.jpg,Monarch
707961698.jpg,Monarch
707949914.jpg,Monarch
707957123.jpg,Monarch
707957100.jpg,Monarch
707957107.jpg,Monarch
707957031.jpg,Monarch
707957023.jpg,Monarch
707960786.jpg,Monarch
707960382.jpg,Monarch
707960093.jpg,Monarch
707956375.jpg,Monarch
707958555.jpg,Monarch
707957765.jpg,Monarch
707957743.jpg,Monarch
707955727.jpg,Monarch
707955734.jpg,Monarch
707953422.jpg,Monarch
707953233.jpg,Monarch
707953246.jpg,Monarch
707951918.jpg,Monarch
707951676.jpg,Monarch
707950593.jpg,Monarch
707950056.jpg,Monarch
707952452.jpg,Monarch
707947765.jpg,Monarch
707945184.jpg,Monarch
707940571.jpg,Monarch
707942717.jpg,Monarch
707942801.jpg,Monarch
707942312.jpg,Monarch
707941578.jpg,Monarch
707940921.jpg,Monarch
707938133.jpg,Monarch
707937937.jpg,Monarch
707937905.jpg,Monarch
707930741.jpg,Monarch
707934670.jpg,Monarch
707934699.jpg,Monarch
707934309.jpg,Monarch
707934043.jpg,Monarch
707933636.jpg,Monarch
707932948.jpg,Monarch
707929563.jpg,Monarch
707928727.jpg,Monarch
707928247.jpg,Monarch
707928117.jpg,Monarch
707927718.jpg,Monarch
707923853.jpg,Monarch
707926920.jpg,Monarch
707925943.jpg,Monarch
707925702.jpg,Monarch
707923770.jpg,Monarch
707923679.jpg,Monarch
707921703.jpg,Monarch
707921453.jpg,Monarch
707920706.jpg,Monarch
707917450.jpg,Monarch
707917109.jpg,Monarch
707915833.jpg,Monarch
707909303.jpg,Monarch
707913375.jpg,Monarch
707912845.jpg,Monarch
707912790.jpg,Monarch
707912635.jpg,Monarch
707912599.jpg,Monarch
707910735.jpg,Monarch
707910412.jpg,Monarch
707909988.jpg,Monarch
707909076.jpg,Monarch
707907518.jpg,Monarch
707906461.jpg,Monarch
707906305.jpg,Monarch
707905843.jpg,Monarch
707905817.jpg,Monarch
707905521.jpg,Monarch
707904626.jpg,Monarch
707904374.jpg,Monarch
707902641.jpg,Monarch
707900745.jpg,Monarch
707899555.jpg,Monarch
707899210.jpg,Monarch
707896225.jpg,Monarch
707895328.jpg,Monarch
707893873.jpg,Monarch
707900259.jpg,Monarch
707892000.jpg,Monarch
707890929.jpg,Monarch
707888960.jpg,Monarch
707888877.jpg,Monarch
707886840.jpg,Monarch
707888032.jpg,Monarch
707886747.jpg,Monarch
707885594.jpg,Monarch
707885512.jpg,Monarch
707884175.jpg,Monarch
707883022.jpg,Monarch
707881433.jpg,Monarch
707881927.jpg,Monarch
707877941.jpg,Monarch
707877774.jpg,Monarch
707875708.jpg,Monarch
707872412.jpg,Monarch
707871716.jpg,Monarch
707871084.jpg,Monarch
707870419.jpg,Monarch
707870418.jpg,Monarch
707858788.jpg,Monarch
707869637.jpg,Monarch
707869065.jpg,Monarch
707866766.jpg,Monarch
707865362.jpg,Monarch
707863318.jpg,Monarch
707862774.jpg,Monarch
707862648.jpg,Monarch
707861659.jpg,Monarch
707861198.jpg,Monarch
707860969.jpg,Monarch
707860087.jpg,Monarch
707859594.jpg,Monarch
707857453.jpg,Monarch
707857526.jpg,Monarch
707855891.jpg,Monarch
707855659.jpg,Monarch
707853127.jpg,Monarch
707852267.jpg,Monarch
707852145.jpg,Monarch
712623011.jpg,Monarch
707849426.jpg,Monarch
707843750.jpg,Monarch
707842940.jpg,Monarch
707842750.jpg,Monarch
707832292.jpg,Monarch
707831647.jpg,Monarch
707829832.jpg,Monarch
707827827.jpg,Monarch
707826631.jpg,Monarch
707826094.jpg,Monarch
707825804.jpg,Monarch
707823733.jpg,Monarch
707822676.jpg,Monarch
707822225.jpg,Monarch
707822099.jpg,Monarch
707817760.jpg,Monarch
709664148.jpg,Monarch
707815867.jpg,Monarch
707814202.jpg,Monarch
707809584.jpg,Monarch
707810753.jpg,Monarch
707801543.jpg,Monarch
707809594.jpg,Monarch
707806249.jpg,Monarch
707783264.jpg,Monarch
707803428.jpg,Monarch
707800584.jpg,Monarch
707800348.jpg,Monarch
707878085.jpg,Monarch
707797312.jpg,Monarch
707796952.jpg,Monarch
707796928.jpg,Monarch
707794214.jpg,Monarch
707794015.jpg,Monarch
707792323.jpg,Monarch
707793858.jpg,Monarch
707793617.jpg,Monarch
707793528.jpg,Monarch
707791376.jpg,Monarch
707789859.jpg,Monarch
707789723.jpg,Monarch
712257243.jpg,Monarch
707788862.jpg,Monarch
707788843.jpg,Monarch
707788117.jpg,Monarch
707785595.jpg,Monarch
707784187.jpg,Monarch
707784992.jpg,Monarch
707784902.jpg,Monarch
707779177.jpg,Monarch
707783379.jpg,Monarch
707780884.jpg,Monarch
707780515.jpg,Monarch
707776399.jpg,Monarch
707776848.jpg,Monarch
707773872.jpg,Monarch
707769941.jpg,Monarch
707766844.jpg,Monarch
707766593.jpg,Monarch
707762952.jpg,Monarch
707763725.jpg,Monarch
707762358.jpg,Monarch
707761086.jpg,Monarch
707760790.jpg,Monarch
707760107.jpg,Monarch
707759997.jpg,Monarch
707761141.jpg,Monarch
707758726.jpg,Monarch
707758602.jpg,Monarch
707756812.jpg,Monarch
707753827.jpg,Monarch
707753767.jpg,Monarch
707752596.jpg,Monarch
707752593.jpg,Monarch
707754685.jpg,Monarch
707749681.jpg,Monarch
707746110.jpg,Monarch
707746025.jpg,Monarch
707744129.jpg,Monarch
707742203.jpg,Monarch
707742147.jpg,Monarch
707740462.jpg,Monarch
707733017.jpg,Monarch
707725372.jpg,Monarch
707716159.jpg,Monarch
707715804.jpg,Monarch
707705067.jpg,Monarch
707699598.jpg,Monarch
707677328.jpg,Monarch
707676783.jpg,Monarch
707652918.jpg,Monarch
707654119.jpg,Monarch
707649094.jpg,Monarch
707648041.jpg,Monarch
707645117.jpg,Monarch
707643440.jpg,Monarch
707641047.jpg,Monarch
707640239.jpg,Monarch
707628301.jpg,Monarch
707626674.jpg,Monarch
707621564.jpg,Monarch
707619985.jpg,Monarch
707609964.jpg,Monarch
707605793.jpg,Monarch
707601751.jpg,Monarch
707599848.jpg,Monarch
707598985.jpg,Monarch
707597169.jpg,Monarch
707596335.jpg,Monarch
707594620.jpg,Monarch
707594304.jpg,Monarch
707593030.jpg,Monarch
707570217.jpg,Monarch
707570174.jpg,Monarch
707570179.jpg,Monarch
707591857.jpg,Monarch
707587491.jpg,Monarch
707585674.jpg,Monarch
707584936.jpg,Monarch
707581637.jpg,Monarch
707579094.jpg,Monarch
707582999.jpg,Monarch
707580617.jpg,Monarch
707579871.jpg,Monarch
707578735.jpg,Monarch
707578587.jpg,Monarch
707578000.jpg,Monarch
707577150.jpg,Monarch
707574151.jpg,Monarch
707577631.jpg,Monarch
707577422.jpg,Monarch
707577235.jpg,Monarch
707575103.jpg,Monarch
707565972.jpg,Monarch
707565922.jpg,Monarch
707574350.jpg,Monarch
707573425.jpg,Monarch
707573413.jpg,Monarch
707572986.jpg,Monarch
707571903.jpg,Monarch
707570960.jpg,Monarch
707565828.jpg,Monarch
707570168.jpg,Monarch
707570166.jpg,Monarch
707568647.jpg,Monarch
707567901.jpg,Monarch
707566252.jpg,Monarch
707566239.jpg,Monarch
707566028.jpg,Monarch
707563163.jpg,Monarch
707561412.jpg,Monarch
707560621.jpg,Monarch
707558291.jpg,Monarch
707558018.jpg,Monarch
707557440.jpg,Monarch
707555572.jpg,Monarch
707550397.jpg,Monarch
707555953.jpg,Monarch
707555565.jpg,Monarch
707555010.jpg,Monarch
707551951.jpg,Monarch
707551826.jpg,Monarch
707551831.jpg,Monarch
707551786.jpg,Monarch
707551776.jpg,Monarch
707551723.jpg,Monarch
707551665.jpg,Monarch
707551512.jpg,Monarch
707551479.jpg,Monarch
707551614.jpg,Monarch
707551549.jpg,Monarch
707550877.jpg,Monarch
707549700.jpg,Monarch
707549421.jpg,Monarch
707549034.jpg,Monarch
707548778.jpg,Monarch
707548636.jpg,Monarch
707548638.jpg,Monarch
707548379.jpg,Monarch
707548193.jpg,Monarch
707547996.jpg,Monarch
707546300.jpg,Monarch
707543417.jpg,Monarch
707541129.jpg,Monarch
707540418.jpg,Monarch
707540144.jpg,Monarch
707536197.jpg,Monarch
707538627.jpg,Monarch
707537663.jpg,Monarch
707535136.jpg,Monarch
707535022.jpg,Monarch
707532824.jpg,Monarch
707527911.jpg,Monarch
709267112.jpg,Monarch
707528330.jpg,Monarch
707527890.jpg,Monarch
707526793.jpg,Monarch
707526223.jpg,Monarch
707524551.jpg,Monarch
707510269.jpg,Monarch
707521995.jpg,Monarch
707518185.jpg,Monarch
707516692.jpg,Monarch
707516238.jpg,Monarch
707516190.jpg,Monarch
707513640.jpg,Monarch
707513596.jpg,Monarch
707514371.jpg,Monarch
707514120.jpg,Monarch
707513874.jpg,Monarch
707512399.jpg,Monarch
707509629.jpg,Monarch
707509617.jpg,Monarch
707507908.jpg,Monarch
707507907.jpg,Monarch
707508519.jpg,Monarch
707509379.jpg,Monarch
707501075.jpg,Monarch
707508133.jpg,Monarch
707507779.jpg,Monarch
707507660.jpg,Monarch
707507621.jpg,Monarch
707506822.jpg,Monarch
707506937.jpg,Monarch
707503654.jpg,Monarch
707491581.jpg,Monarch
707504807.jpg,Monarch
707491227.jpg,Monarch
707504406.jpg,Monarch
707506245.jpg,Monarch
707502694.jpg,Monarch
707501824.jpg,Monarch
707501145.jpg,Monarch
707500818.jpg,Monarch
707475866.jpg,Monarch
707475585.jpg,Monarch
707499645.jpg,Monarch
707498317.jpg,Monarch
707495975.jpg,Monarch
707494961.jpg,Monarch
707494700.jpg,Monarch
707474088.jpg,Monarch
707492947.jpg,Monarch
707492814.jpg,Monarch
707492038.jpg,Monarch
707491645.jpg,Monarch
707491518.jpg,Monarch
707491443.jpg,Monarch
707491221.jpg,Monarch
707489884.jpg,Monarch
707489913.jpg,Monarch
707489599.jpg,Monarch
707489464.jpg,Monarch
707488292.jpg,Monarch
707487945.jpg,Monarch
707487837.jpg,Monarch
707485889.jpg,Monarch
707484934.jpg,Monarch
707483395.jpg,Monarch
707483148.jpg,Monarch
707478361.jpg,Monarch
707477841.jpg,Monarch
707482316.jpg,Monarch
707481915.jpg,Monarch
707480568.jpg,Monarch
707479539.jpg,Monarch
707478882.jpg,Monarch
707477630.jpg,Monarch
707477019.jpg,Monarch
707476416.jpg,Monarch
707476247.jpg,Monarch
707475762.jpg,Monarch
707474169.jpg,Monarch
707472293.jpg,Monarch
707471685.jpg,Monarch
707471228.jpg,Monarch
707470289.jpg,Monarch
707453632.jpg,Monarch
707469240.jpg,Monarch
707467389.jpg,Monarch
707466095.jpg,Monarch
707465126.jpg,Monarch
707461084.jpg,Monarch
707461077.jpg,Monarch
707461016.jpg,Monarch
707461015.jpg,Monarch
707462438.jpg,Monarch
707458280.jpg,Monarch
707464195.jpg,Monarch
707463863.jpg,Monarch
707462318.jpg,Monarch
707461299.jpg,Monarch
707451272.jpg,Monarch
707458927.jpg,Monarch
707458951.jpg,Monarch
707458270.jpg,Monarch
707458199.jpg,Monarch
707458046.jpg,Monarch
707456944.jpg,Monarch
707456739.jpg,Monarch
707456703.jpg,Monarch
707456018.jpg,Monarch
707447478.jpg,Monarch
707454990.jpg,Monarch
707454100.jpg,Monarch
707453295.jpg,Monarch
707449988.jpg,Monarch
707448823.jpg,Monarch
707447232.jpg,Monarch
707444441.jpg,Monarch
707444066.jpg,Monarch
707443610.jpg,Monarch
707442722.jpg,Monarch
707441442.jpg,Monarch
707441062.jpg,Monarch
707441055.jpg,Monarch
707440969.jpg,Monarch
707438848.jpg,Monarch
707420474.jpg,Monarch
707436933.jpg,Monarch
707437924.jpg,Monarch
707437137.jpg,Monarch
707436862.jpg,Monarch
707863785.jpg,Monarch
707436476.jpg,Monarch
707436371.jpg,Monarch
707436133.jpg,Monarch
707435960.jpg,Monarch
707434362.jpg,Monarch
707433942.jpg,Monarch
707433062.jpg,Monarch
707433046.jpg,Monarch
707432862.jpg,Monarch
707432513.jpg,Monarch
707431975.jpg,Monarch
707430924.jpg,Monarch
707430589.jpg,Monarch
707430367.jpg,Monarch
707430146.jpg,Monarch
707430134.jpg,Monarch
707429734.jpg,Monarch
707430041.jpg,Monarch
707427018.jpg,Monarch
707426552.jpg,Monarch
707423487.jpg,Monarch
707423646.jpg,Monarch
707418730.jpg,Monarch
707417308.jpg,Monarch
707415271.jpg,Monarch
707414093.jpg,Monarch
707412530.jpg,Monarch
707411882.jpg,Monarch
707410511.jpg,Monarch
707409185.jpg,Monarch
707406660.jpg,Monarch
707406426.jpg,Monarch
707405964.jpg,Monarch
707404660.jpg,Monarch
707404559.jpg,Monarch
707404024.jpg,Monarch
707403783.jpg,Monarch
707401894.jpg,Monarch
707401748.jpg,Monarch
707401402.jpg,Monarch
707399619.jpg,Monarch
707395433.jpg,Monarch
707395277.jpg,Monarch
707395106.jpg,Monarch
707392196.jpg,Monarch
707393377.jpg,Monarch
707392914.jpg,Monarch
707392800.jpg,Monarch
707389442.jpg,Monarch
707391006.jpg,Monarch
707387481.jpg,Monarch
707386482.jpg,Monarch
707386523.jpg,Monarch
707386441.jpg,Monarch
707386088.jpg,Monarch
707384690.jpg,Monarch
707383308.jpg,Monarch
707382305.jpg,Monarch
707381511.jpg,Monarch
707379226.jpg,Monarch
707376949.jpg,Monarch
707374970.jpg,Monarch
707372498.jpg,Monarch
707371586.jpg,Monarch
707371164.jpg,Monarch
707371112.jpg,Monarch
707370700.jpg,Monarch
707361173.jpg,Monarch
707366853.jpg,Monarch
707366604.jpg,Monarch
707366123.jpg,Monarch
707365404.jpg,Monarch
707363653.jpg,Monarch
707364393.jpg,Monarch
708061357.jpg,Monarch
707362948.jpg,Monarch
707359073.jpg,Monarch
707358990.jpg,Monarch
707359878.jpg,Monarch
707356447.jpg,Monarch
707352999.jpg,Monarch
707352413.jpg,Monarch
707351174.jpg,Monarch
707350642.jpg,Monarch
707346378.jpg,Monarch
707349853.jpg,Monarch
707347994.jpg,Monarch
707347712.jpg,Monarch
707776481.jpg,Monarch
707346348.jpg,Monarch
707346131.jpg,Monarch
707345317.jpg,Monarch
707345221.jpg,Monarch
707344466.jpg,Monarch
707344103.jpg,Monarch
707344175.jpg,Monarch
707342052.jpg,Monarch
707341341.jpg,Monarch
707340553.jpg,Monarch
707340077.jpg,Monarch
707335377.jpg,Monarch
707339569.jpg,Monarch
707339190.jpg,Monarch
707338981.jpg,Monarch
707338921.jpg,Monarch
707338647.jpg,Monarch
707337558.jpg,Monarch
707336659.jpg,Monarch
707336596.jpg,Monarch
707335384.jpg,Monarch
709695183.jpg,Monarch
707332859.jpg,Monarch
707332764.jpg,Monarch
707332590.jpg,Monarch
707331915.jpg,Monarch
707330435.jpg,Monarch
707330745.jpg,Monarch
707326412.jpg,Monarch
707323857.jpg,Monarch
707324188.jpg,Monarch
707323603.jpg,Monarch
707322456.jpg,Monarch
707322754.jpg,Monarch
707303219.jpg,Monarch
707302166.jpg,Monarch
707319982.jpg,Monarch
707324697.jpg,Monarch
707319400.jpg,Monarch
707319282.jpg,Monarch
707317379.jpg,Monarch
707316471.jpg,Monarch
707315105.jpg,Monarch
707313637.jpg,Monarch
707309382.jpg,Monarch
707309161.jpg,Monarch
707307802.jpg,Monarch
707305677.jpg,Monarch
707305616.jpg,Monarch
707305460.jpg,Monarch
707305375.jpg,Monarch
707304607.jpg,Monarch
707303819.jpg,Monarch
707303816.jpg,Monarch
707303196.jpg,Monarch
707299050.jpg,Monarch
707301647.jpg,Monarch
707301216.jpg,Monarch
707300232.jpg,Monarch
707299356.jpg,Monarch
707299175.jpg,Monarch
707296168.jpg,Monarch
707297839.jpg,Monarch
707295330.jpg,Monarch
707295022.jpg,Monarch
707294554.jpg,Monarch
707294103.jpg,Monarch
707293744.jpg,Monarch
707294044.jpg,Monarch
707293026.jpg,Monarch
707292499.jpg,Monarch
707291695.jpg,Monarch
707290096.jpg,Monarch
707286168.jpg,Monarch
707289253.jpg,Monarch
707288697.jpg,Monarch
707288091.jpg,Monarch
707287762.jpg,Monarch
707286971.jpg,Monarch
707285764.jpg,Monarch
707284170.jpg,Monarch
707282658.jpg,Monarch
707281780.jpg,Monarch
707279824.jpg,Monarch
707270271.jpg,Monarch
707276401.jpg,Monarch
707266471.jpg,Monarch
707270589.jpg,Monarch
707269317.jpg,Monarch
708180463.jpg,Monarch
707265330.jpg,Monarch
707264234.jpg,Monarch
707264053.jpg,Monarch
708509357.jpg,Monarch
707258628.jpg,Monarch
707853707.jpg,Monarch
707250347.jpg,Monarch
707252970.jpg,Monarch
707251813.jpg,Monarch
707251284.jpg,Monarch
707250243.jpg,Monarch
707249194.jpg,Monarch
707247330.jpg,Monarch
707247154.jpg,Monarch
707246937.jpg,Monarch
707246120.jpg,Monarch
707247010.jpg,Monarch
707245775.jpg,Monarch
707245322.jpg,Monarch
707244385.jpg,Monarch
707244146.jpg,Monarch
707244089.jpg,Monarch
707244083.jpg,Monarch
707243432.jpg,Monarch
707242707.jpg,Monarch
707243934.jpg,Monarch
707242051.jpg,Monarch
707239337.jpg,Monarch
707237357.jpg,Monarch
707235091.jpg,Monarch
707233801.jpg,Monarch
707232863.jpg,Monarch
707232316.jpg,Monarch
707232081.jpg,Monarch
707231898.jpg,Monarch
707229001.jpg,Monarch
707228423.jpg,Monarch
707227197.jpg,Monarch
707226526.jpg,Monarch
707225522.jpg,Monarch
707225015.jpg,Monarch
707223750.jpg,Monarch
707189821.jpg,Monarch
707223618.jpg,Monarch
707222039.jpg,Monarch
707221951.jpg,Monarch
707221408.jpg,Monarch
707220656.jpg,Monarch
707220337.jpg,Monarch
707218749.jpg,Monarch
707218212.jpg,Monarch
707217703.jpg,Monarch
707216242.jpg,Monarch
707210644.jpg,Monarch
707209817.jpg,Monarch
707208946.jpg,Monarch
707209206.jpg,Monarch
707204928.jpg,Monarch
707202892.jpg,Monarch
707202032.jpg,Monarch
707201604.jpg,Monarch
707200796.jpg,Monarch
707198921.jpg,Monarch
707199523.jpg,Monarch
707194844.jpg,Monarch
707191109.jpg,Monarch
707190096.jpg,Monarch
707188680.jpg,Monarch
707188666.jpg,Monarch
707187872.jpg,Monarch
707185919.jpg,Monarch
707185370.jpg,Monarch
707184771.jpg,Monarch
707184219.jpg,Monarch
707181503.jpg,Monarch
707178072.jpg,Monarch
707176923.jpg,Monarch
707483704.jpg,Monarch
707151543.jpg,Monarch
707151541.jpg,Monarch
707151507.jpg,Monarch
707149348.jpg,Monarch
707149309.jpg,Monarch
707149212.jpg,Monarch
707149076.jpg,Monarch
707149033.jpg,Monarch
707157790.jpg,Monarch
707153523.jpg,Monarch
707153515.jpg,Monarch
707153353.jpg,Monarch
707152967.jpg,Monarch
707146000.jpg,Monarch
707143306.jpg,Monarch
707142094.jpg,Monarch
707141227.jpg,Monarch
707132934.jpg,Monarch
707105982.jpg,Monarch
707105972.jpg,Monarch
707105952.jpg,Monarch
707105857.jpg,Monarch
707105783.jpg,Monarch
707100691.jpg,Monarch
707092201.jpg,Monarch
707088493.jpg,Monarch
707087217.jpg,Monarch
707087013.jpg,Monarch
707084919.jpg,Monarch
707078724.jpg,Monarch
707070626.jpg,Monarch
707070929.jpg,Monarch
707069324.jpg,Monarch
707068542.jpg,Monarch
707068034.jpg,Monarch
707065673.jpg,Monarch
707065671.jpg,Monarch
707065662.jpg,Monarch
707065626.jpg,Monarch
707064476.jpg,Monarch
707060709.jpg,Monarch
707062062.jpg,Monarch
707061728.jpg,Monarch
707061530.jpg,Monarch
707060844.jpg,Monarch
707059867.jpg,Monarch
707050235.jpg,Monarch
707042667.jpg,Monarch
707045648.jpg,Monarch
707047356.jpg,Monarch
707044438.jpg,Monarch
707040141.jpg,Monarch
707039246.jpg,Monarch
707031832.jpg,Monarch
707031754.jpg,Monarch
707041899.jpg,Monarch
707023125.jpg,Monarch
707023091.jpg,Monarch
707039245.jpg,Monarch
707034947.jpg,Monarch
707034054.jpg,Monarch
707033612.jpg,Monarch
707031820.jpg,Monarch
707028779.jpg,Monarch
707025941.jpg,Monarch
707025197.jpg,Monarch
707021617.jpg,Monarch
707021440.jpg,Monarch
707021293.jpg,Monarch
707012823.jpg,Monarch
707012345.jpg,Monarch
707016032.jpg,Monarch
707005256.jpg,Monarch
707009477.jpg,Monarch
707005816.jpg,Monarch
707007085.jpg,Monarch
707005140.jpg,Monarch
707003745.jpg,Monarch
706996923.jpg,Monarch
707000306.jpg,Monarch
706998160.jpg,Monarch
706993561.jpg,Monarch
706993448.jpg,Monarch
706993035.jpg,Monarch
706990360.jpg,Monarch
706989604.jpg,Monarch
706989171.jpg,Monarch
706985512.jpg,Monarch
706985096.jpg,Monarch
706984419.jpg,Monarch
706984279.jpg,Monarch
706984113.jpg,Monarch
706984041.jpg,Monarch
706983948.jpg,Monarch
706981492.jpg,Monarch
706973192.jpg,Monarch
706980352.jpg,Monarch
706976704.jpg,Monarch
706976409.jpg,Monarch
706976421.jpg,Monarch
706977149.jpg,Monarch
706977360.jpg,Monarch
706974657.jpg,Monarch
706973949.jpg,Monarch
706973320.jpg,Monarch
706972907.jpg,Monarch
706971799.jpg,Monarch
706971845.jpg,Monarch
706971685.jpg,Monarch
706971482.jpg,Monarch
706970920.jpg,Monarch
706970503.jpg,Monarch
706970109.jpg,Monarch
706969631.jpg,Monarch
706969431.jpg,Monarch
706969144.jpg,Monarch
706967950.jpg,Monarch
706966902.jpg,Monarch
706966928.jpg,Monarch
706966655.jpg,Monarch
706961710.jpg,Monarch
706961331.jpg,Monarch
707221911.jpg,Monarch
706956276.jpg,Monarch
706956231.jpg,Monarch
706956161.jpg,Monarch
706956160.jpg,Monarch
706956751.jpg,Monarch
708065403.jpg,Monarch
706955841.jpg,Monarch
706955848.jpg,Monarch
706955005.jpg,Monarch
706953497.jpg,Monarch
706947438.jpg,Monarch
706951389.jpg,Monarch
706950663.jpg,Monarch
710289658.jpg,Monarch
706949254.jpg,Monarch
706948631.jpg,Monarch
706948274.jpg,Monarch
712029858.jpg,Monarch
706942108.jpg,Monarch
706943503.jpg,Monarch
706940090.jpg,Monarch
706939735.jpg,Monarch
706939043.jpg,Monarch
706938707.jpg,Monarch
706937893.jpg,Monarch
706937002.jpg,Monarch
706933896.jpg,Monarch
706932851.jpg,Monarch
706933449.jpg,Monarch
706933904.jpg,Monarch
706934131.jpg,Monarch
706933056.jpg,Monarch
706932261.jpg,Monarch
706932119.jpg,Monarch
706930259.jpg,Monarch
706930072.jpg,Monarch
706929916.jpg,Monarch
706929687.jpg,Monarch
706929345.jpg,Monarch
706928366.jpg,Monarch
706928168.jpg,Monarch
706928115.jpg,Monarch
706927901.jpg,Monarch
706915601.jpg,Monarch
706926896.jpg,Monarch
706926831.jpg,Monarch
706926692.jpg,Monarch
706927093.jpg,Monarch
706925690.jpg,Monarch
706925441.jpg,Monarch
706924764.jpg,Monarch
706924489.jpg,Monarch
706923439.jpg,Monarch
706922738.jpg,Monarch
706922211.jpg,Monarch
706922097.jpg,Monarch
706922024.jpg,Monarch
706919294.jpg,Monarch
706918559.jpg,Monarch
706917347.jpg,Monarch
706917135.jpg,Monarch
706915863.jpg,Monarch
706915461.jpg,Monarch
706942750.jpg,Monarch
706910779.jpg,Monarch
706910744.jpg,Monarch
706910721.jpg,Monarch
706910405.jpg,Monarch
706910300.jpg,Monarch
706910247.jpg,Monarch
706910217.jpg,Monarch
706910214.jpg,Monarch
706910170.jpg,Monarch
706910127.jpg,Monarch
706910095.jpg,Monarch
706909901.jpg,Monarch
706909887.jpg,Monarch
706912588.jpg,Monarch
706912066.jpg,Monarch
706911591.jpg,Monarch
706911498.jpg,Monarch
706911377.jpg,Monarch
706910754.jpg,Monarch
706909629.jpg,Monarch
706908820.jpg,Monarch
706908664.jpg,Monarch
706907854.jpg,Monarch
706894850.jpg,Monarch
706903937.jpg,Monarch
706907057.jpg,Monarch
706905088.jpg,Monarch
706904477.jpg,Monarch
706904142.jpg,Monarch
706903078.jpg,Monarch
706899446.jpg,Monarch
706902881.jpg,Monarch
706902620.jpg,Monarch
706901536.jpg,Monarch
706901539.jpg,Monarch
706900471.jpg,Monarch
706901141.jpg,Monarch
706901007.jpg,Monarch
706900661.jpg,Monarch
706900096.jpg,Monarch
706899289.jpg,Monarch
706897346.jpg,Monarch
706896483.jpg,Monarch
706883562.jpg,Monarch
706892853.jpg,Monarch
706892069.jpg,Monarch
706891752.jpg,Monarch
706889978.jpg,Monarch
706888578.jpg,Monarch
706888809.jpg,Monarch
706886811.jpg,Monarch
706887270.jpg,Monarch
706887223.jpg,Monarch
706887201.jpg,Monarch
706887142.jpg,Monarch
706887129.jpg,Monarch
706886218.jpg,Monarch
706885879.jpg,Monarch
706885770.jpg,Monarch
706882512.jpg,Monarch
706881802.jpg,Monarch
706880628.jpg,Monarch
706876544.jpg,Monarch
706878967.jpg,Monarch
706878922.jpg,Monarch
706878833.jpg,Monarch
706878652.jpg,Monarch
706878168.jpg,Monarch
706878117.jpg,Monarch
706878082.jpg,Monarch
706877997.jpg,Monarch
706877269.jpg,Monarch
706876955.jpg,Monarch
706875832.jpg,Monarch
706875801.jpg,Monarch
706875348.jpg,Monarch
706875203.jpg,Monarch
706875195.jpg,Monarch
706874625.jpg,Monarch
706827660.jpg,Monarch
706871435.jpg,Monarch
706869647.jpg,Monarch
706868175.jpg,Monarch
706867714.jpg,Monarch
706867047.jpg,Monarch
706866232.jpg,Monarch
706866180.jpg,Monarch
706866146.jpg,Monarch
706861735.jpg,Monarch
706862504.jpg,Monarch
706860943.jpg,Monarch
706860558.jpg,Monarch
706860602.jpg,Monarch
706857476.jpg,Monarch
706859316.jpg,Monarch
706859072.jpg,Monarch
706859058.jpg,Monarch
708579688.jpg,Monarch
706871659.jpg,Monarch
706854965.jpg,Monarch
706854058.jpg,Monarch
706853311.jpg,Monarch
706851898.jpg,Monarch
706851728.jpg,Monarch
706850954.jpg,Monarch
706850694.jpg,Monarch
706850598.jpg,Monarch
706850645.jpg,Monarch
706850494.jpg,Monarch
706850425.jpg,Monarch
706845426.jpg,Monarch
706850365.jpg,Monarch
706850312.jpg,Monarch
706849723.jpg,Monarch
706848052.jpg,Monarch
706846678.jpg,Monarch
706844454.jpg,Monarch
706844151.jpg,Monarch
706843915.jpg,Monarch
706844315.jpg,Monarch
706842615.jpg,Monarch
706841348.jpg,Monarch
706840585.jpg,Monarch
706839774.jpg,Monarch
706838902.jpg,Monarch
706836495.jpg,Monarch
706835986.jpg,Monarch
706834316.jpg,Monarch
706831830.jpg,Monarch
706833254.jpg,Monarch
706831657.jpg,Monarch
706830723.jpg,Monarch
707027612.jpg,Monarch
706830230.jpg,Monarch
706829869.jpg,Monarch
706826171.jpg,Monarch
706824128.jpg,Monarch
706823734.jpg,Monarch
706823045.jpg,Monarch
706822145.jpg,Monarch
706821859.jpg,Monarch
706818796.jpg,Monarch
706817099.jpg,Monarch
706816098.jpg,Monarch
706815819.jpg,Monarch
706814787.jpg,Monarch
706813720.jpg,Monarch
706813670.jpg,Monarch
706813355.jpg,Monarch
706811455.jpg,Monarch
706810148.jpg,Monarch
706809247.jpg,Monarch
706807503.jpg,Monarch
706807455.jpg,Monarch
706807068.jpg,Monarch
706806731.jpg,Monarch
706805459.jpg,Monarch
706805160.jpg,Monarch
706802301.jpg,Monarch
706799365.jpg,Monarch
706801130.jpg,Monarch
706800982.jpg,Monarch
706800623.jpg,Monarch
706799912.jpg,Monarch
706798402.jpg,Monarch
706798039.jpg,Monarch
706797529.jpg,Monarch
706797505.jpg,Monarch
706797472.jpg,Monarch
706796884.jpg,Monarch
707162066.jpg,Monarch
706796730.jpg,Monarch
706795367.jpg,Monarch
706794314.jpg,Monarch
706877590.jpg,Monarch
706794168.jpg,Monarch
706792963.jpg,Monarch
706792352.jpg,Monarch
706791415.jpg,Monarch
706791045.jpg,Monarch
706788873.jpg,Monarch
706786083.jpg,Monarch
706784509.jpg,Monarch
706783868.jpg,Monarch
706784170.jpg,Monarch
706782179.jpg,Monarch
706780414.jpg,Monarch
706779946.jpg,Monarch
706779060.jpg,Monarch
706771443.jpg,Monarch
706777390.jpg,Monarch
706776652.jpg,Monarch
706757174.jpg,Monarch
706776551.jpg,Monarch
706775539.jpg,Monarch
706774810.jpg,Monarch
706774521.jpg,Monarch
706773353.jpg,Monarch
706769889.jpg,Monarch
706771143.jpg,Monarch
706771175.jpg,Monarch
706769103.jpg,Monarch
706764713.jpg,Monarch
706765177.jpg,Monarch
706764880.jpg,Monarch
706764446.jpg,Monarch
706764152.jpg,Monarch
706763369.jpg,Monarch
706762065.jpg,Monarch
706761212.jpg,Monarch
706759864.jpg,Monarch
706759466.jpg,Monarch
706753770.jpg,Monarch
706758762.jpg,Monarch
706758210.jpg,Monarch
706891896.jpg,Monarch
706757010.jpg,Monarch
706755626.jpg,Monarch
706755814.jpg,Monarch
706755335.jpg,Monarch
706755117.jpg,Monarch
706754198.jpg,Monarch
706753947.jpg,Monarch
706751706.jpg,Monarch
706754930.jpg,Monarch
706749358.jpg,Monarch
706747535.jpg,Monarch
706747435.jpg,Monarch
706747299.jpg,Monarch
706744915.jpg,Monarch
706736880.jpg,Monarch
706760044.jpg,Monarch
706742466.jpg,Monarch
706740975.jpg,Monarch
706739747.jpg,Monarch
706739438.jpg,Monarch
706738651.jpg,Monarch
706738696.jpg,Monarch
706735189.jpg,Monarch
706798230.jpg,Monarch
706736803.jpg,Monarch
706734899.jpg,Monarch
706734547.jpg,Monarch
706733779.jpg,Monarch
706732657.jpg,Monarch
706730631.jpg,Monarch
706730319.jpg,Monarch
706728358.jpg,Monarch
706728254.jpg,Monarch
706730020.jpg,Monarch
706729859.jpg,Monarch
706729788.jpg,Monarch
706714953.jpg,Monarch
706725101.jpg,Monarch
706723677.jpg,Monarch
706724183.jpg,Monarch
706723862.jpg,Monarch
706722102.jpg,Monarch
706720412.jpg,Monarch
706719354.jpg,Monarch
706718174.jpg,Monarch
706717886.jpg,Monarch
706717030.jpg,Monarch
706691637.jpg,Monarch
706716069.jpg,Monarch
706715827.jpg,Monarch
706713642.jpg,Monarch
706734467.jpg,Monarch
706711135.jpg,Monarch
706711186.jpg,Monarch
706711053.jpg,Monarch
706701529.jpg,Monarch
706708538.jpg,Monarch
706708161.jpg,Monarch
706706601.jpg,Monarch
706704400.jpg,Monarch
706698756.jpg,Monarch
706701730.jpg,Monarch
706699673.jpg,Monarch
706693985.jpg,Monarch
706693974.jpg,Monarch
706690268.jpg,Monarch
706691601.jpg,Monarch
706691471.jpg,Monarch
706691302.jpg,Monarch
706689032.jpg,Monarch
706689688.jpg,Monarch
706689587.jpg,Monarch
706690111.jpg,Monarch
706686980.jpg,Monarch
706685674.jpg,Monarch
706685145.jpg,Monarch
706985625.jpg,Monarch
706682870.jpg,Monarch
706681332.jpg,Monarch
706681057.jpg,Monarch
706680052.jpg,Monarch
706679181.jpg,Monarch
706677938.jpg,Monarch
706677041.jpg,Monarch
706676012.jpg,Monarch
706675706.jpg,Monarch
706674309.jpg,Monarch
706672259.jpg,Monarch
706673158.jpg,Monarch
706671191.jpg,Monarch
706667753.jpg,Monarch
706667011.jpg,Monarch
706666923.jpg,Monarch
706666128.jpg,Monarch
706665733.jpg,Monarch
706665146.jpg,Monarch
706663054.jpg,Monarch
706666976.jpg,Monarch
706660991.jpg,Monarch
706659034.jpg,Monarch
706658663.jpg,Monarch
706658334.jpg,Monarch
706656503.jpg,Monarch
706656282.jpg,Monarch
706655368.jpg,Monarch
706650878.jpg,Monarch
706646721.jpg,Monarch
706646694.jpg,Monarch
706646551.jpg,Monarch
706640068.jpg,Monarch
706643478.jpg,Monarch
706642720.jpg,Monarch
706640505.jpg,Monarch
706640447.jpg,Monarch
706640150.jpg,Monarch
706639267.jpg,Monarch
706639252.jpg,Monarch
706637942.jpg,Monarch
706634955.jpg,Monarch
706634648.jpg,Monarch
706633696.jpg,Monarch
706632713.jpg,Monarch
706632706.jpg,Monarch
706632150.jpg,Monarch
706627688.jpg,Monarch
706629165.jpg,Monarch
706625782.jpg,Monarch
706625480.jpg,Monarch
706624461.jpg,Monarch
706619763.jpg,Monarch
706619726.jpg,Monarch
706619480.jpg,Monarch
706619305.jpg,Monarch
706618977.jpg,Monarch
706618849.jpg,Monarch
706614902.jpg,Monarch
706614552.jpg,Monarch
706611181.jpg,Monarch
706610039.jpg,Monarch
706601090.jpg,Monarch
706600127.jpg,Monarch
706600160.jpg,Monarch
706596645.jpg,Monarch
706596362.jpg,Monarch
706596215.jpg,Monarch
706594345.jpg,Monarch
706593439.jpg,Monarch
706593185.jpg,Monarch
706591054.jpg,Monarch
706588404.jpg,Monarch
706588638.jpg,Monarch
706586047.jpg,Monarch
706580870.jpg,Monarch
706584870.jpg,Monarch
706584806.jpg,Monarch
706582291.jpg,Monarch
706582261.jpg,Monarch
706581104.jpg,Monarch
706579078.jpg,Monarch
706579909.jpg,Monarch
706579875.jpg,Monarch
706579053.jpg,Monarch
706577584.jpg,Monarch
706577051.jpg,Monarch
706573763.jpg,Monarch
706571984.jpg,Monarch
706570314.jpg,Monarch
706569231.jpg,Monarch
706567233.jpg,Monarch
706564055.jpg,Monarch
706562729.jpg,Monarch
706560438.jpg,Monarch
706559448.jpg,Monarch
706557435.jpg,Monarch
706554610.jpg,Monarch
706551320.jpg,Monarch
706547165.jpg,Monarch
706544659.jpg,Monarch
706543995.jpg,Monarch
706543966.jpg,Monarch
706539309.jpg,Monarch
706539283.jpg,Monarch
706539281.jpg,Monarch
706539278.jpg,Monarch
706539218.jpg,Monarch
706539212.jpg,Monarch
706539214.jpg,Monarch
706538172.jpg,Monarch
706510780.jpg,Monarch
706485308.jpg,Monarch
706485071.jpg,Monarch
706466216.jpg,Monarch
706461994.jpg,Monarch
706459140.jpg,Monarch
706456536.jpg,Monarch
706448742.jpg,Monarch
706449816.jpg,Monarch
706447231.jpg,Monarch
706445696.jpg,Monarch
706442705.jpg,Monarch
706438338.jpg,Monarch
706439044.jpg,Monarch
706438312.jpg,Monarch
706437903.jpg,Monarch
706432608.jpg,Monarch
706431877.jpg,Monarch
706431774.jpg,Monarch
706431534.jpg,Monarch
706429077.jpg,Monarch
706428482.jpg,Monarch
706428147.jpg,Monarch
706417306.jpg,Monarch
706424216.jpg,Monarch
706423221.jpg,Monarch
706422099.jpg,Monarch
706419899.jpg,Monarch
706419423.jpg,Monarch
706419294.jpg,Monarch
706416927.jpg,Monarch
706416665.jpg,Monarch
706414942.jpg,Monarch
706413205.jpg,Monarch
706409992.jpg,Monarch
706409564.jpg,Monarch
706409472.jpg,Monarch
706408645.jpg,Monarch
706407469.jpg,Monarch
706407752.jpg,Monarch
708940866.jpg,Monarch
706394004.jpg,Monarch
706406199.jpg,Monarch
706404697.jpg,Monarch
706404581.jpg,Monarch
706404221.jpg,Monarch
706404016.jpg,Monarch
706402781.jpg,Monarch
706403105.jpg,Monarch
706401826.jpg,Monarch
706401226.jpg,Monarch
706412734.jpg,Monarch
706399311.jpg,Monarch
706398694.jpg,Monarch
706392340.jpg,Monarch
706392339.jpg,Monarch
706398123.jpg,Monarch
706395272.jpg,Monarch
706396355.jpg,Monarch
706390884.jpg,Monarch
706389283.jpg,Monarch
706385499.jpg,Monarch
706385020.jpg,Monarch
706383830.jpg,Monarch
706379548.jpg,Monarch
706380866.jpg,Monarch
706380682.jpg,Monarch
706380084.jpg,Monarch
706379488.jpg,Monarch
706379437.jpg,Monarch
706379792.jpg,Monarch
706378867.jpg,Monarch
706378447.jpg,Monarch
706378325.jpg,Monarch
706375786.jpg,Monarch
706373699.jpg,Monarch
706372444.jpg,Monarch
706370806.jpg,Monarch
706363493.jpg,Monarch
706369667.jpg,Monarch
706367713.jpg,Monarch
706367476.jpg,Monarch
706366812.jpg,Monarch
706365608.jpg,Monarch
706365906.jpg,Monarch
706363340.jpg,Monarch
706362620.jpg,Monarch
706360322.jpg,Monarch
706358345.jpg,Monarch
706356976.jpg,Monarch
706353095.jpg,Monarch
706352941.jpg,Monarch
706352896.jpg,Monarch
706352871.jpg,Monarch
706355016.jpg,Monarch
706353259.jpg,Monarch
706352682.jpg,Monarch
706347378.jpg,Monarch
706351423.jpg,Monarch
706348238.jpg,Monarch
706348074.jpg,Monarch
706343060.jpg,Monarch
706349762.jpg,Monarch
706349081.jpg,Monarch
706349051.jpg,Monarch
706349029.jpg,Monarch
706348828.jpg,Monarch
706347438.jpg,Monarch
706346460.jpg,Monarch
706346370.jpg,Monarch
706346327.jpg,Monarch
706346134.jpg,Monarch
706345154.jpg,Monarch
706344900.jpg,Monarch
706343964.jpg,Monarch
706343707.jpg,Monarch
706342147.jpg,Monarch
706341815.jpg,Monarch
706341659.jpg,Monarch
706341249.jpg,Monarch
706341201.jpg,Monarch
706341084.jpg,Monarch
706340965.jpg,Monarch
706340478.jpg,Monarch
706338972.jpg,Monarch
706338617.jpg,Monarch
706337716.jpg,Monarch
706335469.jpg,Monarch
706335459.jpg,Monarch
706333363.jpg,Monarch
706333235.jpg,Monarch
706332167.jpg,Monarch
706332688.jpg,Monarch
706332765.jpg,Monarch
706332373.jpg,Monarch
706332103.jpg,Monarch
706331564.jpg,Monarch
706331298.jpg,Monarch
706329745.jpg,Monarch
706329253.jpg,Monarch
706329008.jpg,Monarch
706328279.jpg,Monarch
706327539.jpg,Monarch
706327314.jpg,Monarch
706325555.jpg,Monarch
706327033.jpg,Monarch
706326380.jpg,Monarch
706325159.jpg,Monarch
706324923.jpg,Monarch
706320756.jpg,Monarch
706324463.jpg,Monarch
706324336.jpg,Monarch
706324032.jpg,Monarch
706324021.jpg,Monarch
706323927.jpg,Monarch
706323676.jpg,Monarch
706323140.jpg,Monarch
706329060.jpg,Monarch
706322738.jpg,Monarch
706320874.jpg,Monarch
706320746.jpg,Monarch
706320552.jpg,Monarch
706320012.jpg,Monarch
706319785.jpg,Monarch
706319567.jpg,Monarch
706318097.jpg,Monarch
706318048.jpg,Monarch
706318455.jpg,Monarch
706315213.jpg,Monarch
706318050.jpg,Monarch
706316305.jpg,Monarch
706314348.jpg,Monarch
706312141.jpg,Monarch
706311524.jpg,Monarch
706311583.jpg,Monarch
706309643.jpg,Monarch
706309511.jpg,Monarch
706307026.jpg,Monarch
706306634.jpg,Monarch
706305298.jpg,Monarch
706303963.jpg,Monarch
706296213.jpg,Monarch
706303385.jpg,Monarch
706302953.jpg,Monarch
706302538.jpg,Monarch
706302716.jpg,Monarch
706301048.jpg,Monarch
706295448.jpg,Monarch
706295934.jpg,Monarch
706291628.jpg,Monarch
706291551.jpg,Monarch
706291554.jpg,Monarch
706293973.jpg,Monarch
706293518.jpg,Monarch
706293351.jpg,Monarch
706287693.jpg,Monarch
706287620.jpg,Monarch
706289057.jpg,Monarch
706287477.jpg,Monarch
706288150.jpg,Monarch
706277646.jpg,Monarch
706286890.jpg,Monarch
706274741.jpg,Monarch
706344790.jpg,Monarch
706283722.jpg,Monarch
706282681.jpg,Monarch
706282048.jpg,Monarch
706279138.jpg,Monarch
706278694.jpg,Monarch
706277169.jpg,Monarch
706275251.jpg,Monarch
706274791.jpg,Monarch
706274045.jpg,Monarch
706273726.jpg,Monarch
706272510.jpg,Monarch
706272127.jpg,Monarch
706271117.jpg,Monarch
706270927.jpg,Monarch
706262577.jpg,Monarch
706258558.jpg,Monarch
706268269.jpg,Monarch
706268073.jpg,Monarch
706266226.jpg,Monarch
706265284.jpg,Monarch
706264836.jpg,Monarch
706263686.jpg,Monarch
706262509.jpg,Monarch
706261905.jpg,Monarch
706260465.jpg,Monarch
706260458.jpg,Monarch
706260302.jpg,Monarch
706550231.jpg,Monarch
706259075.jpg,Monarch
706258316.jpg,Monarch
706256122.jpg,Monarch
706254899.jpg,Monarch
706254594.jpg,Monarch
706254215.jpg,Monarch
706247764.jpg,Monarch
706253537.jpg,Monarch
706253550.jpg,Monarch
706245446.jpg,Monarch
706252553.jpg,Monarch
706251109.jpg,Monarch
706250767.jpg,Monarch
706250930.jpg,Monarch
706249247.jpg,Monarch
706248592.jpg,Monarch
706248256.jpg,Monarch
706247837.jpg,Monarch
706247767.jpg,Monarch
706243992.jpg,Monarch
706243092.jpg,Monarch
706242261.jpg,Monarch
706240603.jpg,Monarch
706240258.jpg,Monarch
706240063.jpg,Monarch
706238088.jpg,Monarch
706237831.jpg,Monarch
706926992.jpg,Monarch
706221237.jpg,Monarch
706235310.jpg,Monarch
706231007.jpg,Monarch
706233692.jpg,Monarch
706233490.jpg,Monarch
706233394.jpg,Monarch
706233193.jpg,Monarch
706232724.jpg,Monarch
706232376.jpg,Monarch
706232480.jpg,Monarch
706227694.jpg,Monarch
706230769.jpg,Monarch
706229701.jpg,Monarch
706229312.jpg,Monarch
706228838.jpg,Monarch
706228213.jpg,Monarch
706228113.jpg,Monarch
706227567.jpg,Monarch
706227400.jpg,Monarch
706227349.jpg,Monarch
706226548.jpg,Monarch
706226281.jpg,Monarch
706225597.jpg,Monarch
706225634.jpg,Monarch
706223852.jpg,Monarch
706213244.jpg,Monarch
706223213.jpg,Monarch
706222530.jpg,Monarch
706222344.jpg,Monarch
706322848.jpg,Monarch
706221457.jpg,Monarch
706219222.jpg,Monarch
706219429.jpg,Monarch
706217956.jpg,Monarch
706217886.jpg,Monarch
706217700.jpg,Monarch
706217297.jpg,Monarch
706216970.jpg,Monarch
706215090.jpg,Monarch
706215689.jpg,Monarch
706215230.jpg,Monarch
706214817.jpg,Monarch
706214640.jpg,Monarch
706214424.jpg,Monarch
706212375.jpg,Monarch
706208527.jpg,Monarch
706211597.jpg,Monarch
706210644.jpg,Monarch
706209701.jpg,Monarch
706209604.jpg,Monarch
706208475.jpg,Monarch
706207471.jpg,Monarch
706207461.jpg,Monarch
706206714.jpg,Monarch
708086892.jpg,Monarch
706205563.jpg,Monarch
706205071.jpg,Monarch
706204822.jpg,Monarch
706204695.jpg,Monarch
706203253.jpg,Monarch
706201686.jpg,Monarch
706201383.jpg,Monarch
706199193.jpg,Monarch
706198456.jpg,Monarch
706196772.jpg,Monarch
706197104.jpg,Monarch
706196099.jpg,Monarch
706195505.jpg,Monarch
706195418.jpg,Monarch
706194231.jpg,Monarch
706193768.jpg,Monarch
706190965.jpg,Monarch
706193054.jpg,Monarch
706192888.jpg,Monarch
706191285.jpg,Monarch
706191257.jpg,Monarch
706190249.jpg,Monarch
706189703.jpg,Monarch
706189599.jpg,Monarch
706189221.jpg,Monarch
706188588.jpg,Monarch
706184573.jpg,Monarch
706184515.jpg,Monarch
706183905.jpg,Monarch
706183863.jpg,Monarch
706183872.jpg,Monarch
706183658.jpg,Monarch
706186470.jpg,Monarch
706182840.jpg,Monarch
706182709.jpg,Monarch
706182461.jpg,Monarch
706186473.jpg,Monarch
706186341.jpg,Monarch
706185741.jpg,Monarch
706185045.jpg,Monarch
706180573.jpg,Monarch
706180630.jpg,Monarch
706179795.jpg,Monarch
706178410.jpg,Monarch
706176607.jpg,Monarch
706182412.jpg,Monarch
706174857.jpg,Monarch
706173805.jpg,Monarch
706172688.jpg,Monarch
706171100.jpg,Monarch
706170852.jpg,Monarch
706168732.jpg,Monarch
706167620.jpg,Monarch
706167371.jpg,Monarch
706167361.jpg,Monarch
706154667.jpg,Monarch
706166851.jpg,Monarch
706166157.jpg,Monarch
706165969.jpg,Monarch
706165890.jpg,Monarch
706164342.jpg,Monarch
706334953.jpg,Monarch
706163370.jpg,Monarch
706162584.jpg,Monarch
706162156.jpg,Monarch
706161434.jpg,Monarch
706161121.jpg,Monarch
706159030.jpg,Monarch
706160231.jpg,Monarch
706160210.jpg,Monarch
706159927.jpg,Monarch
706159851.jpg,Monarch
706159426.jpg,Monarch
706158981.jpg,Monarch
706157613.jpg,Monarch
706155733.jpg,Monarch
706155115.jpg,Monarch
708612219.jpg,Monarch
706151077.jpg,Monarch
706149289.jpg,Monarch
706147844.jpg,Monarch
706147709.jpg,Monarch
706147493.jpg,Monarch
706147411.jpg,Monarch
706146850.jpg,Monarch
706146397.jpg,Monarch
706145366.jpg,Monarch
706143264.jpg,Monarch
706144048.jpg,Monarch
706143236.jpg,Monarch
706139809.jpg,Monarch
706163478.jpg,Monarch
706138918.jpg,Monarch
706138667.jpg,Monarch
706138330.jpg,Monarch
706136743.jpg,Monarch
706136291.jpg,Monarch
706135606.jpg,Monarch
706131585.jpg,Monarch
706132709.jpg,Monarch
706129586.jpg,Monarch
706129002.jpg,Monarch
706128355.jpg,Monarch
706126629.jpg,Monarch
706124385.jpg,Monarch
706123773.jpg,Monarch
706122899.jpg,Monarch
706122850.jpg,Monarch
706117192.jpg,Monarch
706113650.jpg,Monarch
706114284.jpg,Monarch
706114985.jpg,Monarch
706114657.jpg,Monarch
706113823.jpg,Monarch
706112909.jpg,Monarch
706112061.jpg,Monarch
706111609.jpg,Monarch
706111226.jpg,Monarch
706110972.jpg,Monarch
706109720.jpg,Monarch
706108684.jpg,Monarch
706106212.jpg,Monarch
706106200.jpg,Monarch
706104790.jpg,Monarch
706102493.jpg,Monarch
706101669.jpg,Monarch
706101654.jpg,Monarch
706101180.jpg,Monarch
706099343.jpg,Monarch
706097872.jpg,Monarch
706097425.jpg,Monarch
706075793.jpg,Monarch
706075570.jpg,Monarch
706093342.jpg,Monarch
706093250.jpg,Monarch
706093121.jpg,Monarch
706093037.jpg,Monarch
706092778.jpg,Monarch
706092146.jpg,Monarch
706090540.jpg,Monarch
706088143.jpg,Monarch
706089946.jpg,Monarch
706083738.jpg,Monarch
706083041.jpg,Monarch
706081495.jpg,Monarch
706080486.jpg,Monarch
706079197.jpg,Monarch
706078121.jpg,Monarch
706076320.jpg,Monarch
706075923.jpg,Monarch
706054878.jpg,Monarch
706072828.jpg,Monarch
706075418.jpg,Monarch
706075246.jpg,Monarch
706077389.jpg,Monarch
706075849.jpg,Monarch
706074000.jpg,Monarch
706071890.jpg,Monarch
706070745.jpg,Monarch
706067535.jpg,Monarch
706067395.jpg,Monarch
706067272.jpg,Monarch
706066072.jpg,Monarch
706065789.jpg,Monarch
706063405.jpg,Monarch
706063234.jpg,Monarch
706063300.jpg,Monarch
706056921.jpg,Monarch
706062289.jpg,Monarch
706060811.jpg,Monarch
706061750.jpg,Monarch
706061569.jpg,Monarch
706060048.jpg,Monarch
706058943.jpg,Monarch
708974192.jpg,Monarch
706055222.jpg,Monarch
706054452.jpg,Monarch
706054423.jpg,Monarch
706053691.jpg,Monarch
706053385.jpg,Monarch
706053328.jpg,Monarch
706049648.jpg,Monarch
706049475.jpg,Monarch
706045530.jpg,Monarch
706045188.jpg,Monarch
706041837.jpg,Monarch
706041954.jpg,Monarch
706039961.jpg,Monarch
706028557.jpg,Monarch
706038996.jpg,Monarch
706038920.jpg,Monarch
706038249.jpg,Monarch
706036754.jpg,Monarch
706036481.jpg,Monarch
706035933.jpg,Monarch
706035449.jpg,Monarch
706035080.jpg,Monarch
706034984.jpg,Monarch
706035005.jpg,Monarch
706033954.jpg,Monarch
706033422.jpg,Monarch
706032035.jpg,Monarch
706030762.jpg,Monarch
706027161.jpg,Monarch
706028593.jpg,Monarch
706026507.jpg,Monarch
706023577.jpg,Monarch
706023405.jpg,Monarch
706023262.jpg,Monarch
706020724.jpg,Monarch
706038750.jpg,Monarch
706020420.jpg,Monarch
706124233.jpg,Monarch
706018900.jpg,Monarch
706018589.jpg,Monarch
706018553.jpg,Monarch
706016840.jpg,Monarch
706016843.jpg,Monarch
706016669.jpg,Monarch
706015616.jpg,Monarch
706015306.jpg,Monarch
706015781.jpg,Monarch
706012634.jpg,Monarch
706009615.jpg,Monarch
706009203.jpg,Monarch
706008831.jpg,Monarch
706006547.jpg,Monarch
706005099.jpg,Monarch
706005022.jpg,Monarch
706003470.jpg,Monarch
706003169.jpg,Monarch
705998696.jpg,Monarch
706000857.jpg,Monarch
706000573.jpg,Monarch
706000460.jpg,Monarch
705998986.jpg,Monarch
705998457.jpg,Monarch
705996882.jpg,Monarch
705994409.jpg,Monarch
705994400.jpg,Monarch
705988725.jpg,Monarch
705991653.jpg,Monarch
705991264.jpg,Monarch
705991174.jpg,Monarch
705989758.jpg,Monarch
706046741.jpg,Monarch
705986959.jpg,Monarch
705986807.jpg,Monarch
705986799.jpg,Monarch
705986047.jpg,Monarch
705983483.jpg,Monarch
705982807.jpg,Monarch
705981070.jpg,Monarch
705981067.jpg,Monarch
705980843.jpg,Monarch
705980670.jpg,Monarch
705980498.jpg,Monarch
705980317.jpg,Monarch
705979778.jpg,Monarch
705978666.jpg,Monarch
706393225.jpg,Monarch
705975992.jpg,Monarch
705975032.jpg,Monarch
705968889.jpg,Monarch
705967439.jpg,Monarch
705967293.jpg,Monarch
705965823.jpg,Monarch
705964500.jpg,Monarch
705964100.jpg,Monarch
705958403.jpg,Monarch
705958198.jpg,Monarch
705957291.jpg,Monarch
705956486.jpg,Monarch
705956477.jpg,Monarch
705956309.jpg,Monarch
705955977.jpg,Monarch
705955539.jpg,Monarch
705952809.jpg,Monarch
705949136.jpg,Monarch
705947839.jpg,Monarch
705944053.jpg,Monarch
705943170.jpg,Monarch
705920177.jpg,Monarch
705919653.jpg,Monarch
705889397.jpg,Monarch
705889389.jpg,Monarch
705889348.jpg,Monarch
705889379.jpg,Monarch
705877234.jpg,Monarch
705866129.jpg,Monarch
705849808.jpg,Monarch
705815866.jpg,Monarch
705836774.jpg,Monarch
705833364.jpg,Monarch
705816511.jpg,Monarch
705813500.jpg,Monarch
705813051.jpg,Monarch
705810613.jpg,Monarch
705805176.jpg,Monarch
705800760.jpg,Monarch
705803747.jpg,Monarch
705803690.jpg,Monarch
705803148.jpg,Monarch
705802697.jpg,Monarch
705798437.jpg,Monarch
705799094.jpg,Monarch
705798041.jpg,Monarch
705795140.jpg,Monarch
705794644.jpg,Monarch
705794622.jpg,Monarch
705788118.jpg,Monarch
705792592.jpg,Monarch
705791108.jpg,Monarch
705790651.jpg,Monarch
705790340.jpg,Monarch
705790258.jpg,Monarch
705787446.jpg,Monarch
705783964.jpg,Monarch
705783722.jpg,Monarch
705786143.jpg,Monarch
705783533.jpg,Monarch
705783449.jpg,Monarch
705782637.jpg,Monarch
705779247.jpg,Monarch
705777896.jpg,Monarch
705777669.jpg,Monarch
705776792.jpg,Monarch
705774430.jpg,Monarch
705775510.jpg,Monarch
705775147.jpg,Monarch
705774370.jpg,Monarch
705774363.jpg,Monarch
705773108.jpg,Monarch
705770811.jpg,Monarch
705769761.jpg,Monarch
705768357.jpg,Monarch
705767904.jpg,Monarch
705766532.jpg,Monarch
705755974.jpg,Monarch
705763362.jpg,Monarch
705752858.jpg,Monarch
705761328.jpg,Monarch
705747794.jpg,Monarch
705762318.jpg,Monarch
705758298.jpg,Monarch
705756674.jpg,Monarch
705756462.jpg,Monarch
705755973.jpg,Monarch
705754678.jpg,Monarch
705754436.jpg,Monarch
705752759.jpg,Monarch
705752564.jpg,Monarch
705748930.jpg,Monarch
705740242.jpg,Monarch
705739881.jpg,Monarch
705727852.jpg,Monarch
705742762.jpg,Monarch
705742726.jpg,Monarch
705742706.jpg,Monarch
705742666.jpg,Monarch
705742667.jpg,Monarch
705742655.jpg,Monarch
705742586.jpg,Monarch
705742581.jpg,Monarch
705742583.jpg,Monarch
705742526.jpg,Monarch
705742523.jpg,Monarch
705742524.jpg,Monarch
705747498.jpg,Monarch
705746574.jpg,Monarch
705746431.jpg,Monarch
705746327.jpg,Monarch
705745488.jpg,Monarch
705745182.jpg,Monarch
705745069.jpg,Monarch
705744301.jpg,Monarch
705743374.jpg,Monarch
705743361.jpg,Monarch
705738218.jpg,Monarch
705740959.jpg,Monarch
705740498.jpg,Monarch
705739910.jpg,Monarch
706034386.jpg,Monarch
705738589.jpg,Monarch
705738538.jpg,Monarch
705738112.jpg,Monarch
705738152.jpg,Monarch
705736603.jpg,Monarch
705736503.jpg,Monarch
705734238.jpg,Monarch
705731940.jpg,Monarch
705730404.jpg,Monarch
705726459.jpg,Monarch
705729958.jpg,Monarch
705728055.jpg,Monarch
705728321.jpg,Monarch
705724174.jpg,Monarch
705723706.jpg,Monarch
705723162.jpg,Monarch
705719080.jpg,Monarch
705718512.jpg,Monarch
705718479.jpg,Monarch
705721761.jpg,Monarch
705720342.jpg,Monarch
705715866.jpg,Monarch
705720411.jpg,Monarch
705718229.jpg,Monarch
705718115.jpg,Monarch
705717510.jpg,Monarch
705716747.jpg,Monarch
705716571.jpg,Monarch
705714947.jpg,Monarch
705667641.jpg,Monarch
705713076.jpg,Monarch
705712738.jpg,Monarch
705711910.jpg,Monarch
705711599.jpg,Monarch
705709243.jpg,Monarch
705709143.jpg,Monarch
705708952.jpg,Monarch
705708765.jpg,Monarch
705708504.jpg,Monarch
705704636.jpg,Monarch
705706555.jpg,Monarch
705687532.jpg,Monarch
705706040.jpg,Monarch
705705426.jpg,Monarch
705689046.jpg,Monarch
705688816.jpg,Monarch
705688223.jpg,Monarch
705687909.jpg,Monarch
705699340.jpg,Monarch
705702923.jpg,Monarch
705702312.jpg,Monarch
705701641.jpg,Monarch
705701523.jpg,Monarch
705701541.jpg,Monarch
705700977.jpg,Monarch
705696036.jpg,Monarch
705695715.jpg,Monarch
705695674.jpg,Monarch
705695640.jpg,Monarch
705695173.jpg,Monarch
705700104.jpg,Monarch
705699387.jpg,Monarch
705699336.jpg,Monarch
705698389.jpg,Monarch
705698917.jpg,Monarch
705697945.jpg,Monarch
705696824.jpg,Monarch
705696320.jpg,Monarch
705696025.jpg,Monarch
705695085.jpg,Monarch
705694161.jpg,Monarch
705689848.jpg,Monarch
705693862.jpg,Monarch
705692782.jpg,Monarch
705692751.jpg,Monarch
705692501.jpg,Monarch
705692420.jpg,Monarch
705690784.jpg,Monarch
705684181.jpg,Monarch
705687759.jpg,Monarch
705686874.jpg,Monarch
705687387.jpg,Monarch
706389024.jpg,Monarch
705684446.jpg,Monarch
705684589.jpg,Monarch
705680853.jpg,Monarch
705676956.jpg,Monarch
705681308.jpg,Monarch
705680604.jpg,Monarch
705680221.jpg,Monarch
705678683.jpg,Monarch
705677005.jpg,Monarch
705677725.jpg,Monarch
705677576.jpg,Monarch
705676869.jpg,Monarch
705672525.jpg,Monarch
705676218.jpg,Monarch
705674101.jpg,Monarch
705674023.jpg,Monarch
705672820.jpg,Monarch
705672080.jpg,Monarch
705671524.jpg,Monarch
705671141.jpg,Monarch
705671369.jpg,Monarch
705655915.jpg,Monarch
705668604.jpg,Monarch
705653569.jpg,Monarch
705653243.jpg,Monarch
705667675.jpg,Monarch
705665226.jpg,Monarch
705665149.jpg,Monarch
705665067.jpg,Monarch
705663562.jpg,Monarch
705663320.jpg,Monarch
705662663.jpg,Monarch
705661220.jpg,Monarch
705659837.jpg,Monarch
705659479.jpg,Monarch
705659155.jpg,Monarch
705658555.jpg,Monarch
705658549.jpg,Monarch
705657422.jpg,Monarch
705655605.jpg,Monarch
705655168.jpg,Monarch
705653752.jpg,Monarch
705655150.jpg,Monarch
705654418.jpg,Monarch
705654110.jpg,Monarch
705651698.jpg,Monarch
705651770.jpg,Monarch
705648178.jpg,Monarch
705647429.jpg,Monarch
705650279.jpg,Monarch
705649048.jpg,Monarch
705648678.jpg,Monarch
705648710.jpg,Monarch
705647586.jpg,Monarch
705647528.jpg,Monarch
705646651.jpg,Monarch
705646567.jpg,Monarch
705645885.jpg,Monarch
705645134.jpg,Monarch
705644927.jpg,Monarch
705644633.jpg,Monarch
705644164.jpg,Monarch
705643912.jpg,Monarch
705643006.jpg,Monarch
705641905.jpg,Monarch
705641880.jpg,Monarch
705637723.jpg,Monarch
705637737.jpg,Monarch
705586841.jpg,Monarch
705639002.jpg,Monarch
705638863.jpg,Monarch
705637062.jpg,Monarch
705636889.jpg,Monarch
705636549.jpg,Monarch
705635984.jpg,Monarch
705629872.jpg,Monarch
705634365.jpg,Monarch
705633317.jpg,Monarch
705632748.jpg,Monarch
705632125.jpg,Monarch
705628441.jpg,Monarch
705627971.jpg,Monarch
705627329.jpg,Monarch
705626177.jpg,Monarch
705626023.jpg,Monarch
705625238.jpg,Monarch
705624570.jpg,Monarch
705624384.jpg,Monarch
705624311.jpg,Monarch
705621586.jpg,Monarch
705623242.jpg,Monarch
705620295.jpg,Monarch
705603567.jpg,Monarch
705621554.jpg,Monarch
705619982.jpg,Monarch
705608081.jpg,Monarch
705618144.jpg,Monarch
705617281.jpg,Monarch
705617193.jpg,Monarch
705616491.jpg,Monarch
705615827.jpg,Monarch
705552837.jpg,Monarch
705611999.jpg,Monarch
705611316.jpg,Monarch
705610097.jpg,Monarch
705609879.jpg,Monarch
705607807.jpg,Monarch
705607614.jpg,Monarch
705605606.jpg,Monarch
705601185.jpg,Monarch
706002245.jpg,Monarch
705600999.jpg,Monarch
705598481.jpg,Monarch
705597808.jpg,Monarch
705597553.jpg,Monarch
705597228.jpg,Monarch
705597235.jpg,Monarch
705587316.jpg,Monarch
705595508.jpg,Monarch
705594594.jpg,Monarch
705593945.jpg,Monarch
705588520.jpg,Monarch
705588501.jpg,Monarch
705589013.jpg,Monarch
705588867.jpg,Monarch
705588508.jpg,Monarch
705588110.jpg,Monarch
705585937.jpg,Monarch
705585626.jpg,Monarch
705585062.jpg,Monarch
705579920.jpg,Monarch
705584720.jpg,Monarch
705584660.jpg,Monarch
705584195.jpg,Monarch
705583971.jpg,Monarch
705583392.jpg,Monarch
705583274.jpg,Monarch
705582668.jpg,Monarch
705581901.jpg,Monarch
705580945.jpg,Monarch
705580733.jpg,Monarch
705585904.jpg,Monarch
705579878.jpg,Monarch
705578372.jpg,Monarch
705575352.jpg,Monarch
705575351.jpg,Monarch
705574790.jpg,Monarch
705573825.jpg,Monarch
705572119.jpg,Monarch
705571157.jpg,Monarch
705571097.jpg,Monarch
705567391.jpg,Monarch
705567304.jpg,Monarch
705568759.jpg,Monarch
705568151.jpg,Monarch
705567686.jpg,Monarch
705565831.jpg,Monarch
705564960.jpg,Monarch
705559109.jpg,Monarch
705553182.jpg,Monarch
705561079.jpg,Monarch
705561860.jpg,Monarch
705553807.jpg,Monarch
705553543.jpg,Monarch
705553198.jpg,Monarch
705551465.jpg,Monarch
705549944.jpg,Monarch
705552639.jpg,Monarch
705550981.jpg,Monarch
705558821.jpg,Monarch
705550486.jpg,Monarch
705550536.jpg,Monarch
705552194.jpg,Monarch
705548644.jpg,Monarch
705548133.jpg,Monarch
705546072.jpg,Monarch
705546076.jpg,Monarch
705545943.jpg,Monarch
705545623.jpg,Monarch
705545061.jpg,Monarch
705543122.jpg,Monarch
705542997.jpg,Monarch
705539804.jpg,Monarch
705074461.jpg,Monarch
705539331.jpg,Monarch
705538626.jpg,Monarch
705538060.jpg,Monarch
705538065.jpg,Monarch
705534940.jpg,Monarch
705536323.jpg,Monarch
706067549.jpg,Monarch
705534689.jpg,Monarch
705532385.jpg,Monarch
705531981.jpg,Monarch
705531234.jpg,Monarch
705527895.jpg,Monarch
705527298.jpg,Monarch
705527316.jpg,Monarch
705526674.jpg,Monarch
705526552.jpg,Monarch
705526337.jpg,Monarch
705523981.jpg,Monarch
705523595.jpg,Monarch
705523635.jpg,Monarch
705520844.jpg,Monarch
705515980.jpg,Monarch
705514037.jpg,Monarch
705513915.jpg,Monarch
705513557.jpg,Monarch
705512475.jpg,Monarch
705512295.jpg,Monarch
705512135.jpg,Monarch
705512092.jpg,Monarch
705511246.jpg,Monarch
705510885.jpg,Monarch
705430355.jpg,Monarch
705509957.jpg,Monarch
705507334.jpg,Monarch
705507248.jpg,Monarch
705507766.jpg,Monarch
705507376.jpg,Monarch
705507251.jpg,Monarch
705505779.jpg,Monarch
705505789.jpg,Monarch
705504755.jpg,Monarch
705503833.jpg,Monarch
705500584.jpg,Monarch
705500034.jpg,Monarch
705496278.jpg,Monarch
705496043.jpg,Monarch
705495502.jpg,Monarch
705492744.jpg,Monarch
705491301.jpg,Monarch
705490601.jpg,Monarch
705489517.jpg,Monarch
705489210.jpg,Monarch
705488853.jpg,Monarch
705488540.jpg,Monarch
705486266.jpg,Monarch
705486268.jpg,Monarch
705486285.jpg,Monarch
705485961.jpg,Monarch
705479266.jpg,Monarch
705476689.jpg,Monarch
705476675.jpg,Monarch
705472338.jpg,Monarch
705471247.jpg,Monarch
705470362.jpg,Monarch
705470092.jpg,Monarch
705528713.jpg,Monarch
705469007.jpg,Monarch
705466101.jpg,Monarch
705464608.jpg,Monarch
705462641.jpg,Monarch
705462287.jpg,Monarch
705462096.jpg,Monarch
705461834.jpg,Monarch
705459711.jpg,Monarch
705459482.jpg,Monarch
705459292.jpg,Monarch
705458218.jpg,Monarch
705457790.jpg,Monarch
705457858.jpg,Monarch
705456901.jpg,Monarch
705456807.jpg,Monarch
705456254.jpg,Monarch
705455998.jpg,Monarch
705455105.jpg,Monarch
705454867.jpg,Monarch
705454652.jpg,Monarch
705452450.jpg,Monarch
705452231.jpg,Monarch
705451070.jpg,Monarch
705458096.jpg,Monarch
705449214.jpg,Monarch
705448277.jpg,Monarch
705445060.jpg,Monarch
705444130.jpg,Monarch
705443117.jpg,Monarch
705442983.jpg,Monarch
705442715.jpg,Monarch
705442590.jpg,Monarch
705442515.jpg,Monarch
705439340.jpg,Monarch
705441037.jpg,Monarch
705440770.jpg,Monarch
707857111.jpg,Monarch
705437921.jpg,Monarch
705436046.jpg,Monarch
705438898.jpg,Monarch
705508649.jpg,Monarch
705438143.jpg,Monarch
705437854.jpg,Monarch
705437867.jpg,Monarch
705437507.jpg,Monarch
705436682.jpg,Monarch
705435617.jpg,Monarch
705435350.jpg,Monarch
705433528.jpg,Monarch
705427685.jpg,Monarch
705429308.jpg,Monarch
705428676.jpg,Monarch
705427020.jpg,Monarch
705426295.jpg,Monarch
705425394.jpg,Monarch
705424265.jpg,Monarch
705423928.jpg,Monarch
705424175.jpg,Monarch
705423495.jpg,Monarch
705422152.jpg,Monarch
705422297.jpg,Monarch
705421726.jpg,Monarch
705421223.jpg,Monarch
705421075.jpg,Monarch
705415181.jpg,Monarch
705415191.jpg,Monarch
705412530.jpg,Monarch
705411460.jpg,Monarch
705410208.jpg,Monarch
705410549.jpg,Monarch
705405726.jpg,Monarch
705405682.jpg,Monarch
705406301.jpg,Monarch
705406329.jpg,Monarch
705401113.jpg,Monarch
705400197.jpg,Monarch
705398911.jpg,Monarch
705397434.jpg,Monarch
705395842.jpg,Monarch
705395591.jpg,Monarch
705394499.jpg,Monarch
705394126.jpg,Monarch
705389444.jpg,Monarch
705519769.jpg,Monarch
705387753.jpg,Monarch
705604907.jpg,Monarch
705385739.jpg,Monarch
705385448.jpg,Monarch
705377593.jpg,Monarch
705376180.jpg,Monarch
705384518.jpg,Monarch
705375995.jpg,Monarch
705383894.jpg,Monarch
705374422.jpg,Monarch
705381693.jpg,Monarch
705380758.jpg,Monarch
705378304.jpg,Monarch
705377520.jpg,Monarch
705374892.jpg,Monarch
705373197.jpg,Monarch
705373075.jpg,Monarch
705372744.jpg,Monarch
705370714.jpg,Monarch
705368399.jpg,Monarch
705367576.jpg,Monarch
705367627.jpg,Monarch
705367467.jpg,Monarch
706682321.jpg,Monarch
705366679.jpg,Monarch
705365657.jpg,Monarch
705365149.jpg,Monarch
705363774.jpg,Monarch
705361218.jpg,Monarch
705359279.jpg,Monarch
706119009.jpg,Monarch
705343368.jpg,Monarch
705351699.jpg,Monarch
705339408.jpg,Monarch
705350653.jpg,Monarch
705350339.jpg,Monarch
705349876.jpg,Monarch
705349746.jpg,Monarch
705349190.jpg,Monarch
705348997.jpg,Monarch
705347296.jpg,Monarch
705346195.jpg,Monarch
705345923.jpg,Monarch
705345287.jpg,Monarch
705345175.jpg,Monarch
705344807.jpg,Monarch
705344715.jpg,Monarch
705343016.jpg,Monarch
705342858.jpg,Monarch
705342681.jpg,Monarch
705342088.jpg,Monarch
705341662.jpg,Monarch
705341333.jpg,Monarch
705344767.jpg,Monarch
705338338.jpg,Monarch
705329918.jpg,Monarch
705329893.jpg,Monarch
705336727.jpg,Monarch
705336447.jpg,Monarch
705343984.jpg,Monarch
705335528.jpg,Monarch
705334174.jpg,Monarch
705331954.jpg,Monarch
705333175.jpg,Monarch
705332707.jpg,Monarch
705331124.jpg,Monarch
705331046.jpg,Monarch
705330991.jpg,Monarch
705330132.jpg,Monarch
705329810.jpg,Monarch
705329729.jpg,Monarch
705329484.jpg,Monarch
705328979.jpg,Monarch
705327428.jpg,Monarch
705327432.jpg,Monarch
705327075.jpg,Monarch
705321549.jpg,Monarch
705318042.jpg,Monarch
705317649.jpg,Monarch
705316567.jpg,Monarch
705315667.jpg,Monarch
705314805.jpg,Monarch
705313017.jpg,Monarch
706051906.jpg,Monarch
705312094.jpg,Monarch
705309395.jpg,Monarch
705306748.jpg,Monarch
705305988.jpg,Monarch
705304443.jpg,Monarch
705303582.jpg,Monarch
705303596.jpg,Monarch
705303500.jpg,Monarch
705301156.jpg,Monarch
705608194.jpg,Monarch
705298415.jpg,Monarch
705297304.jpg,Monarch
705296029.jpg,Monarch
705295649.jpg,Monarch
705294910.jpg,Monarch
705294131.jpg,Monarch
705292911.jpg,Monarch
705292853.jpg,Monarch
705292702.jpg,Monarch
705291532.jpg,Monarch
705291161.jpg,Monarch
705289935.jpg,Monarch
705290007.jpg,Monarch
705288310.jpg,Monarch
705285578.jpg,Monarch
705285524.jpg,Monarch
705285373.jpg,Monarch
705285297.jpg,Monarch
705285183.jpg,Monarch
705285096.jpg,Monarch
705284034.jpg,Monarch
705281516.jpg,Monarch
705281476.jpg,Monarch
705280476.jpg,Monarch
705280340.jpg,Monarch
705279638.jpg,Monarch
705279102.jpg,Monarch
705278560.jpg,Monarch
705278412.jpg,Monarch
705278113.jpg,Monarch
705275895.jpg,Monarch
705272207.jpg,Monarch
705270998.jpg,Monarch
705269650.jpg,Monarch
705269517.jpg,Monarch
705269018.jpg,Monarch
705267437.jpg,Monarch
705267550.jpg,Monarch
705266953.jpg,Monarch
705265770.jpg,Monarch
705265400.jpg,Monarch
705264826.jpg,Monarch
705263474.jpg,Monarch
705262496.jpg,Monarch
705262437.jpg,Monarch
705261253.jpg,Monarch
705259252.jpg,Monarch
705258704.jpg,Monarch
705257488.jpg,Monarch
705256258.jpg,Monarch
705253357.jpg,Monarch
705252909.jpg,Monarch
705252195.jpg,Monarch
705250268.jpg,Monarch
705249985.jpg,Monarch
705246955.jpg,Monarch
705246875.jpg,Monarch
705238503.jpg,Monarch
705234732.jpg,Monarch
705234704.jpg,Monarch
705227596.jpg,Monarch
705227548.jpg,Monarch
705221622.jpg,Monarch
705217756.jpg,Monarch
705216143.jpg,Monarch
705212171.jpg,Monarch
705212170.jpg,Monarch
705208205.jpg,Monarch
705204830.jpg,Monarch
705199696.jpg,Monarch
705198803.jpg,Monarch
705198769.jpg,Monarch
705198736.jpg,Monarch
705198699.jpg,Monarch
705198655.jpg,Monarch
705195185.jpg,Monarch
705188169.jpg,Monarch
705187538.jpg,Monarch
705159802.jpg,Monarch
705155040.jpg,Monarch
705129656.jpg,Monarch
705121136.jpg,Monarch
705116130.jpg,Monarch
705041147.jpg,Monarch
705105496.jpg,Monarch
705103486.jpg,Monarch
705102518.jpg,Monarch
705101955.jpg,Monarch
705101051.jpg,Monarch
705099947.jpg,Monarch
705096459.jpg,Monarch
705095152.jpg,Monarch
705091357.jpg,Monarch
705089684.jpg,Monarch
705088144.jpg,Monarch
705085408.jpg,Monarch
705076569.jpg,Monarch
705074096.jpg,Monarch
705072197.jpg,Monarch
705072086.jpg,Monarch
705072075.jpg,Monarch
705072046.jpg,Monarch
705072041.jpg,Monarch
705071776.jpg,Monarch
705069745.jpg,Monarch
705070417.jpg,Monarch
705068309.jpg,Monarch
705068272.jpg,Monarch
705067400.jpg,Monarch
705066050.jpg,Monarch
705066760.jpg,Monarch
705062740.jpg,Monarch
705061989.jpg,Monarch
705057582.jpg,Monarch
705049217.jpg,Monarch
705009507.jpg,Monarch
705041079.jpg,Monarch
705047177.jpg,Monarch
705045922.jpg,Monarch
705038038.jpg,Monarch
705037642.jpg,Monarch
705038710.jpg,Monarch
705036419.jpg,Monarch
705028167.jpg,Monarch
705031733.jpg,Monarch
705005324.jpg,Monarch
705029998.jpg,Monarch
705028046.jpg,Monarch
705027463.jpg,Monarch
705025424.jpg,Monarch
705025353.jpg,Monarch
705024594.jpg,Monarch
705025542.jpg,Monarch
705022365.jpg,Monarch
705019968.jpg,Monarch
705019889.jpg,Monarch
705019752.jpg,Monarch
705017469.jpg,Monarch
705016419.jpg,Monarch
705015613.jpg,Monarch
705014253.jpg,Monarch
705014156.jpg,Monarch
705010654.jpg,Monarch
705012139.jpg,Monarch
705011954.jpg,Monarch
705011834.jpg,Monarch
705009392.jpg,Monarch
705008526.jpg,Monarch
705008831.jpg,Monarch
705007630.jpg,Monarch
705005527.jpg,Monarch
705006402.jpg,Monarch
705333820.jpg,Monarch
705371999.jpg,Monarch
705005666.jpg,Monarch
705005668.jpg,Monarch
705004400.jpg,Monarch
705003909.jpg,Monarch
705002475.jpg,Monarch
705001024.jpg,Monarch
705001059.jpg,Monarch
705000340.jpg,Monarch
705000213.jpg,Monarch
704998995.jpg,Monarch
704998609.jpg,Monarch
704997157.jpg,Monarch
704997061.jpg,Monarch
704996002.jpg,Monarch
704992999.jpg,Monarch
704992214.jpg,Monarch
704992207.jpg,Monarch
704991712.jpg,Monarch
704991456.jpg,Monarch
704991002.jpg,Monarch
704989290.jpg,Monarch
704989236.jpg,Monarch
704989767.jpg,Monarch
704989637.jpg,Monarch
704986058.jpg,Monarch
704989461.jpg,Monarch
704989185.jpg,Monarch
704988088.jpg,Monarch
704987806.jpg,Monarch
704985880.jpg,Monarch
704985339.jpg,Monarch
704985648.jpg,Monarch
704984979.jpg,Monarch
704983450.jpg,Monarch
704984208.jpg,Monarch
704980112.jpg,Monarch
704982736.jpg,Monarch
704980473.jpg,Monarch
704980202.jpg,Monarch
704979657.jpg,Monarch
704979129.jpg,Monarch
704978454.jpg,Monarch
704978468.jpg,Monarch
704978903.jpg,Monarch
704978667.jpg,Monarch
704977873.jpg,Monarch
704975094.jpg,Monarch
704976034.jpg,Monarch
704974435.jpg,Monarch
704974254.jpg,Monarch
704972901.jpg,Monarch
704971418.jpg,Monarch
704971367.jpg,Monarch
704966768.jpg,Monarch
704982430.jpg,Monarch
704970194.jpg,Monarch
704969007.jpg,Monarch
704967874.jpg,Monarch
704968534.jpg,Monarch
704932963.jpg,Monarch
704968156.jpg,Monarch
704968029.jpg,Monarch
704967793.jpg,Monarch
704967724.jpg,Monarch
704967660.jpg,Monarch
704966565.jpg,Monarch
704963158.jpg,Monarch
704963718.jpg,Monarch
704962568.jpg,Monarch
704962522.jpg,Monarch
704962282.jpg,Monarch
704962234.jpg,Monarch
704958918.jpg,Monarch
704952548.jpg,Monarch
704957352.jpg,Monarch
704957225.jpg,Monarch
704952655.jpg,Monarch
704952596.jpg,Monarch
704952311.jpg,Monarch
704946426.jpg,Monarch
704951267.jpg,Monarch
704951115.jpg,Monarch
704950978.jpg,Monarch
704950415.jpg,Monarch
704950229.jpg,Monarch
704950250.jpg,Monarch
704949381.jpg,Monarch
704948900.jpg,Monarch
704948882.jpg,Monarch
704947389.jpg,Monarch
704944367.jpg,Monarch
704944445.jpg,Monarch
704943660.jpg,Monarch
704943488.jpg,Monarch
704943020.jpg,Monarch
704942623.jpg,Monarch
704941473.jpg,Monarch
704940987.jpg,Monarch
704940582.jpg,Monarch
704898654.jpg,Monarch
704939241.jpg,Monarch
704935128.jpg,Monarch
704931626.jpg,Monarch
704934615.jpg,Monarch
704931345.jpg,Monarch
704933121.jpg,Monarch
704926357.jpg,Monarch
704930260.jpg,Monarch
704928450.jpg,Monarch
704928334.jpg,Monarch
704928110.jpg,Monarch
704927258.jpg,Monarch
704927163.jpg,Monarch
704926951.jpg,Monarch
704925843.jpg,Monarch
704921561.jpg,Monarch
704909260.jpg,Monarch
704881435.jpg,Monarch
704920870.jpg,Monarch
704919055.jpg,Monarch
704916594.jpg,Monarch
704916304.jpg,Monarch
704915545.jpg,Monarch
704914328.jpg,Monarch
704913789.jpg,Monarch
704914139.jpg,Monarch
704913487.jpg,Monarch
704911489.jpg,Monarch
704908625.jpg,Monarch
704912098.jpg,Monarch
704912349.jpg,Monarch
704911176.jpg,Monarch
704910342.jpg,Monarch
704906510.jpg,Monarch
704904528.jpg,Monarch
704902071.jpg,Monarch
704900889.jpg,Monarch
704900923.jpg,Monarch
704899748.jpg,Monarch
704898606.jpg,Monarch
704897338.jpg,Monarch
704894948.jpg,Monarch
704894822.jpg,Monarch
704894719.jpg,Monarch
704894160.jpg,Monarch
704894077.jpg,Monarch
704865346.jpg,Monarch
704892960.jpg,Monarch
704890548.jpg,Monarch
704885173.jpg,Monarch
704887080.jpg,Monarch
704885845.jpg,Monarch
704884529.jpg,Monarch
704877745.jpg,Monarch
704881821.jpg,Monarch
704881170.jpg,Monarch
704880883.jpg,Monarch
704880728.jpg,Monarch
704880166.jpg,Monarch
704879647.jpg,Monarch
704875196.jpg,Monarch
704875206.jpg,Monarch
704874489.jpg,Monarch
704874613.jpg,Monarch
704873668.jpg,Monarch
704873309.jpg,Monarch
704873261.jpg,Monarch
704872405.jpg,Monarch
704872065.jpg,Monarch
704871700.jpg,Monarch
704871270.jpg,Monarch
704868486.jpg,Monarch
704865729.jpg,Monarch
704863276.jpg,Monarch
704862939.jpg,Monarch
704862552.jpg,Monarch
704862338.jpg,Monarch
704862008.jpg,Monarch
704879550.jpg,Monarch
704859937.jpg,Monarch
704859733.jpg,Monarch
704858903.jpg,Monarch
704858799.jpg,Monarch
704856412.jpg,Monarch
704857609.jpg,Monarch
704849567.jpg,Monarch
704853712.jpg,Monarch
704853389.jpg,Monarch
704849418.jpg,Monarch
704849009.jpg,Monarch
704851298.jpg,Monarch
704851377.jpg,Monarch
704850394.jpg,Monarch
704848795.jpg,Monarch
704849909.jpg,Monarch
704849690.jpg,Monarch
704848403.jpg,Monarch
704848385.jpg,Monarch
704848122.jpg,Monarch
704848168.jpg,Monarch
704847339.jpg,Monarch
704847357.jpg,Monarch
704843953.jpg,Monarch
704845445.jpg,Monarch
704845887.jpg,Monarch
704845953.jpg,Monarch
704845231.jpg,Monarch
704843449.jpg,Monarch
704843441.jpg,Monarch
704842737.jpg,Monarch
704840626.jpg,Monarch
704840017.jpg,Monarch
704839721.jpg,Monarch
704839749.jpg,Monarch
704812982.jpg,Monarch
704812610.jpg,Monarch
704812608.jpg,Monarch
704837495.jpg,Monarch
704837463.jpg,Monarch
704837205.jpg,Monarch
704836852.jpg,Monarch
704835320.jpg,Monarch
704833298.jpg,Monarch
704832620.jpg,Monarch
704831612.jpg,Monarch
704831103.jpg,Monarch
704829749.jpg,Monarch
704829354.jpg,Monarch
704828991.jpg,Monarch
704828574.jpg,Monarch
704828522.jpg,Monarch
704825728.jpg,Monarch
704823531.jpg,Monarch
704823498.jpg,Monarch
704823315.jpg,Monarch
704821981.jpg,Monarch
704789690.jpg,Monarch
704821685.jpg,Monarch
704820125.jpg,Monarch
704819226.jpg,Monarch
704818047.jpg,Monarch
704806111.jpg,Monarch
704814348.jpg,Monarch
704813465.jpg,Monarch
704812301.jpg,Monarch
704811442.jpg,Monarch
704812699.jpg,Monarch
704810399.jpg,Monarch
704808447.jpg,Monarch
704808428.jpg,Monarch
704808402.jpg,Monarch
704810031.jpg,Monarch
704809598.jpg,Monarch
704808811.jpg,Monarch
704808240.jpg,Monarch
704807320.jpg,Monarch
704805472.jpg,Monarch
704805383.jpg,Monarch
704804296.jpg,Monarch
704800146.jpg,Monarch
704796161.jpg,Monarch
704793907.jpg,Monarch
704790828.jpg,Monarch
704789394.jpg,Monarch
704788125.jpg,Monarch
704787732.jpg,Monarch
704783184.jpg,Monarch
704786446.jpg,Monarch
704784558.jpg,Monarch
704783131.jpg,Monarch
704781241.jpg,Monarch
704798934.jpg,Monarch
704777716.jpg,Monarch
704777363.jpg,Monarch
704776034.jpg,Monarch
704774750.jpg,Monarch
704772401.jpg,Monarch
704767048.jpg,Monarch
704766991.jpg,Monarch
704766944.jpg,Monarch
704774410.jpg,Monarch
704772158.jpg,Monarch
704770768.jpg,Monarch
704769522.jpg,Monarch
704769165.jpg,Monarch
704768804.jpg,Monarch
704767474.jpg,Monarch
704767345.jpg,Monarch
704767299.jpg,Monarch
704765898.jpg,Monarch
704764777.jpg,Monarch
704764616.jpg,Monarch
704763145.jpg,Monarch
704761832.jpg,Monarch
704762200.jpg,Monarch
704757522.jpg,Monarch
704757189.jpg,Monarch
704757191.jpg,Monarch
704757123.jpg,Monarch
704757126.jpg,Monarch
704757029.jpg,Monarch
705010921.jpg,Monarch
704755682.jpg,Monarch
704756435.jpg,Monarch
704756213.jpg,Monarch
704755659.jpg,Monarch
704754598.jpg,Monarch
704753535.jpg,Monarch
704753031.jpg,Monarch
704750055.jpg,Monarch
704750014.jpg,Monarch
704749828.jpg,Monarch
704747948.jpg,Monarch
704747127.jpg,Monarch
704746914.jpg,Monarch
704746754.jpg,Monarch
704746301.jpg,Monarch
704745648.jpg,Monarch
704744591.jpg,Monarch
704744023.jpg,Monarch
704740014.jpg,Monarch
704733640.jpg,Monarch
704735845.jpg,Monarch
704733915.jpg,Monarch
704733740.jpg,Monarch
704733667.jpg,Monarch
704733478.jpg,Monarch
704732427.jpg,Monarch
704729278.jpg,Monarch
704731606.jpg,Monarch
704730710.jpg,Monarch
704729248.jpg,Monarch
704729907.jpg,Monarch
704729382.jpg,Monarch
704728536.jpg,Monarch
704726619.jpg,Monarch
704726461.jpg,Monarch
704724135.jpg,Monarch
704722783.jpg,Monarch
704722251.jpg,Monarch
704721753.jpg,Monarch
704719447.jpg,Monarch
704718593.jpg,Monarch
704714921.jpg,Monarch
704717400.jpg,Monarch
704717017.jpg,Monarch
704714590.jpg,Monarch
704713585.jpg,Monarch
704712735.jpg,Monarch
704712218.jpg,Monarch
704707780.jpg,Monarch
704707735.jpg,Monarch
704707700.jpg,Monarch
704706622.jpg,Monarch
704700731.jpg,Monarch
704700813.jpg,Monarch
704700630.jpg,Monarch
704700658.jpg,Monarch
704705390.jpg,Monarch
704704742.jpg,Monarch
704704567.jpg,Monarch
704704490.jpg,Monarch
704704390.jpg,Monarch
704702851.jpg,Monarch
704704283.jpg,Monarch
704702539.jpg,Monarch
704701967.jpg,Monarch
704701379.jpg,Monarch
704700228.jpg,Monarch
704698826.jpg,Monarch
704698735.jpg,Monarch
704695565.jpg,Monarch
704697455.jpg,Monarch
704697234.jpg,Monarch
704691076.jpg,Monarch
704695479.jpg,Monarch
704694865.jpg,Monarch
704693975.jpg,Monarch
704693840.jpg,Monarch
704692736.jpg,Monarch
708649466.jpg,Monarch
704740612.jpg,Monarch
704691261.jpg,Monarch
704690759.jpg,Monarch
704688126.jpg,Monarch
704687867.jpg,Monarch
704681411.jpg,Monarch
704681379.jpg,Monarch
704681371.jpg,Monarch
704681360.jpg,Monarch
704681357.jpg,Monarch
704681347.jpg,Monarch
704681241.jpg,Monarch
704681203.jpg,Monarch
704686773.jpg,Monarch
704686714.jpg,Monarch
704686582.jpg,Monarch
704684421.jpg,Monarch
704684264.jpg,Monarch
704683801.jpg,Monarch
704668201.jpg,Monarch
704667261.jpg,Monarch
704667234.jpg,Monarch
704667006.jpg,Monarch
704666832.jpg,Monarch
704682487.jpg,Monarch
706420103.jpg,Monarch
704779974.jpg,Monarch
704848274.jpg,Monarch
704679633.jpg,Monarch
704680759.jpg,Monarch
704670878.jpg,Monarch
704680550.jpg,Monarch
705493181.jpg,Monarch
704679512.jpg,Monarch
704679350.jpg,Monarch
704676305.jpg,Monarch
704674964.jpg,Monarch
704675001.jpg,Monarch
704674601.jpg,Monarch
704673843.jpg,Monarch
704672392.jpg,Monarch
704662988.jpg,Monarch
704671289.jpg,Monarch
704668498.jpg,Monarch
704667069.jpg,Monarch
704667049.jpg,Monarch
704666765.jpg,Monarch
704666013.jpg,Monarch
704665712.jpg,Monarch
704664948.jpg,Monarch
704664639.jpg,Monarch
704663577.jpg,Monarch
704662720.jpg,Monarch
704660548.jpg,Monarch
704659984.jpg,Monarch
704659018.jpg,Monarch
704658434.jpg,Monarch
704658289.jpg,Monarch
704656528.jpg,Monarch
704657781.jpg,Monarch
704658204.jpg,Monarch
704656197.jpg,Monarch
704653217.jpg,Monarch
704652817.jpg,Monarch
704647267.jpg,Monarch
704650105.jpg,Monarch
704649227.jpg,Monarch
704646967.jpg,Monarch
704646690.jpg,Monarch
704646796.jpg,Monarch
704646302.jpg,Monarch
704646345.jpg,Monarch
704646287.jpg,Monarch
704663292.jpg,Monarch
704643339.jpg,Monarch
704642733.jpg,Monarch
704641232.jpg,Monarch
704641289.jpg,Monarch
704641134.jpg,Monarch
704641001.jpg,Monarch
704640880.jpg,Monarch
704640832.jpg,Monarch
704640773.jpg,Monarch
704640672.jpg,Monarch
704640514.jpg,Monarch
704640335.jpg,Monarch
704639598.jpg,Monarch
704636586.jpg,Monarch
704635895.jpg,Monarch
704635481.jpg,Monarch
704635037.jpg,Monarch
704633507.jpg,Monarch
704628555.jpg,Monarch
704628499.jpg,Monarch
704628111.jpg,Monarch
704628091.jpg,Monarch
704625507.jpg,Monarch
704625683.jpg,Monarch
704625432.jpg,Monarch
704623515.jpg,Monarch
704623346.jpg,Monarch
704622064.jpg,Monarch
704621589.jpg,Monarch
704621253.jpg,Monarch
706604661.jpg,Monarch
704614258.jpg,Monarch
704614215.jpg,Monarch
704614024.jpg,Monarch
704613525.jpg,Monarch
704612764.jpg,Monarch
704609860.jpg,Monarch
704610323.jpg,Monarch
704608950.jpg,Monarch
704607209.jpg,Monarch
704606601.jpg,Monarch
704606077.jpg,Monarch
704605752.jpg,Monarch
704605112.jpg,Monarch
704604680.jpg,Monarch
704604176.jpg,Monarch
704602101.jpg,Monarch
704599578.jpg,Monarch
704598207.jpg,Monarch
704596768.jpg,Monarch
704596515.jpg,Monarch
704595071.jpg,Monarch
704595429.jpg,Monarch
704595058.jpg,Monarch
704594425.jpg,Monarch
704594152.jpg,Monarch
704593833.jpg,Monarch
704593644.jpg,Monarch
704592725.jpg,Monarch
704592518.jpg,Monarch
704592070.jpg,Monarch
704591808.jpg,Monarch
704590797.jpg,Monarch
704590687.jpg,Monarch
704589257.jpg,Monarch
704589184.jpg,Monarch
704588786.jpg,Monarch
704747158.jpg,Monarch
704587157.jpg,Monarch
704583703.jpg,Monarch
704581514.jpg,Monarch
704580581.jpg,Monarch
704579231.jpg,Monarch
704574789.jpg,Monarch
704573205.jpg,Monarch
704571059.jpg,Monarch
704570945.jpg,Monarch
704570288.jpg,Monarch
704567299.jpg,Monarch
704566940.jpg,Monarch
704566520.jpg,Monarch
704565928.jpg,Monarch
704565397.jpg,Monarch
704563970.jpg,Monarch
704560488.jpg,Monarch
704558932.jpg,Monarch
704558095.jpg,Monarch
704558191.jpg,Monarch
704558089.jpg,Monarch
704557974.jpg,Monarch
704556930.jpg,Monarch
704556555.jpg,Monarch
704555936.jpg,Monarch
704554393.jpg,Monarch
704554279.jpg,Monarch
704553917.jpg,Monarch
704591112.jpg,Monarch
704552107.jpg,Monarch
704551750.jpg,Monarch
704551227.jpg,Monarch
704548911.jpg,Monarch
704548912.jpg,Monarch
704548803.jpg,Monarch
704548312.jpg,Monarch
704547429.jpg,Monarch
704545416.jpg,Monarch
704540929.jpg,Monarch
704540741.jpg,Monarch
704540313.jpg,Monarch
704539573.jpg,Monarch
704538320.jpg,Monarch
704534182.jpg,Monarch
704533006.jpg,Monarch
704531011.jpg,Monarch
704525815.jpg,Monarch
704525630.jpg,Monarch
704522084.jpg,Monarch
704523106.jpg,Monarch
704524533.jpg,Monarch
704523003.jpg,Monarch
704522933.jpg,Monarch
704521818.jpg,Monarch
704514247.jpg,Monarch
704504102.jpg,Monarch
704498547.jpg,Monarch
704497119.jpg,Monarch
704495921.jpg,Monarch
704466921.jpg,Monarch
704442408.jpg,Monarch
704437493.jpg,Monarch
704430025.jpg,Monarch
704428618.jpg,Monarch
704417488.jpg,Monarch
704408242.jpg,Monarch
704397121.jpg,Monarch
704404429.jpg,Monarch
704403658.jpg,Monarch
704398483.jpg,Monarch
704396385.jpg,Monarch
704389923.jpg,Monarch
704387462.jpg,Monarch
704380554.jpg,Monarch
704378890.jpg,Monarch
704378334.jpg,Monarch
704376679.jpg,Monarch
704370620.jpg,Monarch
704371069.jpg,Monarch
704362380.jpg,Monarch
704366224.jpg,Monarch
704365241.jpg,Monarch
704364868.jpg,Monarch
704360848.jpg,Monarch
704351897.jpg,Monarch
704359503.jpg,Monarch
704358101.jpg,Monarch
704356014.jpg,Monarch
704356853.jpg,Monarch
704350892.jpg,Monarch
704353703.jpg,Monarch
704349664.jpg,Monarch
704351188.jpg,Monarch
704351115.jpg,Monarch
704350593.jpg,Monarch
704350376.jpg,Monarch
704347979.jpg,Monarch
704347684.jpg,Monarch
704347455.jpg,Monarch
704345704.jpg,Monarch
704344268.jpg,Monarch
704339267.jpg,Monarch
704337936.jpg,Monarch
704336463.jpg,Monarch
704331580.jpg,Monarch
704327478.jpg,Monarch
704327463.jpg,Monarch
704328894.jpg,Monarch
704330223.jpg,Monarch
704329963.jpg,Monarch
704329456.jpg,Monarch
704328320.jpg,Monarch
704328117.jpg,Monarch
704328056.jpg,Monarch
704327998.jpg,Monarch
704330410.jpg,Monarch
704326426.jpg,Monarch
704326591.jpg,Monarch
704326321.jpg,Monarch
704325297.jpg,Monarch
704325067.jpg,Monarch
704324939.jpg,Monarch
704310087.jpg,Monarch
704324525.jpg,Monarch
704321706.jpg,Monarch
704322812.jpg,Monarch
704322625.jpg,Monarch
704321876.jpg,Monarch
704321770.jpg,Monarch
704321059.jpg,Monarch
704317447.jpg,Monarch
704317351.jpg,Monarch
704315148.jpg,Monarch
704313035.jpg,Monarch
704312980.jpg,Monarch
704312440.jpg,Monarch
704312433.jpg,Monarch
704312032.jpg,Monarch
704311992.jpg,Monarch
704310898.jpg,Monarch
704301529.jpg,Monarch
704310161.jpg,Monarch
704302705.jpg,Monarch
704302698.jpg,Monarch
704305647.jpg,Monarch
704305053.jpg,Monarch
704304933.jpg,Monarch
704304928.jpg,Monarch
704304893.jpg,Monarch
704304882.jpg,Monarch
704308885.jpg,Monarch
704308195.jpg,Monarch
704287453.jpg,Monarch
704307936.jpg,Monarch
704307867.jpg,Monarch
704307806.jpg,Monarch
704307717.jpg,Monarch
704307758.jpg,Monarch
704303466.jpg,Monarch
704303444.jpg,Monarch
704306084.jpg,Monarch
704306998.jpg,Monarch
704305612.jpg,Monarch
704305268.jpg,Monarch
704305223.jpg,Monarch
704303954.jpg,Monarch
704302779.jpg,Monarch
704301936.jpg,Monarch
704300525.jpg,Monarch
704300737.jpg,Monarch
704300386.jpg,Monarch
704300389.jpg,Monarch
704297849.jpg,Monarch
704297611.jpg,Monarch
704297426.jpg,Monarch
704295642.jpg,Monarch
704295568.jpg,Monarch
704295191.jpg,Monarch
704295013.jpg,Monarch
704293415.jpg,Monarch
704293324.jpg,Monarch
704293090.jpg,Monarch
704292741.jpg,Monarch
704291657.jpg,Monarch
704291537.jpg,Monarch
704291522.jpg,Monarch
704291541.jpg,Monarch
704291334.jpg,Monarch
704291021.jpg,Monarch
704290308.jpg,Monarch
704289582.jpg,Monarch
704288475.jpg,Monarch
704288245.jpg,Monarch
704287785.jpg,Monarch
704285332.jpg,Monarch
704285192.jpg,Monarch
704284270.jpg,Monarch
704283633.jpg,Monarch
704281082.jpg,Monarch
704279694.jpg,Monarch
704280521.jpg,Monarch
704363287.jpg,Monarch
704279401.jpg,Monarch
704278916.jpg,Monarch
704277434.jpg,Monarch
704276722.jpg,Monarch
704276290.jpg,Monarch
704275281.jpg,Monarch
705004788.jpg,Monarch
704272622.jpg,Monarch
704272577.jpg,Monarch
704269324.jpg,Monarch
704271244.jpg,Monarch
704271248.jpg,Monarch
704954449.jpg,Monarch
704268195.jpg,Monarch
704268142.jpg,Monarch
704266814.jpg,Monarch
704267203.jpg,Monarch
704261659.jpg,Monarch
704264426.jpg,Monarch
704264266.jpg,Monarch
704263717.jpg,Monarch
704263070.jpg,Monarch
704260830.jpg,Monarch
704260766.jpg,Monarch
704257904.jpg,Monarch
704258024.jpg,Monarch
704257280.jpg,Monarch
704254557.jpg,Monarch
704252280.jpg,Monarch
704251745.jpg,Monarch
704251213.jpg,Monarch
704250178.jpg,Monarch
704250064.jpg,Monarch
704246505.jpg,Monarch
704249365.jpg,Monarch
704245851.jpg,Monarch
704245607.jpg,Monarch
704238504.jpg,Monarch
704244120.jpg,Monarch
704242886.jpg,Monarch
704242645.jpg,Monarch
704240216.jpg,Monarch
704239837.jpg,Monarch
704239304.jpg,Monarch
704239261.jpg,Monarch
704237939.jpg,Monarch
704236999.jpg,Monarch
704227689.jpg,Monarch
704227679.jpg,Monarch
704227657.jpg,Monarch
704236268.jpg,Monarch
704230769.jpg,Monarch
704233399.jpg,Monarch
704233137.jpg,Monarch
704231978.jpg,Monarch
704230957.jpg,Monarch
704229020.jpg,Monarch
704228188.jpg,Monarch
704228056.jpg,Monarch
704227791.jpg,Monarch
704226343.jpg,Monarch
704224587.jpg,Monarch
704226126.jpg,Monarch
704225017.jpg,Monarch
704223981.jpg,Monarch
704223833.jpg,Monarch
704220516.jpg,Monarch
704222990.jpg,Monarch
704222981.jpg,Monarch
704222595.jpg,Monarch
704222554.jpg,Monarch
704222419.jpg,Monarch
704222192.jpg,Monarch
704221886.jpg,Monarch
704220685.jpg,Monarch
704219831.jpg,Monarch
704219072.jpg,Monarch
704218786.jpg,Monarch
704215046.jpg,Monarch
704214734.jpg,Monarch
704218535.jpg,Monarch
704219460.jpg,Monarch
704218098.jpg,Monarch
704217528.jpg,Monarch
704214593.jpg,Monarch
704214203.jpg,Monarch
704212734.jpg,Monarch
704210574.jpg,Monarch
704209253.jpg,Monarch
704209584.jpg,Monarch
704209125.jpg,Monarch
704187295.jpg,Monarch
704208439.jpg,Monarch
704208271.jpg,Monarch
704204667.jpg,Monarch
704204139.jpg,Monarch
704226375.jpg,Monarch
704200311.jpg,Monarch
704195510.jpg,Monarch
704196587.jpg,Monarch
704196488.jpg,Monarch
704195039.jpg,Monarch
704193888.jpg,Monarch
704193734.jpg,Monarch
704192290.jpg,Monarch
704191979.jpg,Monarch
704187673.jpg,Monarch
704186325.jpg,Monarch
704185999.jpg,Monarch
704185384.jpg,Monarch
704184559.jpg,Monarch
704198150.jpg,Monarch
704183314.jpg,Monarch
704181572.jpg,Monarch
704180095.jpg,Monarch
704179480.jpg,Monarch
704178515.jpg,Monarch
704176652.jpg,Monarch
704176415.jpg,Monarch
704176281.jpg,Monarch
704168661.jpg,Monarch
704171294.jpg,Monarch
704170104.jpg,Monarch
704169006.jpg,Monarch
704167785.jpg,Monarch
704165615.jpg,Monarch
704162701.jpg,Monarch
704164857.jpg,Monarch
704163368.jpg,Monarch
704163032.jpg,Monarch
704162075.jpg,Monarch
704161878.jpg,Monarch
704160218.jpg,Monarch
704161170.jpg,Monarch
704159486.jpg,Monarch
704155055.jpg,Monarch
704154338.jpg,Monarch
704152632.jpg,Monarch
704152168.jpg,Monarch
704151880.jpg,Monarch
704151408.jpg,Monarch
704150683.jpg,Monarch
704681230.jpg,Monarch
704149905.jpg,Monarch
704148890.jpg,Monarch
704148688.jpg,Monarch
704148080.jpg,Monarch
704147802.jpg,Monarch
704147704.jpg,Monarch
704144787.jpg,Monarch
704145231.jpg,Monarch
704227291.jpg,Monarch
704140148.jpg,Monarch
704139814.jpg,Monarch
704144187.jpg,Monarch
704143819.jpg,Monarch
704143306.jpg,Monarch
704142209.jpg,Monarch
704142153.jpg,Monarch
704141710.jpg,Monarch
704141051.jpg,Monarch
704140890.jpg,Monarch
704139619.jpg,Monarch
704140628.jpg,Monarch
704140208.jpg,Monarch
704140015.jpg,Monarch
704138602.jpg,Monarch
704138538.jpg,Monarch
704137870.jpg,Monarch
704137018.jpg,Monarch
707787060.jpg,Monarch
704135171.jpg,Monarch
704134403.jpg,Monarch
704128963.jpg,Monarch
704128895.jpg,Monarch
704128448.jpg,Monarch
704125942.jpg,Monarch
704127340.jpg,Monarch
704126063.jpg,Monarch
704124644.jpg,Monarch
704122715.jpg,Monarch
704125500.jpg,Monarch
704125128.jpg,Monarch
704124745.jpg,Monarch
704122459.jpg,Monarch
704215990.jpg,Monarch
704119132.jpg,Monarch
704120251.jpg,Monarch
704119509.jpg,Monarch
704119043.jpg,Monarch
704118688.jpg,Monarch
704118638.jpg,Monarch
704118412.jpg,Monarch
704117954.jpg,Monarch
704117711.jpg,Monarch
704117010.jpg,Monarch
704115376.jpg,Monarch
704115309.jpg,Monarch
704112706.jpg,Monarch
704112434.jpg,Monarch
704110784.jpg,Monarch
704109869.jpg,Monarch
704107863.jpg,Monarch
704107273.jpg,Monarch
704106872.jpg,Monarch
704105597.jpg,Monarch
704105881.jpg,Monarch
704104695.jpg,Monarch
704104337.jpg,Monarch
704102910.jpg,Monarch
704102787.jpg,Monarch
704102707.jpg,Monarch
704102532.jpg,Monarch
704098308.jpg,Monarch
704101917.jpg,Monarch
704100730.jpg,Monarch
704098967.jpg,Monarch
704093102.jpg,Monarch
704092573.jpg,Monarch
704092418.jpg,Monarch
704091957.jpg,Monarch
704091506.jpg,Monarch
704091157.jpg,Monarch
704090229.jpg,Monarch
704098306.jpg,Monarch
704096435.jpg,Monarch
704096058.jpg,Monarch
704093296.jpg,Monarch
704092693.jpg,Monarch
704092167.jpg,Monarch
704092042.jpg,Monarch
704090648.jpg,Monarch
704089787.jpg,Monarch
704088150.jpg,Monarch
704086967.jpg,Monarch
704086618.jpg,Monarch
704086095.jpg,Monarch
704085905.jpg,Monarch
704085648.jpg,Monarch
704085146.jpg,Monarch
704082791.jpg,Monarch
704079953.jpg,Monarch
704079505.jpg,Monarch
704079134.jpg,Monarch
704078836.jpg,Monarch
704078601.jpg,Monarch
704078367.jpg,Monarch
704078114.jpg,Monarch
704077695.jpg,Monarch
704077040.jpg,Monarch
704075673.jpg,Monarch
704073217.jpg,Monarch
704084379.jpg,Monarch
704082122.jpg,Monarch
704081529.jpg,Monarch
704080979.jpg,Monarch
706773324.jpg,Monarch
704080505.jpg,Monarch
704080388.jpg,Monarch
704080188.jpg,Monarch
704077226.jpg,Monarch
704079787.jpg,Monarch
704074750.jpg,Monarch
704077723.jpg,Monarch
704077198.jpg,Monarch
704077160.jpg,Monarch
704076979.jpg,Monarch
704076737.jpg,Monarch
704075846.jpg,Monarch
704075462.jpg,Monarch
704808349.jpg,Monarch
704075183.jpg,Monarch
704073877.jpg,Monarch
704073939.jpg,Monarch
704073178.jpg,Monarch
704070867.jpg,Monarch
704071219.jpg,Monarch
704731772.jpg,Monarch
704068906.jpg,Monarch
704068174.jpg,Monarch
704068252.jpg,Monarch
704067621.jpg,Monarch
704067259.jpg,Monarch
704066891.jpg,Monarch
704066460.jpg,Monarch
704102543.jpg,Monarch
704066090.jpg,Monarch
704065998.jpg,Monarch
704064903.jpg,Monarch
704062904.jpg,Monarch
704061778.jpg,Monarch
704061448.jpg,Monarch
704061208.jpg,Monarch
704060584.jpg,Monarch
704060530.jpg,Monarch
704058181.jpg,Monarch
704057818.jpg,Monarch
704057757.jpg,Monarch
704057695.jpg,Monarch
704057691.jpg,Monarch
704057094.jpg,Monarch
704056914.jpg,Monarch
704056599.jpg,Monarch
704056552.jpg,Monarch
704055840.jpg,Monarch
704055317.jpg,Monarch
704054548.jpg,Monarch
704054396.jpg,Monarch
704054299.jpg,Monarch
704048873.jpg,Monarch
704053917.jpg,Monarch
704053368.jpg,Monarch
704052968.jpg,Monarch
704052153.jpg,Monarch
704052048.jpg,Monarch
704049341.jpg,Monarch
704049166.jpg,Monarch
704047438.jpg,Monarch
704046096.jpg,Monarch
704054819.jpg,Monarch
704039115.jpg,Monarch
704034342.jpg,Monarch
704037406.jpg,Monarch
704036266.jpg,Monarch
704035496.jpg,Monarch
704035188.jpg,Monarch
704034215.jpg,Monarch
704033888.jpg,Monarch
704031816.jpg,Monarch
704031965.jpg,Monarch
704030910.jpg,Monarch
704030965.jpg,Monarch
704030721.jpg,Monarch
704030483.jpg,Monarch
704029773.jpg,Monarch
704029650.jpg,Monarch
704029068.jpg,Monarch
704029062.jpg,Monarch
704028840.jpg,Monarch
704028708.jpg,Monarch
704028065.jpg,Monarch
704026921.jpg,Monarch
707418505.jpg,Monarch
704026907.jpg,Monarch
704026082.jpg,Monarch
704024937.jpg,Monarch
704024849.jpg,Monarch
704024426.jpg,Monarch
704023923.jpg,Monarch
704022825.jpg,Monarch
704022719.jpg,Monarch
704022035.jpg,Monarch
704013960.jpg,Monarch
704019469.jpg,Monarch
704017402.jpg,Monarch
704016210.jpg,Monarch
704015602.jpg,Monarch
704014145.jpg,Monarch
704011696.jpg,Monarch
704009281.jpg,Monarch
704010371.jpg,Monarch
704622488.jpg,Monarch
704010211.jpg,Monarch
704008804.jpg,Monarch
704008457.jpg,Monarch
704007109.jpg,Monarch
704007029.jpg,Monarch
704006137.jpg,Monarch
704003899.jpg,Monarch
704004777.jpg,Monarch
704002696.jpg,Monarch
704000612.jpg,Monarch
703999442.jpg,Monarch
703995055.jpg,Monarch
703993678.jpg,Monarch
703991804.jpg,Monarch
703990938.jpg,Monarch
703990803.jpg,Monarch
703988719.jpg,Monarch
703987877.jpg,Monarch
703985114.jpg,Monarch
703984541.jpg,Monarch
703984513.jpg,Monarch
703984384.jpg,Monarch
703984253.jpg,Monarch
703983979.jpg,Monarch
703983105.jpg,Monarch
703983116.jpg,Monarch
703980001.jpg,Monarch
703977695.jpg,Monarch
703977516.jpg,Monarch
703977203.jpg,Monarch
703976147.jpg,Monarch
703973849.jpg,Monarch
703973095.jpg,Monarch
703972540.jpg,Monarch
703971277.jpg,Monarch
703970539.jpg,Monarch
703969865.jpg,Monarch
703969809.jpg,Monarch
703969573.jpg,Monarch
703969555.jpg,Monarch
703969011.jpg,Monarch
703968851.jpg,Monarch
703967445.jpg,Monarch
703966216.jpg,Monarch
703966116.jpg,Monarch
703965767.jpg,Monarch
703961064.jpg,Monarch
703963134.jpg,Monarch
703961102.jpg,Monarch
703960134.jpg,Monarch
704652964.jpg,Monarch
704029741.jpg,Monarch
703956171.jpg,Monarch
703955708.jpg,Monarch
703955598.jpg,Monarch
703948265.jpg,Monarch
705061455.jpg,Monarch
703954198.jpg,Monarch
703953979.jpg,Monarch
704024893.jpg,Monarch
703951380.jpg,Monarch
703951120.jpg,Monarch
703950924.jpg,Monarch
703950389.jpg,Monarch
705540521.jpg,Monarch
703947524.jpg,Monarch
703947102.jpg,Monarch
703940611.jpg,Monarch
703946122.jpg,Monarch
703945584.jpg,Monarch
703943687.jpg,Monarch
703943269.jpg,Monarch
703942756.jpg,Monarch
703941295.jpg,Monarch
703934310.jpg,Monarch
703932323.jpg,Monarch
703931920.jpg,Monarch
703928013.jpg,Monarch
703926167.jpg,Monarch
703922336.jpg,Monarch
703974354.jpg,Monarch
703919821.jpg,Monarch
703919447.jpg,Monarch
703991358.jpg,Monarch
703917047.jpg,Monarch
703916438.jpg,Monarch
703914352.jpg,Monarch
703922181.jpg,Monarch
703911080.jpg,Monarch
703910882.jpg,Monarch
703909987.jpg,Monarch
703903161.jpg,Monarch
703904618.jpg,Monarch
703902315.jpg,Monarch
703900734.jpg,Monarch
703895997.jpg,Monarch
703896002.jpg,Monarch
703892961.jpg,Monarch
703883457.jpg,Monarch
703883429.jpg,Monarch
703883395.jpg,Monarch
703883346.jpg,Monarch
703875538.jpg,Monarch
703874355.jpg,Monarch
703865118.jpg,Monarch
703853771.jpg,Monarch
703817205.jpg,Monarch
703815445.jpg,Monarch
703797792.jpg,Monarch
703790227.jpg,Monarch
703789636.jpg,Monarch
703788459.jpg,Monarch
703788337.jpg,Monarch
703786634.jpg,Monarch
703785337.jpg,Monarch
703783896.jpg,Monarch
703782542.jpg,Monarch
703779105.jpg,Monarch
703778784.jpg,Monarch
703777491.jpg,Monarch
703775325.jpg,Monarch
703771687.jpg,Monarch
703770003.jpg,Monarch
703769326.jpg,Monarch
703763844.jpg,Monarch
703766181.jpg,Monarch
703765823.jpg,Monarch
703765721.jpg,Monarch
703765584.jpg,Monarch
703765087.jpg,Monarch
703764298.jpg,Monarch
703761845.jpg,Monarch
703759689.jpg,Monarch
703756878.jpg,Monarch
703755958.jpg,Monarch
703755550.jpg,Monarch
703755125.jpg,Monarch
703755274.jpg,Monarch
703753136.jpg,Monarch
703752693.jpg,Monarch
703751909.jpg,Monarch
703751690.jpg,Monarch
703751666.jpg,Monarch
703750173.jpg,Monarch
703747619.jpg,Monarch
703743442.jpg,Monarch
703736174.jpg,Monarch
703744062.jpg,Monarch
703742550.jpg,Monarch
703741829.jpg,Monarch
703735593.jpg,Monarch
703735489.jpg,Monarch
703735195.jpg,Monarch
703738284.jpg,Monarch
703738069.jpg,Monarch
703734362.jpg,Monarch
703729892.jpg,Monarch
703729890.jpg,Monarch
703733127.jpg,Monarch
703731957.jpg,Monarch
703731233.jpg,Monarch
703730474.jpg,Monarch
703730257.jpg,Monarch
703729941.jpg,Monarch
703729489.jpg,Monarch
703729061.jpg,Monarch
703728151.jpg,Monarch
703725863.jpg,Monarch
703725801.jpg,Monarch
703725726.jpg,Monarch
703723414.jpg,Monarch
703722869.jpg,Monarch
703722315.jpg,Monarch
703721489.jpg,Monarch
703719594.jpg,Monarch
703717889.jpg,Monarch
703717045.jpg,Monarch
703693004.jpg,Monarch
703714323.jpg,Monarch
703714290.jpg,Monarch
703713786.jpg,Monarch
703713329.jpg,Monarch
703712145.jpg,Monarch
703711975.jpg,Monarch
703711843.jpg,Monarch
703711689.jpg,Monarch
703711636.jpg,Monarch
703710657.jpg,Monarch
703710131.jpg,Monarch
703709188.jpg,Monarch
703709576.jpg,Monarch
703704820.jpg,Monarch
703704786.jpg,Monarch
703704717.jpg,Monarch
703704707.jpg,Monarch
703704679.jpg,Monarch
703704656.jpg,Monarch
703704618.jpg,Monarch
703704613.jpg,Monarch
703704594.jpg,Monarch
703704578.jpg,Monarch
703704533.jpg,Monarch
703704530.jpg,Monarch
703704504.jpg,Monarch
703704505.jpg,Monarch
703704411.jpg,Monarch
703956112.jpg,Monarch
703708103.jpg,Monarch
703707305.jpg,Monarch
703707281.jpg,Monarch
703706587.jpg,Monarch
703706516.jpg,Monarch
703703966.jpg,Monarch
703703394.jpg,Monarch
703702507.jpg,Monarch
703703170.jpg,Monarch
703693666.jpg,Monarch
703702758.jpg,Monarch
703702279.jpg,Monarch
703701306.jpg,Monarch
703700538.jpg,Monarch
703699860.jpg,Monarch
703699503.jpg,Monarch
703698000.jpg,Monarch
703697059.jpg,Monarch
703696935.jpg,Monarch
703696424.jpg,Monarch
703695808.jpg,Monarch
703694945.jpg,Monarch
703694874.jpg,Monarch
703696981.jpg,Monarch
703693556.jpg,Monarch
703692818.jpg,Monarch
703686499.jpg,Monarch
703691925.jpg,Monarch
703691705.jpg,Monarch
703691486.jpg,Monarch
703690941.jpg,Monarch
703689363.jpg,Monarch
703688263.jpg,Monarch
703687467.jpg,Monarch
703687466.jpg,Monarch
703686906.jpg,Monarch
703686708.jpg,Monarch
703686606.jpg,Monarch
703685622.jpg,Monarch
703685539.jpg,Monarch
703659499.jpg,Monarch
703684261.jpg,Monarch
703683492.jpg,Monarch
703682874.jpg,Monarch
703682505.jpg,Monarch
703682478.jpg,Monarch
703682264.jpg,Monarch
703682072.jpg,Monarch
703678988.jpg,Monarch
703678983.jpg,Monarch
703678973.jpg,Monarch
703678911.jpg,Monarch
703678910.jpg,Monarch
703678915.jpg,Monarch
703678088.jpg,Monarch
703677687.jpg,Monarch
703673087.jpg,Monarch
703676187.jpg,Monarch
703675874.jpg,Monarch
703675827.jpg,Monarch
703674839.jpg,Monarch
703674869.jpg,Monarch
703673482.jpg,Monarch
703657452.jpg,Monarch
703656882.jpg,Monarch
703672362.jpg,Monarch
703670845.jpg,Monarch
706912210.jpg,Monarch
703670741.jpg,Monarch
703669741.jpg,Monarch
703669261.jpg,Monarch
703669106.jpg,Monarch
703668668.jpg,Monarch
703668515.jpg,Monarch
703668285.jpg,Monarch
703667741.jpg,Monarch
703667074.jpg,Monarch
703665911.jpg,Monarch
703665134.jpg,Monarch
704128682.jpg,Monarch
703663226.jpg,Monarch
703663168.jpg,Monarch
703662876.jpg,Monarch
703663804.jpg,Monarch
703661975.jpg,Monarch
703660895.jpg,Monarch
703660399.jpg,Monarch
703660084.jpg,Monarch
703659802.jpg,Monarch
703659154.jpg,Monarch
703659044.jpg,Monarch
703659004.jpg,Monarch
703657455.jpg,Monarch
703656512.jpg,Monarch
703656356.jpg,Monarch
703657312.jpg,Monarch
703655652.jpg,Monarch
703655524.jpg,Monarch
703655328.jpg,Monarch
703654552.jpg,Monarch
703654276.jpg,Monarch
703649263.jpg,Monarch
703653651.jpg,Monarch
703652837.jpg,Monarch
703652622.jpg,Monarch
703652440.jpg,Monarch
703651507.jpg,Monarch
703651069.jpg,Monarch
703652652.jpg,Monarch
703650547.jpg,Monarch
703652269.jpg,Monarch
703647708.jpg,Monarch
703647040.jpg,Monarch
703646527.jpg,Monarch
703645702.jpg,Monarch
703642409.jpg,Monarch
703644277.jpg,Monarch
703643719.jpg,Monarch
703642966.jpg,Monarch
703638387.jpg,Monarch
703638139.jpg,Monarch
703642279.jpg,Monarch
703642579.jpg,Monarch
703641939.jpg,Monarch
703640495.jpg,Monarch
703639986.jpg,Monarch
703638801.jpg,Monarch
703639231.jpg,Monarch
703638465.jpg,Monarch
703637918.jpg,Monarch
703630253.jpg,Monarch
703636116.jpg,Monarch
703635588.jpg,Monarch
703633763.jpg,Monarch
703633706.jpg,Monarch
703632950.jpg,Monarch
703632302.jpg,Monarch
703628173.jpg,Monarch
703628151.jpg,Monarch
703630026.jpg,Monarch
703628926.jpg,Monarch
703625875.jpg,Monarch
703625799.jpg,Monarch
703627593.jpg,Monarch
703626450.jpg,Monarch
703621343.jpg,Monarch
703621197.jpg,Monarch
703624986.jpg,Monarch
703622776.jpg,Monarch
703622506.jpg,Monarch
703622063.jpg,Monarch
703621716.jpg,Monarch
703621095.jpg,Monarch
703620093.jpg,Monarch
703986677.jpg,Monarch
703618217.jpg,Monarch
703618024.jpg,Monarch
703617272.jpg,Monarch
703615043.jpg,Monarch
703614043.jpg,Monarch
703613409.jpg,Monarch
703613209.jpg,Monarch
703612334.jpg,Monarch
703611787.jpg,Monarch
703611712.jpg,Monarch
703611670.jpg,Monarch
703611639.jpg,Monarch
703611573.jpg,Monarch
703611246.jpg,Monarch
703609953.jpg,Monarch
703609730.jpg,Monarch
703607865.jpg,Monarch
703630564.jpg,Monarch
703608364.jpg,Monarch
703607114.jpg,Monarch
703606721.jpg,Monarch
703605041.jpg,Monarch
703605071.jpg,Monarch
703604469.jpg,Monarch
703604415.jpg,Monarch
703603716.jpg,Monarch
703603661.jpg,Monarch
703602637.jpg,Monarch
703600104.jpg,Monarch
703601272.jpg,Monarch
703600890.jpg,Monarch
703599992.jpg,Monarch
703596264.jpg,Monarch
703595856.jpg,Monarch
703595684.jpg,Monarch
703594089.jpg,Monarch
703593548.jpg,Monarch
703592913.jpg,Monarch
703592427.jpg,Monarch
703592202.jpg,Monarch
703591624.jpg,Monarch
703591533.jpg,Monarch
703590501.jpg,Monarch
703589084.jpg,Monarch
703588309.jpg,Monarch
703588135.jpg,Monarch
703587663.jpg,Monarch
703586545.jpg,Monarch
703587382.jpg,Monarch
703586853.jpg,Monarch
703586708.jpg,Monarch
703584631.jpg,Monarch
703584898.jpg,Monarch
703584678.jpg,Monarch
703584529.jpg,Monarch
703583090.jpg,Monarch
703582977.jpg,Monarch
703580360.jpg,Monarch
703578001.jpg,Monarch
703580743.jpg,Monarch
703580711.jpg,Monarch
703577089.jpg,Monarch
703578621.jpg,Monarch
703571916.jpg,Monarch
703577596.jpg,Monarch
703576212.jpg,Monarch
703575300.jpg,Monarch
703574495.jpg,Monarch
703573574.jpg,Monarch
703572341.jpg,Monarch
703571989.jpg,Monarch
703571835.jpg,Monarch
703570990.jpg,Monarch
703570596.jpg,Monarch
703569556.jpg,Monarch
703568167.jpg,Monarch
703567502.jpg,Monarch
703475384.jpg,Monarch
703566980.jpg,Monarch
703566044.jpg,Monarch
703565892.jpg,Monarch
703565931.jpg,Monarch
703565715.jpg,Monarch
703563895.jpg,Monarch
703561774.jpg,Monarch
703561989.jpg,Monarch
703561651.jpg,Monarch
703558673.jpg,Monarch
703557735.jpg,Monarch
703555055.jpg,Monarch
703554796.jpg,Monarch
703554262.jpg,Monarch
703552042.jpg,Monarch
703551562.jpg,Monarch
703549884.jpg,Monarch
703549327.jpg,Monarch
703546194.jpg,Monarch
703545944.jpg,Monarch
703541867.jpg,Monarch
703544360.jpg,Monarch
703544002.jpg,Monarch
703541184.jpg,Monarch
703539017.jpg,Monarch
703538544.jpg,Monarch
703538212.jpg,Monarch
703538107.jpg,Monarch
703537937.jpg,Monarch
703536984.jpg,Monarch
703536687.jpg,Monarch
703536350.jpg,Monarch
703535730.jpg,Monarch
703535148.jpg,Monarch
703533521.jpg,Monarch
703533343.jpg,Monarch
703532145.jpg,Monarch
703532061.jpg,Monarch
703531454.jpg,Monarch
703520656.jpg,Monarch
703531467.jpg,Monarch
703531147.jpg,Monarch
703529826.jpg,Monarch
703529267.jpg,Monarch
703528495.jpg,Monarch
703528264.jpg,Monarch
703527236.jpg,Monarch
703526944.jpg,Monarch
704037069.jpg,Monarch
703524933.jpg,Monarch
703523703.jpg,Monarch
703521380.jpg,Monarch
703522837.jpg,Monarch
703521012.jpg,Monarch
703519273.jpg,Monarch
703518968.jpg,Monarch
703518044.jpg,Monarch
703517423.jpg,Monarch
703517414.jpg,Monarch
703517375.jpg,Monarch
703516846.jpg,Monarch
703516750.jpg,Monarch
703516528.jpg,Monarch
703516322.jpg,Monarch
703516284.jpg,Monarch
703516221.jpg,Monarch
703514215.jpg,Monarch
703514883.jpg,Monarch
703514139.jpg,Monarch
703512599.jpg,Monarch
703512109.jpg,Monarch
703510834.jpg,Monarch
703511076.jpg,Monarch
703510592.jpg,Monarch
703510003.jpg,Monarch
703509831.jpg,Monarch
703509302.jpg,Monarch
703509357.jpg,Monarch
703508975.jpg,Monarch
703508544.jpg,Monarch
703508377.jpg,Monarch
703508243.jpg,Monarch
703507745.jpg,Monarch
703505383.jpg,Monarch
703505411.jpg,Monarch
703505211.jpg,Monarch
703504917.jpg,Monarch
703504825.jpg,Monarch
703504658.jpg,Monarch
703504586.jpg,Monarch
703503812.jpg,Monarch
703503497.jpg,Monarch
703502715.jpg,Monarch
703500004.jpg,Monarch
703500750.jpg,Monarch
703501101.jpg,Monarch
703497115.jpg,Monarch
703496987.jpg,Monarch
703493265.jpg,Monarch
703495772.jpg,Monarch
703494173.jpg,Monarch
703496463.jpg,Monarch
703482334.jpg,Monarch
703492537.jpg,Monarch
703492329.jpg,Monarch
703491334.jpg,Monarch
703491046.jpg,Monarch
703485679.jpg,Monarch
703485129.jpg,Monarch
703484152.jpg,Monarch
703483545.jpg,Monarch
703482606.jpg,Monarch
703482342.jpg,Monarch
703481575.jpg,Monarch
703481032.jpg,Monarch
703480225.jpg,Monarch
703477914.jpg,Monarch
703477291.jpg,Monarch
703475117.jpg,Monarch
703460979.jpg,Monarch
703472618.jpg,Monarch
703471340.jpg,Monarch
703461137.jpg,Monarch
703467177.jpg,Monarch
703467104.jpg,Monarch
703464650.jpg,Monarch
703464772.jpg,Monarch
703463872.jpg,Monarch
703463501.jpg,Monarch
703463333.jpg,Monarch
703462929.jpg,Monarch
703461989.jpg,Monarch
703461456.jpg,Monarch
703460915.jpg,Monarch
703460423.jpg,Monarch
703459695.jpg,Monarch
703457875.jpg,Monarch
703457855.jpg,Monarch
703457689.jpg,Monarch
703374910.jpg,Monarch
703456502.jpg,Monarch
703456396.jpg,Monarch
703456568.jpg,Monarch
703455476.jpg,Monarch
703455110.jpg,Monarch
703454201.jpg,Monarch
703454095.jpg,Monarch
703453041.jpg,Monarch
703452580.jpg,Monarch
703451887.jpg,Monarch
703451783.jpg,Monarch
703447704.jpg,Monarch
703446038.jpg,Monarch
703445986.jpg,Monarch
703444757.jpg,Monarch
703443308.jpg,Monarch
703443299.jpg,Monarch
703442718.jpg,Monarch
703441001.jpg,Monarch
703440826.jpg,Monarch
703440749.jpg,Monarch
703440701.jpg,Monarch
703440625.jpg,Monarch
703440554.jpg,Monarch
703440443.jpg,Monarch
703436454.jpg,Monarch
703438490.jpg,Monarch
703436409.jpg,Monarch
703436104.jpg,Monarch
703435741.jpg,Monarch
703435516.jpg,Monarch
703435255.jpg,Monarch
704667135.jpg,Monarch
703432178.jpg,Monarch
703432146.jpg,Monarch
703429855.jpg,Monarch
703429400.jpg,Monarch
703427844.jpg,Monarch
703427398.jpg,Monarch
703426869.jpg,Monarch
703431054.jpg,Monarch
703424868.jpg,Monarch
703422689.jpg,Monarch
703411650.jpg,Monarch
703420934.jpg,Monarch
703419842.jpg,Monarch
703416787.jpg,Monarch
703416055.jpg,Monarch
703415786.jpg,Monarch
703415256.jpg,Monarch
703414343.jpg,Monarch
703413965.jpg,Monarch
703412546.jpg,Monarch
703408357.jpg,Monarch
703405654.jpg,Monarch
703404651.jpg,Monarch
703404358.jpg,Monarch
703403881.jpg,Monarch
703403378.jpg,Monarch
703400218.jpg,Monarch
703400051.jpg,Monarch
703401688.jpg,Monarch
703397646.jpg,Monarch
703403825.jpg,Monarch
703396712.jpg,Monarch
703396665.jpg,Monarch
703396688.jpg,Monarch
703388910.jpg,Monarch
703396340.jpg,Monarch
703394975.jpg,Monarch
703390940.jpg,Monarch
703390382.jpg,Monarch
703388698.jpg,Monarch
703387902.jpg,Monarch
703387092.jpg,Monarch
703386818.jpg,Monarch
703386657.jpg,Monarch
703386882.jpg,Monarch
703385517.jpg,Monarch
703383345.jpg,Monarch
703382486.jpg,Monarch
703380815.jpg,Monarch
703380261.jpg,Monarch
703378817.jpg,Monarch
703382031.jpg,Monarch
703375977.jpg,Monarch
703375941.jpg,Monarch
703375053.jpg,Monarch
703373886.jpg,Monarch
703374086.jpg,Monarch
703373915.jpg,Monarch
703373830.jpg,Monarch
703371249.jpg,Monarch
703371823.jpg,Monarch
703368407.jpg,Monarch
703367381.jpg,Monarch
703367806.jpg,Monarch
703365990.jpg,Monarch
703364592.jpg,Monarch
703362998.jpg,Monarch
703360666.jpg,Monarch
703359402.jpg,Monarch
703358024.jpg,Monarch
703357482.jpg,Monarch
703369675.jpg,Monarch
703356595.jpg,Monarch
703353282.jpg,Monarch
703352290.jpg,Monarch
703352166.jpg,Monarch
703351008.jpg,Monarch
703348944.jpg,Monarch
703346927.jpg,Monarch
703344534.jpg,Monarch
703344362.jpg,Monarch
703343223.jpg,Monarch
703342257.jpg,Monarch
703342026.jpg,Monarch
703338708.jpg,Monarch
703337644.jpg,Monarch
703334877.jpg,Monarch
703334638.jpg,Monarch
703331704.jpg,Monarch
703331352.jpg,Monarch
703330723.jpg,Monarch
703328909.jpg,Monarch
703326616.jpg,Monarch
703326247.jpg,Monarch
703324867.jpg,Monarch
703325238.jpg,Monarch
703323787.jpg,Monarch
703318849.jpg,Monarch
703316970.jpg,Monarch
703301690.jpg,Monarch
703313951.jpg,Monarch
703313361.jpg,Monarch
703313258.jpg,Monarch
703312699.jpg,Monarch
703312673.jpg,Monarch
703312336.jpg,Monarch
703312147.jpg,Monarch
703312145.jpg,Monarch
703311908.jpg,Monarch
703311898.jpg,Monarch
703308968.jpg,Monarch
703308175.jpg,Monarch
703305800.jpg,Monarch
703304805.jpg,Monarch
703304568.jpg,Monarch
703303235.jpg,Monarch
703297959.jpg,Monarch
703296590.jpg,Monarch
703292733.jpg,Monarch
703288647.jpg,Monarch
703287932.jpg,Monarch
703287520.jpg,Monarch
703284088.jpg,Monarch
703281577.jpg,Monarch
703272241.jpg,Monarch
703208760.jpg,Monarch
703206975.jpg,Monarch
703206754.jpg,Monarch
703183702.jpg,Monarch
703179481.jpg,Monarch
703179013.jpg,Monarch
703170947.jpg,Monarch
703165484.jpg,Monarch
703168078.jpg,Monarch
703159662.jpg,Monarch
703163808.jpg,Monarch
703163531.jpg,Monarch
703157301.jpg,Monarch
703156913.jpg,Monarch
703156661.jpg,Monarch
703156009.jpg,Monarch
703154763.jpg,Monarch
703153525.jpg,Monarch
703151995.jpg,Monarch
703146920.jpg,Monarch
703151115.jpg,Monarch
703150803.jpg,Monarch
703150795.jpg,Monarch
703144849.jpg,Monarch
703145640.jpg,Monarch
704644889.jpg,Monarch
703140742.jpg,Monarch
703138104.jpg,Monarch
703135923.jpg,Monarch
703133337.jpg,Monarch
703132298.jpg,Monarch
703129383.jpg,Monarch
703127085.jpg,Monarch
703118084.jpg,Monarch
703124841.jpg,Monarch
703123127.jpg,Monarch
703122638.jpg,Monarch
703121347.jpg,Monarch
703113743.jpg,Monarch
703119966.jpg,Monarch
703115443.jpg,Monarch
703114066.jpg,Monarch
703106493.jpg,Monarch
703113671.jpg,Monarch
703113238.jpg,Monarch
703110841.jpg,Monarch
703109160.jpg,Monarch
703107903.jpg,Monarch
703107900.jpg,Monarch
703107388.jpg,Monarch
703107378.jpg,Monarch
703105252.jpg,Monarch
703105248.jpg,Monarch
703105198.jpg,Monarch
703105201.jpg,Monarch
703106014.jpg,Monarch
703105865.jpg,Monarch
703104919.jpg,Monarch
703101387.jpg,Monarch
703101154.jpg,Monarch
703100943.jpg,Monarch
703099547.jpg,Monarch
703103400.jpg,Monarch
703097928.jpg,Monarch
703087871.jpg,Monarch
703087860.jpg,Monarch
703095286.jpg,Monarch
703095212.jpg,Monarch
703095130.jpg,Monarch
703092158.jpg,Monarch
703091560.jpg,Monarch
703091481.jpg,Monarch
703090529.jpg,Monarch
703089228.jpg,Monarch
703089639.jpg,Monarch
703089285.jpg,Monarch
703085439.jpg,Monarch
703086071.jpg,Monarch
703085431.jpg,Monarch
703084805.jpg,Monarch
703083351.jpg,Monarch
703099224.jpg,Monarch
703083383.jpg,Monarch
703083238.jpg,Monarch
703080998.jpg,Monarch
703081063.jpg,Monarch
703080531.jpg,Monarch
703080146.jpg,Monarch
703079311.jpg,Monarch
703077836.jpg,Monarch
703076593.jpg,Monarch
703071576.jpg,Monarch
703076303.jpg,Monarch
703075965.jpg,Monarch
703067743.jpg,Monarch
703074495.jpg,Monarch
703074565.jpg,Monarch
703073295.jpg,Monarch
703073030.jpg,Monarch
703069158.jpg,Monarch
703072461.jpg,Monarch
703070084.jpg,Monarch
703069610.jpg,Monarch
703067774.jpg,Monarch
703067587.jpg,Monarch
703066633.jpg,Monarch
703064565.jpg,Monarch
703061881.jpg,Monarch
703058601.jpg,Monarch
703057810.jpg,Monarch
703056213.jpg,Monarch
703056861.jpg,Monarch
703055947.jpg,Monarch
703054133.jpg,Monarch
703051771.jpg,Monarch
703051692.jpg,Monarch
703051455.jpg,Monarch
703050528.jpg,Monarch
703050005.jpg,Monarch
703049104.jpg,Monarch
703048887.jpg,Monarch
703048653.jpg,Monarch
703047919.jpg,Monarch
703045695.jpg,Monarch
703045222.jpg,Monarch
703028714.jpg,Monarch
703036436.jpg,Monarch
703043621.jpg,Monarch
703043575.jpg,Monarch
703042637.jpg,Monarch
703042463.jpg,Monarch
703044915.jpg,Monarch
703041501.jpg,Monarch
703039869.jpg,Monarch
703039717.jpg,Monarch
703036187.jpg,Monarch
703036017.jpg,Monarch
703028565.jpg,Monarch
703027141.jpg,Monarch
703035779.jpg,Monarch
703031209.jpg,Monarch
703022290.jpg,Monarch
703030493.jpg,Monarch
703029854.jpg,Monarch
703029503.jpg,Monarch
703029031.jpg,Monarch
703024843.jpg,Monarch
703025344.jpg,Monarch
703025235.jpg,Monarch
703025080.jpg,Monarch
703023466.jpg,Monarch
703022700.jpg,Monarch
703019315.jpg,Monarch
703016865.jpg,Monarch
703016816.jpg,Monarch
703042207.jpg,Monarch
703015943.jpg,Monarch
703015510.jpg,Monarch
703015356.jpg,Monarch
703014933.jpg,Monarch
703012467.jpg,Monarch
703011023.jpg,Monarch
703008967.jpg,Monarch
703080648.jpg,Monarch
703008644.jpg,Monarch
703006041.jpg,Monarch
703082037.jpg,Monarch
703005594.jpg,Monarch
703004473.jpg,Monarch
702999360.jpg,Monarch
702999081.jpg,Monarch
703001436.jpg,Monarch
703001025.jpg,Monarch
703000893.jpg,Monarch
703000669.jpg,Monarch
703000490.jpg,Monarch
702999398.jpg,Monarch
702998264.jpg,Monarch
702998961.jpg,Monarch
702998443.jpg,Monarch
702998023.jpg,Monarch
702996634.jpg,Monarch
702995272.jpg,Monarch
703010971.jpg,Monarch
702992554.jpg,Monarch
702993961.jpg,Monarch
702993364.jpg,Monarch
702992593.jpg,Monarch
702992290.jpg,Monarch
702988792.jpg,Monarch
702988412.jpg,Monarch
702987208.jpg,Monarch
702986912.jpg,Monarch
702986024.jpg,Monarch
702985374.jpg,Monarch
702984952.jpg,Monarch
702985161.jpg,Monarch
702984820.jpg,Monarch
702984803.jpg,Monarch
702983683.jpg,Monarch
702983464.jpg,Monarch
702980670.jpg,Monarch
702982559.jpg,Monarch
702980322.jpg,Monarch
702979920.jpg,Monarch
702978450.jpg,Monarch
702978950.jpg,Monarch
702978302.jpg,Monarch
702977605.jpg,Monarch
702977252.jpg,Monarch
702976012.jpg,Monarch
702975216.jpg,Monarch
702974790.jpg,Monarch
702973776.jpg,Monarch
702973556.jpg,Monarch
702972535.jpg,Monarch
702971692.jpg,Monarch
702970386.jpg,Monarch
702967231.jpg,Monarch
702967179.jpg,Monarch
702965949.jpg,Monarch
702965546.jpg,Monarch
702965161.jpg,Monarch
702964638.jpg,Monarch
702964668.jpg,Monarch
702964477.jpg,Monarch
702964179.jpg,Monarch
702962840.jpg,Monarch
702962815.jpg,Monarch
702962227.jpg,Monarch
702961735.jpg,Monarch
702961912.jpg,Monarch
702961771.jpg,Monarch
702961954.jpg,Monarch
702960939.jpg,Monarch
702960436.jpg,Monarch
702957221.jpg,Monarch
702955993.jpg,Monarch
702955186.jpg,Monarch
702954162.jpg,Monarch
702954296.jpg,Monarch
702954289.jpg,Monarch
702952638.jpg,Monarch
702952324.jpg,Monarch
702949218.jpg,Monarch
702946927.jpg,Monarch
702945559.jpg,Monarch
702943417.jpg,Monarch
702942999.jpg,Monarch
702942574.jpg,Monarch
702942353.jpg,Monarch
702941016.jpg,Monarch
702940606.jpg,Monarch
702940141.jpg,Monarch
702938168.jpg,Monarch
702937972.jpg,Monarch
702937987.jpg,Monarch
702937502.jpg,Monarch
702934876.jpg,Monarch
702934053.jpg,Monarch
702932765.jpg,Monarch
702931717.jpg,Monarch
702931498.jpg,Monarch
702929406.jpg,Monarch
702928907.jpg,Monarch
702930078.jpg,Monarch
702928946.jpg,Monarch
702928882.jpg,Monarch
702927491.jpg,Monarch
702925989.jpg,Monarch
702925786.jpg,Monarch
703034152.jpg,Monarch
702923576.jpg,Monarch
702921326.jpg,Monarch
702921331.jpg,Monarch
702918208.jpg,Monarch
702912862.jpg,Monarch
702916236.jpg,Monarch
702915683.jpg,Monarch
702915204.jpg,Monarch
702895037.jpg,Monarch
702914014.jpg,Monarch
702913750.jpg,Monarch
702913642.jpg,Monarch
702912156.jpg,Monarch
702911879.jpg,Monarch
702910609.jpg,Monarch
702910025.jpg,Monarch
702909717.jpg,Monarch
702909679.jpg,Monarch
702907875.jpg,Monarch
702907726.jpg,Monarch
702907132.jpg,Monarch
702906264.jpg,Monarch
702905723.jpg,Monarch
702901992.jpg,Monarch
702899806.jpg,Monarch
702898964.jpg,Monarch
702901002.jpg,Monarch
702897962.jpg,Monarch
702900947.jpg,Monarch
702896186.jpg,Monarch
702896135.jpg,Monarch
702894259.jpg,Monarch
702893261.jpg,Monarch
702888220.jpg,Monarch
702890558.jpg,Monarch
702895844.jpg,Monarch
702889556.jpg,Monarch
702888597.jpg,Monarch
702888219.jpg,Monarch
702888011.jpg,Monarch
702887296.jpg,Monarch
702886564.jpg,Monarch
702885377.jpg,Monarch
702884899.jpg,Monarch
702884760.jpg,Monarch
702883927.jpg,Monarch
702883140.jpg,Monarch
702882995.jpg,Monarch
702880664.jpg,Monarch
702880144.jpg,Monarch
702878238.jpg,Monarch
702877694.jpg,Monarch
702874934.jpg,Monarch
702873580.jpg,Monarch
702873643.jpg,Monarch
702871730.jpg,Monarch
702871396.jpg,Monarch
702863942.jpg,Monarch
702869044.jpg,Monarch
702868365.jpg,Monarch
702867822.jpg,Monarch
702862416.jpg,Monarch
702867043.jpg,Monarch
702866908.jpg,Monarch
702866895.jpg,Monarch
702866506.jpg,Monarch
702866174.jpg,Monarch
702864982.jpg,Monarch
702864629.jpg,Monarch
702864542.jpg,Monarch
702858472.jpg,Monarch
702862439.jpg,Monarch
703297165.jpg,Monarch
702861376.jpg,Monarch
702860867.jpg,Monarch
702860325.jpg,Monarch
702859863.jpg,Monarch
702858111.jpg,Monarch
702858042.jpg,Monarch
702857658.jpg,Monarch
702857306.jpg,Monarch
702856267.jpg,Monarch
702856121.jpg,Monarch
702856065.jpg,Monarch
702852616.jpg,Monarch
702852966.jpg,Monarch
702851912.jpg,Monarch
702850578.jpg,Monarch
702847206.jpg,Monarch
702846493.jpg,Monarch
702844815.jpg,Monarch
702843587.jpg,Monarch
702839456.jpg,Monarch
702838945.jpg,Monarch
702838283.jpg,Monarch
702837395.jpg,Monarch
702835325.jpg,Monarch
702834939.jpg,Monarch
702834412.jpg,Monarch
702833784.jpg,Monarch
702831160.jpg,Monarch
702831061.jpg,Monarch
702830529.jpg,Monarch
702829739.jpg,Monarch
702829655.jpg,Monarch
702829442.jpg,Monarch
705693978.jpg,Monarch
702827995.jpg,Monarch
702827027.jpg,Monarch
702826724.jpg,Monarch
702825115.jpg,Monarch
702821234.jpg,Monarch
702810425.jpg,Monarch
702820218.jpg,Monarch
702816843.jpg,Monarch
702816836.jpg,Monarch
702819898.jpg,Monarch
702818832.jpg,Monarch
702818571.jpg,Monarch
702818227.jpg,Monarch
702817748.jpg,Monarch
702817635.jpg,Monarch
702817469.jpg,Monarch
702817393.jpg,Monarch
702817319.jpg,Monarch
702817260.jpg,Monarch
702817259.jpg,Monarch
702815692.jpg,Monarch
702815486.jpg,Monarch
702812619.jpg,Monarch
702812135.jpg,Monarch
702809196.jpg,Monarch
702808863.jpg,Monarch
702806857.jpg,Monarch
702805242.jpg,Monarch
702804962.jpg,Monarch
702803972.jpg,Monarch
702803628.jpg,Monarch
702802105.jpg,Monarch
702802086.jpg,Monarch
702799111.jpg,Monarch
702798063.jpg,Monarch
702796591.jpg,Monarch
702796090.jpg,Monarch
702788796.jpg,Monarch
702793751.jpg,Monarch
702793339.jpg,Monarch
702792459.jpg,Monarch
702789854.jpg,Monarch
702788253.jpg,Monarch
702788201.jpg,Monarch
702787337.jpg,Monarch
702784330.jpg,Monarch
702783294.jpg,Monarch
702782810.jpg,Monarch
702781792.jpg,Monarch
702780684.jpg,Monarch
702780478.jpg,Monarch
702779203.jpg,Monarch
702770280.jpg,Monarch
702774026.jpg,Monarch
702773231.jpg,Monarch
703595770.jpg,Monarch
702771174.jpg,Monarch
702770994.jpg,Monarch
702770125.jpg,Monarch
702770526.jpg,Monarch
702769105.jpg,Monarch
702765670.jpg,Monarch
702761028.jpg,Monarch
702761098.jpg,Monarch
702758802.jpg,Monarch
702755432.jpg,Monarch
702750993.jpg,Monarch
702750018.jpg,Monarch
702749948.jpg,Monarch
702748230.jpg,Monarch
702745734.jpg,Monarch
702745479.jpg,Monarch
702744507.jpg,Monarch
702743812.jpg,Monarch
702736724.jpg,Monarch
702733413.jpg,Monarch
702734892.jpg,Monarch
702730618.jpg,Monarch
702723199.jpg,Monarch
702722663.jpg,Monarch
702720683.jpg,Monarch
702719459.jpg,Monarch
702718109.jpg,Monarch
702715150.jpg,Monarch
702706262.jpg,Monarch
702709998.jpg,Monarch
702707009.jpg,Monarch
702706185.jpg,Monarch
702699703.jpg,Monarch
702694643.jpg,Monarch
702686329.jpg,Monarch
702684490.jpg,Monarch
702681341.jpg,Monarch
702706221.jpg,Monarch
702676542.jpg,Monarch
702676384.jpg,Monarch
702672893.jpg,Monarch
702664550.jpg,Monarch
702664523.jpg,Monarch
702664484.jpg,Monarch
702664342.jpg,Monarch
702663837.jpg,Monarch
702663817.jpg,Monarch
702660102.jpg,Monarch
702650474.jpg,Monarch
702648383.jpg,Monarch
702612420.jpg,Monarch
702614778.jpg,Monarch
702613185.jpg,Monarch
702603869.jpg,Monarch
702603632.jpg,Monarch
702603513.jpg,Monarch
702602522.jpg,Monarch
702602339.jpg,Monarch
702598830.jpg,Monarch
702588709.jpg,Monarch
702588702.jpg,Monarch
702587138.jpg,Monarch
702585517.jpg,Monarch
702584078.jpg,Monarch
702582389.jpg,Monarch
702582344.jpg,Monarch
702576252.jpg,Monarch
702575245.jpg,Monarch
702575913.jpg,Monarch
702574518.jpg,Monarch
702576300.jpg,Monarch
702572257.jpg,Monarch
702566085.jpg,Monarch
702558330.jpg,Monarch
702555056.jpg,Monarch
702559757.jpg,Monarch
702559167.jpg,Monarch
702555787.jpg,Monarch
702553848.jpg,Monarch
702549747.jpg,Monarch
702549153.jpg,Monarch
702547223.jpg,Monarch
702544885.jpg,Monarch
702543141.jpg,Monarch
702542881.jpg,Monarch
702542389.jpg,Monarch
703136610.jpg,Monarch
702539639.jpg,Monarch
702529880.jpg,Monarch
702528829.jpg,Monarch
702526661.jpg,Monarch
702520464.jpg,Monarch
702516206.jpg,Monarch
702515171.jpg,Monarch
702508950.jpg,Monarch
702512683.jpg,Monarch
702512680.jpg,Monarch
702511963.jpg,Monarch
702511182.jpg,Monarch
702509507.jpg,Monarch
702510511.jpg,Monarch
702509357.jpg,Monarch
702509283.jpg,Monarch
702507689.jpg,Monarch
703006262.jpg,Monarch
702501832.jpg,Monarch
702501196.jpg,Monarch
702499575.jpg,Monarch
702497999.jpg,Monarch
702504350.jpg,Monarch
702503888.jpg,Monarch
702502097.jpg,Monarch
702502749.jpg,Monarch
702502617.jpg,Monarch
702501546.jpg,Monarch
702498298.jpg,Monarch
702493258.jpg,Monarch
702492532.jpg,Monarch
702491917.jpg,Monarch
702490756.jpg,Monarch
702491497.jpg,Monarch
702490609.jpg,Monarch
702490570.jpg,Monarch
702488484.jpg,Monarch
702487980.jpg,Monarch
702486151.jpg,Monarch
702486170.jpg,Monarch
702484299.jpg,Monarch
702483152.jpg,Monarch
702482415.jpg,Monarch
702481614.jpg,Monarch
702481650.jpg,Monarch
702464653.jpg,Monarch
702464647.jpg,Monarch
702476427.jpg,Monarch
702442852.jpg,Monarch
702476069.jpg,Monarch
702474763.jpg,Monarch
702474428.jpg,Monarch
702473964.jpg,Monarch
702472329.jpg,Monarch
702471341.jpg,Monarch
702469668.jpg,Monarch
702468822.jpg,Monarch
702468752.jpg,Monarch
702467300.jpg,Monarch
702438608.jpg,Monarch
702465781.jpg,Monarch
702464815.jpg,Monarch
702464808.jpg,Monarch
702463800.jpg,Monarch
702462008.jpg,Monarch
702461563.jpg,Monarch
702457830.jpg,Monarch
702455430.jpg,Monarch
702455399.jpg,Monarch
702455053.jpg,Monarch
702454759.jpg,Monarch
702453467.jpg,Monarch
702452331.jpg,Monarch
702452302.jpg,Monarch
702451888.jpg,Monarch
702451381.jpg,Monarch
702446124.jpg,Monarch
702441730.jpg,Monarch
702443410.jpg,Monarch
702442887.jpg,Monarch
702441613.jpg,Monarch
702439305.jpg,Monarch
702438600.jpg,Monarch
702436449.jpg,Monarch
702435807.jpg,Monarch
702435390.jpg,Monarch
702435256.jpg,Monarch
702435205.jpg,Monarch
702435137.jpg,Monarch
702431551.jpg,Monarch
702429043.jpg,Monarch
702428645.jpg,Monarch
702426544.jpg,Monarch
702425208.jpg,Monarch
702424543.jpg,Monarch
702424938.jpg,Monarch
702419900.jpg,Monarch
702492199.jpg,Monarch
702422376.jpg,Monarch
702421866.jpg,Monarch
702421739.jpg,Monarch
702417408.jpg,Monarch
702421538.jpg,Monarch
702418049.jpg,Monarch
702419139.jpg,Monarch
702418273.jpg,Monarch
702416494.jpg,Monarch
702415475.jpg,Monarch
702415444.jpg,Monarch
702407873.jpg,Monarch
702412740.jpg,Monarch
702407812.jpg,Monarch
702404699.jpg,Monarch
702404663.jpg,Monarch
702404550.jpg,Monarch
702403804.jpg,Monarch
702402418.jpg,Monarch
702402308.jpg,Monarch
702402008.jpg,Monarch
702377184.jpg,Monarch
702401954.jpg,Monarch
702401847.jpg,Monarch
702401782.jpg,Monarch
702401185.jpg,Monarch
702400665.jpg,Monarch
702400282.jpg,Monarch
702399327.jpg,Monarch
702399071.jpg,Monarch
702398819.jpg,Monarch
702398248.jpg,Monarch
702397606.jpg,Monarch
702397514.jpg,Monarch
702397368.jpg,Monarch
704226711.jpg,Monarch
702396716.jpg,Monarch
702396513.jpg,Monarch
702396858.jpg,Monarch
702396144.jpg,Monarch
702395504.jpg,Monarch
702393682.jpg,Monarch
702391738.jpg,Monarch
702390312.jpg,Monarch
702388965.jpg,Monarch
702387792.jpg,Monarch
702387199.jpg,Monarch
702386089.jpg,Monarch
702359246.jpg,Monarch
702375080.jpg,Monarch
702385163.jpg,Monarch
702383567.jpg,Monarch
702381228.jpg,Monarch
702380570.jpg,Monarch
702376045.jpg,Monarch
702374147.jpg,Monarch
702375770.jpg,Monarch
702372913.jpg,Monarch
702371212.jpg,Monarch
702372188.jpg,Monarch
702371946.jpg,Monarch
702370285.jpg,Monarch
702367677.jpg,Monarch
702358627.jpg,Monarch
702356448.jpg,Monarch
702354818.jpg,Monarch
702353489.jpg,Monarch
702344120.jpg,Monarch
702344015.jpg,Monarch
702353344.jpg,Monarch
702353194.jpg,Monarch
702352975.jpg,Monarch
702348583.jpg,Monarch
702352656.jpg,Monarch
702348487.jpg,Monarch
702348235.jpg,Monarch
702351384.jpg,Monarch
702351129.jpg,Monarch
702348132.jpg,Monarch
702345472.jpg,Monarch
702345820.jpg,Monarch
702345356.jpg,Monarch
702340042.jpg,Monarch
702341918.jpg,Monarch
702339320.jpg,Monarch
702338854.jpg,Monarch
702336585.jpg,Monarch
702334058.jpg,Monarch
702333386.jpg,Monarch
702332808.jpg,Monarch
702332781.jpg,Monarch
702330855.jpg,Monarch
702327917.jpg,Monarch
702328461.jpg,Monarch
702328037.jpg,Monarch
702327476.jpg,Monarch
702322941.jpg,Monarch
702324675.jpg,Monarch
702322053.jpg,Monarch
702320425.jpg,Monarch
702319555.jpg,Monarch
702318969.jpg,Monarch
702318240.jpg,Monarch
702316718.jpg,Monarch
702312389.jpg,Monarch
702313186.jpg,Monarch
702312607.jpg,Monarch
702311308.jpg,Monarch
702382291.jpg,Monarch
702309839.jpg,Monarch
702308625.jpg,Monarch
702306038.jpg,Monarch
702304890.jpg,Monarch
702304824.jpg,Monarch
702300680.jpg,Monarch
702300979.jpg,Monarch
702298704.jpg,Monarch
702296558.jpg,Monarch
702292088.jpg,Monarch
702294215.jpg,Monarch
702293364.jpg,Monarch
702293205.jpg,Monarch
702292676.jpg,Monarch
702289743.jpg,Monarch
702289993.jpg,Monarch
702290498.jpg,Monarch
702290388.jpg,Monarch
702289362.jpg,Monarch
702289301.jpg,Monarch
702287935.jpg,Monarch
702272324.jpg,Monarch
702272107.jpg,Monarch
702272096.jpg,Monarch
702286053.jpg,Monarch
702279892.jpg,Monarch
702280249.jpg,Monarch
702279489.jpg,Monarch
702279044.jpg,Monarch
702278942.jpg,Monarch
702277668.jpg,Monarch
702277402.jpg,Monarch
702274809.jpg,Monarch
702274444.jpg,Monarch
702274086.jpg,Monarch
702269898.jpg,Monarch
702268266.jpg,Monarch
702265703.jpg,Monarch
702264738.jpg,Monarch
702264682.jpg,Monarch
702264525.jpg,Monarch
702263408.jpg,Monarch
702261077.jpg,Monarch
702260078.jpg,Monarch
702257357.jpg,Monarch
702257071.jpg,Monarch
702256506.jpg,Monarch
702255793.jpg,Monarch
702254366.jpg,Monarch
702253757.jpg,Monarch
702249299.jpg,Monarch
702248887.jpg,Monarch
702246934.jpg,Monarch
702246906.jpg,Monarch
702244495.jpg,Monarch
702242809.jpg,Monarch
709098669.jpg,Monarch
702241747.jpg,Monarch
702240350.jpg,Monarch
702240078.jpg,Monarch
702239713.jpg,Monarch
702237732.jpg,Monarch
702237592.jpg,Monarch
703104089.jpg,Monarch
702237286.jpg,Monarch
702236960.jpg,Monarch
702229727.jpg,Monarch
702229370.jpg,Monarch
702229205.jpg,Monarch
702222560.jpg,Monarch
702222562.jpg,Monarch
702223807.jpg,Monarch
702223540.jpg,Monarch
702220151.jpg,Monarch
702216827.jpg,Monarch
702217918.jpg,Monarch
702217850.jpg,Monarch
702217721.jpg,Monarch
702212499.jpg,Monarch
702208462.jpg,Monarch
702208253.jpg,Monarch
702207979.jpg,Monarch
702207829.jpg,Monarch
702206627.jpg,Monarch
702206423.jpg,Monarch
702205807.jpg,Monarch
702205684.jpg,Monarch
702205297.jpg,Monarch
702203436.jpg,Monarch
702202046.jpg,Monarch
702197161.jpg,Monarch
702195176.jpg,Monarch
702092713.jpg,Monarch
702186544.jpg,Monarch
702190100.jpg,Monarch
702188649.jpg,Monarch
702185700.jpg,Monarch
702163962.jpg,Monarch
702181515.jpg,Monarch
702181398.jpg,Monarch
702180877.jpg,Monarch
702180219.jpg,Monarch
702176617.jpg,Monarch
702172517.jpg,Monarch
702171834.jpg,Monarch
702172078.jpg,Monarch
702170004.jpg,Monarch
702168353.jpg,Monarch
702168009.jpg,Monarch
702167257.jpg,Monarch
702164478.jpg,Monarch
702163051.jpg,Monarch
702162197.jpg,Monarch
702159244.jpg,Monarch
702156202.jpg,Monarch
702154297.jpg,Monarch
702154553.jpg,Monarch
702153652.jpg,Monarch
702150007.jpg,Monarch
702145884.jpg,Monarch
702144482.jpg,Monarch
702142733.jpg,Monarch
702142635.jpg,Monarch
702142597.jpg,Monarch
702141186.jpg,Monarch
702140522.jpg,Monarch
702138033.jpg,Monarch
702137257.jpg,Monarch
702135458.jpg,Monarch
702128910.jpg,Monarch
702132221.jpg,Monarch
702132046.jpg,Monarch
702131800.jpg,Monarch
702130408.jpg,Monarch
702129500.jpg,Monarch
702127976.jpg,Monarch
702127376.jpg,Monarch
702126810.jpg,Monarch
702126340.jpg,Monarch
702124900.jpg,Monarch
702124505.jpg,Monarch
702119408.jpg,Monarch
702118022.jpg,Monarch
702117379.jpg,Monarch
702117375.jpg,Monarch
702115808.jpg,Monarch
702112979.jpg,Monarch
702105934.jpg,Monarch
702105329.jpg,Monarch
702103323.jpg,Monarch
702102194.jpg,Monarch
702101561.jpg,Monarch
702099815.jpg,Monarch
702099413.jpg,Monarch
702094771.jpg,Monarch
702094384.jpg,Monarch
702092630.jpg,Monarch
702090323.jpg,Monarch
702085488.jpg,Monarch
702084037.jpg,Monarch
702082826.jpg,Monarch
702083933.jpg,Monarch
702079982.jpg,Monarch
702079504.jpg,Monarch
702079210.jpg,Monarch
702079044.jpg,Monarch
702078464.jpg,Monarch
702079009.jpg,Monarch
702076230.jpg,Monarch
702074922.jpg,Monarch
702069881.jpg,Monarch
702679749.jpg,Monarch
702068929.jpg,Monarch
702063760.jpg,Monarch
702066921.jpg,Monarch
702062274.jpg,Monarch
702061888.jpg,Monarch
702051032.jpg,Monarch
702051027.jpg,Monarch
702045448.jpg,Monarch
702022165.jpg,Monarch
702006334.jpg,Monarch
701989862.jpg,Monarch
701983049.jpg,Monarch
701983014.jpg,Monarch
701982735.jpg,Monarch
701981948.jpg,Monarch
701981089.jpg,Monarch
701968964.jpg,Monarch
701968214.jpg,Monarch
701968140.jpg,Monarch
701966406.jpg,Monarch
701965890.jpg,Monarch
701965039.jpg,Monarch
701963334.jpg,Monarch
701962294.jpg,Monarch
701956215.jpg,Monarch
701928771.jpg,Monarch
701953213.jpg,Monarch
701952440.jpg,Monarch
701942235.jpg,Monarch
701949660.jpg,Monarch
701949618.jpg,Monarch
701941760.jpg,Monarch
701940775.jpg,Monarch
701938899.jpg,Monarch
701937794.jpg,Monarch
701936760.jpg,Monarch
701936568.jpg,Monarch
701931972.jpg,Monarch
701930617.jpg,Monarch
701918191.jpg,Monarch
701930282.jpg,Monarch
701928119.jpg,Monarch
701928442.jpg,Monarch
701927881.jpg,Monarch
701925889.jpg,Monarch
701924937.jpg,Monarch
701923240.jpg,Monarch
701923941.jpg,Monarch
701923871.jpg,Monarch
701923551.jpg,Monarch
701922334.jpg,Monarch
701921764.jpg,Monarch
701922083.jpg,Monarch
701917110.jpg,Monarch
701915304.jpg,Monarch
701914875.jpg,Monarch
701897344.jpg,Monarch
701910537.jpg,Monarch
701906531.jpg,Monarch
701906484.jpg,Monarch
701904669.jpg,Monarch
701904416.jpg,Monarch
701903134.jpg,Monarch
701900085.jpg,Monarch
701899308.jpg,Monarch
701899282.jpg,Monarch
701893982.jpg,Monarch
701893356.jpg,Monarch
701891630.jpg,Monarch
701891078.jpg,Monarch
701889332.jpg,Monarch
701886725.jpg,Monarch
701885239.jpg,Monarch
701883648.jpg,Monarch
701882695.jpg,Monarch
701882426.jpg,Monarch
701827906.jpg,Monarch
701881834.jpg,Monarch
701880920.jpg,Monarch
701879842.jpg,Monarch
701879760.jpg,Monarch
701879287.jpg,Monarch
701878419.jpg,Monarch
701878103.jpg,Monarch
701877280.jpg,Monarch
701874670.jpg,Monarch
701874038.jpg,Monarch
701873563.jpg,Monarch
701873155.jpg,Monarch
701872839.jpg,Monarch
701871653.jpg,Monarch
701870973.jpg,Monarch
701865337.jpg,Monarch
701868015.jpg,Monarch
701867821.jpg,Monarch
701867766.jpg,Monarch
701867148.jpg,Monarch
701866946.jpg,Monarch
701866913.jpg,Monarch
701866361.jpg,Monarch
701865372.jpg,Monarch
701865596.jpg,Monarch
701865470.jpg,Monarch
701865243.jpg,Monarch
701865158.jpg,Monarch
701864756.jpg,Monarch
701862257.jpg,Monarch
701863152.jpg,Monarch
701861732.jpg,Monarch
701861717.jpg,Monarch
701858637.jpg,Monarch
701858614.jpg,Monarch
701858606.jpg,Monarch
701858495.jpg,Monarch
701858490.jpg,Monarch
701858491.jpg,Monarch
701861339.jpg,Monarch
701860815.jpg,Monarch
701860643.jpg,Monarch
701860282.jpg,Monarch
701857904.jpg,Monarch
701857841.jpg,Monarch
701857828.jpg,Monarch
701857805.jpg,Monarch
701857775.jpg,Monarch
701857770.jpg,Monarch
701857635.jpg,Monarch
701857634.jpg,Monarch
701857620.jpg,Monarch
701857596.jpg,Monarch
701857588.jpg,Monarch
701857492.jpg,Monarch
701857363.jpg,Monarch
701859297.jpg,Monarch
703897805.jpg,Monarch
701856865.jpg,Monarch
701855400.jpg,Monarch
701853951.jpg,Monarch
701853713.jpg,Monarch
701851493.jpg,Monarch
701850482.jpg,Monarch
701835061.jpg,Monarch
701835053.jpg,Monarch
701835042.jpg,Monarch
701834981.jpg,Monarch
701834943.jpg,Monarch
701834958.jpg,Monarch
701834960.jpg,Monarch
701848800.jpg,Monarch
701848742.jpg,Monarch
701847045.jpg,Monarch
701844401.jpg,Monarch
701840741.jpg,Monarch
701844516.jpg,Monarch
701844358.jpg,Monarch
701842657.jpg,Monarch
701841462.jpg,Monarch
701839072.jpg,Monarch
701839964.jpg,Monarch
701839399.jpg,Monarch
701837680.jpg,Monarch
701834109.jpg,Monarch
701832234.jpg,Monarch
701833678.jpg,Monarch
701833305.jpg,Monarch
701833323.jpg,Monarch
701831615.jpg,Monarch
701829680.jpg,Monarch
701831434.jpg,Monarch
701828968.jpg,Monarch
701828309.jpg,Monarch
701827458.jpg,Monarch
701850915.jpg,Monarch
701827180.jpg,Monarch
701825178.jpg,Monarch
701824940.jpg,Monarch
701825104.jpg,Monarch
701817705.jpg,Monarch
701817707.jpg,Monarch
701817703.jpg,Monarch
701817669.jpg,Monarch
701817577.jpg,Monarch
701824056.jpg,Monarch
701819889.jpg,Monarch
701818554.jpg,Monarch
701820676.jpg,Monarch
701820154.jpg,Monarch
701818684.jpg,Monarch
701818641.jpg,Monarch
701820379.jpg,Monarch
701817776.jpg,Monarch
701817770.jpg,Monarch
701815362.jpg,Monarch
701802085.jpg,Monarch
701810193.jpg,Monarch
701810135.jpg,Monarch
701810089.jpg,Monarch
703501862.jpg,Monarch
701816328.jpg,Monarch
701815848.jpg,Monarch
701814405.jpg,Monarch
702235928.jpg,Monarch
701812384.jpg,Monarch
701812302.jpg,Monarch
701811539.jpg,Monarch
701796252.jpg,Monarch
701806392.jpg,Monarch
701805434.jpg,Monarch
701804891.jpg,Monarch
701803242.jpg,Monarch
701799927.jpg,Monarch
701801211.jpg,Monarch
701799860.jpg,Monarch
701799489.jpg,Monarch
701795306.jpg,Monarch
701794461.jpg,Monarch
701753794.jpg,Monarch
701794800.jpg,Monarch
701792783.jpg,Monarch
701792308.jpg,Monarch
701791251.jpg,Monarch
701790578.jpg,Monarch
701787164.jpg,Monarch
701786405.jpg,Monarch
701783827.jpg,Monarch
701780911.jpg,Monarch
701780283.jpg,Monarch
701779766.jpg,Monarch
701779195.jpg,Monarch
701777751.jpg,Monarch
701776903.jpg,Monarch
701776786.jpg,Monarch
701774679.jpg,Monarch
701773615.jpg,Monarch
701772393.jpg,Monarch
701771923.jpg,Monarch
701768660.jpg,Monarch
701771630.jpg,Monarch
701770894.jpg,Monarch
701769749.jpg,Monarch
701769088.jpg,Monarch
701764543.jpg,Monarch
701764507.jpg,Monarch
701764506.jpg,Monarch
701764480.jpg,Monarch
701765657.jpg,Monarch
701765279.jpg,Monarch
701764189.jpg,Monarch
701763893.jpg,Monarch
701764715.jpg,Monarch
701763464.jpg,Monarch
701763527.jpg,Monarch
701763127.jpg,Monarch
701762881.jpg,Monarch
701761174.jpg,Monarch
701759338.jpg,Monarch
701756963.jpg,Monarch
701755815.jpg,Monarch
701755221.jpg,Monarch
701754704.jpg,Monarch
701753963.jpg,Monarch
701753402.jpg,Monarch
701753139.jpg,Monarch
701752928.jpg,Monarch
701749906.jpg,Monarch
701727641.jpg,Monarch
701748778.jpg,Monarch
701750274.jpg,Monarch
701746212.jpg,Monarch
701744858.jpg,Monarch
701743579.jpg,Monarch
701743497.jpg,Monarch
701743167.jpg,Monarch
701750271.jpg,Monarch
701742999.jpg,Monarch
701742699.jpg,Monarch
701742560.jpg,Monarch
701742391.jpg,Monarch
701741395.jpg,Monarch
701739792.jpg,Monarch
701740499.jpg,Monarch
701738939.jpg,Monarch
701738664.jpg,Monarch
701738541.jpg,Monarch
701738098.jpg,Monarch
701737604.jpg,Monarch
701737294.jpg,Monarch
21392396.jpg,Monarch
701723316.jpg,Monarch
701734342.jpg,Monarch
701731606.jpg,Monarch
701728337.jpg,Monarch
701727206.jpg,Monarch
701726172.jpg,Monarch
701725259.jpg,Monarch
701724937.jpg,Monarch
701724061.jpg,Monarch
701724048.jpg,Monarch
701723805.jpg,Monarch
701723595.jpg,Monarch
701722914.jpg,Monarch
701722596.jpg,Monarch
701720879.jpg,Monarch
701718948.jpg,Monarch
701718544.jpg,Monarch
701716721.jpg,Monarch
701716145.jpg,Monarch
701715643.jpg,Monarch
701710614.jpg,Monarch
701710613.jpg,Monarch
701713960.jpg,Monarch
701713931.jpg,Monarch
701713719.jpg,Monarch
701713655.jpg,Monarch
701713642.jpg,Monarch
701713186.jpg,Monarch
701708502.jpg,Monarch
701708441.jpg,Monarch
701707933.jpg,Monarch
701707827.jpg,Monarch
701710684.jpg,Monarch
701710689.jpg,Monarch
701708351.jpg,Monarch
704360919.jpg,Monarch
701707650.jpg,Monarch
701707545.jpg,Monarch
701706655.jpg,Monarch
701704428.jpg,Monarch
701704304.jpg,Monarch
701702399.jpg,Monarch
701701331.jpg,Monarch
701699934.jpg,Monarch
701699178.jpg,Monarch
701697324.jpg,Monarch
701697248.jpg,Monarch
701693756.jpg,Monarch
701694419.jpg,Monarch
701694113.jpg,Monarch
701694033.jpg,Monarch
701693412.jpg,Monarch
701693360.jpg,Monarch
701692969.jpg,Monarch
701691227.jpg,Monarch
701691533.jpg,Monarch
701690824.jpg,Monarch
701690381.jpg,Monarch
701689404.jpg,Monarch
701687271.jpg,Monarch
701687044.jpg,Monarch
701686019.jpg,Monarch
701684932.jpg,Monarch
701682998.jpg,Monarch
701682221.jpg,Monarch
701681599.jpg,Monarch
701681035.jpg,Monarch
701679334.jpg,Monarch
701675597.jpg,Monarch
701673951.jpg,Monarch
701673879.jpg,Monarch
701673018.jpg,Monarch
701672472.jpg,Monarch
701671058.jpg,Monarch
701669711.jpg,Monarch
701669275.jpg,Monarch
701667510.jpg,Monarch
701666734.jpg,Monarch
701661649.jpg,Monarch
701665224.jpg,Monarch
701665012.jpg,Monarch
701664715.jpg,Monarch
701662562.jpg,Monarch
701660125.jpg,Monarch
701659830.jpg,Monarch
701659391.jpg,Monarch
701653244.jpg,Monarch
701758906.jpg,Monarch
701657413.jpg,Monarch
701655915.jpg,Monarch
701655698.jpg,Monarch
701654642.jpg,Monarch
701652292.jpg,Monarch
701652270.jpg,Monarch
701652084.jpg,Monarch
701651965.jpg,Monarch
701650685.jpg,Monarch
701650409.jpg,Monarch
701648662.jpg,Monarch
701648534.jpg,Monarch
701648098.jpg,Monarch
701646256.jpg,Monarch
701646126.jpg,Monarch
701645559.jpg,Monarch
701644486.jpg,Monarch
701644215.jpg,Monarch
701702272.jpg,Monarch
701642714.jpg,Monarch
701642164.jpg,Monarch
701641330.jpg,Monarch
701641299.jpg,Monarch
701640713.jpg,Monarch
701640560.jpg,Monarch
701640262.jpg,Monarch
701641165.jpg,Monarch
701640454.jpg,Monarch
701639715.jpg,Monarch
701639566.jpg,Monarch
701639081.jpg,Monarch
701638809.jpg,Monarch
701638236.jpg,Monarch
701636022.jpg,Monarch
701636072.jpg,Monarch
701635803.jpg,Monarch
701630903.jpg,Monarch
701635295.jpg,Monarch
701632890.jpg,Monarch
701632439.jpg,Monarch
701629866.jpg,Monarch
701491360.jpg,Monarch
701627052.jpg,Monarch
701624001.jpg,Monarch
701623493.jpg,Monarch
701622446.jpg,Monarch
701612074.jpg,Monarch
701621448.jpg,Monarch
701620955.jpg,Monarch
701620776.jpg,Monarch
701620566.jpg,Monarch
701617197.jpg,Monarch
701616903.jpg,Monarch
701616406.jpg,Monarch
701616681.jpg,Monarch
701616490.jpg,Monarch
701616255.jpg,Monarch
701615858.jpg,Monarch
701615500.jpg,Monarch
701613552.jpg,Monarch
701612520.jpg,Monarch
701612187.jpg,Monarch
701611446.jpg,Monarch
701609573.jpg,Monarch
701619722.jpg,Monarch
701608256.jpg,Monarch
701607499.jpg,Monarch
701598588.jpg,Monarch
701606133.jpg,Monarch
701605650.jpg,Monarch
701603317.jpg,Monarch
701601210.jpg,Monarch
701601137.jpg,Monarch
701600641.jpg,Monarch
701622939.jpg,Monarch
701598470.jpg,Monarch
701598479.jpg,Monarch
701597729.jpg,Monarch
701595719.jpg,Monarch
701594453.jpg,Monarch
701593124.jpg,Monarch
701592319.jpg,Monarch
701589380.jpg,Monarch
701588075.jpg,Monarch
701587546.jpg,Monarch
701583792.jpg,Monarch
701584633.jpg,Monarch
701584643.jpg,Monarch
701585279.jpg,Monarch
701582460.jpg,Monarch
701582466.jpg,Monarch
701572096.jpg,Monarch
701579963.jpg,Monarch
701579038.jpg,Monarch
701579700.jpg,Monarch
701576865.jpg,Monarch
701576317.jpg,Monarch
701575539.jpg,Monarch
701575168.jpg,Monarch
701574969.jpg,Monarch
701574881.jpg,Monarch
701575422.jpg,Monarch
701574059.jpg,Monarch
701570346.jpg,Monarch
701571904.jpg,Monarch
701575807.jpg,Monarch
701584678.jpg,Monarch
701571234.jpg,Monarch
701571279.jpg,Monarch
701571074.jpg,Monarch
701571035.jpg,Monarch
701568667.jpg,Monarch
701568201.jpg,Monarch
701568139.jpg,Monarch
701567438.jpg,Monarch
701596871.jpg,Monarch
701564943.jpg,Monarch
701564001.jpg,Monarch
701562408.jpg,Monarch
701559550.jpg,Monarch
701559293.jpg,Monarch
701557845.jpg,Monarch
701556886.jpg,Monarch
701556463.jpg,Monarch
701556306.jpg,Monarch
701555835.jpg,Monarch
701555394.jpg,Monarch
701555087.jpg,Monarch
701554591.jpg,Monarch
706601859.jpg,Monarch
701550918.jpg,Monarch
701545640.jpg,Monarch
701549735.jpg,Monarch
701546728.jpg,Monarch
701545902.jpg,Monarch
701545797.jpg,Monarch
701545032.jpg,Monarch
701541941.jpg,Monarch
701540656.jpg,Monarch
701540063.jpg,Monarch
701575284.jpg,Monarch
701536772.jpg,Monarch
701535239.jpg,Monarch
701534765.jpg,Monarch
701534793.jpg,Monarch
701534791.jpg,Monarch
701533069.jpg,Monarch
701530458.jpg,Monarch
701530350.jpg,Monarch
701530216.jpg,Monarch
701529550.jpg,Monarch
701528415.jpg,Monarch
701528297.jpg,Monarch
701523253.jpg,Monarch
701534336.jpg,Monarch
701522518.jpg,Monarch
701519350.jpg,Monarch
701518983.jpg,Monarch
701518878.jpg,Monarch
701512693.jpg,Monarch
701515146.jpg,Monarch
701513426.jpg,Monarch
701506378.jpg,Monarch
701509974.jpg,Monarch
701509526.jpg,Monarch
701551733.jpg,Monarch
701505638.jpg,Monarch
701505267.jpg,Monarch
701499376.jpg,Monarch
701499157.jpg,Monarch
701497935.jpg,Monarch
701495469.jpg,Monarch
701492800.jpg,Monarch
701490177.jpg,Monarch
701490047.jpg,Monarch
701482747.jpg,Monarch
701488003.jpg,Monarch
701487198.jpg,Monarch
701477127.jpg,Monarch
701482460.jpg,Monarch
701476810.jpg,Monarch
701566062.jpg,Monarch
701473171.jpg,Monarch
701468860.jpg,Monarch
701465568.jpg,Monarch
701466968.jpg,Monarch
701466229.jpg,Monarch
701463337.jpg,Monarch
701458043.jpg,Monarch
701456423.jpg,Monarch
701454601.jpg,Monarch
701452725.jpg,Monarch
701451318.jpg,Monarch
701448555.jpg,Monarch
701447273.jpg,Monarch
701446642.jpg,Monarch
701445635.jpg,Monarch
701437302.jpg,Monarch
701433026.jpg,Monarch
701427767.jpg,Monarch
701428734.jpg,Monarch
701427700.jpg,Monarch
701382907.jpg,Monarch
701378909.jpg,Monarch
701353618.jpg,Monarch
701352141.jpg,Monarch
701350061.jpg,Monarch
701340776.jpg,Monarch
701337947.jpg,Monarch
701323107.jpg,Monarch
701320661.jpg,Monarch
701321437.jpg,Monarch
701313616.jpg,Monarch
701316051.jpg,Monarch
701315498.jpg,Monarch
701310271.jpg,Monarch
701314060.jpg,Monarch
701312669.jpg,Monarch
701308380.jpg,Monarch
701306766.jpg,Monarch
701304204.jpg,Monarch
701302410.jpg,Monarch
701296563.jpg,Monarch
701300559.jpg,Monarch
701300278.jpg,Monarch
701299914.jpg,Monarch
701296317.jpg,Monarch
701294826.jpg,Monarch
701283804.jpg,Monarch
701292507.jpg,Monarch
701282166.jpg,Monarch
701285537.jpg,Monarch
701284067.jpg,Monarch
701282585.jpg,Monarch
701282445.jpg,Monarch
701281834.jpg,Monarch
701277544.jpg,Monarch
701280352.jpg,Monarch
701280605.jpg,Monarch
701279147.jpg,Monarch
701276514.jpg,Monarch
701275820.jpg,Monarch
701274797.jpg,Monarch
701274744.jpg,Monarch
701272367.jpg,Monarch
701267564.jpg,Monarch
701269933.jpg,Monarch
701268415.jpg,Monarch
701267532.jpg,Monarch
701267722.jpg,Monarch
701259976.jpg,Monarch
701259920.jpg,Monarch
701259902.jpg,Monarch
701259847.jpg,Monarch
701259546.jpg,Monarch
701259329.jpg,Monarch
701259320.jpg,Monarch
701263411.jpg,Monarch
701263369.jpg,Monarch
701260940.jpg,Monarch
701260931.jpg,Monarch
701260924.jpg,Monarch
701260802.jpg,Monarch
701263095.jpg,Monarch
701260689.jpg,Monarch
701260784.jpg,Monarch
701260607.jpg,Monarch
701260587.jpg,Monarch
701260406.jpg,Monarch
701260377.jpg,Monarch
701260825.jpg,Monarch
701260114.jpg,Monarch
701259108.jpg,Monarch
701259054.jpg,Monarch
701258002.jpg,Monarch
701256240.jpg,Monarch
701255504.jpg,Monarch
701255484.jpg,Monarch
701254470.jpg,Monarch
701253765.jpg,Monarch
701245740.jpg,Monarch
701251768.jpg,Monarch
701251462.jpg,Monarch
701251090.jpg,Monarch
701245957.jpg,Monarch
701250921.jpg,Monarch
701250699.jpg,Monarch
701250644.jpg,Monarch
701248632.jpg,Monarch
703544602.jpg,Monarch
701246799.jpg,Monarch
701241491.jpg,Monarch
701240215.jpg,Monarch
701239270.jpg,Monarch
701239119.jpg,Monarch
701237955.jpg,Monarch
701233388.jpg,Monarch
701236182.jpg,Monarch
701236088.jpg,Monarch
701235994.jpg,Monarch
701235381.jpg,Monarch
701232613.jpg,Monarch
701231535.jpg,Monarch
701230875.jpg,Monarch
701230812.jpg,Monarch
701230211.jpg,Monarch
701228998.jpg,Monarch
701228878.jpg,Monarch
701228568.jpg,Monarch
701226994.jpg,Monarch
701222908.jpg,Monarch
701223866.jpg,Monarch
701220693.jpg,Monarch
701220677.jpg,Monarch
701221131.jpg,Monarch
701212513.jpg,Monarch
701217663.jpg,Monarch
701218507.jpg,Monarch
701216618.jpg,Monarch
701216354.jpg,Monarch
701216158.jpg,Monarch
701213983.jpg,Monarch
701212491.jpg,Monarch
701211414.jpg,Monarch
701210722.jpg,Monarch
701210409.jpg,Monarch
701207179.jpg,Monarch
701204965.jpg,Monarch
701202804.jpg,Monarch
701202806.jpg,Monarch
701202367.jpg,Monarch
701201338.jpg,Monarch
701200763.jpg,Monarch
701201281.jpg,Monarch
701199037.jpg,Monarch
701199722.jpg,Monarch
701198576.jpg,Monarch
701196486.jpg,Monarch
701196056.jpg,Monarch
701193823.jpg,Monarch
701193722.jpg,Monarch
701193160.jpg,Monarch
701192236.jpg,Monarch
701187927.jpg,Monarch
701191724.jpg,Monarch
701190988.jpg,Monarch
701190881.jpg,Monarch
701188352.jpg,Monarch
701188714.jpg,Monarch
701188660.jpg,Monarch
701188194.jpg,Monarch
701186949.jpg,Monarch
701185950.jpg,Monarch
701184080.jpg,Monarch
701187009.jpg,Monarch
701180425.jpg,Monarch
701178337.jpg,Monarch
701176809.jpg,Monarch
701174239.jpg,Monarch
701173539.jpg,Monarch
701173234.jpg,Monarch
701173083.jpg,Monarch
701173015.jpg,Monarch
701171830.jpg,Monarch
701170504.jpg,Monarch
701169974.jpg,Monarch
701159108.jpg,Monarch
701168827.jpg,Monarch
701167296.jpg,Monarch
701166626.jpg,Monarch
701164868.jpg,Monarch
701164344.jpg,Monarch
701162911.jpg,Monarch
701161741.jpg,Monarch
701161215.jpg,Monarch
701161155.jpg,Monarch
701159206.jpg,Monarch
701160611.jpg,Monarch
701159427.jpg,Monarch
701154783.jpg,Monarch
701159253.jpg,Monarch
701158999.jpg,Monarch
701158130.jpg,Monarch
701157390.jpg,Monarch
701150102.jpg,Monarch
701156880.jpg,Monarch
701135781.jpg,Monarch
701155177.jpg,Monarch
701154095.jpg,Monarch
701153635.jpg,Monarch
701151323.jpg,Monarch
701151084.jpg,Monarch
701150682.jpg,Monarch
701150623.jpg,Monarch
701139483.jpg,Monarch
701138755.jpg,Monarch
701147958.jpg,Monarch
701148243.jpg,Monarch
701145685.jpg,Monarch
701145269.jpg,Monarch
701145187.jpg,Monarch
701144912.jpg,Monarch
701145101.jpg,Monarch
701143948.jpg,Monarch
701143971.jpg,Monarch
701143842.jpg,Monarch
701143575.jpg,Monarch
701143422.jpg,Monarch
701142340.jpg,Monarch
701142325.jpg,Monarch
701139364.jpg,Monarch
701138003.jpg,Monarch
701137575.jpg,Monarch
701137258.jpg,Monarch
701136791.jpg,Monarch
701130677.jpg,Monarch
701129842.jpg,Monarch
701134070.jpg,Monarch
701129616.jpg,Monarch
701133154.jpg,Monarch
701131432.jpg,Monarch
701130576.jpg,Monarch
701130091.jpg,Monarch
701128248.jpg,Monarch
701124629.jpg,Monarch
701122599.jpg,Monarch
701119002.jpg,Monarch
701118795.jpg,Monarch
