FileName,Species,prediction,score,Label
714098179.jpg,Monarch,1,0.9999808,Non_feeding
714062001.jpg,Monarch,1,0.17563467,Non_feeding
713991984.jpg,Monarch,1,0.95122147,Feeding
713869861.jpg,Monarch,0,0.00019108882,Feeding
713879924.jpg,Monarch,1,0.89498925,Non_feeding
713807526.jpg,Monarch,1,0.9988685,Non_feeding
713777735.jpg,Monarch,1,0.8341409,Feeding
713769708.jpg,Monarch,1,0.9997721,Non_feeding
713700278.jpg,Monarch,1,0.9999224,Non_feeding
713700284.jpg,Monarch,1,0.9999505,Non_feeding
713579205.jpg,Monarch,1,0.10663189,Feeding
713576048.jpg,Monarch,1,0.9999939,Non_feeding
713574921.jpg,Monarch,1,0.98591423,Non_feeding
713517234.jpg,Monarch,1,0.9999325,Non_feeding
713499216.jpg,Monarch,1,0.8632209,Non_feeding
713497817.jpg,Monarch,1,0.1836601,Feeding
713456926.jpg,Monarch,1,0.999998,Feeding
713439388.jpg,Monarch,1,0.9999964,Feeding
713418717.jpg,Monarch,1,0.99996257,Non_feeding
713416396.jpg,Monarch,1,0.21936823,Feeding
713382814.jpg,Monarch,1,0.99999845,Non_feeding
713383165.jpg,Monarch,0,3.492463e-05,Non_feeding
713369327.jpg,Monarch,0,0.00044751714,Non_feeding
713360230.jpg,Monarch,1,0.20824996,Non_feeding
713360152.jpg,Monarch,0,0.048352078,Non_feeding
713359186.jpg,Monarch,0,0.0026599006,Feeding
713335175.jpg,Monarch,1,0.53716624,Feeding
713280314.jpg,Monarch,0,0.060344364,Feeding
713271549.jpg,Monarch,1,1.0,Feeding
713252309.jpg,Monarch,1,0.9944881,Feeding
713257675.jpg,Monarch,1,1.0,Feeding
713237963.jpg,Monarch,0,0.0008439054,Feeding
713231466.jpg,Monarch,1,0.9506693,Non_feeding
713193650.jpg,Monarch,1,0.47068256,Feeding
713177709.jpg,Monarch,0,0.03412138,Feeding
713177136.jpg,Monarch,1,0.24084106,Non_feeding
713150506.jpg,Monarch,0,0.084776625,Feeding
713150099.jpg,Monarch,1,0.9999999,Non_feeding
713141320.jpg,Monarch,1,0.98003334,Non_feeding
713136039.jpg,Monarch,1,1.0,Non_feeding
713129502.jpg,Monarch,1,0.89792556,Non_feeding
713111076.jpg,Monarch,1,0.12311533,Non_feeding
713096490.jpg,Monarch,1,0.99998915,Non_feeding
713071637.jpg,Monarch,1,0.49612185,Non_feeding
713071591.jpg,Monarch,0,0.00013079897,Feeding
712946385.jpg,Monarch,1,0.10623166,Feeding
712934533.jpg,Monarch,0,0.0034074115,Feeding
712927187.jpg,Monarch,1,0.9998076,Non_feeding
712919894.jpg,Monarch,1,0.9962857,Non_feeding
712917404.jpg,Monarch,1,0.99999726,Non_feeding
712914396.jpg,Monarch,1,0.20814589,Non_feeding
712900227.jpg,Monarch,0,0.03022631,Feeding
712881733.jpg,Monarch,0,0.051781826,Non_feeding
712874329.jpg,Monarch,0,0.0037893292,Non_feeding
712880699.jpg,Monarch,0,0.029791594,Non_feeding
712879516.jpg,Monarch,1,0.87570983,Non_feeding
712874763.jpg,Monarch,0,0.0004596291,Non_feeding
712872682.jpg,Monarch,1,0.9999999,Non_feeding
712871603.jpg,Monarch,1,0.9999695,Non_feeding
712868959.jpg,Monarch,1,0.99967283,Non_feeding
712851444.jpg,Monarch,0,0.00036081116,Non_feeding
712849099.jpg,Monarch,1,0.9998821,Non_feeding
712841223.jpg,Monarch,1,0.9884835,Feeding
712810629.jpg,Monarch,1,0.999997,Non_feeding
712808492.jpg,Monarch,1,1.0,Non_feeding
712807930.jpg,Monarch,0,3.6562365e-06,Feeding
712799490.jpg,Monarch,1,0.99999106,Non_feeding
712799393.jpg,Monarch,1,0.19130753,Non_feeding
712792681.jpg,Monarch,1,0.99990666,Non_feeding
712771325.jpg,Monarch,1,0.92388225,Non_feeding
712735479.jpg,Monarch,1,0.9994068,Non_feeding
712733516.jpg,Monarch,1,0.99994695,Non_feeding
712719835.jpg,Monarch,1,0.9923934,Non_feeding
712708957.jpg,Monarch,1,0.32773492,Feeding
712710520.jpg,Monarch,0,0.0005751117,Non_feeding
712705222.jpg,Monarch,0,0.0006285923,Feeding
712702917.jpg,Monarch,1,0.99999046,Feeding
712662260.jpg,Monarch,1,0.98888004,Feeding
712596032.jpg,Monarch,0,0.0001913501,Non_feeding
712574173.jpg,Monarch,1,0.5851134,Non_feeding
712518805.jpg,Monarch,1,0.13953756,Feeding
712517561.jpg,Monarch,1,0.9858066,Non_feeding
712513683.jpg,Monarch,1,1.0,Non_feeding
712449267.jpg,Monarch,1,0.97851115,Non_feeding
712447658.jpg,Monarch,1,0.99999166,Non_feeding
712447361.jpg,Monarch,1,0.9999925,Non_feeding
712447107.jpg,Monarch,1,0.9972644,Non_feeding
712446920.jpg,Monarch,1,0.5072872,Non_feeding
712441575.jpg,Monarch,0,1.5253462e-06,Non_feeding
712425948.jpg,Monarch,0,0.013704499,Feeding
712413792.jpg,Monarch,1,0.99845505,Non_feeding
712383496.jpg,Monarch,1,0.99999094,Non_feeding
712381347.jpg,Monarch,1,0.99997747,Non_feeding
712370570.jpg,Monarch,0,0.027078614,Non_feeding
712365425.jpg,Monarch,1,0.99992156,Non_feeding
712337601.jpg,Monarch,1,0.99940634,Non_feeding
712329701.jpg,Monarch,1,0.5773944,Feeding
712319686.jpg,Monarch,1,0.99989426,Feeding
712317092.jpg,Monarch,1,0.99601525,Non_feeding
712307923.jpg,Monarch,0,1.0026191e-06,Non_feeding
712295019.jpg,Monarch,0,0.000102803475,Feeding
712294876.jpg,Monarch,0,0.021678494,Feeding
712288824.jpg,Monarch,1,0.99645174,Feeding
712279405.jpg,Monarch,1,0.52043456,Non_feeding
712274970.jpg,Monarch,1,0.88014215,Feeding
712272494.jpg,Monarch,0,0.04543003,Feeding
712271509.jpg,Monarch,1,0.828854,Feeding
712264863.jpg,Monarch,1,0.51327425,Feeding
712257640.jpg,Monarch,1,0.9996751,Non_feeding
712253604.jpg,Monarch,0,0.00023355434,Feeding
712253189.jpg,Monarch,0,0.0013381947,Feeding
712242952.jpg,Monarch,1,0.9380114,Non_feeding
712230392.jpg,Monarch,1,0.20026724,Feeding
712197611.jpg,Monarch,0,0.0293259,Feeding
712180494.jpg,Monarch,0,0.016317321,Feeding
712178639.jpg,Monarch,1,0.9999987,Non_feeding
712171099.jpg,Monarch,1,0.997614,Non_feeding
712166791.jpg,Monarch,1,0.9998492,Non_feeding
712155589.jpg,Monarch,0,0.001211036,Feeding
712158243.jpg,Monarch,1,0.5480425,Non_feeding
712140876.jpg,Monarch,1,0.9593025,Non_feeding
712139852.jpg,Monarch,1,0.98733217,Non_feeding
712125646.jpg,Monarch,0,0.050499104,Feeding
712102102.jpg,Monarch,1,0.80815893,Non_feeding
712059417.jpg,Monarch,0,0.037407205,Feeding
712057238.jpg,Monarch,1,0.9912852,Non_feeding
712046888.jpg,Monarch,1,1.0,Non_feeding
712025498.jpg,Monarch,1,0.9968869,Non_feeding
712021392.jpg,Monarch,1,0.9999782,Non_feeding
711990592.jpg,Monarch,1,1.0,Non_feeding
711980566.jpg,Monarch,1,0.99996376,Feeding
711973561.jpg,Monarch,0,0.008629843,Feeding
711946543.jpg,Monarch,1,0.9994269,Feeding
711889710.jpg,Monarch,1,0.64319974,Non_feeding
711889457.jpg,Monarch,0,3.3295826e-05,Feeding
711857166.jpg,Monarch,0,0.00042830966,Feeding
711839816.jpg,Monarch,1,0.9999999,Non_feeding
711834240.jpg,Monarch,1,0.99999595,Feeding
711820428.jpg,Monarch,1,0.9737195,Feeding
711814384.jpg,Monarch,1,0.14579786,Feeding
711808713.jpg,Monarch,1,0.99992704,Non_feeding
711804687.jpg,Monarch,1,0.9999304,Feeding
711803683.jpg,Monarch,0,0.0007581157,Non_feeding
711794396.jpg,Monarch,0,0.001281784,Non_feeding
711793812.jpg,Monarch,0,0.007852485,Feeding
711793582.jpg,Monarch,0,0.0076779337,Feeding
711793567.jpg,Monarch,1,0.11063242,Feeding
711793449.jpg,Monarch,0,0.0086628515,Non_feeding
711786431.jpg,Monarch,1,0.9992964,Non_feeding
711785503.jpg,Monarch,1,0.98350614,Non_feeding
711785157.jpg,Monarch,1,0.999876,Non_feeding
711784871.jpg,Monarch,1,0.9922657,Non_feeding
711781104.jpg,Monarch,0,0.092862226,Non_feeding
711784680.jpg,Monarch,1,0.9999999,Non_feeding
711784392.jpg,Monarch,1,0.99991524,Non_feeding
711784062.jpg,Monarch,1,0.99999976,Non_feeding
711779809.jpg,Monarch,1,0.17987607,Feeding
711779756.jpg,Monarch,1,0.82408327,Non_feeding
711779292.jpg,Monarch,1,0.58778375,Non_feeding
711779102.jpg,Monarch,1,0.9999976,Non_feeding
711778665.jpg,Monarch,1,0.999936,Non_feeding
711778564.jpg,Monarch,1,0.99999607,Non_feeding
711777030.jpg,Monarch,1,0.99729615,Non_feeding
711776791.jpg,Monarch,1,0.9999815,Non_feeding
711775936.jpg,Monarch,0,0.0010045025,Feeding
711775240.jpg,Monarch,1,0.3232768,Feeding
711773945.jpg,Monarch,0,0.00035438855,Feeding
711772806.jpg,Monarch,0,0.04230361,Feeding
711772893.jpg,Monarch,0,0.080798574,Feeding
711772263.jpg,Monarch,0,0.048560478,Non_feeding
711757903.jpg,Monarch,1,0.60501623,Non_feeding
711751651.jpg,Monarch,1,0.8345551,Non_feeding
711741895.jpg,Monarch,0,0.030787349,Feeding
711742010.jpg,Monarch,0,0.0027807239,Non_feeding
711742195.jpg,Monarch,1,0.9947342,Feeding
711740657.jpg,Monarch,1,0.9989262,Feeding
711734435.jpg,Monarch,1,0.96373713,Non_feeding
711730254.jpg,Monarch,1,0.9503783,Non_feeding
711690304.jpg,Monarch,1,0.9939194,Feeding
711677621.jpg,Monarch,0,0.038645662,Non_feeding
711684824.jpg,Monarch,0,0.015019078,Non_feeding
711659587.jpg,Monarch,1,0.22936098,Feeding
711659642.jpg,Monarch,1,0.9159845,Non_feeding
711651186.jpg,Monarch,1,0.99860555,Feeding
711649826.jpg,Monarch,1,1.0,Non_feeding
711647585.jpg,Monarch,0,0.0062844744,Non_feeding
711646387.jpg,Monarch,1,0.10799814,Feeding
711637115.jpg,Monarch,0,0.0024427383,Non_feeding
711629305.jpg,Monarch,1,0.998454,Non_feeding
711603128.jpg,Monarch,0,0.0077513363,Feeding
711604085.jpg,Monarch,0,0.03376911,Non_feeding
711601936.jpg,Monarch,1,0.9181249,Non_feeding
711590960.jpg,Monarch,1,0.1636338,Feeding
711579448.jpg,Monarch,1,0.67118233,Non_feeding
711573446.jpg,Monarch,1,0.9995142,Non_feeding
711554992.jpg,Monarch,0,0.0015232967,Non_feeding
711551943.jpg,Monarch,0,0.08450596,Non_feeding
711541710.jpg,Monarch,0,0.0064393044,Feeding
711529966.jpg,Monarch,1,0.9999927,Non_feeding
711528960.jpg,Monarch,1,0.97708035,Non_feeding
711522380.jpg,Monarch,1,0.16853252,Non_feeding
711518288.jpg,Monarch,1,0.9999573,Feeding
711517579.jpg,Monarch,1,1.0,Non_feeding
711515018.jpg,Monarch,0,0.012211536,Non_feeding
711501127.jpg,Monarch,1,1.0,Non_feeding
711499432.jpg,Monarch,1,0.98478484,Non_feeding
711488860.jpg,Monarch,0,0.058876917,Non_feeding
711465639.jpg,Monarch,1,0.96431756,Feeding
711446280.jpg,Monarch,1,0.999794,Non_feeding
711436693.jpg,Monarch,1,0.99999964,Non_feeding
711426281.jpg,Monarch,1,0.8978016,Non_feeding
711418480.jpg,Monarch,1,0.9076848,Non_feeding
711417984.jpg,Monarch,1,0.719555,Non_feeding
711402438.jpg,Monarch,1,0.92199504,Non_feeding
711325672.jpg,Monarch,1,0.99992263,Non_feeding
711322664.jpg,Monarch,1,0.97264546,Non_feeding
711309853.jpg,Monarch,1,0.5558492,Feeding
711300004.jpg,Monarch,1,0.9997982,Feeding
711292621.jpg,Monarch,1,0.9960269,Non_feeding
711292565.jpg,Monarch,1,0.99919635,Feeding
711292530.jpg,Monarch,1,0.77766955,Feeding
711285038.jpg,Monarch,1,0.8700527,Feeding
711281347.jpg,Monarch,1,0.8262263,Non_feeding
711281143.jpg,Monarch,1,0.81278616,Non_feeding
711276579.jpg,Monarch,1,0.99999344,Non_feeding
711268677.jpg,Monarch,0,0.014417154,Non_feeding
711264511.jpg,Monarch,1,0.7010915,Feeding
711263813.jpg,Monarch,1,0.9981553,Feeding
711253851.jpg,Monarch,1,0.22673014,Feeding
711253615.jpg,Monarch,0,1.8664564e-07,Non_feeding
711244926.jpg,Monarch,1,0.8325818,Feeding
711232600.jpg,Monarch,0,0.024115358,Non_feeding
711235642.jpg,Monarch,0,0.0136432005,Non_feeding
711232119.jpg,Monarch,1,0.99989974,Non_feeding
711231696.jpg,Monarch,1,0.9999995,Feeding
711221612.jpg,Monarch,1,0.99197066,Non_feeding
711206431.jpg,Monarch,0,0.004238569,Feeding
711206114.jpg,Monarch,0,0.00060650567,Feeding
711206032.jpg,Monarch,0,0.00010729123,Feeding
711206012.jpg,Monarch,0,3.9088918e-05,Non_feeding
711206000.jpg,Monarch,1,0.16440009,Non_feeding
711196824.jpg,Monarch,0,0.03176823,Non_feeding
711197885.jpg,Monarch,1,0.999974,Feeding
711197736.jpg,Monarch,0,0.0020581246,Non_feeding
711194963.jpg,Monarch,1,0.99995935,Feeding
711179540.jpg,Monarch,0,0.003009289,Non_feeding
711188340.jpg,Monarch,1,0.4582232,Feeding
711184769.jpg,Monarch,1,1.0,Non_feeding
711184644.jpg,Monarch,1,0.8219127,Feeding
711183176.jpg,Monarch,1,0.9593441,Feeding
711182309.jpg,Monarch,0,0.00059872813,Non_feeding
711178771.jpg,Monarch,1,0.29987937,Feeding
711178180.jpg,Monarch,1,0.91146404,Feeding
711175604.jpg,Monarch,0,9.216488e-06,Non_feeding
711156401.jpg,Monarch,1,0.94295543,Feeding
711151290.jpg,Monarch,1,0.9999051,Non_feeding
711149179.jpg,Monarch,1,0.9999894,Non_feeding
711134747.jpg,Monarch,0,0.0017131559,Non_feeding
711129064.jpg,Monarch,1,1.0,Non_feeding
711126946.jpg,Monarch,1,0.9995922,Feeding
711108706.jpg,Monarch,0,0.0001520552,Non_feeding
711108217.jpg,Monarch,0,0.0038262352,Non_feeding
711104042.jpg,Monarch,0,0.00036877152,Non_feeding
711102712.jpg,Monarch,1,0.9999999,Non_feeding
711088643.jpg,Monarch,1,0.23153973,Feeding
711054961.jpg,Monarch,1,0.11058694,Non_feeding
711051904.jpg,Monarch,1,0.7892262,Non_feeding
711026326.jpg,Monarch,1,0.24712448,Feeding
711018250.jpg,Monarch,0,0.00024102726,Non_feeding
710937941.jpg,Monarch,0,0.062897675,Non_feeding
710958821.jpg,Monarch,1,0.9974152,Non_feeding
711006508.jpg,Monarch,1,0.9925742,Non_feeding
711004368.jpg,Monarch,0,7.40992e-05,Non_feeding
710991619.jpg,Monarch,1,0.99877924,Non_feeding
710990324.jpg,Monarch,1,0.99344903,Feeding
710949375.jpg,Monarch,0,0.0977736,Feeding
710929391.jpg,Monarch,1,0.28763223,Non_feeding
710918265.jpg,Monarch,1,0.999483,Non_feeding
710915552.jpg,Monarch,1,0.90414804,Feeding
710914897.jpg,Monarch,1,0.9990258,Non_feeding
710898137.jpg,Monarch,1,0.23604561,Non_feeding
710888457.jpg,Monarch,1,0.64750016,Non_feeding
710887433.jpg,Monarch,0,0.043588623,Non_feeding
710885522.jpg,Monarch,0,0.004063465,Feeding
710876301.jpg,Monarch,0,2.8836099e-05,Feeding
710875345.jpg,Monarch,0,0.028158959,Feeding
710874353.jpg,Monarch,0,0.0022260055,Feeding
710870238.jpg,Monarch,1,0.985357,Non_feeding
710868246.jpg,Monarch,1,0.9967379,Non_feeding
710857557.jpg,Monarch,1,0.9733576,Non_feeding
710853538.jpg,Monarch,1,0.99932605,Non_feeding
710852387.jpg,Monarch,1,0.8641901,Non_feeding
710852004.jpg,Monarch,0,0.0026206283,Feeding
710844427.jpg,Monarch,0,0.066047505,Feeding
710843942.jpg,Monarch,1,0.997865,Non_feeding
710842867.jpg,Monarch,1,0.994916,Feeding
710837637.jpg,Monarch,0,9.041847e-09,Non_feeding
710836335.jpg,Monarch,0,5.626258e-06,Feeding
710780640.jpg,Monarch,1,1.0,Non_feeding
710769826.jpg,Monarch,1,0.99999666,Non_feeding
710766918.jpg,Monarch,1,0.12345816,Non_feeding
710766898.jpg,Monarch,1,0.9910467,Non_feeding
710760168.jpg,Monarch,1,0.973849,Non_feeding
710760076.jpg,Monarch,0,2.1238047e-05,Non_feeding
710726316.jpg,Monarch,0,0.002307146,Non_feeding
710730890.jpg,Monarch,1,1.0,Non_feeding
710717129.jpg,Monarch,1,0.99999917,Non_feeding
710693440.jpg,Monarch,1,0.93283695,Feeding
710710939.jpg,Monarch,1,0.99835145,Non_feeding
710700542.jpg,Monarch,1,0.99996805,Non_feeding
710428302.jpg,Monarch,1,1.0,Non_feeding
710645738.jpg,Monarch,1,0.9991387,Non_feeding
710679914.jpg,Monarch,0,0.0014153221,Feeding
710688356.jpg,Monarch,1,0.9767684,Non_feeding
710674697.jpg,Monarch,0,0.0007473575,Non_feeding
710685423.jpg,Monarch,1,0.9993296,Feeding
710683809.jpg,Monarch,0,0.00026853863,Non_feeding
710680465.jpg,Monarch,1,0.35783282,Non_feeding
710677161.jpg,Monarch,0,0.0147510925,Feeding
710672924.jpg,Monarch,0,0.0014582229,Non_feeding
710659002.jpg,Monarch,1,0.9994175,Feeding
710647973.jpg,Monarch,1,0.8472625,Feeding
710655478.jpg,Monarch,1,0.60001224,Non_feeding
710635531.jpg,Monarch,1,0.99303496,Feeding
710633698.jpg,Monarch,0,0.0030879008,Feeding
710624441.jpg,Monarch,1,1.0,Non_feeding
710623448.jpg,Monarch,0,0.09402622,Feeding
710621524.jpg,Monarch,0,0.014227882,Non_feeding
710621053.jpg,Monarch,0,0.059733618,Feeding
710620348.jpg,Monarch,0,0.083823785,Non_feeding
710619168.jpg,Monarch,1,0.9999994,Non_feeding
710618009.jpg,Monarch,0,0.00045471496,Feeding
710616846.jpg,Monarch,1,0.44075733,Feeding
710610166.jpg,Monarch,1,1.0,Non_feeding
710605844.jpg,Monarch,1,0.9999937,Feeding
710082636.jpg,Monarch,0,0.020737888,Feeding
710082315.jpg,Monarch,1,0.45503947,Feeding
710602354.jpg,Monarch,0,0.0038344264,Non_feeding
710590426.jpg,Monarch,1,0.9998083,Non_feeding
710586773.jpg,Monarch,1,0.8652428,Feeding
710571274.jpg,Monarch,0,0.008107672,Non_feeding
710581185.jpg,Monarch,1,0.94923574,Feeding
710575537.jpg,Monarch,1,0.9886043,Non_feeding
710575393.jpg,Monarch,1,0.8088725,Feeding
710571614.jpg,Monarch,1,1.0,Non_feeding
710542211.jpg,Monarch,0,0.050842855,Non_feeding
710570710.jpg,Monarch,1,0.98552436,Feeding
710566085.jpg,Monarch,1,0.18203904,Non_feeding
710560942.jpg,Monarch,1,0.54269874,Non_feeding
710631953.jpg,Monarch,1,0.10208143,Non_feeding
710568397.jpg,Monarch,1,0.13637094,Non_feeding
710568138.jpg,Monarch,1,0.4091216,Feeding
710554958.jpg,Monarch,1,1.0,Non_feeding
710538152.jpg,Monarch,1,0.9988587,Non_feeding
710541002.jpg,Monarch,0,0.0022009015,Feeding
710531461.jpg,Monarch,1,0.98592,Non_feeding
710530419.jpg,Monarch,1,0.830088,Non_feeding
710522631.jpg,Monarch,0,0.030932657,Non_feeding
710520388.jpg,Monarch,1,0.99973255,Non_feeding
710514154.jpg,Monarch,1,0.23261638,Non_feeding
710514343.jpg,Monarch,1,0.7724386,Feeding
710507533.jpg,Monarch,1,0.9977691,Feeding
710507416.jpg,Monarch,1,0.9999881,Feeding
710484246.jpg,Monarch,1,0.34988555,Feeding
710503050.jpg,Monarch,1,0.99992776,Non_feeding
710501340.jpg,Monarch,1,0.9998735,Feeding
710495999.jpg,Monarch,1,0.95204335,Non_feeding
710485569.jpg,Monarch,0,0.0062847002,Feeding
710484602.jpg,Monarch,0,0.0021855263,Feeding
710477766.jpg,Monarch,1,0.75730443,Non_feeding
710473329.jpg,Monarch,1,0.9991922,Non_feeding
710464807.jpg,Monarch,1,0.94330364,Non_feeding
710464552.jpg,Monarch,1,0.9851813,Non_feeding
710460224.jpg,Monarch,1,0.68793213,Non_feeding
710459280.jpg,Monarch,0,1.4119682e-05,Feeding
710450648.jpg,Monarch,1,0.7016725,Feeding
710428517.jpg,Monarch,1,1.0,Non_feeding
710425069.jpg,Monarch,0,0.00049602747,Non_feeding
710422012.jpg,Monarch,0,0.051272593,Non_feeding
710421706.jpg,Monarch,1,0.99624926,Non_feeding
710421386.jpg,Monarch,1,0.213413,Non_feeding
710418351.jpg,Monarch,1,0.77894235,Non_feeding
710406110.jpg,Monarch,1,0.9184368,Feeding
710402533.jpg,Monarch,1,0.9989636,Non_feeding
710395352.jpg,Monarch,1,0.2319078,Feeding
710513999.jpg,Monarch,0,0.07383969,Non_feeding
710392974.jpg,Monarch,1,0.9955961,Feeding
710391794.jpg,Monarch,1,0.99031025,Feeding
710378683.jpg,Monarch,0,0.0013954147,Feeding
710379541.jpg,Monarch,1,0.8768719,Feeding
710374056.jpg,Monarch,1,0.99938977,Non_feeding
710369836.jpg,Monarch,1,0.12859064,Feeding
710362405.jpg,Monarch,0,0.012853337,Feeding
710357197.jpg,Monarch,1,0.99992526,Non_feeding
710361861.jpg,Monarch,1,0.9999083,Non_feeding
710355363.jpg,Monarch,0,0.024592394,Feeding
710356146.jpg,Monarch,1,1.0,Non_feeding
710353896.jpg,Monarch,1,1.0,Non_feeding
710352556.jpg,Monarch,1,0.94011366,Non_feeding
710351439.jpg,Monarch,1,1.0,Non_feeding
710351399.jpg,Monarch,1,1.0,Non_feeding
710351355.jpg,Monarch,1,0.99994946,Feeding
710350779.jpg,Monarch,1,0.99976724,Feeding
710348209.jpg,Monarch,1,0.99961865,Non_feeding
710343166.jpg,Monarch,1,0.9972978,Non_feeding
710343157.jpg,Monarch,1,1.0,Non_feeding
710343129.jpg,Monarch,1,0.99842274,Non_feeding
710343122.jpg,Monarch,1,1.0,Non_feeding
710343099.jpg,Monarch,1,1.0,Non_feeding
710343081.jpg,Monarch,1,0.99999845,Non_feeding
710343080.jpg,Monarch,1,0.99997306,Non_feeding
710343037.jpg,Monarch,1,0.9994017,Non_feeding
710343049.jpg,Monarch,1,0.99999785,Non_feeding
710343038.jpg,Monarch,1,0.9999343,Non_feeding
710343002.jpg,Monarch,1,1.0,Non_feeding
710342999.jpg,Monarch,1,1.0,Non_feeding
710343001.jpg,Monarch,1,1.0,Non_feeding
710342916.jpg,Monarch,1,1.0,Non_feeding
710342918.jpg,Monarch,1,0.9998386,Non_feeding
710342913.jpg,Monarch,1,1.0,Non_feeding
710323659.jpg,Monarch,1,0.99968606,Non_feeding
710320333.jpg,Monarch,1,0.47379813,Non_feeding
710305622.jpg,Monarch,0,0.0018579802,Feeding
710296557.jpg,Monarch,1,0.19413985,Non_feeding
710293737.jpg,Monarch,1,0.99999964,Non_feeding
710292036.jpg,Monarch,1,0.99965894,Non_feeding
710290672.jpg,Monarch,1,0.9997808,Feeding
710282293.jpg,Monarch,1,0.9999906,Non_feeding
710280222.jpg,Monarch,1,0.99965906,Feeding
710273138.jpg,Monarch,1,0.99999976,Non_feeding
710271381.jpg,Monarch,0,0.08760103,Non_feeding
710253710.jpg,Monarch,1,0.22101834,Feeding
710250153.jpg,Monarch,1,0.99999976,Non_feeding
710248931.jpg,Monarch,0,0.00044384928,Non_feeding
710242425.jpg,Monarch,1,0.97796005,Feeding
710237650.jpg,Monarch,1,0.99008477,Non_feeding
710208669.jpg,Monarch,1,0.9602104,Feeding
710205725.jpg,Monarch,0,0.043479975,Feeding
710024107.jpg,Monarch,0,0.0018451957,Non_feeding
710183255.jpg,Monarch,1,0.8689463,Feeding
710173999.jpg,Monarch,1,0.9999471,Non_feeding
710135302.jpg,Monarch,1,0.9999634,Non_feeding
710119609.jpg,Monarch,1,0.999464,Feeding
710104219.jpg,Monarch,0,0.0049985787,Non_feeding
710104053.jpg,Monarch,1,0.16474691,Non_feeding
710101507.jpg,Monarch,0,0.015674004,Non_feeding
710100437.jpg,Monarch,0,0.077724084,Non_feeding
710098080.jpg,Monarch,0,0.00094227574,Feeding
710097554.jpg,Monarch,1,0.10378477,Feeding
710099277.jpg,Monarch,1,0.9980179,Non_feeding
710097470.jpg,Monarch,1,0.87671304,Non_feeding
710096984.jpg,Monarch,0,0.032826062,Feeding
710094621.jpg,Monarch,0,3.5525713e-06,Feeding
710093521.jpg,Monarch,0,3.412728e-05,Feeding
710092484.jpg,Monarch,0,0.004654887,Feeding
710091129.jpg,Monarch,1,0.9850812,Feeding
710090784.jpg,Monarch,1,1.0,Non_feeding
710089542.jpg,Monarch,1,0.97412056,Non_feeding
710080527.jpg,Monarch,1,1.0,Non_feeding
710082058.jpg,Monarch,1,0.2648371,Non_feeding
710080468.jpg,Monarch,0,0.057553437,Feeding
710078550.jpg,Monarch,1,1.0,Non_feeding
710072843.jpg,Monarch,1,0.99970835,Non_feeding
710072745.jpg,Monarch,1,0.99863297,Non_feeding
710072176.jpg,Monarch,0,0.06292416,Feeding
710071993.jpg,Monarch,1,0.9701679,Non_feeding
710071100.jpg,Monarch,1,0.999933,Feeding
710062413.jpg,Monarch,1,0.9999976,Non_feeding
710060761.jpg,Monarch,1,0.99999917,Non_feeding
710060078.jpg,Monarch,1,1.0,Non_feeding
710045799.jpg,Monarch,1,0.96743864,Non_feeding
710045779.jpg,Monarch,0,0.06704741,Feeding
710045780.jpg,Monarch,0,0.0004145482,Feeding
710045778.jpg,Monarch,0,0.008894167,Feeding
710051319.jpg,Monarch,1,0.12197859,Feeding
710042464.jpg,Monarch,1,0.8571875,Non_feeding
710050158.jpg,Monarch,1,0.998857,Non_feeding
710047808.jpg,Monarch,1,0.12120109,Feeding
710043882.jpg,Monarch,1,0.9989465,Feeding
710042210.jpg,Monarch,1,1.0,Non_feeding
710040708.jpg,Monarch,1,0.9950016,Feeding
710036400.jpg,Monarch,0,0.017469589,Non_feeding
710033826.jpg,Monarch,1,0.1341992,Feeding
710024131.jpg,Monarch,0,8.226636e-05,Feeding
710026275.jpg,Monarch,1,0.9997771,Non_feeding
710012046.jpg,Monarch,0,0.0025023227,Non_feeding
710020541.jpg,Monarch,1,0.9998909,Non_feeding
710020420.jpg,Monarch,1,0.99994385,Non_feeding
710019109.jpg,Monarch,1,1.0,Non_feeding
710015800.jpg,Monarch,1,1.0,Non_feeding
710015629.jpg,Monarch,1,0.68273956,Non_feeding
710014563.jpg,Monarch,0,0.033121854,Non_feeding
710011332.jpg,Monarch,1,0.99998343,Feeding
710010040.jpg,Monarch,1,1.0,Feeding
710007441.jpg,Monarch,1,0.9998863,Non_feeding
710005936.jpg,Monarch,1,0.99989283,Feeding
709999726.jpg,Monarch,0,0.00050906045,Non_feeding
709996188.jpg,Monarch,1,0.9307734,Non_feeding
709995678.jpg,Monarch,1,1.0,Non_feeding
709995022.jpg,Monarch,1,0.9792629,Feeding
709989543.jpg,Monarch,0,0.022483746,Non_feeding
709994992.jpg,Monarch,1,0.9376206,Non_feeding
709992366.jpg,Monarch,0,0.017312365,Feeding
709989349.jpg,Monarch,1,0.9927457,Feeding
709987902.jpg,Monarch,0,2.3319799e-05,Non_feeding
709986057.jpg,Monarch,1,0.99991775,Non_feeding
709985282.jpg,Monarch,0,0.0089306375,Feeding
709981283.jpg,Monarch,1,0.9831797,Non_feeding
709978382.jpg,Monarch,0,4.5113885e-07,Non_feeding
709975959.jpg,Monarch,1,0.9999944,Non_feeding
709970081.jpg,Monarch,1,0.8061138,Non_feeding
709969901.jpg,Monarch,1,0.9843238,Non_feeding
709968906.jpg,Monarch,1,0.6685001,Feeding
709959332.jpg,Monarch,0,1.031354e-07,Feeding
709962301.jpg,Monarch,1,0.988408,Non_feeding
709959159.jpg,Monarch,1,0.8895081,Non_feeding
709953785.jpg,Monarch,0,0.016112836,Non_feeding
709953741.jpg,Monarch,1,0.9999844,Non_feeding
709941962.jpg,Monarch,1,0.9998765,Non_feeding
709941920.jpg,Monarch,1,1.0,Non_feeding
709933658.jpg,Monarch,0,0.008055961,Feeding
709933228.jpg,Monarch,1,0.99819,Feeding
709932143.jpg,Monarch,1,0.93252593,Non_feeding
709929316.jpg,Monarch,1,0.83313364,Non_feeding
709925823.jpg,Monarch,1,0.8523393,Non_feeding
709909553.jpg,Monarch,1,0.98275447,Non_feeding
709908606.jpg,Monarch,0,0.001033426,Non_feeding
709905232.jpg,Monarch,0,0.0030338923,Feeding
709904637.jpg,Monarch,1,1.0,Non_feeding
709904177.jpg,Monarch,1,0.9789757,Non_feeding
709900909.jpg,Monarch,1,0.99992955,Non_feeding
709900180.jpg,Monarch,1,0.9999881,Non_feeding
709899354.jpg,Monarch,1,0.9999852,Non_feeding
709893739.jpg,Monarch,0,0.0023791578,Feeding
709894384.jpg,Monarch,1,0.99999905,Non_feeding
709893806.jpg,Monarch,1,0.89003116,Non_feeding
709893785.jpg,Monarch,1,0.99992025,Non_feeding
709893118.jpg,Monarch,1,0.99934167,Non_feeding
709892220.jpg,Monarch,1,0.9919199,Non_feeding
709885277.jpg,Monarch,1,0.93064374,Non_feeding
709885273.jpg,Monarch,1,0.95572776,Non_feeding
709885242.jpg,Monarch,1,0.99998343,Non_feeding
709885240.jpg,Monarch,1,0.98703194,Non_feeding
709885238.jpg,Monarch,1,0.40334627,Non_feeding
709888776.jpg,Monarch,1,0.9982529,Non_feeding
709887425.jpg,Monarch,0,2.036101e-05,Non_feeding
709885858.jpg,Monarch,0,0.00048447738,Feeding
709883228.jpg,Monarch,1,0.9999753,Non_feeding
709882517.jpg,Monarch,1,0.99859625,Feeding
709837777.jpg,Monarch,0,0.026053432,Feeding
709834728.jpg,Monarch,0,0.0046086838,Non_feeding
709830617.jpg,Monarch,0,0.004767508,Feeding
709830153.jpg,Monarch,1,0.9999989,Non_feeding
709823018.jpg,Monarch,1,0.9995016,Feeding
709821408.jpg,Monarch,0,0.011620315,Feeding
709815038.jpg,Monarch,0,0.0603722,Non_feeding
709813849.jpg,Monarch,1,0.14420152,Feeding
709815497.jpg,Monarch,0,0.00026047984,Non_feeding
709811684.jpg,Monarch,1,0.99995875,Non_feeding
709801981.jpg,Monarch,0,0.01156677,Feeding
709802902.jpg,Monarch,1,0.8068837,Feeding
709801570.jpg,Monarch,1,0.4581957,Feeding
709786118.jpg,Monarch,1,0.9999181,Feeding
709796876.jpg,Monarch,1,1.0,Non_feeding
709796767.jpg,Monarch,1,0.9999895,Non_feeding
709796699.jpg,Monarch,1,0.9706053,Non_feeding
709796348.jpg,Monarch,1,0.9826421,Feeding
709771982.jpg,Monarch,0,0.0005796236,Non_feeding
709771951.jpg,Monarch,0,7.667138e-05,Feeding
709771855.jpg,Monarch,0,0.04009719,Non_feeding
709776426.jpg,Monarch,0,0.0005480262,Feeding
709768169.jpg,Monarch,0,0.00048688802,Feeding
709767893.jpg,Monarch,0,0.023354664,Non_feeding
709765468.jpg,Monarch,0,0.070411935,Non_feeding
709765413.jpg,Monarch,0,8.599892e-09,Feeding
709758375.jpg,Monarch,1,0.14804198,Non_feeding
709758356.jpg,Monarch,1,0.13328956,Non_feeding
709758244.jpg,Monarch,0,0.0032124065,Feeding
709762760.jpg,Monarch,1,0.98078984,Non_feeding
709758488.jpg,Monarch,0,3.0389487e-05,Feeding
709747051.jpg,Monarch,0,5.7584825e-06,Feeding
709747061.jpg,Monarch,1,0.64229834,Feeding
709738833.jpg,Monarch,1,0.9931623,Non_feeding
709717620.jpg,Monarch,1,0.97155815,Non_feeding
709716694.jpg,Monarch,0,6.7585795e-05,Non_feeding
709713604.jpg,Monarch,1,0.9999862,Non_feeding
709737731.jpg,Monarch,1,0.9259536,Feeding
709733491.jpg,Monarch,1,0.9989064,Non_feeding
709727996.jpg,Monarch,1,0.99985397,Feeding
709726151.jpg,Monarch,0,0.010620853,Non_feeding
709706003.jpg,Monarch,1,0.9938957,Feeding
709681572.jpg,Monarch,1,0.99999785,Non_feeding
709679436.jpg,Monarch,1,0.99999833,Non_feeding
709678232.jpg,Monarch,1,0.99995565,Feeding
709677841.jpg,Monarch,1,0.23207174,Non_feeding
709673991.jpg,Monarch,1,0.9999999,Non_feeding
709667042.jpg,Monarch,1,0.669828,Non_feeding
709664699.jpg,Monarch,1,0.9999862,Non_feeding
709658444.jpg,Monarch,1,0.70369387,Feeding
709656275.jpg,Monarch,1,0.99931157,Non_feeding
709654547.jpg,Monarch,1,1.0,Non_feeding
709651327.jpg,Monarch,1,0.17867392,Feeding
709649446.jpg,Monarch,1,0.9988549,Non_feeding
709647976.jpg,Monarch,1,0.999853,Non_feeding
709646075.jpg,Monarch,0,0.0005435129,Non_feeding
709636119.jpg,Monarch,1,0.989421,Feeding
709623817.jpg,Monarch,1,0.9852168,Non_feeding
709623143.jpg,Monarch,1,0.9999999,Non_feeding
709611115.jpg,Monarch,1,0.38115868,Non_feeding
709608247.jpg,Monarch,1,0.99337757,Non_feeding
709596834.jpg,Monarch,1,0.6978444,Feeding
709596794.jpg,Monarch,1,0.72608995,Feeding
709597936.jpg,Monarch,0,0.0028414463,Non_feeding
709596515.jpg,Monarch,1,0.99671483,Feeding
709567242.jpg,Monarch,1,0.99991465,Non_feeding
709563750.jpg,Monarch,0,0.025122227,Non_feeding
709559531.jpg,Monarch,1,0.9999136,Non_feeding
709549441.jpg,Monarch,1,0.8682675,Non_feeding
709503102.jpg,Monarch,1,0.9999118,Non_feeding
709502215.jpg,Monarch,1,0.9645384,Non_feeding
709483743.jpg,Monarch,1,0.9995361,Non_feeding
709470088.jpg,Monarch,1,0.9982704,Non_feeding
709444345.jpg,Monarch,0,0.031120436,Non_feeding
709433510.jpg,Monarch,1,0.16962053,Non_feeding
709425057.jpg,Monarch,0,0.014286117,Non_feeding
709424995.jpg,Monarch,1,0.99868625,Feeding
709424329.jpg,Monarch,1,0.9993555,Non_feeding
709424186.jpg,Monarch,1,0.9999931,Feeding
709422569.jpg,Monarch,1,0.992201,Feeding
709415830.jpg,Monarch,0,0.00031823307,Feeding
709417707.jpg,Monarch,1,0.9496295,Feeding
709416744.jpg,Monarch,1,0.66542023,Non_feeding
709401221.jpg,Monarch,1,1.0,Feeding
709399645.jpg,Monarch,1,0.95318335,Non_feeding
709399394.jpg,Monarch,1,0.93322164,Non_feeding
709395050.jpg,Monarch,1,0.87256956,Non_feeding
709394789.jpg,Monarch,1,0.94775265,Non_feeding
709384443.jpg,Monarch,0,0.00048464414,Feeding
710115359.jpg,Monarch,0,0.0028852455,Feeding
709376507.jpg,Monarch,1,0.92473197,Non_feeding
709367323.jpg,Monarch,1,0.9049973,Non_feeding
709358364.jpg,Monarch,1,0.99999917,Non_feeding
709356373.jpg,Monarch,1,0.9999988,Non_feeding
709356345.jpg,Monarch,1,0.9996763,Feeding
709352349.jpg,Monarch,1,0.9729576,Feeding
709355354.jpg,Monarch,1,0.9999999,Non_feeding
709354483.jpg,Monarch,1,1.0,Non_feeding
709353697.jpg,Monarch,1,1.0,Non_feeding
709349370.jpg,Monarch,0,0.004156848,Feeding
709346179.jpg,Monarch,1,0.9990772,Non_feeding
709339708.jpg,Monarch,1,0.9823528,Feeding
709340776.jpg,Monarch,1,0.9901373,Feeding
709338258.jpg,Monarch,0,0.00019889371,Feeding
709337204.jpg,Monarch,1,0.103180625,Feeding
709334781.jpg,Monarch,0,0.00023180353,Feeding
709331844.jpg,Monarch,0,0.030594826,Feeding
709314925.jpg,Monarch,0,0.00087279454,Feeding
709306980.jpg,Monarch,1,0.87133574,Non_feeding
709299639.jpg,Monarch,1,0.18117513,Non_feeding
709295306.jpg,Monarch,0,0.029967794,Non_feeding
709293999.jpg,Monarch,1,0.90789527,Feeding
709280159.jpg,Monarch,1,0.8351748,Non_feeding
709276871.jpg,Monarch,0,0.00075126416,Feeding
709277880.jpg,Monarch,1,0.93272054,Non_feeding
709270415.jpg,Monarch,1,0.41787332,Feeding
709263968.jpg,Monarch,1,0.90601873,Feeding
709261889.jpg,Monarch,0,0.0005430215,Non_feeding
709250880.jpg,Monarch,0,0.0035743348,Non_feeding
709246802.jpg,Monarch,1,0.98731846,Non_feeding
709243437.jpg,Monarch,1,0.996842,Non_feeding
709241609.jpg,Monarch,1,0.99892634,Non_feeding
709237344.jpg,Monarch,0,0.0001315358,Feeding
709227849.jpg,Monarch,1,0.83427024,Non_feeding
709225831.jpg,Monarch,1,0.7967719,Feeding
709225747.jpg,Monarch,1,0.39546713,Non_feeding
709221305.jpg,Monarch,0,0.029464075,Non_feeding
709220809.jpg,Monarch,0,0.053236444,Feeding
709207100.jpg,Monarch,1,0.9984882,Non_feeding
709205730.jpg,Monarch,0,0.01253597,Feeding
709196583.jpg,Monarch,1,0.3687471,Feeding
709196657.jpg,Monarch,1,0.98528475,Non_feeding
709192398.jpg,Monarch,1,0.65272534,Non_feeding
709176446.jpg,Monarch,0,0.009808594,Feeding
709168996.jpg,Monarch,1,0.9999933,Non_feeding
709166936.jpg,Monarch,0,0.03151615,Feeding
709166600.jpg,Monarch,1,0.4334031,Feeding
709166535.jpg,Monarch,1,0.99974126,Non_feeding
709160817.jpg,Monarch,1,0.99992573,Feeding
709156882.jpg,Monarch,1,0.83239436,Feeding
709155980.jpg,Monarch,0,0.024759853,Feeding
709155036.jpg,Monarch,0,0.0002074916,Non_feeding
709145427.jpg,Monarch,1,0.8368305,Feeding
709141094.jpg,Monarch,1,0.99621964,Non_feeding
709138636.jpg,Monarch,1,0.7088536,Non_feeding
709178024.jpg,Monarch,1,0.99564266,Non_feeding
709132399.jpg,Monarch,0,0.00011523824,Non_feeding
709132063.jpg,Monarch,0,0.036238663,Feeding
709131724.jpg,Monarch,1,0.13929507,Non_feeding
709130478.jpg,Monarch,0,0.048605975,Non_feeding
709130297.jpg,Monarch,1,0.99943465,Non_feeding
709118844.jpg,Monarch,1,1.0,Non_feeding
709119680.jpg,Monarch,1,1.0,Feeding
709115319.jpg,Monarch,1,0.9957884,Non_feeding
709111737.jpg,Monarch,1,0.9976095,Non_feeding
709107097.jpg,Monarch,1,0.9954932,Non_feeding
709110303.jpg,Monarch,1,1.0,Non_feeding
709104088.jpg,Monarch,1,1.0,Non_feeding
709104090.jpg,Monarch,1,1.0,Non_feeding
709107279.jpg,Monarch,1,1.0,Non_feeding
709098431.jpg,Monarch,1,0.9995312,Non_feeding
709098428.jpg,Monarch,1,0.99998975,Non_feeding
709098399.jpg,Monarch,1,0.99998105,Non_feeding
709098395.jpg,Monarch,1,0.6321379,Non_feeding
709098389.jpg,Monarch,1,0.9923011,Non_feeding
709098367.jpg,Monarch,1,0.99775875,Non_feeding
709098366.jpg,Monarch,1,0.81949437,Non_feeding
709098356.jpg,Monarch,1,0.9942167,Non_feeding
709098324.jpg,Monarch,1,0.74168724,Non_feeding
709098321.jpg,Monarch,1,0.99999833,Non_feeding
709098314.jpg,Monarch,1,0.7472829,Non_feeding
709104516.jpg,Monarch,1,1.0,Feeding
709103316.jpg,Monarch,1,0.9993204,Non_feeding
709102747.jpg,Monarch,0,0.002180356,Feeding
709101137.jpg,Monarch,0,0.00011927592,Feeding
709098128.jpg,Monarch,1,0.9990013,Feeding
709096964.jpg,Monarch,1,0.9999839,Non_feeding
709096638.jpg,Monarch,1,0.46232307,Non_feeding
709089300.jpg,Monarch,0,0.008663371,Non_feeding
709089044.jpg,Monarch,1,0.20882611,Feeding
709088863.jpg,Monarch,1,0.8831206,Non_feeding
712227307.jpg,Monarch,0,0.028133187,Non_feeding
709087161.jpg,Monarch,0,0.02352038,Non_feeding
709081817.jpg,Monarch,1,0.98534817,Non_feeding
709081917.jpg,Monarch,1,0.9985378,Feeding
709078485.jpg,Monarch,1,0.94701624,Non_feeding
709063060.jpg,Monarch,1,0.9999999,Non_feeding
709074420.jpg,Monarch,1,0.94119453,Feeding
709073520.jpg,Monarch,1,0.9999999,Non_feeding
709071392.jpg,Monarch,1,0.9858541,Feeding
709069446.jpg,Monarch,1,0.99999845,Feeding
709070035.jpg,Monarch,1,1.0,Non_feeding
709069800.jpg,Monarch,1,0.83389014,Non_feeding
709068564.jpg,Monarch,0,4.7358542e-05,Feeding
709058770.jpg,Monarch,1,0.29494038,Feeding
709056371.jpg,Monarch,1,0.99759287,Feeding
709055227.jpg,Monarch,1,0.99964607,Non_feeding
709051071.jpg,Monarch,1,0.9999987,Non_feeding
709046928.jpg,Monarch,0,0.0012365557,Feeding
709048551.jpg,Monarch,1,0.99997663,Non_feeding
709046085.jpg,Monarch,0,0.0089495685,Non_feeding
709045272.jpg,Monarch,0,0.000718487,Non_feeding
709036840.jpg,Monarch,0,0.008906222,Feeding
709028864.jpg,Monarch,1,0.9999999,Non_feeding
709024232.jpg,Monarch,1,0.63645667,Non_feeding
709023891.jpg,Monarch,1,0.999995,Non_feeding
709022514.jpg,Monarch,1,0.9411209,Non_feeding
709026593.jpg,Monarch,0,0.027631456,Feeding
709970816.jpg,Monarch,0,0.00051834894,Non_feeding
709021630.jpg,Monarch,0,0.05874925,Non_feeding
709020967.jpg,Monarch,1,0.9997687,Feeding
709020110.jpg,Monarch,0,0.006464577,Feeding
709016809.jpg,Monarch,1,1.0,Non_feeding
709001328.jpg,Monarch,1,0.34005812,Non_feeding
709000653.jpg,Monarch,0,0.0024314076,Feeding
709005520.jpg,Monarch,1,0.9999995,Non_feeding
709004459.jpg,Monarch,1,0.9949354,Non_feeding
709004400.jpg,Monarch,1,0.4404958,Feeding
708989360.jpg,Monarch,1,0.99184823,Non_feeding
708978876.jpg,Monarch,1,0.77625984,Feeding
708976096.jpg,Monarch,1,0.9997742,Non_feeding
708971908.jpg,Monarch,1,0.99766964,Feeding
708971364.jpg,Monarch,1,0.99999964,Non_feeding
708960654.jpg,Monarch,1,0.9984555,Non_feeding
708960305.jpg,Monarch,1,0.9945597,Non_feeding
708957099.jpg,Monarch,1,0.9930409,Feeding
708957088.jpg,Monarch,1,0.99644214,Non_feeding
708956638.jpg,Monarch,1,0.999995,Non_feeding
708948361.jpg,Monarch,0,0.031985104,Feeding
708949774.jpg,Monarch,1,0.9999832,Non_feeding
708949277.jpg,Monarch,1,0.9807715,Non_feeding
708945962.jpg,Monarch,1,0.99616796,Non_feeding
708945227.jpg,Monarch,1,0.9988507,Feeding
708942024.jpg,Monarch,1,0.99386317,Non_feeding
708940305.jpg,Monarch,1,0.97126305,Non_feeding
708940200.jpg,Monarch,0,0.03058275,Non_feeding
708937160.jpg,Monarch,1,0.9991486,Feeding
708936960.jpg,Monarch,1,0.99999905,Non_feeding
708936504.jpg,Monarch,1,0.99998295,Feeding
708923636.jpg,Monarch,0,0.021294,Non_feeding
708935042.jpg,Monarch,1,0.8538824,Feeding
708933219.jpg,Monarch,0,0.029579574,Feeding
708930306.jpg,Monarch,0,0.02715248,Non_feeding
708929250.jpg,Monarch,1,0.9999943,Non_feeding
708928402.jpg,Monarch,0,0.0997157,Non_feeding
708922661.jpg,Monarch,1,1.0,Non_feeding
708922053.jpg,Monarch,1,0.9999831,Feeding
708914615.jpg,Monarch,0,0.00020574789,Non_feeding
708914299.jpg,Monarch,1,0.9999999,Non_feeding
708913348.jpg,Monarch,1,0.9998809,Non_feeding
708911705.jpg,Monarch,0,0.0025645837,Feeding
708911874.jpg,Monarch,1,0.9973705,Non_feeding
708898346.jpg,Monarch,1,0.99097055,Feeding
708895577.jpg,Monarch,1,0.7456233,Non_feeding
708894689.jpg,Monarch,1,0.1419782,Feeding
708893014.jpg,Monarch,1,0.9999721,Non_feeding
708879734.jpg,Monarch,1,0.13729843,Non_feeding
708879729.jpg,Monarch,0,0.08040271,Feeding
708879592.jpg,Monarch,0,0.021993749,Non_feeding
708879583.jpg,Monarch,1,0.34917563,Non_feeding
708879571.jpg,Monarch,1,0.8155882,Feeding
708879533.jpg,Monarch,1,0.81484914,Non_feeding
708879522.jpg,Monarch,1,0.6991916,Non_feeding
708880717.jpg,Monarch,0,0.08477465,Feeding
708877097.jpg,Monarch,0,0.04692937,Feeding
708876320.jpg,Monarch,1,0.99953884,Feeding
708876283.jpg,Monarch,1,0.99953276,Non_feeding
708859862.jpg,Monarch,1,0.6319818,Feeding
708851495.jpg,Monarch,1,0.9999937,Feeding
708851468.jpg,Monarch,1,0.5938055,Non_feeding
708851451.jpg,Monarch,1,0.9995891,Non_feeding
708851452.jpg,Monarch,1,0.9986211,Non_feeding
708851427.jpg,Monarch,1,0.99677724,Feeding
708851419.jpg,Monarch,1,1.0,Non_feeding
708851417.jpg,Monarch,1,1.0,Non_feeding
708851413.jpg,Monarch,1,0.99999726,Non_feeding
708819457.jpg,Monarch,1,0.20324495,Non_feeding
708818336.jpg,Monarch,1,0.9951731,Non_feeding
708818320.jpg,Monarch,1,0.9938297,Non_feeding
708811460.jpg,Monarch,1,0.99596643,Feeding
708801928.jpg,Monarch,1,0.9422208,Feeding
708801260.jpg,Monarch,1,0.9999883,Feeding
708799331.jpg,Monarch,1,0.99945897,Non_feeding
708798364.jpg,Monarch,1,0.13725626,Feeding
708794638.jpg,Monarch,0,0.0016266946,Non_feeding
708790255.jpg,Monarch,1,0.90219665,Non_feeding
708790231.jpg,Monarch,1,0.33897254,Non_feeding
708790215.jpg,Monarch,1,0.9721281,Non_feeding
708790108.jpg,Monarch,1,0.16194552,Non_feeding
708790059.jpg,Monarch,1,0.98348665,Non_feeding
708793803.jpg,Monarch,0,0.004281801,Feeding
708790501.jpg,Monarch,1,0.9999995,Feeding
708787557.jpg,Monarch,0,0.0006614317,Feeding
708787226.jpg,Monarch,1,0.761449,Feeding
708784629.jpg,Monarch,0,0.07711554,Non_feeding
708780309.jpg,Monarch,1,0.99466133,Feeding
708779122.jpg,Monarch,1,0.97985405,Non_feeding
708773247.jpg,Monarch,1,0.9980952,Non_feeding
708772240.jpg,Monarch,1,1.0,Feeding
708764246.jpg,Monarch,0,3.1125805e-07,Non_feeding
708769391.jpg,Monarch,1,0.9793801,Non_feeding
708768355.jpg,Monarch,1,0.9670425,Feeding
708765927.jpg,Monarch,1,0.450032,Feeding
708764658.jpg,Monarch,1,0.21167432,Feeding
708760384.jpg,Monarch,1,0.99562186,Non_feeding
708760134.jpg,Monarch,1,0.99294645,Non_feeding
708759463.jpg,Monarch,1,0.9707827,Feeding
708763652.jpg,Monarch,1,0.9960977,Non_feeding
708763381.jpg,Monarch,1,0.9891406,Feeding
708759366.jpg,Monarch,0,0.005939309,Feeding
708759675.jpg,Monarch,0,0.009104921,Feeding
708754662.jpg,Monarch,0,0.0047243563,Feeding
708757791.jpg,Monarch,1,0.98094064,Non_feeding
708757020.jpg,Monarch,1,0.99991393,Non_feeding
708750617.jpg,Monarch,0,0.07989223,Non_feeding
708742429.jpg,Monarch,0,0.033396613,Non_feeding
708749687.jpg,Monarch,1,1.0,Non_feeding
708748980.jpg,Monarch,1,0.9996319,Feeding
708747429.jpg,Monarch,1,0.9999423,Non_feeding
708746843.jpg,Monarch,1,0.9915918,Non_feeding
708746149.jpg,Monarch,1,0.9574385,Non_feeding
708744489.jpg,Monarch,1,0.15571289,Non_feeding
708743600.jpg,Monarch,1,0.16034955,Non_feeding
708743555.jpg,Monarch,1,0.9999728,Non_feeding
708742585.jpg,Monarch,1,1.0,Non_feeding
708742286.jpg,Monarch,1,0.9999751,Non_feeding
708741524.jpg,Monarch,1,0.9999776,Feeding
708741751.jpg,Monarch,0,0.0047284164,Non_feeding
708741149.jpg,Monarch,1,0.99999976,Non_feeding
708739960.jpg,Monarch,0,0.038825955,Feeding
708740371.jpg,Monarch,1,1.0,Non_feeding
708740141.jpg,Monarch,1,1.0,Non_feeding
708739709.jpg,Monarch,1,1.0,Non_feeding
708716521.jpg,Monarch,0,0.0012146339,Feeding
708738348.jpg,Monarch,1,0.99996686,Feeding
708738408.jpg,Monarch,0,0.0010800409,Non_feeding
708738377.jpg,Monarch,0,0.01035388,Non_feeding
708738353.jpg,Monarch,0,0.003521584,Non_feeding
708738287.jpg,Monarch,0,0.008925025,Non_feeding
708738154.jpg,Monarch,0,0.0048017725,Non_feeding
708738060.jpg,Monarch,0,0.0017083576,Non_feeding
708737189.jpg,Monarch,1,0.31973967,Non_feeding
708737034.jpg,Monarch,1,0.99996305,Non_feeding
708736694.jpg,Monarch,1,1.0,Non_feeding
708736123.jpg,Monarch,1,0.33580163,Non_feeding
708736986.jpg,Monarch,1,1.0,Non_feeding
708734487.jpg,Monarch,1,0.29694352,Feeding
708733837.jpg,Monarch,1,0.99773633,Non_feeding
708742366.jpg,Monarch,1,1.0,Feeding
708731816.jpg,Monarch,0,0.018383147,Non_feeding
708731750.jpg,Monarch,1,0.9999964,Feeding
708731602.jpg,Monarch,1,0.9998324,Non_feeding
708729902.jpg,Monarch,1,1.0,Non_feeding
708728099.jpg,Monarch,1,0.99981415,Non_feeding
708725690.jpg,Monarch,1,0.9999974,Non_feeding
708725393.jpg,Monarch,1,0.9999846,Non_feeding
708723865.jpg,Monarch,1,0.48307356,Non_feeding
708721252.jpg,Monarch,0,0.01941298,Feeding
708721610.jpg,Monarch,1,0.9999999,Non_feeding
708720105.jpg,Monarch,1,0.88147986,Feeding
708719150.jpg,Monarch,1,0.8083632,Feeding
708719509.jpg,Monarch,1,0.17573595,Feeding
708719494.jpg,Monarch,0,0.054491825,Non_feeding
708716910.jpg,Monarch,0,0.004476394,Feeding
708719022.jpg,Monarch,0,0.0993445,Non_feeding
708708912.jpg,Monarch,1,0.9998909,Non_feeding
708716025.jpg,Monarch,1,0.13995293,Non_feeding
708717158.jpg,Monarch,0,6.973558e-05,Non_feeding
708716546.jpg,Monarch,0,0.0037645195,Non_feeding
708714789.jpg,Monarch,1,0.98750913,Non_feeding
708714439.jpg,Monarch,0,0.0023645735,Non_feeding
708714263.jpg,Monarch,1,0.92567,Non_feeding
708713347.jpg,Monarch,1,0.9969825,Feeding
709227016.jpg,Monarch,1,0.9999999,Non_feeding
708711275.jpg,Monarch,1,0.95935667,Feeding
708710777.jpg,Monarch,1,0.9999988,Non_feeding
708710512.jpg,Monarch,1,1.0,Non_feeding
708710196.jpg,Monarch,1,0.9999989,Non_feeding
708710193.jpg,Monarch,1,0.863389,Non_feeding
708709934.jpg,Monarch,1,1.0,Non_feeding
708706491.jpg,Monarch,1,0.99995697,Non_feeding
708709674.jpg,Monarch,1,1.0,Non_feeding
708709470.jpg,Monarch,1,0.13753729,Non_feeding
708709128.jpg,Monarch,1,0.9301262,Non_feeding
708708896.jpg,Monarch,1,0.998676,Non_feeding
708708499.jpg,Monarch,1,1.0,Non_feeding
708707011.jpg,Monarch,1,1.0,Non_feeding
708712766.jpg,Monarch,1,0.9874592,Non_feeding
708705814.jpg,Monarch,0,0.0005909506,Non_feeding
708705375.jpg,Monarch,0,0.026445245,Feeding
708705428.jpg,Monarch,1,0.9091363,Feeding
708705317.jpg,Monarch,1,0.7091922,Non_feeding
708704640.jpg,Monarch,1,0.9986199,Non_feeding
708702910.jpg,Monarch,1,1.0,Non_feeding
708702279.jpg,Monarch,1,0.8753295,Non_feeding
708699600.jpg,Monarch,1,0.99599856,Non_feeding
708699187.jpg,Monarch,0,8.869391e-05,Non_feeding
708698956.jpg,Monarch,1,0.98215705,Non_feeding
708696838.jpg,Monarch,1,0.9999982,Feeding
708696818.jpg,Monarch,1,0.57921165,Non_feeding
708692388.jpg,Monarch,1,0.98797905,Non_feeding
708693598.jpg,Monarch,1,1.0,Non_feeding
708693156.jpg,Monarch,1,0.9999993,Non_feeding
708691811.jpg,Monarch,1,0.9999534,Non_feeding
708691395.jpg,Monarch,1,0.8220117,Feeding
708692439.jpg,Monarch,0,0.0635015,Non_feeding
708690688.jpg,Monarch,1,0.9989475,Non_feeding
708692391.jpg,Monarch,0,0.007024546,Non_feeding
708689494.jpg,Monarch,0,0.06865824,Non_feeding
708689058.jpg,Monarch,0,0.023609707,Feeding
708687743.jpg,Monarch,1,0.9991692,Non_feeding
708686141.jpg,Monarch,1,0.9999994,Feeding
708684619.jpg,Monarch,0,3.5465528e-05,Feeding
708684945.jpg,Monarch,0,0.00076613406,Feeding
708684757.jpg,Monarch,1,0.99956757,Feeding
708684451.jpg,Monarch,1,0.99831706,Non_feeding
708684391.jpg,Monarch,0,0.08323188,Feeding
708684065.jpg,Monarch,1,0.9970355,Non_feeding
708683938.jpg,Monarch,1,0.9994373,Non_feeding
708683880.jpg,Monarch,0,0.02954426,Non_feeding
708683559.jpg,Monarch,1,0.99992144,Non_feeding
708683207.jpg,Monarch,1,1.0,Non_feeding
708682742.jpg,Monarch,1,0.99995065,Non_feeding
708682530.jpg,Monarch,1,0.6525516,Non_feeding
708682391.jpg,Monarch,1,0.9911169,Non_feeding
708682307.jpg,Monarch,1,0.9588175,Non_feeding
708682324.jpg,Monarch,1,0.6279406,Non_feeding
708675233.jpg,Monarch,0,0.008258391,Non_feeding
708674999.jpg,Monarch,0,0.09151429,Feeding
708674976.jpg,Monarch,0,0.0029898195,Feeding
708680158.jpg,Monarch,0,0.00021129323,Non_feeding
708674948.jpg,Monarch,0,0.014188016,Feeding
708674861.jpg,Monarch,0,0.037447467,Feeding
708680172.jpg,Monarch,1,0.30961204,Feeding
708674662.jpg,Monarch,1,0.3535748,Feeding
708674626.jpg,Monarch,1,0.8878766,Non_feeding
708674620.jpg,Monarch,0,0.0018993275,Feeding
708674628.jpg,Monarch,0,0.0017454654,Feeding
708674607.jpg,Monarch,1,0.44359192,Feeding
708674418.jpg,Monarch,1,0.25444317,Non_feeding
708679989.jpg,Monarch,0,0.028034708,Non_feeding
708679790.jpg,Monarch,1,0.9999994,Feeding
708679715.jpg,Monarch,1,1.0,Non_feeding
708679628.jpg,Monarch,1,0.99415636,Non_feeding
708679396.jpg,Monarch,0,3.009994e-05,Non_feeding
708679213.jpg,Monarch,1,1.0,Non_feeding
708678818.jpg,Monarch,1,0.9851224,Non_feeding
708678608.jpg,Monarch,1,0.9138879,Feeding
708678592.jpg,Monarch,1,0.9999995,Non_feeding
708678647.jpg,Monarch,1,0.99999833,Non_feeding
708678109.jpg,Monarch,1,0.99999964,Non_feeding
708678062.jpg,Monarch,1,1.0,Non_feeding
708678002.jpg,Monarch,1,0.29593337,Non_feeding
708677881.jpg,Monarch,0,0.0061875335,Non_feeding
708677767.jpg,Monarch,1,0.998212,Non_feeding
708675712.jpg,Monarch,1,0.9990244,Non_feeding
708675137.jpg,Monarch,1,0.99998605,Feeding
708675165.jpg,Monarch,1,0.99585575,Feeding
708673544.jpg,Monarch,0,0.030239208,Feeding
708673155.jpg,Monarch,1,0.87049276,Non_feeding
708672205.jpg,Monarch,1,0.9699869,Non_feeding
708671294.jpg,Monarch,0,0.040513955,Feeding
708670359.jpg,Monarch,1,1.0,Non_feeding
708668237.jpg,Monarch,1,0.9998188,Non_feeding
708667911.jpg,Monarch,1,1.0,Non_feeding
708667522.jpg,Monarch,1,0.99999726,Non_feeding
708667332.jpg,Monarch,1,0.99999964,Non_feeding
708666646.jpg,Monarch,1,0.31040406,Feeding
708666178.jpg,Monarch,0,0.0030068334,Non_feeding
708665202.jpg,Monarch,1,0.9971426,Non_feeding
708665210.jpg,Monarch,1,1.0,Non_feeding
708664989.jpg,Monarch,1,0.9999999,Non_feeding
708664872.jpg,Monarch,1,0.45217326,Non_feeding
708662275.jpg,Monarch,1,0.9147172,Feeding
708661251.jpg,Monarch,1,0.999998,Non_feeding
708659379.jpg,Monarch,1,0.99999976,Non_feeding
708659111.jpg,Monarch,1,0.999995,Feeding
708658101.jpg,Monarch,1,0.97919375,Non_feeding
708657845.jpg,Monarch,1,0.9997766,Non_feeding
708657544.jpg,Monarch,0,0.00019795568,Non_feeding
708657422.jpg,Monarch,1,0.14592561,Non_feeding
708653387.jpg,Monarch,0,0.000253944,Feeding
708656436.jpg,Monarch,1,0.8760602,Non_feeding
708655726.jpg,Monarch,1,1.0,Feeding
708655446.jpg,Monarch,1,0.9972819,Feeding
708655039.jpg,Monarch,1,0.84490746,Non_feeding
708652975.jpg,Monarch,0,0.022880755,Non_feeding
708684497.jpg,Monarch,0,0.030698977,Feeding
708652070.jpg,Monarch,0,0.0604945,Feeding
708652045.jpg,Monarch,1,0.6156233,Feeding
708650710.jpg,Monarch,1,0.3802688,Feeding
708649641.jpg,Monarch,1,0.23204868,Feeding
708640072.jpg,Monarch,1,0.9997657,Feeding
708647815.jpg,Monarch,1,0.78030246,Non_feeding
708647715.jpg,Monarch,0,0.00010824612,Non_feeding
708647831.jpg,Monarch,1,1.0,Non_feeding
708647672.jpg,Monarch,1,0.9991885,Non_feeding
708647601.jpg,Monarch,1,0.88300884,Non_feeding
708647511.jpg,Monarch,1,0.99925345,Non_feeding
708647585.jpg,Monarch,1,1.0,Non_feeding
708647366.jpg,Monarch,1,0.9981121,Non_feeding
708646209.jpg,Monarch,1,0.99999917,Non_feeding
708645218.jpg,Monarch,1,0.16094232,Feeding
708635377.jpg,Monarch,1,0.8805519,Feeding
708642137.jpg,Monarch,1,0.98698807,Non_feeding
708644103.jpg,Monarch,0,0.0072634793,Feeding
708642337.jpg,Monarch,1,0.15396634,Non_feeding
708640957.jpg,Monarch,0,0.07221333,Feeding
708640771.jpg,Monarch,0,0.0061511435,Feeding
708635757.jpg,Monarch,1,0.21443346,Non_feeding
708637760.jpg,Monarch,1,0.99999917,Non_feeding
708637624.jpg,Monarch,1,0.9902378,Non_feeding
708637640.jpg,Monarch,0,0.05426062,Feeding
708630810.jpg,Monarch,0,0.020227665,Non_feeding
708629848.jpg,Monarch,0,0.005916625,Feeding
708629800.jpg,Monarch,0,0.030535223,Feeding
708629716.jpg,Monarch,1,0.99976784,Feeding
708636095.jpg,Monarch,1,0.91832083,Non_feeding
708634668.jpg,Monarch,1,0.12143194,Feeding
708634622.jpg,Monarch,0,0.036211476,Feeding
710438007.jpg,Monarch,1,0.999961,Feeding
708634092.jpg,Monarch,1,0.9999833,Non_feeding
708633591.jpg,Monarch,1,0.9731707,Non_feeding
708633548.jpg,Monarch,1,0.99963284,Feeding
708633291.jpg,Monarch,1,0.9819064,Non_feeding
708632276.jpg,Monarch,1,0.11548675,Feeding
708630475.jpg,Monarch,0,0.0023530996,Non_feeding
708632243.jpg,Monarch,0,0.0024044388,Non_feeding
708630197.jpg,Monarch,1,0.99999976,Feeding
708627351.jpg,Monarch,1,0.20174567,Non_feeding
708629533.jpg,Monarch,1,1.0,Non_feeding
708628895.jpg,Monarch,0,0.019586338,Feeding
708629002.jpg,Monarch,1,0.9819999,Non_feeding
708628888.jpg,Monarch,1,0.99997866,Non_feeding
708628699.jpg,Monarch,1,0.9999126,Non_feeding
708628039.jpg,Monarch,0,0.0067739007,Feeding
708627127.jpg,Monarch,1,0.99824,Non_feeding
708626901.jpg,Monarch,1,0.17010266,Feeding
708626561.jpg,Monarch,0,0.05361902,Non_feeding
708626224.jpg,Monarch,0,0.0018117893,Feeding
708625769.jpg,Monarch,1,0.9985909,Non_feeding
708625340.jpg,Monarch,1,0.9999845,Non_feeding
708633392.jpg,Monarch,1,0.999992,Non_feeding
708624847.jpg,Monarch,1,0.11180419,Non_feeding
708623075.jpg,Monarch,1,0.8024798,Feeding
708621992.jpg,Monarch,1,0.9684475,Non_feeding
708620563.jpg,Monarch,0,0.0055992366,Feeding
708616493.jpg,Monarch,1,0.10669453,Feeding
708618531.jpg,Monarch,1,0.28533128,Feeding
708618326.jpg,Monarch,1,0.16445227,Feeding
708621786.jpg,Monarch,1,0.999985,Feeding
708617242.jpg,Monarch,1,0.99998796,Feeding
708616989.jpg,Monarch,1,0.9999999,Non_feeding
708616247.jpg,Monarch,0,0.00026297392,Non_feeding
708616342.jpg,Monarch,1,0.9939346,Feeding
708615433.jpg,Monarch,1,0.910963,Feeding
708615210.jpg,Monarch,1,0.91513145,Feeding
708614643.jpg,Monarch,1,0.997837,Feeding
708614144.jpg,Monarch,1,0.99979067,Non_feeding
708612979.jpg,Monarch,1,0.64899504,Feeding
708612344.jpg,Monarch,1,0.99860245,Feeding
708611690.jpg,Monarch,1,0.20004404,Feeding
708605826.jpg,Monarch,0,0.0011467509,Non_feeding
708605539.jpg,Monarch,1,0.90500695,Non_feeding
708610617.jpg,Monarch,1,0.9999875,Feeding
708610339.jpg,Monarch,1,0.97804475,Feeding
708605811.jpg,Monarch,0,0.0029263075,Feeding
708607510.jpg,Monarch,0,0.00062468875,Non_feeding
708606440.jpg,Monarch,1,0.37528354,Non_feeding
708602112.jpg,Monarch,0,0.062684596,Feeding
708597492.jpg,Monarch,0,0.0016286117,Feeding
708597464.jpg,Monarch,0,0.05509195,Feeding
708597455.jpg,Monarch,0,0.015927514,Feeding
708600958.jpg,Monarch,1,0.99999964,Non_feeding
708600661.jpg,Monarch,1,0.99999976,Non_feeding
708600065.jpg,Monarch,1,0.9107557,Non_feeding
708598541.jpg,Monarch,1,0.9999976,Non_feeding
708597612.jpg,Monarch,1,0.9999558,Non_feeding
708596299.jpg,Monarch,1,0.99999833,Non_feeding
708595919.jpg,Monarch,1,0.9322272,Non_feeding
708595109.jpg,Monarch,1,0.97822565,Non_feeding
708592566.jpg,Monarch,0,0.0005346072,Feeding
708592782.jpg,Monarch,1,0.99286336,Feeding
708590747.jpg,Monarch,0,0.00048549884,Non_feeding
708591067.jpg,Monarch,1,0.99985325,Feeding
708590784.jpg,Monarch,1,0.99948215,Feeding
708590135.jpg,Monarch,1,0.9999995,Non_feeding
708589758.jpg,Monarch,1,1.0,Non_feeding
708589617.jpg,Monarch,1,0.9999993,Non_feeding
708587201.jpg,Monarch,1,0.9999957,Feeding
708586760.jpg,Monarch,1,0.9998547,Feeding
708586366.jpg,Monarch,1,0.999998,Non_feeding
708584861.jpg,Monarch,0,0.0056698653,Feeding
708585016.jpg,Monarch,0,0.0047809593,Non_feeding
708584587.jpg,Monarch,1,0.99989986,Non_feeding
708584312.jpg,Monarch,1,0.99997485,Non_feeding
708583612.jpg,Monarch,1,0.65308994,Non_feeding
708583520.jpg,Monarch,1,0.9981205,Non_feeding
708583529.jpg,Monarch,1,0.45601782,Non_feeding
708583387.jpg,Monarch,1,0.9959662,Non_feeding
708581381.jpg,Monarch,1,0.9850946,Non_feeding
708581241.jpg,Monarch,0,0.0028998551,Non_feeding
708580897.jpg,Monarch,1,0.99989486,Non_feeding
708580214.jpg,Monarch,0,0.00080751284,Non_feeding
708580780.jpg,Monarch,1,0.99770725,Non_feeding
708580506.jpg,Monarch,1,0.99991953,Non_feeding
708580147.jpg,Monarch,1,0.9966864,Feeding
708580105.jpg,Monarch,1,0.9999988,Non_feeding
708578470.jpg,Monarch,1,1.0,Non_feeding
708579799.jpg,Monarch,1,1.0,Feeding
708579703.jpg,Monarch,0,0.0060364143,Non_feeding
708579589.jpg,Monarch,1,0.9853955,Feeding
708579483.jpg,Monarch,1,0.5585409,Feeding
708579396.jpg,Monarch,1,0.47698048,Feeding
708579215.jpg,Monarch,1,0.9984883,Feeding
708579224.jpg,Monarch,1,0.99988925,Non_feeding
708578965.jpg,Monarch,1,0.9999869,Non_feeding
708577232.jpg,Monarch,0,0.012260571,Non_feeding
708577696.jpg,Monarch,1,0.97496843,Non_feeding
708577141.jpg,Monarch,1,0.99999964,Non_feeding
708575743.jpg,Monarch,1,0.99622416,Feeding
708575684.jpg,Monarch,1,0.94247115,Non_feeding
708574657.jpg,Monarch,1,0.99972516,Feeding
708571010.jpg,Monarch,1,0.962595,Feeding
708573264.jpg,Monarch,1,0.7484238,Feeding
708572122.jpg,Monarch,0,5.5084754e-05,Feeding
708566381.jpg,Monarch,0,0.012947984,Non_feeding
708571160.jpg,Monarch,0,0.059622154,Non_feeding
708570333.jpg,Monarch,1,0.846416,Feeding
708568522.jpg,Monarch,1,0.29709125,Feeding
708566503.jpg,Monarch,1,0.9990896,Feeding
708564753.jpg,Monarch,1,0.23970427,Non_feeding
708563162.jpg,Monarch,1,0.3087282,Non_feeding
708563009.jpg,Monarch,0,0.052522365,Non_feeding
708562968.jpg,Monarch,1,0.9937987,Non_feeding
708562725.jpg,Monarch,1,0.99999976,Non_feeding
708560836.jpg,Monarch,1,0.99926347,Feeding
708560597.jpg,Monarch,1,0.99938846,Non_feeding
708559661.jpg,Monarch,1,0.9999906,Non_feeding
708559447.jpg,Monarch,1,0.79768366,Non_feeding
708558152.jpg,Monarch,1,1.0,Non_feeding
708556887.jpg,Monarch,1,0.999848,Non_feeding
708556642.jpg,Monarch,0,3.3638121e-09,Feeding
708556590.jpg,Monarch,1,0.99580765,Non_feeding
708555991.jpg,Monarch,1,1.0,Non_feeding
708554529.jpg,Monarch,1,0.9402874,Feeding
708553992.jpg,Monarch,0,9.131096e-05,Non_feeding
708553604.jpg,Monarch,0,0.0067009013,Feeding
708553529.jpg,Monarch,1,0.99034953,Feeding
708552809.jpg,Monarch,1,0.67891383,Feeding
708552106.jpg,Monarch,1,0.99604875,Feeding
709167640.jpg,Monarch,1,0.9999926,Feeding
708548522.jpg,Monarch,0,0.035511546,Feeding
708548367.jpg,Monarch,1,0.9283725,Feeding
708540154.jpg,Monarch,0,0.016454874,Feeding
708547320.jpg,Monarch,1,0.995109,Non_feeding
708580548.jpg,Monarch,1,0.99999905,Non_feeding
708545733.jpg,Monarch,1,0.99999976,Non_feeding
708544055.jpg,Monarch,1,0.17259493,Non_feeding
708544444.jpg,Monarch,1,0.31384274,Feeding
708543994.jpg,Monarch,1,0.9999846,Feeding
708543271.jpg,Monarch,1,0.99942964,Non_feeding
708542361.jpg,Monarch,1,1.0,Non_feeding
708537208.jpg,Monarch,1,1.0,Non_feeding
708534945.jpg,Monarch,0,0.0006441717,Feeding
708539360.jpg,Monarch,1,0.99998796,Non_feeding
708539302.jpg,Monarch,1,0.99999905,Non_feeding
708538565.jpg,Monarch,1,0.9807372,Feeding
708536448.jpg,Monarch,1,0.994953,Non_feeding
708533632.jpg,Monarch,1,1.0,Non_feeding
708533628.jpg,Monarch,1,0.58846825,Non_feeding
708533528.jpg,Monarch,1,1.0,Non_feeding
708533503.jpg,Monarch,1,0.9364131,Non_feeding
708533388.jpg,Monarch,1,1.0,Non_feeding
708533609.jpg,Monarch,0,0.027250368,Feeding
708533322.jpg,Monarch,1,0.16305496,Feeding
708532972.jpg,Monarch,1,0.99997795,Non_feeding
708532942.jpg,Monarch,1,0.99708647,Non_feeding
708532871.jpg,Monarch,1,0.124917485,Feeding
708534633.jpg,Monarch,0,0.024405934,Non_feeding
708534352.jpg,Monarch,1,0.98024964,Feeding
708534140.jpg,Monarch,1,0.9991441,Non_feeding
708533978.jpg,Monarch,1,1.0,Non_feeding
708533052.jpg,Monarch,1,0.993109,Non_feeding
708532812.jpg,Monarch,1,0.46269262,Non_feeding
708532229.jpg,Monarch,1,0.9999659,Non_feeding
708531296.jpg,Monarch,1,0.99917847,Non_feeding
708530846.jpg,Monarch,1,0.99922097,Non_feeding
708530658.jpg,Monarch,0,0.06825367,Feeding
708530442.jpg,Monarch,0,0.013722183,Feeding
708529669.jpg,Monarch,1,0.3965864,Non_feeding
708528170.jpg,Monarch,1,0.9999851,Non_feeding
708527985.jpg,Monarch,0,6.8960367e-06,Feeding
708527217.jpg,Monarch,1,0.11176456,Feeding
708527408.jpg,Monarch,1,0.9999727,Feeding
708527246.jpg,Monarch,1,0.9999025,Feeding
708526505.jpg,Monarch,1,0.94764495,Non_feeding
708523688.jpg,Monarch,1,0.83163464,Non_feeding
708521969.jpg,Monarch,0,0.0032020283,Feeding
708521114.jpg,Monarch,1,0.99990046,Non_feeding
708513054.jpg,Monarch,1,0.9993032,Non_feeding
708518440.jpg,Monarch,1,0.9999808,Feeding
708517827.jpg,Monarch,1,0.9999876,Non_feeding
708797858.jpg,Monarch,1,1.0,Non_feeding
708515161.jpg,Monarch,1,0.999215,Feeding
708507001.jpg,Monarch,0,0.0038932576,Non_feeding
708506938.jpg,Monarch,0,0.0035846753,Feeding
708509644.jpg,Monarch,1,0.9736674,Non_feeding
708509033.jpg,Monarch,0,0.09575701,Feeding
708508488.jpg,Monarch,1,0.9999784,Non_feeding
708503663.jpg,Monarch,1,0.83436424,Feeding
708508280.jpg,Monarch,1,0.9892881,Non_feeding
708507475.jpg,Monarch,0,0.0085974345,Feeding
708507454.jpg,Monarch,0,0.07183558,Feeding
708617765.jpg,Monarch,1,0.9988986,Non_feeding
708506624.jpg,Monarch,1,0.93492895,Non_feeding
708506100.jpg,Monarch,1,0.9998491,Feeding
708505717.jpg,Monarch,0,0.009034569,Feeding
708504008.jpg,Monarch,1,0.9294723,Non_feeding
708491838.jpg,Monarch,1,0.99999154,Feeding
708497596.jpg,Monarch,1,0.82988566,Feeding
708497487.jpg,Monarch,0,0.03984131,Feeding
708502472.jpg,Monarch,1,0.9999311,Feeding
708500321.jpg,Monarch,0,0.0017751151,Feeding
708499363.jpg,Monarch,0,0.04050074,Feeding
708498152.jpg,Monarch,1,1.0,Non_feeding
708497952.jpg,Monarch,0,0.028053215,Non_feeding
708497781.jpg,Monarch,1,0.107186705,Feeding
708497711.jpg,Monarch,1,0.9898842,Feeding
708495632.jpg,Monarch,1,0.7315749,Non_feeding
708495199.jpg,Monarch,1,0.53940856,Non_feeding
708495201.jpg,Monarch,1,0.11990383,Non_feeding
708494085.jpg,Monarch,1,1.0,Feeding
708493573.jpg,Monarch,0,0.00316498,Non_feeding
708492450.jpg,Monarch,1,0.99999785,Non_feeding
708492446.jpg,Monarch,1,1.0,Feeding
708489059.jpg,Monarch,1,0.7705825,Non_feeding
708488038.jpg,Monarch,1,0.9857296,Non_feeding
708487677.jpg,Monarch,1,0.9989882,Non_feeding
708487440.jpg,Monarch,1,0.68433094,Non_feeding
708487493.jpg,Monarch,1,0.11811457,Non_feeding
708487324.jpg,Monarch,1,0.9999937,Non_feeding
708486986.jpg,Monarch,1,1.0,Non_feeding
708485737.jpg,Monarch,1,0.97067374,Non_feeding
708484652.jpg,Monarch,1,0.41756278,Non_feeding
708484473.jpg,Monarch,0,0.012137573,Non_feeding
708484525.jpg,Monarch,1,0.9982028,Non_feeding
708483423.jpg,Monarch,1,0.92566127,Non_feeding
708483735.jpg,Monarch,1,0.9891465,Non_feeding
708483426.jpg,Monarch,1,0.98281974,Non_feeding
708481148.jpg,Monarch,1,0.9980724,Feeding
708480400.jpg,Monarch,1,1.0,Non_feeding
708477291.jpg,Monarch,1,0.9999918,Non_feeding
708477287.jpg,Monarch,1,0.99749786,Feeding
708476344.jpg,Monarch,1,0.5232355,Feeding
708475445.jpg,Monarch,1,0.94944555,Non_feeding
708473289.jpg,Monarch,1,0.9999325,Non_feeding
708473040.jpg,Monarch,0,0.028166633,Non_feeding
708492290.jpg,Monarch,1,0.9866558,Non_feeding
708470168.jpg,Monarch,1,0.9997111,Feeding
708468313.jpg,Monarch,1,1.0,Non_feeding
708468049.jpg,Monarch,1,0.99982524,Feeding
708467991.jpg,Monarch,1,0.80696756,Non_feeding
708468259.jpg,Monarch,1,0.99999464,Non_feeding
708474931.jpg,Monarch,1,0.9950749,Feeding
708467168.jpg,Monarch,1,1.0,Non_feeding
708466869.jpg,Monarch,0,0.054349743,Feeding
708456247.jpg,Monarch,1,0.14027117,Non_feeding
708465482.jpg,Monarch,1,0.28361595,Non_feeding
708463946.jpg,Monarch,1,0.99983346,Feeding
708463545.jpg,Monarch,1,0.9999443,Non_feeding
709044092.jpg,Monarch,1,0.9999999,Feeding
708462786.jpg,Monarch,0,0.0649589,Non_feeding
708462532.jpg,Monarch,0,0.053352203,Feeding
708462471.jpg,Monarch,1,0.99879324,Feeding
708461186.jpg,Monarch,0,0.0027754663,Feeding
708460929.jpg,Monarch,1,0.99980927,Non_feeding
708459965.jpg,Monarch,1,0.7732755,Feeding
708459532.jpg,Monarch,1,0.4247008,Feeding
708459036.jpg,Monarch,1,0.973712,Non_feeding
708458756.jpg,Monarch,1,0.9999794,Non_feeding
708458420.jpg,Monarch,0,0.0021237442,Non_feeding
708457532.jpg,Monarch,1,0.983197,Feeding
709105053.jpg,Monarch,1,1.0,Non_feeding
708455954.jpg,Monarch,1,0.11489518,Feeding
708455377.jpg,Monarch,1,0.5783848,Feeding
708454300.jpg,Monarch,1,1.0,Non_feeding
708454000.jpg,Monarch,1,0.99986804,Non_feeding
708452516.jpg,Monarch,1,0.8004079,Non_feeding
708451707.jpg,Monarch,0,0.00034865845,Feeding
708451091.jpg,Monarch,1,0.9999739,Non_feeding
708451015.jpg,Monarch,1,0.9999939,Non_feeding
708450945.jpg,Monarch,1,0.99999857,Non_feeding
708442802.jpg,Monarch,1,0.81341124,Feeding
708450790.jpg,Monarch,1,0.85898846,Non_feeding
708448744.jpg,Monarch,1,0.9988715,Non_feeding
708448603.jpg,Monarch,1,0.9999999,Non_feeding
708448390.jpg,Monarch,1,0.9999572,Non_feeding
708447782.jpg,Monarch,1,0.83347034,Feeding
708447329.jpg,Monarch,1,0.99886405,Non_feeding
708446606.jpg,Monarch,1,0.9997296,Non_feeding
708441513.jpg,Monarch,0,0.057154108,Feeding
708441411.jpg,Monarch,1,0.8837067,Feeding
708443345.jpg,Monarch,1,0.9015241,Feeding
708438932.jpg,Monarch,1,0.9007139,Non_feeding
708442814.jpg,Monarch,1,0.99997354,Feeding
708441821.jpg,Monarch,1,0.8909874,Non_feeding
708442090.jpg,Monarch,1,0.99461216,Non_feeding
708441222.jpg,Monarch,1,1.0,Feeding
708441166.jpg,Monarch,1,0.99997187,Non_feeding
708439340.jpg,Monarch,1,0.12688586,Non_feeding
708439984.jpg,Monarch,1,0.9729295,Feeding
708439877.jpg,Monarch,1,0.99995077,Non_feeding
708438940.jpg,Monarch,1,0.999964,Feeding
708439563.jpg,Monarch,1,0.9999964,Non_feeding
708439184.jpg,Monarch,0,0.006944305,Non_feeding
708438513.jpg,Monarch,1,0.99911386,Non_feeding
708436885.jpg,Monarch,1,0.1712319,Non_feeding
708436352.jpg,Monarch,1,0.9949862,Non_feeding
708435733.jpg,Monarch,1,0.78023505,Non_feeding
708389957.jpg,Monarch,0,0.010756422,Feeding
708434405.jpg,Monarch,1,0.99998736,Feeding
708434153.jpg,Monarch,0,0.0010400084,Feeding
708432591.jpg,Monarch,1,0.6759616,Non_feeding
708429910.jpg,Monarch,1,0.9993073,Feeding
708427889.jpg,Monarch,1,0.9952003,Feeding
708428856.jpg,Monarch,1,1.0,Non_feeding
708423730.jpg,Monarch,1,0.9994516,Non_feeding
708423443.jpg,Monarch,1,0.9999566,Non_feeding
708423340.jpg,Monarch,1,0.9997012,Non_feeding
708421742.jpg,Monarch,0,0.07659342,Non_feeding
708421630.jpg,Monarch,0,0.00042663098,Feeding
708421095.jpg,Monarch,1,0.9806402,Feeding
712715882.jpg,Monarch,0,0.082786664,Non_feeding
708419913.jpg,Monarch,1,1.0,Non_feeding
708419428.jpg,Monarch,1,0.20025505,Non_feeding
708416697.jpg,Monarch,1,0.6488586,Feeding
708390021.jpg,Monarch,1,0.75624895,Feeding
708415716.jpg,Monarch,1,1.0,Non_feeding
708415763.jpg,Monarch,1,1.0,Non_feeding
708416183.jpg,Monarch,0,0.079668134,Feeding
708415773.jpg,Monarch,1,1.0,Non_feeding
708415565.jpg,Monarch,1,1.0,Feeding
708415080.jpg,Monarch,0,0.033437677,Feeding
708589958.jpg,Monarch,1,1.0,Non_feeding
708414231.jpg,Monarch,1,0.956464,Non_feeding
708413987.jpg,Monarch,1,1.0,Non_feeding
708412144.jpg,Monarch,1,0.9726002,Feeding
708411500.jpg,Monarch,0,0.022771426,Feeding
708410023.jpg,Monarch,0,0.054148335,Feeding
708409867.jpg,Monarch,1,0.10223228,Feeding
708409561.jpg,Monarch,1,0.9999356,Non_feeding
708408542.jpg,Monarch,1,0.3316388,Non_feeding
708407758.jpg,Monarch,1,0.3066995,Feeding
708407132.jpg,Monarch,1,0.9901722,Non_feeding
708406411.jpg,Monarch,1,0.9929404,Feeding
708405718.jpg,Monarch,1,0.9999864,Non_feeding
708403849.jpg,Monarch,1,0.7764455,Non_feeding
708403975.jpg,Monarch,1,0.99998665,Non_feeding
708393337.jpg,Monarch,0,0.02860139,Non_feeding
708400969.jpg,Monarch,1,0.9998559,Feeding
708400982.jpg,Monarch,0,0.04468581,Non_feeding
708404922.jpg,Monarch,1,0.9995916,Feeding
708374032.jpg,Monarch,1,0.20190437,Feeding
708400643.jpg,Monarch,1,0.9859673,Feeding
708396312.jpg,Monarch,1,0.86055183,Feeding
708395348.jpg,Monarch,1,0.8831057,Non_feeding
708392321.jpg,Monarch,1,0.99999344,Non_feeding
708392024.jpg,Monarch,1,0.9839644,Feeding
708390050.jpg,Monarch,0,0.0054296874,Non_feeding
708393035.jpg,Monarch,1,0.9009194,Feeding
708386832.jpg,Monarch,1,0.7652864,Feeding
708384987.jpg,Monarch,1,1.0,Feeding
708383916.jpg,Monarch,1,0.99999547,Non_feeding
708383739.jpg,Monarch,1,0.9982722,Non_feeding
708383029.jpg,Monarch,1,0.995814,Non_feeding
708382723.jpg,Monarch,1,0.99999833,Feeding
708486236.jpg,Monarch,1,0.9966664,Non_feeding
708382224.jpg,Monarch,1,0.9999846,Feeding
708382215.jpg,Monarch,1,0.9999907,Non_feeding
708380752.jpg,Monarch,1,0.999998,Feeding
708380673.jpg,Monarch,1,0.52536166,Non_feeding
708380364.jpg,Monarch,0,7.392918e-05,Non_feeding
708380094.jpg,Monarch,1,0.9996789,Non_feeding
708380034.jpg,Monarch,0,0.0121913655,Non_feeding
708379946.jpg,Monarch,1,0.999984,Non_feeding
708379696.jpg,Monarch,1,0.9996339,Non_feeding
708379554.jpg,Monarch,1,0.9861341,Feeding
708379233.jpg,Monarch,1,0.999931,Non_feeding
708378964.jpg,Monarch,0,0.08141032,Non_feeding
708379026.jpg,Monarch,1,1.0,Feeding
708376064.jpg,Monarch,1,0.82241154,Feeding
708374033.jpg,Monarch,1,0.82241154,Feeding
708373684.jpg,Monarch,1,0.99998736,Non_feeding
708372928.jpg,Monarch,1,0.98953164,Non_feeding
708372592.jpg,Monarch,1,0.99983895,Non_feeding
708371790.jpg,Monarch,1,0.9372365,Non_feeding
708371499.jpg,Monarch,0,0.031219192,Non_feeding
708371543.jpg,Monarch,0,0.01755275,Non_feeding
708370093.jpg,Monarch,1,0.84201133,Non_feeding
708369474.jpg,Monarch,1,0.9860042,Non_feeding
708369075.jpg,Monarch,1,0.9999975,Feeding
708368130.jpg,Monarch,1,0.1125845,Feeding
708367350.jpg,Monarch,1,0.99991155,Non_feeding
708365384.jpg,Monarch,0,0.011351553,Non_feeding
708362847.jpg,Monarch,0,0.012842415,Non_feeding
708362551.jpg,Monarch,0,1.2362025e-05,Feeding
708363530.jpg,Monarch,1,0.999215,Non_feeding
708362516.jpg,Monarch,1,1.0,Non_feeding
708362458.jpg,Monarch,1,0.9999999,Non_feeding
708362175.jpg,Monarch,0,0.0016961398,Non_feeding
708359290.jpg,Monarch,1,0.9999627,Non_feeding
708359283.jpg,Monarch,1,1.0,Non_feeding
708359261.jpg,Monarch,1,1.0,Non_feeding
708359253.jpg,Monarch,1,0.99999833,Non_feeding
708359209.jpg,Monarch,0,0.0006114878,Non_feeding
708360112.jpg,Monarch,1,0.9972499,Non_feeding
708358469.jpg,Monarch,1,0.9487156,Non_feeding
708353113.jpg,Monarch,1,0.9999945,Feeding
708352659.jpg,Monarch,1,0.15260956,Non_feeding
708352487.jpg,Monarch,1,0.50163543,Non_feeding
708352226.jpg,Monarch,0,0.006175737,Non_feeding
708351236.jpg,Monarch,1,0.99996173,Non_feeding
708351098.jpg,Monarch,0,0.012001181,Non_feeding
708351036.jpg,Monarch,0,0.0006254549,Non_feeding
708350780.jpg,Monarch,1,0.12808654,Non_feeding
708347498.jpg,Monarch,1,0.2824845,Feeding
708347248.jpg,Monarch,1,0.99641216,Non_feeding
708346368.jpg,Monarch,1,0.42296377,Non_feeding
708346204.jpg,Monarch,1,0.34599805,Feeding
708345026.jpg,Monarch,1,0.9997422,Non_feeding
708342894.jpg,Monarch,1,0.95916945,Non_feeding
708341683.jpg,Monarch,0,0.051718887,Non_feeding
708340587.jpg,Monarch,0,0.09986123,Non_feeding
708339413.jpg,Monarch,1,0.64250004,Non_feeding
708335670.jpg,Monarch,1,0.9999999,Non_feeding
708335614.jpg,Monarch,1,0.9999999,Non_feeding
708335505.jpg,Monarch,1,0.3055987,Feeding
708335548.jpg,Monarch,1,0.9999949,Non_feeding
708334433.jpg,Monarch,0,7.0033843e-06,Non_feeding
708334375.jpg,Monarch,0,2.2545595e-05,Non_feeding
708331939.jpg,Monarch,1,0.6544965,Feeding
708330750.jpg,Monarch,1,0.99997246,Non_feeding
708329857.jpg,Monarch,0,0.00062487007,Non_feeding
708329498.jpg,Monarch,1,0.9966042,Non_feeding
708329394.jpg,Monarch,1,0.9981634,Non_feeding
708328249.jpg,Monarch,1,0.9977756,Non_feeding
710011028.jpg,Monarch,1,1.0,Non_feeding
708314056.jpg,Monarch,1,0.73491126,Non_feeding
708313805.jpg,Monarch,1,0.99999976,Non_feeding
708309348.jpg,Monarch,1,0.9995003,Non_feeding
708309047.jpg,Monarch,1,0.98327166,Non_feeding
708304194.jpg,Monarch,1,0.8109819,Feeding
708304179.jpg,Monarch,1,0.99999785,Non_feeding
708304187.jpg,Monarch,1,0.99995685,Feeding
708304140.jpg,Monarch,1,0.9999995,Non_feeding
708288693.jpg,Monarch,1,0.9144362,Feeding
708282684.jpg,Monarch,1,0.7643347,Non_feeding
708282193.jpg,Monarch,1,0.99999976,Feeding
708240536.jpg,Monarch,1,0.9999982,Feeding
708235800.jpg,Monarch,1,0.99998903,Non_feeding
708233820.jpg,Monarch,1,0.3436062,Feeding
708227188.jpg,Monarch,1,0.99999225,Non_feeding
708225655.jpg,Monarch,1,0.99801624,Non_feeding
708212382.jpg,Monarch,1,0.9958419,Non_feeding
708209256.jpg,Monarch,1,0.9998934,Non_feeding
708202746.jpg,Monarch,1,0.98783195,Feeding
708208249.jpg,Monarch,1,0.99353194,Non_feeding
708202971.jpg,Monarch,1,0.99980927,Non_feeding
708198144.jpg,Monarch,0,0.00053776416,Non_feeding
708201969.jpg,Monarch,1,1.0,Non_feeding
708201798.jpg,Monarch,1,0.37319133,Non_feeding
708199327.jpg,Monarch,1,1.0,Feeding
708198489.jpg,Monarch,1,0.99999964,Non_feeding
708197684.jpg,Monarch,1,0.99996626,Non_feeding
708197065.jpg,Monarch,1,1.0,Non_feeding
708196428.jpg,Monarch,0,0.07918197,Feeding
708193681.jpg,Monarch,1,0.8783251,Feeding
708180840.jpg,Monarch,0,0.0006476374,Non_feeding
708192263.jpg,Monarch,1,0.9998045,Non_feeding
708190852.jpg,Monarch,1,0.999964,Non_feeding
708189531.jpg,Monarch,1,0.9898142,Non_feeding
708189361.jpg,Monarch,1,1.0,Non_feeding
708189011.jpg,Monarch,1,0.99999964,Feeding
708183230.jpg,Monarch,0,0.000107912616,Non_feeding
708179377.jpg,Monarch,1,1.0,Non_feeding
708175768.jpg,Monarch,1,0.6127208,Non_feeding
708175619.jpg,Monarch,1,0.15835561,Non_feeding
708175009.jpg,Monarch,0,0.007943561,Non_feeding
708174295.jpg,Monarch,1,0.988628,Non_feeding
708173904.jpg,Monarch,0,8.893589e-07,Non_feeding
708173301.jpg,Monarch,0,0.0016046116,Feeding
708171945.jpg,Monarch,0,0.008242772,Feeding
708171226.jpg,Monarch,1,0.9985222,Non_feeding
708170234.jpg,Monarch,1,0.9998903,Feeding
708166183.jpg,Monarch,1,0.1842587,Feeding
708166122.jpg,Monarch,0,0.00016796491,Non_feeding
708165987.jpg,Monarch,0,0.0062059257,Feeding
708165911.jpg,Monarch,1,0.3012693,Non_feeding
708165235.jpg,Monarch,1,0.9433522,Non_feeding
708165488.jpg,Monarch,1,1.0,Non_feeding
708163358.jpg,Monarch,1,0.74391365,Feeding
708163302.jpg,Monarch,1,0.80168927,Feeding
708163270.jpg,Monarch,1,0.90468115,Feeding
708163174.jpg,Monarch,1,0.86123276,Feeding
708164385.jpg,Monarch,1,0.99999976,Non_feeding
708141254.jpg,Monarch,1,0.99994373,Non_feeding
708153466.jpg,Monarch,1,0.12605162,Non_feeding
708153341.jpg,Monarch,1,0.91082203,Non_feeding
708153331.jpg,Monarch,0,0.003523708,Non_feeding
708152930.jpg,Monarch,1,0.7197874,Non_feeding
708152765.jpg,Monarch,0,0.0003839594,Non_feeding
708154318.jpg,Monarch,1,0.9957022,Non_feeding
708153635.jpg,Monarch,1,0.99999976,Non_feeding
708151398.jpg,Monarch,0,0.015144777,Feeding
708151397.jpg,Monarch,0,0.0028541447,Non_feeding
708152427.jpg,Monarch,1,0.7530628,Non_feeding
708152081.jpg,Monarch,1,0.85714024,Non_feeding
708150442.jpg,Monarch,1,0.9943544,Non_feeding
708150038.jpg,Monarch,1,0.9965579,Feeding
708149371.jpg,Monarch,1,1.0,Non_feeding
708149308.jpg,Monarch,1,0.99986446,Feeding
708148771.jpg,Monarch,1,0.9975737,Feeding
708146887.jpg,Monarch,1,0.9991035,Non_feeding
708146608.jpg,Monarch,1,0.99906635,Non_feeding
708145812.jpg,Monarch,0,0.0030531047,Non_feeding
708143916.jpg,Monarch,1,0.9962237,Non_feeding
708143844.jpg,Monarch,0,0.0073857987,Non_feeding
708143839.jpg,Monarch,1,0.5193183,Feeding
708143766.jpg,Monarch,0,0.04754809,Non_feeding
708144430.jpg,Monarch,1,0.98114866,Non_feeding
708143846.jpg,Monarch,0,0.026788488,Non_feeding
708140469.jpg,Monarch,0,0.016464107,Non_feeding
708139826.jpg,Monarch,0,0.020470748,Feeding
708137206.jpg,Monarch,1,0.99718165,Feeding
708136619.jpg,Monarch,1,0.9998715,Feeding
708135891.jpg,Monarch,1,0.9998392,Feeding
708136730.jpg,Monarch,1,0.24285617,Feeding
708137497.jpg,Monarch,0,0.006047685,Feeding
708135737.jpg,Monarch,1,0.9998746,Feeding
708117082.jpg,Monarch,0,1.4125068e-05,Feeding
708130156.jpg,Monarch,1,0.9919584,Non_feeding
708133746.jpg,Monarch,1,0.9984993,Non_feeding
708133021.jpg,Monarch,0,0.011262239,Non_feeding
708132737.jpg,Monarch,1,0.9999981,Non_feeding
708133356.jpg,Monarch,0,0.030859644,Non_feeding
708132177.jpg,Monarch,1,1.0,Non_feeding
708131822.jpg,Monarch,1,0.9999925,Non_feeding
708129001.jpg,Monarch,0,0.030426499,Feeding
708130098.jpg,Monarch,1,0.96989477,Non_feeding
708129435.jpg,Monarch,0,0.07505342,Non_feeding
708129262.jpg,Monarch,1,0.99767154,Non_feeding
708128452.jpg,Monarch,1,0.99994004,Non_feeding
708126798.jpg,Monarch,1,0.9312081,Feeding
708126535.jpg,Monarch,1,1.0,Non_feeding
708125940.jpg,Monarch,1,0.25851625,Non_feeding
708125682.jpg,Monarch,0,0.00031224798,Non_feeding
708126176.jpg,Monarch,0,0.08194514,Non_feeding
708124891.jpg,Monarch,0,0.00078384695,Non_feeding
708124757.jpg,Monarch,1,0.99999547,Non_feeding
708124421.jpg,Monarch,1,0.809198,Non_feeding
708123807.jpg,Monarch,1,0.9999999,Non_feeding
708122181.jpg,Monarch,0,0.0014294371,Non_feeding
708555417.jpg,Monarch,0,0.005282291,Non_feeding
708120419.jpg,Monarch,1,0.12233382,Non_feeding
708121055.jpg,Monarch,1,0.9993567,Non_feeding
708120055.jpg,Monarch,1,0.99994934,Feeding
708118174.jpg,Monarch,1,0.99786997,Feeding
708117847.jpg,Monarch,1,0.9398981,Non_feeding
708115536.jpg,Monarch,0,0.01569757,Non_feeding
708115515.jpg,Monarch,0,0.0067438423,Feeding
708113723.jpg,Monarch,0,0.00040252897,Non_feeding
708113145.jpg,Monarch,1,0.99999714,Non_feeding
708112028.jpg,Monarch,0,0.00010534716,Non_feeding
708112018.jpg,Monarch,1,0.99999356,Non_feeding
708111739.jpg,Monarch,1,0.41967112,Non_feeding
708110992.jpg,Monarch,1,0.9999639,Non_feeding
708110652.jpg,Monarch,1,0.9653751,Feeding
708110231.jpg,Monarch,1,0.7482298,Non_feeding
708110012.jpg,Monarch,1,0.99840844,Feeding
708109679.jpg,Monarch,0,0.0008576739,Feeding
708109636.jpg,Monarch,1,0.99995565,Non_feeding
709003702.jpg,Monarch,1,0.9444477,Feeding
708108288.jpg,Monarch,1,0.98755366,Non_feeding
708107864.jpg,Monarch,1,0.9999218,Feeding
708107280.jpg,Monarch,1,0.3332029,Feeding
708106098.jpg,Monarch,1,0.9989348,Non_feeding
708105874.jpg,Monarch,1,0.47332668,Non_feeding
708105702.jpg,Monarch,1,0.4783546,Non_feeding
708105412.jpg,Monarch,1,0.9999734,Non_feeding
708103257.jpg,Monarch,0,0.0045698537,Feeding
708103616.jpg,Monarch,1,0.9999614,Non_feeding
708102352.jpg,Monarch,1,1.0,Non_feeding
708100390.jpg,Monarch,1,0.95484304,Non_feeding
708101463.jpg,Monarch,1,0.8238193,Feeding
708099998.jpg,Monarch,0,0.000206837,Non_feeding
708098742.jpg,Monarch,0,0.0028572567,Non_feeding
708095751.jpg,Monarch,1,0.9364654,Feeding
708098591.jpg,Monarch,1,1.0,Feeding
708096025.jpg,Monarch,0,0.00025185634,Feeding
708097312.jpg,Monarch,1,0.56042886,Non_feeding
708102032.jpg,Monarch,1,0.59019923,Feeding
708096011.jpg,Monarch,1,0.9845904,Feeding
708095309.jpg,Monarch,0,0.0031362532,Feeding
708095332.jpg,Monarch,0,0.059694003,Feeding
708094037.jpg,Monarch,1,0.9999999,Non_feeding
708092096.jpg,Monarch,1,0.9999968,Non_feeding
708091893.jpg,Monarch,1,0.99995506,Non_feeding
708089752.jpg,Monarch,1,0.9902629,Non_feeding
708089261.jpg,Monarch,1,0.99596846,Non_feeding
708089172.jpg,Monarch,1,1.0,Non_feeding
708086831.jpg,Monarch,0,0.0042656106,Feeding
708086741.jpg,Monarch,1,0.9983804,Feeding
708086717.jpg,Monarch,1,0.99998665,Non_feeding
708086287.jpg,Monarch,0,0.015656563,Feeding
708086096.jpg,Monarch,1,0.9811308,Non_feeding
708086042.jpg,Monarch,1,0.9962314,Non_feeding
708071906.jpg,Monarch,1,0.9971656,Feeding
708084542.jpg,Monarch,1,0.99999964,Non_feeding
708084419.jpg,Monarch,1,0.9789636,Non_feeding
708083309.jpg,Monarch,1,0.59861076,Feeding
708083023.jpg,Monarch,0,0.014406562,Feeding
708082459.jpg,Monarch,1,0.99998224,Feeding
708078982.jpg,Monarch,0,0.009574911,Feeding
708081614.jpg,Monarch,1,0.9999608,Feeding
708081631.jpg,Monarch,1,0.9999647,Feeding
708080815.jpg,Monarch,0,0.004671728,Feeding
708079245.jpg,Monarch,1,0.9763099,Feeding
708078922.jpg,Monarch,1,0.23538357,Feeding
708078381.jpg,Monarch,0,0.013072274,Feeding
708078220.jpg,Monarch,1,0.9998541,Non_feeding
708077990.jpg,Monarch,1,0.91378886,Non_feeding
708077809.jpg,Monarch,1,0.99819994,Feeding
708076854.jpg,Monarch,1,0.9987195,Feeding
708075845.jpg,Monarch,1,0.9999883,Non_feeding
708075342.jpg,Monarch,1,0.87027866,Non_feeding
708075385.jpg,Monarch,1,0.999997,Non_feeding
708072692.jpg,Monarch,0,0.0017543705,Feeding
708071707.jpg,Monarch,1,0.9999845,Non_feeding
708052052.jpg,Monarch,1,0.9988226,Non_feeding
708068847.jpg,Monarch,1,0.5929447,Feeding
708068798.jpg,Monarch,1,0.9999987,Non_feeding
708068468.jpg,Monarch,1,0.9999918,Feeding
708067596.jpg,Monarch,1,0.99999857,Non_feeding
708067029.jpg,Monarch,1,0.17263113,Non_feeding
708064339.jpg,Monarch,0,0.029617762,Non_feeding
708064213.jpg,Monarch,0,3.996772e-05,Non_feeding
708062859.jpg,Monarch,1,0.96832037,Non_feeding
708060890.jpg,Monarch,0,3.9021248e-05,Feeding
708060989.jpg,Monarch,0,1.6102017e-06,Non_feeding
708059775.jpg,Monarch,1,0.9999864,Non_feeding
708056292.jpg,Monarch,0,0.010287166,Non_feeding
708055527.jpg,Monarch,1,0.9999974,Non_feeding
708054685.jpg,Monarch,1,0.3778395,Feeding
708054530.jpg,Monarch,1,0.9999982,Non_feeding
708053483.jpg,Monarch,1,0.8910922,Feeding
708052183.jpg,Monarch,1,0.99440515,Feeding
708049995.jpg,Monarch,1,0.9740026,Feeding
708049060.jpg,Monarch,1,0.88561416,Feeding
708048300.jpg,Monarch,0,0.007902856,Feeding
708048092.jpg,Monarch,1,0.9967848,Non_feeding
708047742.jpg,Monarch,1,0.55286276,Feeding
708046248.jpg,Monarch,1,0.9563957,Feeding
708044227.jpg,Monarch,1,0.9999927,Feeding
708043718.jpg,Monarch,1,0.6593794,Feeding
708043531.jpg,Monarch,1,0.9999721,Feeding
708040472.jpg,Monarch,0,0.06973039,Non_feeding
708035869.jpg,Monarch,1,0.99999857,Non_feeding
708034595.jpg,Monarch,1,0.9995268,Feeding
708034234.jpg,Monarch,1,0.9999981,Non_feeding
708033452.jpg,Monarch,1,0.9999999,Feeding
708032010.jpg,Monarch,1,0.9999995,Non_feeding
708031971.jpg,Monarch,1,0.92291915,Non_feeding
708031343.jpg,Monarch,0,0.0008990099,Non_feeding
708030640.jpg,Monarch,1,0.98219866,Feeding
708030606.jpg,Monarch,1,0.99956816,Feeding
708030598.jpg,Monarch,1,0.99771994,Non_feeding
708029828.jpg,Monarch,1,1.0,Non_feeding
708029735.jpg,Monarch,1,1.0,Non_feeding
708029623.jpg,Monarch,1,1.0,Non_feeding
708028397.jpg,Monarch,1,0.9522539,Feeding
708026583.jpg,Monarch,1,0.9999982,Non_feeding
708026125.jpg,Monarch,1,0.9560357,Non_feeding
708025986.jpg,Monarch,1,0.6387992,Non_feeding
708025970.jpg,Monarch,1,0.638411,Feeding
708023332.jpg,Monarch,0,0.06440903,Non_feeding
708022743.jpg,Monarch,1,0.997837,Feeding
708022698.jpg,Monarch,0,0.0017951423,Non_feeding
708022861.jpg,Monarch,1,0.99766386,Non_feeding
708022412.jpg,Monarch,1,0.97650754,Non_feeding
708022150.jpg,Monarch,1,0.999765,Non_feeding
708021727.jpg,Monarch,1,0.9998914,Non_feeding
708020560.jpg,Monarch,1,0.9207598,Non_feeding
708021536.jpg,Monarch,1,0.49055374,Feeding
708021315.jpg,Monarch,1,0.99959433,Non_feeding
708021212.jpg,Monarch,1,0.9992869,Feeding
708021149.jpg,Monarch,1,0.95870674,Non_feeding
708020705.jpg,Monarch,0,0.0004535189,Non_feeding
708019939.jpg,Monarch,0,0.009250167,Feeding
708019973.jpg,Monarch,1,0.8806398,Non_feeding
708019426.jpg,Monarch,1,0.99979734,Non_feeding
708018182.jpg,Monarch,1,0.91351587,Non_feeding
707872148.jpg,Monarch,0,0.061709125,Feeding
708017775.jpg,Monarch,1,0.999902,Non_feeding
708017733.jpg,Monarch,1,0.20215088,Non_feeding
708017415.jpg,Monarch,1,0.9754571,Feeding
708016521.jpg,Monarch,1,0.9999896,Non_feeding
708016020.jpg,Monarch,0,0.018622082,Non_feeding
708015433.jpg,Monarch,1,0.5233813,Feeding
708014753.jpg,Monarch,0,0.003536286,Feeding
708014102.jpg,Monarch,1,0.9999943,Feeding
708013970.jpg,Monarch,1,0.9999999,Non_feeding
708013783.jpg,Monarch,1,0.9999901,Non_feeding
708009734.jpg,Monarch,0,0.09021423,Non_feeding
708007328.jpg,Monarch,0,1.0753572e-05,Non_feeding
708013598.jpg,Monarch,1,0.99996614,Feeding
708011708.jpg,Monarch,0,0.013237632,Non_feeding
708010927.jpg,Monarch,1,1.0,Non_feeding
708010388.jpg,Monarch,0,0.006851162,Feeding
708010387.jpg,Monarch,1,0.9241453,Non_feeding
708010340.jpg,Monarch,1,0.9999658,Non_feeding
708010063.jpg,Monarch,0,0.047727063,Feeding
708009144.jpg,Monarch,1,0.31226146,Non_feeding
708009106.jpg,Monarch,0,0.018159078,Non_feeding
708008231.jpg,Monarch,1,0.10768387,Feeding
708007082.jpg,Monarch,0,0.035405662,Non_feeding
708006765.jpg,Monarch,1,0.25106716,Feeding
708006633.jpg,Monarch,1,0.94466686,Non_feeding
708004504.jpg,Monarch,1,0.99999964,Non_feeding
708003225.jpg,Monarch,1,1.0,Non_feeding
708002293.jpg,Monarch,1,0.27067786,Non_feeding
708002184.jpg,Monarch,1,0.9671816,Feeding
708001986.jpg,Monarch,1,0.98021287,Non_feeding
708000518.jpg,Monarch,0,1.1679407e-05,Feeding
708000308.jpg,Monarch,1,0.99999785,Feeding
707997085.jpg,Monarch,1,0.99802977,Feeding
707996616.jpg,Monarch,1,0.9999747,Feeding
707993715.jpg,Monarch,0,2.5550074e-07,Feeding
707993479.jpg,Monarch,1,0.9317356,Feeding
707995791.jpg,Monarch,1,0.13863946,Non_feeding
707992025.jpg,Monarch,0,0.0024343866,Feeding
707995132.jpg,Monarch,1,0.9911293,Non_feeding
707985570.jpg,Monarch,0,5.383301e-05,Feeding
707992680.jpg,Monarch,0,0.002648647,Non_feeding
707991076.jpg,Monarch,1,1.0,Non_feeding
707990788.jpg,Monarch,1,1.0,Non_feeding
707989341.jpg,Monarch,1,0.95095986,Feeding
707988733.jpg,Monarch,1,1.0,Feeding
707986193.jpg,Monarch,1,0.9998796,Feeding
707986091.jpg,Monarch,1,0.99993,Non_feeding
707988382.jpg,Monarch,1,0.98542583,Non_feeding
707985837.jpg,Monarch,1,0.94470656,Feeding
707981104.jpg,Monarch,0,0.023779482,Feeding
707978207.jpg,Monarch,0,0.060918104,Feeding
707973771.jpg,Monarch,1,0.6195315,Feeding
707978026.jpg,Monarch,1,0.9999999,Non_feeding
707973528.jpg,Monarch,1,0.98693603,Non_feeding
707973116.jpg,Monarch,1,1.0,Non_feeding
707972734.jpg,Monarch,0,0.0046030986,Non_feeding
707972429.jpg,Monarch,1,0.99999714,Non_feeding
707972242.jpg,Monarch,1,0.9999938,Non_feeding
707970815.jpg,Monarch,1,0.9996756,Non_feeding
707967807.jpg,Monarch,1,0.23655328,Feeding
707969092.jpg,Monarch,0,0.0027701315,Non_feeding
707966983.jpg,Monarch,1,0.9508248,Non_feeding
707966743.jpg,Monarch,0,0.017004924,Non_feeding
707966378.jpg,Monarch,1,0.99822444,Non_feeding
707965048.jpg,Monarch,1,0.99923456,Feeding
707964880.jpg,Monarch,1,0.999995,Feeding
707964806.jpg,Monarch,1,0.9999914,Feeding
707964612.jpg,Monarch,1,0.9995059,Feeding
707964436.jpg,Monarch,1,0.99999046,Feeding
707963938.jpg,Monarch,1,0.99602014,Non_feeding
707963700.jpg,Monarch,0,0.04862002,Non_feeding
709936578.jpg,Monarch,1,0.9972941,Non_feeding
707962366.jpg,Monarch,1,0.4391357,Feeding
707962303.jpg,Monarch,1,0.99595153,Feeding
707961698.jpg,Monarch,0,0.03547965,Feeding
707949914.jpg,Monarch,0,0.003716615,Feeding
707957123.jpg,Monarch,1,0.7854211,Feeding
707957100.jpg,Monarch,1,0.9765371,Non_feeding
707957107.jpg,Monarch,0,0.0038492044,Non_feeding
707957031.jpg,Monarch,1,0.6169957,Feeding
707957023.jpg,Monarch,0,0.0217921,Feeding
707960786.jpg,Monarch,1,0.82267517,Non_feeding
707960382.jpg,Monarch,1,0.99996746,Feeding
707960093.jpg,Monarch,1,1.0,Feeding
707956375.jpg,Monarch,1,0.9355451,Feeding
707958555.jpg,Monarch,1,0.99961007,Non_feeding
707957765.jpg,Monarch,1,0.999263,Non_feeding
707957743.jpg,Monarch,1,1.0,Non_feeding
707955727.jpg,Monarch,1,0.99655706,Feeding
707955734.jpg,Monarch,1,0.9985648,Non_feeding
707953422.jpg,Monarch,1,0.99980545,Feeding
707953233.jpg,Monarch,0,0.00022495752,Non_feeding
707953246.jpg,Monarch,1,0.65350366,Non_feeding
707951918.jpg,Monarch,1,0.5657655,Non_feeding
707951676.jpg,Monarch,1,0.69619447,Feeding
707950593.jpg,Monarch,0,0.010710014,Non_feeding
707950056.jpg,Monarch,1,0.95924205,Feeding
707952452.jpg,Monarch,1,0.999998,Non_feeding
707947765.jpg,Monarch,1,1.0,Feeding
707945184.jpg,Monarch,1,0.9999863,Non_feeding
707940571.jpg,Monarch,1,0.9895627,Non_feeding
707942717.jpg,Monarch,1,0.9966504,Non_feeding
707942801.jpg,Monarch,1,0.99782604,Non_feeding
707942312.jpg,Monarch,0,0.009362313,Feeding
707941578.jpg,Monarch,0,0.0006473468,Feeding
707940921.jpg,Monarch,0,0.045620676,Feeding
707938133.jpg,Monarch,1,0.8931916,Non_feeding
707937937.jpg,Monarch,1,0.998754,Non_feeding
707937905.jpg,Monarch,0,0.00060683786,Non_feeding
707930741.jpg,Monarch,0,0.0019276226,Non_feeding
707934670.jpg,Monarch,1,0.99984133,Non_feeding
707934699.jpg,Monarch,0,0.057827104,Non_feeding
707934309.jpg,Monarch,1,0.9865116,Non_feeding
707934043.jpg,Monarch,1,0.9999604,Non_feeding
707933636.jpg,Monarch,1,0.88152134,Feeding
707932948.jpg,Monarch,1,1.0,Non_feeding
707929563.jpg,Monarch,1,0.28911084,Non_feeding
707928727.jpg,Monarch,1,0.9772764,Feeding
707928247.jpg,Monarch,1,0.81668985,Non_feeding
707928117.jpg,Monarch,1,0.6816309,Non_feeding
707927718.jpg,Monarch,1,0.99307173,Feeding
707923853.jpg,Monarch,1,0.78831416,Feeding
707926920.jpg,Monarch,0,0.0013622585,Non_feeding
707925943.jpg,Monarch,0,4.4644315e-05,Non_feeding
707925702.jpg,Monarch,1,0.361799,Non_feeding
707923770.jpg,Monarch,1,0.99956757,Feeding
707923679.jpg,Monarch,0,0.0049407766,Feeding
707921703.jpg,Monarch,1,0.98909163,Feeding
707921453.jpg,Monarch,1,1.0,Non_feeding
707920706.jpg,Monarch,0,0.0011351164,Feeding
707917450.jpg,Monarch,1,0.9999962,Feeding
707917109.jpg,Monarch,0,0.03833758,Non_feeding
707915833.jpg,Monarch,1,0.24284369,Feeding
707909303.jpg,Monarch,1,0.15857837,Feeding
707913375.jpg,Monarch,1,0.9997804,Non_feeding
707912845.jpg,Monarch,0,0.0034785909,Non_feeding
707912790.jpg,Monarch,1,0.99999976,Non_feeding
707912635.jpg,Monarch,1,0.9575796,Non_feeding
707912599.jpg,Monarch,1,0.9921482,Feeding
707910735.jpg,Monarch,1,0.99986315,Feeding
707910412.jpg,Monarch,0,0.00016816331,Non_feeding
707909988.jpg,Monarch,1,0.9993999,Feeding
707909076.jpg,Monarch,1,0.9361288,Non_feeding
707907518.jpg,Monarch,1,1.0,Non_feeding
707906461.jpg,Monarch,0,0.015999842,Non_feeding
707906305.jpg,Monarch,0,0.0012242665,Non_feeding
707905843.jpg,Monarch,0,0.095681526,Feeding
707905817.jpg,Monarch,1,0.9999131,Non_feeding
707905521.jpg,Monarch,1,0.9998195,Non_feeding
707904626.jpg,Monarch,0,0.00025044548,Non_feeding
707904374.jpg,Monarch,1,0.9200998,Non_feeding
707902641.jpg,Monarch,0,0.074411385,Feeding
707900745.jpg,Monarch,1,0.2965565,Non_feeding
707899555.jpg,Monarch,0,9.479387e-06,Non_feeding
707899210.jpg,Monarch,1,1.0,Non_feeding
707896225.jpg,Monarch,0,0.00045281133,Non_feeding
707895328.jpg,Monarch,1,0.99994063,Non_feeding
707893873.jpg,Monarch,1,0.99990225,Non_feeding
707900259.jpg,Monarch,1,0.9969771,Non_feeding
707892000.jpg,Monarch,1,0.91761875,Non_feeding
707890929.jpg,Monarch,1,0.9622685,Non_feeding
707888960.jpg,Monarch,1,0.99981296,Non_feeding
707888877.jpg,Monarch,1,0.9999472,Non_feeding
707886840.jpg,Monarch,1,0.9999652,Non_feeding
707888032.jpg,Monarch,0,0.0042613675,Feeding
707886747.jpg,Monarch,1,0.9999212,Feeding
707885594.jpg,Monarch,1,0.99969465,Non_feeding
707885512.jpg,Monarch,0,0.0042617624,Feeding
707884175.jpg,Monarch,1,0.9986266,Feeding
707883022.jpg,Monarch,1,1.0,Non_feeding
707881433.jpg,Monarch,1,0.987679,Feeding
707881927.jpg,Monarch,1,0.9999951,Feeding
707877941.jpg,Monarch,1,0.99869174,Feeding
707877774.jpg,Monarch,0,0.0014068318,Feeding
707875708.jpg,Monarch,1,0.96025866,Feeding
707872412.jpg,Monarch,1,0.9982747,Non_feeding
707871716.jpg,Monarch,1,1.0,Non_feeding
707871084.jpg,Monarch,1,0.9994787,Feeding
707870419.jpg,Monarch,1,0.988644,Feeding
707870418.jpg,Monarch,1,0.99999905,Non_feeding
707858788.jpg,Monarch,0,0.031873412,Feeding
707869637.jpg,Monarch,1,0.99998367,Non_feeding
707869065.jpg,Monarch,1,1.0,Non_feeding
707866766.jpg,Monarch,0,0.00077784655,Feeding
707865362.jpg,Monarch,1,0.48967484,Feeding
707863318.jpg,Monarch,1,0.99995303,Feeding
707862774.jpg,Monarch,1,0.99998236,Feeding
707862648.jpg,Monarch,1,0.24891338,Non_feeding
707861659.jpg,Monarch,1,0.9998703,Non_feeding
707861198.jpg,Monarch,1,0.2991624,Non_feeding
707860969.jpg,Monarch,1,0.99994016,Non_feeding
707860087.jpg,Monarch,1,0.9956859,Non_feeding
707859594.jpg,Monarch,1,0.9999633,Feeding
707857453.jpg,Monarch,1,0.20546724,Non_feeding
707857526.jpg,Monarch,1,0.9998777,Non_feeding
707855891.jpg,Monarch,1,0.98790574,Feeding
707855659.jpg,Monarch,0,0.07657487,Non_feeding
707853127.jpg,Monarch,1,0.9975383,Non_feeding
707852267.jpg,Monarch,1,0.4782311,Non_feeding
707852145.jpg,Monarch,1,0.99999976,Non_feeding
712623011.jpg,Monarch,1,0.9938665,Feeding
707849426.jpg,Monarch,1,0.9999989,Non_feeding
707843750.jpg,Monarch,1,0.27291167,Non_feeding
707842940.jpg,Monarch,1,0.99971014,Non_feeding
707842750.jpg,Monarch,1,0.9771014,Feeding
707832292.jpg,Monarch,1,0.9998095,Feeding
707831647.jpg,Monarch,1,0.99995303,Non_feeding
707829832.jpg,Monarch,1,0.3651204,Non_feeding
707827827.jpg,Monarch,1,0.7251563,Non_feeding
707826631.jpg,Monarch,1,0.7877042,Non_feeding
707826094.jpg,Monarch,1,0.17621061,Non_feeding
707825804.jpg,Monarch,1,0.9997619,Non_feeding
707823733.jpg,Monarch,1,1.0,Feeding
707822676.jpg,Monarch,1,0.49086776,Non_feeding
707822225.jpg,Monarch,1,0.98126125,Non_feeding
707822099.jpg,Monarch,1,0.9999994,Non_feeding
707817760.jpg,Monarch,1,0.99842584,Non_feeding
709664148.jpg,Monarch,1,1.0,Feeding
707815867.jpg,Monarch,1,1.0,Non_feeding
707814202.jpg,Monarch,1,0.9995392,Non_feeding
707809584.jpg,Monarch,1,0.99999976,Non_feeding
707810753.jpg,Monarch,1,0.98904467,Non_feeding
707801543.jpg,Monarch,1,0.97984374,Feeding
707809594.jpg,Monarch,1,0.9956521,Non_feeding
707806249.jpg,Monarch,1,0.999998,Feeding
707783264.jpg,Monarch,0,1.4310756e-05,Feeding
707803428.jpg,Monarch,1,0.9924851,Non_feeding
707800584.jpg,Monarch,1,0.99950016,Non_feeding
707800348.jpg,Monarch,1,0.9911657,Non_feeding
707878085.jpg,Monarch,1,0.17533779,Feeding
707797312.jpg,Monarch,1,0.9936887,Non_feeding
707796952.jpg,Monarch,1,0.98235613,Non_feeding
707796928.jpg,Monarch,1,0.99999964,Non_feeding
707794214.jpg,Monarch,1,0.99979794,Non_feeding
707794015.jpg,Monarch,1,0.9981693,Non_feeding
707792323.jpg,Monarch,1,0.99836355,Non_feeding
707793858.jpg,Monarch,1,1.0,Non_feeding
707793617.jpg,Monarch,1,1.0,Non_feeding
707793528.jpg,Monarch,1,0.16020851,Non_feeding
707791376.jpg,Monarch,1,0.9996831,Feeding
707789859.jpg,Monarch,1,0.9999999,Non_feeding
707789723.jpg,Monarch,1,0.12669201,Non_feeding
712257243.jpg,Monarch,0,0.004750096,Non_feeding
707788862.jpg,Monarch,0,0.016502796,Non_feeding
707788843.jpg,Monarch,1,0.9805165,Non_feeding
707788117.jpg,Monarch,1,0.9999573,Non_feeding
707785595.jpg,Monarch,1,0.99999523,Non_feeding
707784187.jpg,Monarch,1,0.78319734,Feeding
707784992.jpg,Monarch,1,1.0,Non_feeding
707784902.jpg,Monarch,0,0.05586315,Non_feeding
707779177.jpg,Monarch,1,0.28787574,Non_feeding
707783379.jpg,Monarch,1,0.99999905,Non_feeding
707780884.jpg,Monarch,1,0.99997365,Non_feeding
707780515.jpg,Monarch,1,0.43589312,Non_feeding
707776399.jpg,Monarch,1,0.19997178,Non_feeding
707776848.jpg,Monarch,0,0.07445376,Feeding
707773872.jpg,Monarch,1,1.0,Non_feeding
707769941.jpg,Monarch,1,0.99999595,Non_feeding
707766844.jpg,Monarch,1,0.99660313,Non_feeding
707766593.jpg,Monarch,1,0.9995882,Non_feeding
707762952.jpg,Monarch,1,0.7057532,Non_feeding
707763725.jpg,Monarch,1,0.13753133,Feeding
707762358.jpg,Monarch,1,1.0,Non_feeding
707761086.jpg,Monarch,1,1.0,Feeding
707760790.jpg,Monarch,1,0.99906826,Feeding
707760107.jpg,Monarch,1,0.9994524,Feeding
707759997.jpg,Monarch,0,6.30846e-05,Feeding
707761141.jpg,Monarch,1,0.9996115,Non_feeding
707758726.jpg,Monarch,0,0.014672186,Non_feeding
707758602.jpg,Monarch,1,0.9999882,Non_feeding
707756812.jpg,Monarch,1,0.8184546,Non_feeding
707753827.jpg,Monarch,1,0.58826756,Feeding
707753767.jpg,Monarch,1,0.99737203,Non_feeding
707752596.jpg,Monarch,1,0.9999994,Non_feeding
707752593.jpg,Monarch,1,0.9977585,Non_feeding
707754685.jpg,Monarch,0,0.00021760353,Non_feeding
707749681.jpg,Monarch,1,0.94550425,Non_feeding
707746110.jpg,Monarch,1,0.9999827,Non_feeding
707746025.jpg,Monarch,1,1.0,Non_feeding
707744129.jpg,Monarch,1,0.988218,Non_feeding
707742203.jpg,Monarch,1,0.12391475,Feeding
707742147.jpg,Monarch,0,0.014855797,Feeding
707740462.jpg,Monarch,0,0.0004580954,Non_feeding
707733017.jpg,Monarch,1,0.2702033,Non_feeding
707725372.jpg,Monarch,1,0.99960756,Feeding
707716159.jpg,Monarch,1,0.85339314,Non_feeding
707715804.jpg,Monarch,1,0.9999325,Non_feeding
707705067.jpg,Monarch,1,0.9951337,Non_feeding
707699598.jpg,Monarch,1,1.0,Non_feeding
707677328.jpg,Monarch,0,0.045304224,Non_feeding
707676783.jpg,Monarch,1,0.6593304,Feeding
707652918.jpg,Monarch,0,0.017095476,Non_feeding
707654119.jpg,Monarch,1,0.9999187,Non_feeding
707649094.jpg,Monarch,1,0.99999964,Non_feeding
707648041.jpg,Monarch,1,0.9663635,Non_feeding
707645117.jpg,Monarch,1,0.99979377,Non_feeding
707643440.jpg,Monarch,1,1.0,Non_feeding
707641047.jpg,Monarch,1,1.0,Non_feeding
707640239.jpg,Monarch,0,0.0013784163,Non_feeding
707628301.jpg,Monarch,1,1.0,Non_feeding
707626674.jpg,Monarch,1,0.1782901,Non_feeding
707621564.jpg,Monarch,1,0.17773779,Non_feeding
707619985.jpg,Monarch,0,0.0009100196,Non_feeding
707609964.jpg,Monarch,1,0.9347099,Feeding
707605793.jpg,Monarch,1,0.9994543,Non_feeding
707601751.jpg,Monarch,1,0.9999783,Non_feeding
707599848.jpg,Monarch,1,1.0,Non_feeding
707598985.jpg,Monarch,1,0.85443544,Feeding
707597169.jpg,Monarch,1,0.53560126,Non_feeding
707596335.jpg,Monarch,1,0.99988735,Non_feeding
707594620.jpg,Monarch,1,0.986355,Feeding
707594304.jpg,Monarch,0,0.0072062085,Feeding
707593030.jpg,Monarch,0,0.021945488,Feeding
707570217.jpg,Monarch,0,0.004291709,Non_feeding
707570174.jpg,Monarch,1,0.94103265,Non_feeding
707570179.jpg,Monarch,1,0.51386654,Non_feeding
707591857.jpg,Monarch,0,0.0061877803,Non_feeding
707587491.jpg,Monarch,1,1.0,Non_feeding
707585674.jpg,Monarch,0,0.09640969,Feeding
707584936.jpg,Monarch,1,0.390349,Feeding
707581637.jpg,Monarch,0,0.011094357,Non_feeding
707579094.jpg,Monarch,1,0.196843,Non_feeding
707582999.jpg,Monarch,1,0.4078439,Feeding
707580617.jpg,Monarch,1,0.9995437,Feeding
707579871.jpg,Monarch,1,0.9999863,Non_feeding
707578735.jpg,Monarch,1,0.99995434,Non_feeding
707578587.jpg,Monarch,1,0.99999857,Non_feeding
707578000.jpg,Monarch,1,0.93727297,Non_feeding
707577150.jpg,Monarch,1,0.14129919,Non_feeding
707574151.jpg,Monarch,0,0.07809703,Feeding
707577631.jpg,Monarch,1,0.9764242,Non_feeding
707577422.jpg,Monarch,0,0.004015538,Feeding
707577235.jpg,Monarch,1,0.88035405,Feeding
707575103.jpg,Monarch,1,0.47413582,Non_feeding
707565972.jpg,Monarch,0,0.05654865,Non_feeding
707565922.jpg,Monarch,0,7.0161122e-06,Non_feeding
707574350.jpg,Monarch,0,0.0104517415,Feeding
707573425.jpg,Monarch,1,0.9895325,Non_feeding
707573413.jpg,Monarch,1,0.90762156,Non_feeding
707572986.jpg,Monarch,1,0.99933845,Non_feeding
707571903.jpg,Monarch,1,0.99886537,Non_feeding
707570960.jpg,Monarch,1,0.21178181,Non_feeding
707565828.jpg,Monarch,1,0.9442666,Feeding
707570168.jpg,Monarch,1,0.99816704,Non_feeding
707570166.jpg,Monarch,1,0.99461985,Feeding
707568647.jpg,Monarch,1,0.7098742,Feeding
707567901.jpg,Monarch,1,0.99997556,Non_feeding
707566252.jpg,Monarch,1,1.0,Non_feeding
707566239.jpg,Monarch,1,1.0,Non_feeding
707566028.jpg,Monarch,1,0.9930025,Non_feeding
707563163.jpg,Monarch,1,0.8587997,Non_feeding
707561412.jpg,Monarch,0,0.002505673,Non_feeding
707560621.jpg,Monarch,0,0.00470934,Feeding
707558291.jpg,Monarch,1,1.0,Non_feeding
707558018.jpg,Monarch,0,0.0007380497,Non_feeding
707557440.jpg,Monarch,0,0.008092968,Feeding
707555572.jpg,Monarch,0,0.06549961,Feeding
707550397.jpg,Monarch,0,0.004349269,Feeding
707555953.jpg,Monarch,1,0.9855084,Non_feeding
707555565.jpg,Monarch,0,0.040043227,Non_feeding
707555010.jpg,Monarch,0,0.039765034,Non_feeding
707551951.jpg,Monarch,1,0.65612257,Non_feeding
707551826.jpg,Monarch,1,0.99992454,Non_feeding
707551831.jpg,Monarch,1,0.18921083,Feeding
707551786.jpg,Monarch,1,0.9836507,Non_feeding
707551776.jpg,Monarch,0,0.08175896,Feeding
707551723.jpg,Monarch,1,0.99997914,Non_feeding
707551665.jpg,Monarch,1,0.9992353,Non_feeding
707551512.jpg,Monarch,1,0.16879706,Non_feeding
707551479.jpg,Monarch,1,0.9827111,Non_feeding
707551614.jpg,Monarch,1,0.19209287,Non_feeding
707551549.jpg,Monarch,0,0.002392794,Feeding
707550877.jpg,Monarch,0,5.099032e-06,Non_feeding
707549700.jpg,Monarch,1,0.9999218,Non_feeding
707549421.jpg,Monarch,1,0.8315649,Feeding
707549034.jpg,Monarch,1,0.15964966,Non_feeding
707548778.jpg,Monarch,1,0.99997246,Non_feeding
707548636.jpg,Monarch,1,0.9975625,Non_feeding
707548638.jpg,Monarch,1,0.8337942,Non_feeding
707548379.jpg,Monarch,1,0.99991405,Non_feeding
707548193.jpg,Monarch,1,0.99999297,Non_feeding
707547996.jpg,Monarch,1,0.99947524,Non_feeding
707546300.jpg,Monarch,0,0.008339894,Non_feeding
707543417.jpg,Monarch,0,0.00040584375,Non_feeding
707541129.jpg,Monarch,1,0.9601183,Feeding
707540418.jpg,Monarch,1,0.9999857,Non_feeding
707540144.jpg,Monarch,1,0.95184404,Feeding
707536197.jpg,Monarch,1,0.9999045,Non_feeding
707538627.jpg,Monarch,1,0.99999464,Feeding
707537663.jpg,Monarch,1,0.9992986,Non_feeding
707535136.jpg,Monarch,1,0.9993123,Feeding
707535022.jpg,Monarch,1,0.9992421,Feeding
707532824.jpg,Monarch,1,0.9998759,Non_feeding
707527911.jpg,Monarch,0,0.004425795,Feeding
709267112.jpg,Monarch,0,0.00011711417,Non_feeding
707528330.jpg,Monarch,0,0.029608171,Feeding
707527890.jpg,Monarch,1,0.9999045,Feeding
707526793.jpg,Monarch,1,0.99291754,Non_feeding
707526223.jpg,Monarch,0,0.006981099,Non_feeding
707524551.jpg,Monarch,0,1.3653985e-05,Non_feeding
707510269.jpg,Monarch,1,0.9999845,Non_feeding
707521995.jpg,Monarch,0,0.0046528107,Feeding
707518185.jpg,Monarch,1,0.29433364,Non_feeding
707516692.jpg,Monarch,0,2.0473357e-05,Non_feeding
707516238.jpg,Monarch,0,0.00063124107,Feeding
707516190.jpg,Monarch,0,0.012601113,Feeding
707513640.jpg,Monarch,0,0.032475136,Non_feeding
707513596.jpg,Monarch,0,0.008049874,Feeding
707514371.jpg,Monarch,1,0.9995789,Feeding
707514120.jpg,Monarch,0,0.041418057,Feeding
707513874.jpg,Monarch,1,0.999894,Non_feeding
707512399.jpg,Monarch,1,0.99391854,Non_feeding
707509629.jpg,Monarch,0,0.09316412,Non_feeding
707509617.jpg,Monarch,1,0.31467137,Non_feeding
707507908.jpg,Monarch,1,0.73113024,Non_feeding
707507907.jpg,Monarch,1,0.85102344,Feeding
707508519.jpg,Monarch,1,0.999998,Non_feeding
707509379.jpg,Monarch,0,0.0007770801,Non_feeding
707501075.jpg,Monarch,0,0.038711213,Feeding
707508133.jpg,Monarch,1,0.99311596,Non_feeding
707507779.jpg,Monarch,0,0.00054457545,Feeding
707507660.jpg,Monarch,1,0.6887558,Feeding
707507621.jpg,Monarch,0,0.00020804847,Non_feeding
707506822.jpg,Monarch,0,0.0041878917,Non_feeding
707506937.jpg,Monarch,1,0.14796163,Feeding
707503654.jpg,Monarch,1,0.66299826,Non_feeding
707491581.jpg,Monarch,1,0.27388027,Feeding
707504807.jpg,Monarch,1,1.0,Non_feeding
707491227.jpg,Monarch,1,0.8026661,Feeding
707504406.jpg,Monarch,1,0.9999999,Non_feeding
707506245.jpg,Monarch,1,0.99091035,Non_feeding
707502694.jpg,Monarch,1,0.99997294,Non_feeding
707501824.jpg,Monarch,1,0.99992716,Feeding
707501145.jpg,Monarch,1,0.9998944,Non_feeding
707500818.jpg,Monarch,1,0.9999869,Non_feeding
707475866.jpg,Monarch,1,0.98284245,Feeding
707475585.jpg,Monarch,1,0.9981839,Feeding
707499645.jpg,Monarch,1,0.34118143,Non_feeding
707498317.jpg,Monarch,1,0.99897194,Non_feeding
707495975.jpg,Monarch,0,4.8668055e-05,Non_feeding
707494961.jpg,Monarch,1,0.9999994,Non_feeding
707494700.jpg,Monarch,1,0.998365,Feeding
707474088.jpg,Monarch,1,0.80662966,Non_feeding
707492947.jpg,Monarch,1,0.9994481,Feeding
707492814.jpg,Monarch,1,1.0,Non_feeding
707492038.jpg,Monarch,1,0.4323782,Feeding
707491645.jpg,Monarch,1,0.95278496,Feeding
707491518.jpg,Monarch,1,0.8528152,Non_feeding
707491443.jpg,Monarch,0,0.0065709073,Feeding
707491221.jpg,Monarch,0,0.06280862,Feeding
707489884.jpg,Monarch,0,0.00054902583,Feeding
707489913.jpg,Monarch,1,0.9995234,Non_feeding
707489599.jpg,Monarch,1,0.992023,Feeding
707489464.jpg,Monarch,1,0.99999714,Non_feeding
707488292.jpg,Monarch,1,0.9491627,Non_feeding
707487945.jpg,Monarch,1,0.99999976,Non_feeding
707487837.jpg,Monarch,1,1.0,Non_feeding
707485889.jpg,Monarch,0,0.014021995,Non_feeding
707484934.jpg,Monarch,1,1.0,Non_feeding
707483395.jpg,Monarch,1,0.8327659,Non_feeding
707483148.jpg,Monarch,1,0.99935,Non_feeding
707478361.jpg,Monarch,0,0.034205753,Non_feeding
707477841.jpg,Monarch,1,0.34872222,Non_feeding
707482316.jpg,Monarch,1,0.91767085,Non_feeding
707481915.jpg,Monarch,1,0.9999937,Non_feeding
707480568.jpg,Monarch,1,0.97279567,Non_feeding
707479539.jpg,Monarch,1,0.9999708,Non_feeding
707478882.jpg,Monarch,1,0.9999999,Non_feeding
707477630.jpg,Monarch,1,1.0,Non_feeding
707477019.jpg,Monarch,0,0.07698599,Non_feeding
707476416.jpg,Monarch,1,0.95653343,Non_feeding
707476247.jpg,Monarch,1,1.0,Feeding
707475762.jpg,Monarch,0,0.053683672,Non_feeding
707474169.jpg,Monarch,1,0.99999475,Non_feeding
707472293.jpg,Monarch,1,0.9999472,Feeding
707471685.jpg,Monarch,1,0.9999479,Non_feeding
707471228.jpg,Monarch,0,0.00040760206,Feeding
707470289.jpg,Monarch,1,0.9883712,Feeding
707453632.jpg,Monarch,1,0.22005332,Non_feeding
707469240.jpg,Monarch,1,0.77816314,Feeding
707467389.jpg,Monarch,1,0.9997885,Non_feeding
707466095.jpg,Monarch,1,0.9141293,Non_feeding
707465126.jpg,Monarch,1,0.96966076,Feeding
707461084.jpg,Monarch,1,0.99963915,Non_feeding
707461077.jpg,Monarch,1,0.9999411,Non_feeding
707461016.jpg,Monarch,1,0.5879154,Non_feeding
707461015.jpg,Monarch,0,0.0113508515,Non_feeding
707462438.jpg,Monarch,1,0.37606952,Feeding
707458280.jpg,Monarch,0,0.00080567895,Feeding
707464195.jpg,Monarch,1,0.9983822,Non_feeding
707463863.jpg,Monarch,1,0.92824566,Non_feeding
707462318.jpg,Monarch,1,0.99901617,Feeding
707461299.jpg,Monarch,0,0.0044958135,Feeding
707451272.jpg,Monarch,0,7.5215714e-05,Non_feeding
707458927.jpg,Monarch,1,0.6659303,Feeding
707458951.jpg,Monarch,0,0.0075631477,Non_feeding
707458270.jpg,Monarch,0,0.0069904663,Non_feeding
707458199.jpg,Monarch,1,0.9999982,Non_feeding
707458046.jpg,Monarch,1,0.9999987,Non_feeding
707456944.jpg,Monarch,1,1.0,Non_feeding
707456739.jpg,Monarch,1,1.0,Non_feeding
707456703.jpg,Monarch,0,0.0008887791,Feeding
707456018.jpg,Monarch,1,1.0,Non_feeding
707447478.jpg,Monarch,0,0.0062897834,Feeding
707454990.jpg,Monarch,1,0.9793016,Non_feeding
707454100.jpg,Monarch,1,0.99813604,Non_feeding
707453295.jpg,Monarch,1,0.9395344,Non_feeding
707449988.jpg,Monarch,1,0.50096095,Feeding
707448823.jpg,Monarch,1,0.17595871,Non_feeding
707447232.jpg,Monarch,0,0.002389793,Feeding
707444441.jpg,Monarch,1,0.9999728,Non_feeding
707444066.jpg,Monarch,1,0.9995059,Non_feeding
707443610.jpg,Monarch,1,0.9904949,Non_feeding
707442722.jpg,Monarch,1,0.9990546,Non_feeding
707441442.jpg,Monarch,1,0.35215944,Non_feeding
707441062.jpg,Monarch,0,2.153954e-05,Feeding
707441055.jpg,Monarch,1,0.99999225,Feeding
707440969.jpg,Monarch,1,0.90623075,Non_feeding
707438848.jpg,Monarch,1,0.98711115,Feeding
707420474.jpg,Monarch,1,0.55325586,Feeding
707436933.jpg,Monarch,1,0.9964125,Feeding
707437924.jpg,Monarch,1,0.9020435,Non_feeding
707437137.jpg,Monarch,1,0.758107,Feeding
707436862.jpg,Monarch,1,0.99999976,Non_feeding
707863785.jpg,Monarch,1,1.0,Non_feeding
707436476.jpg,Monarch,1,0.99736637,Feeding
707436371.jpg,Monarch,1,0.36016992,Feeding
707436133.jpg,Monarch,1,0.999781,Non_feeding
707435960.jpg,Monarch,1,0.3811856,Feeding
707434362.jpg,Monarch,1,0.999997,Feeding
707433942.jpg,Monarch,0,0.00018469138,Non_feeding
707433062.jpg,Monarch,1,1.0,Non_feeding
707433046.jpg,Monarch,1,0.9999999,Non_feeding
707432862.jpg,Monarch,1,0.96916324,Non_feeding
707432513.jpg,Monarch,1,0.9160069,Feeding
707431975.jpg,Monarch,1,0.8667401,Feeding
707430924.jpg,Monarch,1,0.7654539,Feeding
707430589.jpg,Monarch,1,0.9996499,Non_feeding
707430367.jpg,Monarch,1,0.23368418,Non_feeding
707430146.jpg,Monarch,1,0.999907,Feeding
707430134.jpg,Monarch,0,0.0020253295,Non_feeding
707429734.jpg,Monarch,1,0.9355839,Feeding
707430041.jpg,Monarch,1,0.999995,Feeding
707427018.jpg,Monarch,0,0.012595809,Feeding
707426552.jpg,Monarch,1,0.996366,Non_feeding
707423487.jpg,Monarch,1,0.34859845,Non_feeding
707423646.jpg,Monarch,1,1.0,Non_feeding
707418730.jpg,Monarch,1,0.99950206,Non_feeding
707417308.jpg,Monarch,0,0.0022803175,Non_feeding
707415271.jpg,Monarch,1,0.99983275,Non_feeding
707414093.jpg,Monarch,1,1.0,Non_feeding
707412530.jpg,Monarch,1,1.0,Non_feeding
707411882.jpg,Monarch,1,0.6569169,Feeding
707410511.jpg,Monarch,1,0.9994947,Feeding
707409185.jpg,Monarch,0,0.03201819,Non_feeding
707406660.jpg,Monarch,1,0.41189843,Non_feeding
707406426.jpg,Monarch,1,0.9952832,Feeding
707405964.jpg,Monarch,1,0.9999188,Non_feeding
707404660.jpg,Monarch,1,0.64191294,Feeding
707404559.jpg,Monarch,1,1.0,Non_feeding
707404024.jpg,Monarch,1,0.9670893,Non_feeding
707403783.jpg,Monarch,1,0.9999057,Non_feeding
707401894.jpg,Monarch,1,0.87926716,Feeding
707401748.jpg,Monarch,1,1.0,Non_feeding
707401402.jpg,Monarch,1,0.6521006,Feeding
707399619.jpg,Monarch,1,0.9964413,Feeding
707395433.jpg,Monarch,1,0.66141546,Non_feeding
707395277.jpg,Monarch,1,0.9999995,Non_feeding
707395106.jpg,Monarch,1,0.9999995,Non_feeding
707392196.jpg,Monarch,1,0.45553076,Non_feeding
707393377.jpg,Monarch,0,0.05997613,Feeding
707392914.jpg,Monarch,1,0.97192925,Non_feeding
707392800.jpg,Monarch,1,0.99967796,Non_feeding
707389442.jpg,Monarch,1,0.9999045,Non_feeding
707391006.jpg,Monarch,0,0.029386977,Feeding
707387481.jpg,Monarch,1,0.9998239,Feeding
707386482.jpg,Monarch,1,0.9973507,Non_feeding
707386523.jpg,Monarch,1,0.7831028,Non_feeding
707386441.jpg,Monarch,1,0.9999924,Non_feeding
707386088.jpg,Monarch,1,0.99989676,Non_feeding
707384690.jpg,Monarch,1,0.99944776,Non_feeding
707383308.jpg,Monarch,0,0.023045406,Non_feeding
707382305.jpg,Monarch,1,0.999998,Feeding
707381511.jpg,Monarch,1,0.102297336,Feeding
707379226.jpg,Monarch,1,0.99998546,Non_feeding
707376949.jpg,Monarch,1,0.99975246,Non_feeding
707374970.jpg,Monarch,1,0.99922585,Feeding
707372498.jpg,Monarch,1,0.99996793,Non_feeding
707371586.jpg,Monarch,1,0.99833965,Non_feeding
707371164.jpg,Monarch,1,0.21217181,Non_feeding
707371112.jpg,Monarch,1,0.99999726,Non_feeding
707370700.jpg,Monarch,1,0.99999154,Non_feeding
707361173.jpg,Monarch,0,4.9221147e-05,Feeding
707366853.jpg,Monarch,1,0.99999523,Feeding
707366604.jpg,Monarch,0,0.020299027,Feeding
707366123.jpg,Monarch,1,0.99999964,Non_feeding
707365404.jpg,Monarch,1,0.99999523,Non_feeding
707363653.jpg,Monarch,0,0.09390653,Feeding
707364393.jpg,Monarch,1,0.99998665,Non_feeding
708061357.jpg,Monarch,1,0.99999344,Non_feeding
707362948.jpg,Monarch,1,0.37180406,Non_feeding
707359073.jpg,Monarch,1,0.30969515,Non_feeding
707358990.jpg,Monarch,1,0.90337586,Non_feeding
707359878.jpg,Monarch,1,0.99616265,Non_feeding
707356447.jpg,Monarch,1,0.9997884,Feeding
707352999.jpg,Monarch,1,0.9999938,Feeding
707352413.jpg,Monarch,1,0.99937665,Feeding
707351174.jpg,Monarch,0,4.5228047e-05,Non_feeding
707350642.jpg,Monarch,1,1.0,Non_feeding
707346378.jpg,Monarch,0,0.0018327195,Feeding
707349853.jpg,Monarch,1,0.19828416,Feeding
707347994.jpg,Monarch,1,0.9999739,Feeding
707347712.jpg,Monarch,1,0.14559613,Non_feeding
707776481.jpg,Monarch,1,1.0,Non_feeding
707346348.jpg,Monarch,1,0.9959793,Non_feeding
707346131.jpg,Monarch,1,0.9955989,Non_feeding
707345317.jpg,Monarch,1,0.8068894,Non_feeding
707345221.jpg,Monarch,1,0.8163716,Non_feeding
707344466.jpg,Monarch,0,0.015099566,Non_feeding
707344103.jpg,Monarch,1,0.99999976,Non_feeding
707344175.jpg,Monarch,1,0.1870346,Non_feeding
707342052.jpg,Monarch,1,0.95919204,Non_feeding
707341341.jpg,Monarch,1,0.99960744,Non_feeding
707340553.jpg,Monarch,1,1.0,Non_feeding
707340077.jpg,Monarch,1,0.7137252,Non_feeding
707335377.jpg,Monarch,0,6.016383e-05,Non_feeding
707339569.jpg,Monarch,1,0.99997663,Non_feeding
707339190.jpg,Monarch,0,1.9550405e-06,Non_feeding
707338981.jpg,Monarch,1,0.5771094,Non_feeding
707338921.jpg,Monarch,1,0.99927,Feeding
707338647.jpg,Monarch,1,0.9999974,Non_feeding
707337558.jpg,Monarch,1,0.99985707,Non_feeding
707336659.jpg,Monarch,1,0.9321858,Non_feeding
707336596.jpg,Monarch,1,0.9111957,Non_feeding
707335384.jpg,Monarch,1,0.999933,Non_feeding
709695183.jpg,Monarch,1,0.99978065,Non_feeding
707332859.jpg,Monarch,0,0.0017261255,Non_feeding
707332764.jpg,Monarch,1,0.9999914,Non_feeding
707332590.jpg,Monarch,1,0.9874894,Feeding
707331915.jpg,Monarch,0,0.052997243,Non_feeding
707330435.jpg,Monarch,0,0.00034112588,Non_feeding
707330745.jpg,Monarch,1,0.9978071,Non_feeding
707326412.jpg,Monarch,1,1.0,Non_feeding
707323857.jpg,Monarch,1,0.9967631,Non_feeding
707324188.jpg,Monarch,1,0.9956476,Feeding
707323603.jpg,Monarch,1,0.785344,Non_feeding
707322456.jpg,Monarch,0,0.014411247,Feeding
707322754.jpg,Monarch,1,0.9977241,Feeding
707303219.jpg,Monarch,0,0.024925815,Non_feeding
707302166.jpg,Monarch,1,0.9860554,Non_feeding
707319982.jpg,Monarch,1,0.99997354,Feeding
707324697.jpg,Monarch,1,0.9998858,Feeding
707319400.jpg,Monarch,1,0.97673994,Feeding
707319282.jpg,Monarch,1,0.99995434,Non_feeding
707317379.jpg,Monarch,1,0.999825,Non_feeding
707316471.jpg,Monarch,1,0.99940896,Feeding
707315105.jpg,Monarch,1,0.97729045,Non_feeding
707313637.jpg,Monarch,1,0.9991711,Non_feeding
707309382.jpg,Monarch,0,2.4900366e-05,Non_feeding
707309161.jpg,Monarch,1,0.30356842,Feeding
707307802.jpg,Monarch,1,1.0,Feeding
707305677.jpg,Monarch,0,0.0057769096,Non_feeding
707305616.jpg,Monarch,1,0.9529996,Non_feeding
707305460.jpg,Monarch,1,1.0,Non_feeding
707305375.jpg,Monarch,1,0.9993818,Feeding
707304607.jpg,Monarch,1,0.9886988,Feeding
707303819.jpg,Monarch,0,0.00018406974,Feeding
707303816.jpg,Monarch,1,0.995968,Non_feeding
707303196.jpg,Monarch,1,0.990039,Feeding
707299050.jpg,Monarch,1,0.7907643,Non_feeding
707301647.jpg,Monarch,1,0.96758974,Non_feeding
707301216.jpg,Monarch,0,0.016400764,Non_feeding
707300232.jpg,Monarch,1,0.23790224,Non_feeding
707299356.jpg,Monarch,1,0.97104925,Non_feeding
707299175.jpg,Monarch,0,0.0029771153,Feeding
707296168.jpg,Monarch,0,0.0008950518,Feeding
707297839.jpg,Monarch,1,0.999858,Non_feeding
707295330.jpg,Monarch,1,0.43844065,Feeding
707295022.jpg,Monarch,1,0.99493897,Non_feeding
707294554.jpg,Monarch,1,0.9999999,Non_feeding
707294103.jpg,Monarch,1,0.9841235,Non_feeding
707293744.jpg,Monarch,1,0.99109966,Non_feeding
707294044.jpg,Monarch,0,0.0008766581,Feeding
707293026.jpg,Monarch,1,0.13665117,Non_feeding
707292499.jpg,Monarch,1,0.9999925,Feeding
707291695.jpg,Monarch,1,0.9972371,Non_feeding
707290096.jpg,Monarch,1,0.99999905,Non_feeding
707286168.jpg,Monarch,1,0.4348487,Non_feeding
707289253.jpg,Monarch,1,0.8827093,Non_feeding
707288697.jpg,Monarch,1,0.9999765,Non_feeding
707288091.jpg,Monarch,1,0.99999976,Non_feeding
707287762.jpg,Monarch,0,0.000119339864,Non_feeding
707286971.jpg,Monarch,1,0.9998944,Non_feeding
707285764.jpg,Monarch,1,0.99999464,Feeding
707284170.jpg,Monarch,0,0.027142357,Feeding
707282658.jpg,Monarch,1,0.9987287,Feeding
707281780.jpg,Monarch,1,0.9999007,Non_feeding
707279824.jpg,Monarch,1,0.16173877,Non_feeding
707270271.jpg,Monarch,0,0.022713432,Feeding
707276401.jpg,Monarch,0,6.232883e-06,Feeding
707266471.jpg,Monarch,0,0.04087843,Feeding
707270589.jpg,Monarch,0,9.231015e-05,Non_feeding
707269317.jpg,Monarch,0,0.00092212966,Feeding
708180463.jpg,Monarch,1,0.49453026,Non_feeding
707265330.jpg,Monarch,0,0.00013520209,Non_feeding
707264234.jpg,Monarch,1,0.99714166,Non_feeding
707264053.jpg,Monarch,1,0.9999963,Feeding
708509357.jpg,Monarch,1,0.99985814,Non_feeding
707258628.jpg,Monarch,1,0.99992454,Feeding
707853707.jpg,Monarch,1,0.9991497,Feeding
707250347.jpg,Monarch,1,0.3141784,Feeding
707252970.jpg,Monarch,0,0.047836185,Feeding
707251813.jpg,Monarch,1,0.27348897,Non_feeding
707251284.jpg,Monarch,1,0.99994135,Non_feeding
707250243.jpg,Monarch,1,0.474966,Feeding
707249194.jpg,Monarch,1,0.99383974,Non_feeding
707247330.jpg,Monarch,0,0.009711517,Non_feeding
707247154.jpg,Monarch,1,0.9779783,Feeding
707246937.jpg,Monarch,1,0.99999964,Non_feeding
707246120.jpg,Monarch,0,7.63478e-05,Non_feeding
707247010.jpg,Monarch,1,0.43160295,Feeding
707245775.jpg,Monarch,1,1.0,Non_feeding
707245322.jpg,Monarch,1,0.99991035,Non_feeding
707244385.jpg,Monarch,0,0.0061871056,Feeding
707244146.jpg,Monarch,1,0.9643541,Non_feeding
707244089.jpg,Monarch,0,0.023072584,Non_feeding
707244083.jpg,Monarch,1,0.9864886,Feeding
707243432.jpg,Monarch,1,0.9999999,Non_feeding
707242707.jpg,Monarch,0,0.00014685217,Non_feeding
707243934.jpg,Monarch,1,0.99989295,Feeding
707242051.jpg,Monarch,1,0.9999107,Non_feeding
707239337.jpg,Monarch,1,0.90769297,Non_feeding
707237357.jpg,Monarch,1,0.9999397,Feeding
707235091.jpg,Monarch,1,0.99999976,Non_feeding
707233801.jpg,Monarch,0,0.0034712497,Non_feeding
707232863.jpg,Monarch,1,0.12847984,Feeding
707232316.jpg,Monarch,1,0.9712056,Feeding
707232081.jpg,Monarch,1,0.994929,Feeding
707231898.jpg,Monarch,0,6.3133455e-05,Non_feeding
707229001.jpg,Monarch,0,0.0005059509,Feeding
707228423.jpg,Monarch,1,0.97566223,Non_feeding
707227197.jpg,Monarch,1,0.85419303,Feeding
707226526.jpg,Monarch,0,0.0047703437,Feeding
707225522.jpg,Monarch,1,0.3255455,Non_feeding
707225015.jpg,Monarch,1,0.99977183,Non_feeding
707223750.jpg,Monarch,0,0.00079082587,Non_feeding
707189821.jpg,Monarch,1,0.9565735,Non_feeding
707223618.jpg,Monarch,1,0.9999964,Non_feeding
707222039.jpg,Monarch,1,1.0,Non_feeding
707221951.jpg,Monarch,1,0.98487383,Non_feeding
707221408.jpg,Monarch,1,0.9996455,Non_feeding
707220656.jpg,Monarch,1,0.99999857,Non_feeding
707220337.jpg,Monarch,1,1.0,Non_feeding
707218749.jpg,Monarch,0,0.0024005496,Feeding
707218212.jpg,Monarch,1,1.0,Non_feeding
707217703.jpg,Monarch,1,0.99241245,Non_feeding
707216242.jpg,Monarch,0,0.0006559182,Non_feeding
707210644.jpg,Monarch,1,0.876134,Non_feeding
707209817.jpg,Monarch,0,0.0088888975,Non_feeding
707208946.jpg,Monarch,0,0.009346328,Non_feeding
707209206.jpg,Monarch,1,0.99507064,Non_feeding
707204928.jpg,Monarch,0,5.4404613e-06,Non_feeding
707202892.jpg,Monarch,1,0.9047421,Feeding
707202032.jpg,Monarch,0,0.03801539,Feeding
707201604.jpg,Monarch,1,0.9999982,Non_feeding
707200796.jpg,Monarch,0,0.0021992864,Feeding
707198921.jpg,Monarch,0,0.049375765,Feeding
707199523.jpg,Monarch,1,0.99997663,Feeding
707194844.jpg,Monarch,1,0.99984217,Non_feeding
707191109.jpg,Monarch,0,0.00033338522,Non_feeding
707190096.jpg,Monarch,1,0.99977815,Non_feeding
707188680.jpg,Monarch,1,0.34268478,Feeding
707188666.jpg,Monarch,1,0.9981815,Feeding
707187872.jpg,Monarch,1,0.9999727,Non_feeding
707185919.jpg,Monarch,1,0.9999987,Non_feeding
707185370.jpg,Monarch,0,0.0030412106,Non_feeding
707184771.jpg,Monarch,0,0.00010219172,Non_feeding
707184219.jpg,Monarch,1,0.98020476,Feeding
707181503.jpg,Monarch,1,0.85545194,Feeding
707178072.jpg,Monarch,1,0.16200069,Non_feeding
707176923.jpg,Monarch,0,0.02061011,Non_feeding
707483704.jpg,Monarch,0,0.022512259,Non_feeding
707151543.jpg,Monarch,1,0.40406993,Feeding
707151541.jpg,Monarch,1,0.9997211,Non_feeding
707151507.jpg,Monarch,1,0.28702548,Feeding
707149348.jpg,Monarch,0,0.010289798,Non_feeding
707149309.jpg,Monarch,0,0.002046456,Feeding
707149212.jpg,Monarch,0,0.006029443,Feeding
707149076.jpg,Monarch,1,0.15470807,Feeding
707149033.jpg,Monarch,1,0.9961122,Non_feeding
707157790.jpg,Monarch,1,0.9660565,Non_feeding
707153523.jpg,Monarch,1,0.99759656,Non_feeding
707153515.jpg,Monarch,0,0.06889346,Feeding
707153353.jpg,Monarch,1,0.66270286,Feeding
707152967.jpg,Monarch,0,0.0043558693,Non_feeding
707146000.jpg,Monarch,1,0.9999993,Non_feeding
707143306.jpg,Monarch,1,0.99830556,Non_feeding
707142094.jpg,Monarch,1,0.29388794,Non_feeding
707141227.jpg,Monarch,1,0.25448012,Feeding
707132934.jpg,Monarch,0,0.058422282,Non_feeding
707105982.jpg,Monarch,1,0.20807585,Feeding
707105972.jpg,Monarch,0,0.09576491,Feeding
707105952.jpg,Monarch,1,0.6439852,Feeding
707105857.jpg,Monarch,0,3.1566567e-05,Feeding
707105783.jpg,Monarch,1,0.9852512,Non_feeding
707100691.jpg,Monarch,1,0.62007076,Feeding
707092201.jpg,Monarch,1,0.80965996,Feeding
707088493.jpg,Monarch,1,0.9999758,Feeding
707087217.jpg,Monarch,1,0.34658188,Feeding
707087013.jpg,Monarch,1,0.99167776,Non_feeding
707084919.jpg,Monarch,1,0.9071223,Feeding
707078724.jpg,Monarch,1,0.84697014,Feeding
707070626.jpg,Monarch,1,0.9999995,Non_feeding
707070929.jpg,Monarch,1,0.75486493,Feeding
707069324.jpg,Monarch,1,0.9623009,Non_feeding
707068542.jpg,Monarch,1,0.9917786,Feeding
707068034.jpg,Monarch,1,0.2771183,Non_feeding
707065673.jpg,Monarch,1,0.91053116,Non_feeding
707065671.jpg,Monarch,0,0.0128567135,Non_feeding
707065662.jpg,Monarch,1,0.7258536,Non_feeding
707065626.jpg,Monarch,0,0.025663437,Non_feeding
707064476.jpg,Monarch,0,0.003334621,Feeding
707060709.jpg,Monarch,1,0.6073356,Non_feeding
707062062.jpg,Monarch,1,0.904819,Non_feeding
707061728.jpg,Monarch,1,0.99118924,Feeding
707061530.jpg,Monarch,1,0.9979202,Non_feeding
707060844.jpg,Monarch,1,0.99890673,Non_feeding
707059867.jpg,Monarch,1,0.9988826,Feeding
707050235.jpg,Monarch,1,0.30628538,Non_feeding
707042667.jpg,Monarch,0,0.0070106965,Feeding
707045648.jpg,Monarch,0,0.008911939,Feeding
707047356.jpg,Monarch,0,0.00014057847,Feeding
707044438.jpg,Monarch,0,0.0015314799,Feeding
707040141.jpg,Monarch,1,0.8184112,Non_feeding
707039246.jpg,Monarch,1,0.37815416,Non_feeding
707031832.jpg,Monarch,1,0.23545171,Non_feeding
707031754.jpg,Monarch,1,0.6957963,Non_feeding
707041899.jpg,Monarch,1,0.9973265,Non_feeding
707023125.jpg,Monarch,0,0.013177293,Non_feeding
707023091.jpg,Monarch,0,0.0012953843,Feeding
707039245.jpg,Monarch,1,0.1315751,Non_feeding
707034947.jpg,Monarch,0,0.025317522,Feeding
707034054.jpg,Monarch,0,0.0015318439,Non_feeding
707033612.jpg,Monarch,1,0.9964753,Feeding
707031820.jpg,Monarch,0,0.00023133213,Feeding
707028779.jpg,Monarch,1,0.3745858,Feeding
707025941.jpg,Monarch,1,0.6834452,Feeding
707025197.jpg,Monarch,1,0.98628676,Non_feeding
707021617.jpg,Monarch,1,0.99366504,Non_feeding
707021440.jpg,Monarch,1,0.96536946,Feeding
707021293.jpg,Monarch,1,0.51374173,Feeding
707012823.jpg,Monarch,1,0.23483099,Feeding
707012345.jpg,Monarch,1,0.97266734,Non_feeding
707016032.jpg,Monarch,1,0.97817594,Feeding
707005256.jpg,Monarch,1,0.6189852,Feeding
707009477.jpg,Monarch,1,0.9999999,Feeding
707005816.jpg,Monarch,1,0.99913836,Non_feeding
707007085.jpg,Monarch,1,0.9989874,Non_feeding
707005140.jpg,Monarch,0,0.091352634,Non_feeding
707003745.jpg,Monarch,0,0.04505102,Feeding
706996923.jpg,Monarch,1,0.92656,Non_feeding
707000306.jpg,Monarch,1,0.99559194,Non_feeding
706998160.jpg,Monarch,1,1.0,Non_feeding
706993561.jpg,Monarch,1,0.9933704,Feeding
706993448.jpg,Monarch,1,0.99833506,Non_feeding
706993035.jpg,Monarch,1,0.23174228,Non_feeding
706990360.jpg,Monarch,1,0.99994695,Non_feeding
706989604.jpg,Monarch,1,0.9982577,Non_feeding
706989171.jpg,Monarch,1,0.99966574,Non_feeding
706985512.jpg,Monarch,0,0.007686469,Non_feeding
706985096.jpg,Monarch,1,0.99993074,Non_feeding
706984419.jpg,Monarch,1,0.99998224,Non_feeding
706984279.jpg,Monarch,1,0.98913926,Feeding
706984113.jpg,Monarch,1,0.9914621,Feeding
706984041.jpg,Monarch,1,1.0,Feeding
706983948.jpg,Monarch,1,0.9999422,Feeding
706981492.jpg,Monarch,0,0.0006950903,Feeding
706973192.jpg,Monarch,0,1.2890999e-05,Non_feeding
706980352.jpg,Monarch,1,0.20998865,Feeding
706976704.jpg,Monarch,1,0.2754483,Non_feeding
706976409.jpg,Monarch,0,0.045172457,Feeding
706976421.jpg,Monarch,1,0.9999912,Non_feeding
706977149.jpg,Monarch,1,0.99915683,Non_feeding
706977360.jpg,Monarch,1,0.99997437,Non_feeding
706974657.jpg,Monarch,1,0.9864255,Non_feeding
706973949.jpg,Monarch,1,0.9999639,Non_feeding
706973320.jpg,Monarch,0,0.0044855643,Feeding
706972907.jpg,Monarch,1,0.34439555,Non_feeding
706971799.jpg,Monarch,1,1.0,Feeding
706971845.jpg,Monarch,1,0.9996182,Feeding
706971685.jpg,Monarch,1,0.9485135,Non_feeding
706971482.jpg,Monarch,1,0.8572542,Non_feeding
706970920.jpg,Monarch,1,0.27127093,Non_feeding
706970503.jpg,Monarch,1,0.16849777,Feeding
706970109.jpg,Monarch,0,0.015313499,Feeding
706969631.jpg,Monarch,1,0.8852413,Non_feeding
706969431.jpg,Monarch,1,0.9998702,Feeding
706969144.jpg,Monarch,1,0.9933013,Non_feeding
706967950.jpg,Monarch,1,0.825308,Feeding
706966902.jpg,Monarch,0,0.012745777,Feeding
706966928.jpg,Monarch,1,0.3212928,Feeding
706966655.jpg,Monarch,1,0.99947464,Non_feeding
706961710.jpg,Monarch,1,0.999876,Non_feeding
706961331.jpg,Monarch,1,0.9999869,Non_feeding
707221911.jpg,Monarch,1,0.9999938,Non_feeding
706956276.jpg,Monarch,1,0.96043265,Non_feeding
706956231.jpg,Monarch,1,0.99990714,Non_feeding
706956161.jpg,Monarch,1,0.99404645,Non_feeding
706956160.jpg,Monarch,1,0.99999976,Non_feeding
706956751.jpg,Monarch,1,0.6843979,Non_feeding
708065403.jpg,Monarch,0,0.0019086184,Non_feeding
706955841.jpg,Monarch,0,0.0233949,Feeding
706955848.jpg,Monarch,1,0.7194515,Feeding
706955005.jpg,Monarch,0,0.0011364223,Non_feeding
706953497.jpg,Monarch,1,0.9987452,Feeding
706947438.jpg,Monarch,0,0.00022267332,Feeding
706951389.jpg,Monarch,1,0.99999976,Non_feeding
706950663.jpg,Monarch,1,0.99874413,Feeding
710289658.jpg,Monarch,1,0.99995756,Non_feeding
706949254.jpg,Monarch,1,0.28031844,Feeding
706948631.jpg,Monarch,1,0.75168437,Non_feeding
706948274.jpg,Monarch,1,0.99893326,Non_feeding
712029858.jpg,Monarch,0,0.008460671,Non_feeding
706942108.jpg,Monarch,1,0.9999058,Non_feeding
706943503.jpg,Monarch,1,0.99974304,Non_feeding
706940090.jpg,Monarch,1,1.0,Non_feeding
706939735.jpg,Monarch,1,0.99920195,Feeding
706939043.jpg,Monarch,1,0.9986424,Non_feeding
706938707.jpg,Monarch,1,0.13552666,Non_feeding
706937893.jpg,Monarch,1,0.9885768,Non_feeding
706937002.jpg,Monarch,1,0.95034057,Non_feeding
706933896.jpg,Monarch,1,0.66477746,Non_feeding
706932851.jpg,Monarch,1,0.99601406,Non_feeding
706933449.jpg,Monarch,1,0.9998418,Non_feeding
706933904.jpg,Monarch,0,0.00027864715,Non_feeding
706934131.jpg,Monarch,1,0.9167103,Non_feeding
706933056.jpg,Monarch,1,0.9989423,Non_feeding
706932261.jpg,Monarch,0,0.0045263576,Feeding
706932119.jpg,Monarch,1,0.9999989,Non_feeding
706930259.jpg,Monarch,1,0.99947786,Feeding
706930072.jpg,Monarch,1,0.99999213,Non_feeding
706929916.jpg,Monarch,0,0.0241418,Non_feeding
706929687.jpg,Monarch,1,0.22947522,Non_feeding
706929345.jpg,Monarch,1,0.93135434,Non_feeding
706928366.jpg,Monarch,1,0.9999999,Non_feeding
706928168.jpg,Monarch,1,0.99972767,Non_feeding
706928115.jpg,Monarch,1,0.9999243,Feeding
706927901.jpg,Monarch,1,1.0,Non_feeding
706915601.jpg,Monarch,0,0.009280676,Feeding
706926896.jpg,Monarch,0,0.04862848,Non_feeding
706926831.jpg,Monarch,1,0.81924504,Feeding
706926692.jpg,Monarch,0,0.05997613,Feeding
706927093.jpg,Monarch,1,0.9941168,Non_feeding
706925690.jpg,Monarch,0,0.00029496697,Feeding
706925441.jpg,Monarch,0,0.0037382944,Feeding
706924764.jpg,Monarch,1,0.29906964,Non_feeding
706924489.jpg,Monarch,0,0.08899392,Feeding
706923439.jpg,Monarch,1,0.99981964,Non_feeding
706922738.jpg,Monarch,1,0.99486274,Feeding
706922211.jpg,Monarch,1,0.35128438,Non_feeding
706922097.jpg,Monarch,1,0.9988594,Feeding
706922024.jpg,Monarch,1,0.9959973,Non_feeding
706919294.jpg,Monarch,1,1.0,Non_feeding
706918559.jpg,Monarch,1,0.9995493,Feeding
706917347.jpg,Monarch,1,0.99407035,Feeding
706917135.jpg,Monarch,1,1.0,Non_feeding
706915863.jpg,Monarch,1,0.9999999,Non_feeding
706915461.jpg,Monarch,1,0.9999629,Non_feeding
706942750.jpg,Monarch,1,0.9718264,Feeding
706910779.jpg,Monarch,1,0.4568247,Non_feeding
706910744.jpg,Monarch,0,0.0010894263,Non_feeding
706910721.jpg,Monarch,0,0.09301344,Feeding
706910405.jpg,Monarch,0,0.08997847,Feeding
706910300.jpg,Monarch,1,0.80051607,Feeding
706910247.jpg,Monarch,1,0.97840637,Non_feeding
706910217.jpg,Monarch,1,0.9860891,Non_feeding
706910214.jpg,Monarch,0,0.0777897,Feeding
706910170.jpg,Monarch,1,0.7353233,Feeding
706910127.jpg,Monarch,0,0.0068721985,Feeding
706910095.jpg,Monarch,1,0.39212695,Feeding
706909901.jpg,Monarch,1,0.3682807,Feeding
706909887.jpg,Monarch,0,1.3770787e-05,Feeding
706912588.jpg,Monarch,1,0.9997885,Feeding
706912066.jpg,Monarch,1,0.9999676,Non_feeding
706911591.jpg,Monarch,1,0.9991656,Non_feeding
706911498.jpg,Monarch,1,0.29617864,Feeding
706911377.jpg,Monarch,1,0.8373813,Feeding
706910754.jpg,Monarch,1,0.99999094,Non_feeding
706909629.jpg,Monarch,1,1.0,Non_feeding
706908820.jpg,Monarch,1,0.988912,Feeding
706908664.jpg,Monarch,1,1.0,Non_feeding
706907854.jpg,Monarch,1,0.99881476,Feeding
706894850.jpg,Monarch,0,0.002672391,Feeding
706903937.jpg,Monarch,1,0.5584635,Feeding
706907057.jpg,Monarch,1,0.9999957,Non_feeding
706905088.jpg,Monarch,0,0.096015036,Non_feeding
706904477.jpg,Monarch,0,0.012779987,Non_feeding
706904142.jpg,Monarch,1,0.22326778,Non_feeding
706903078.jpg,Monarch,0,0.05267516,Feeding
706899446.jpg,Monarch,1,0.97496504,Feeding
706902881.jpg,Monarch,1,0.9999999,Non_feeding
706902620.jpg,Monarch,1,0.9936194,Non_feeding
706901536.jpg,Monarch,0,0.046755455,Feeding
706901539.jpg,Monarch,1,0.9999962,Non_feeding
706900471.jpg,Monarch,1,0.9975199,Feeding
706901141.jpg,Monarch,1,0.99903107,Non_feeding
706901007.jpg,Monarch,1,0.84818155,Non_feeding
706900661.jpg,Monarch,0,0.014529392,Feeding
706900096.jpg,Monarch,1,1.0,Non_feeding
706899289.jpg,Monarch,1,0.9999887,Non_feeding
706897346.jpg,Monarch,1,0.99289286,Non_feeding
706896483.jpg,Monarch,0,0.0031871204,Non_feeding
706883562.jpg,Monarch,1,0.84779686,Non_feeding
706892853.jpg,Monarch,1,0.99984705,Feeding
706892069.jpg,Monarch,1,0.9999125,Feeding
706891752.jpg,Monarch,1,0.9980515,Non_feeding
706889978.jpg,Monarch,0,0.008326812,Non_feeding
706888578.jpg,Monarch,0,0.028843626,Non_feeding
706888809.jpg,Monarch,1,0.9437069,Feeding
706886811.jpg,Monarch,0,0.012064982,Feeding
706887270.jpg,Monarch,1,0.9999709,Non_feeding
706887223.jpg,Monarch,1,0.9999325,Non_feeding
706887201.jpg,Monarch,1,0.99816704,Non_feeding
706887142.jpg,Monarch,1,1.0,Non_feeding
706887129.jpg,Monarch,0,0.07891802,Non_feeding
706886218.jpg,Monarch,0,0.00048422258,Feeding
706885879.jpg,Monarch,1,0.99963737,Non_feeding
706885770.jpg,Monarch,1,0.99542445,Non_feeding
706882512.jpg,Monarch,1,1.0,Non_feeding
706881802.jpg,Monarch,1,0.9998019,Feeding
706880628.jpg,Monarch,1,0.9999999,Non_feeding
706876544.jpg,Monarch,0,0.056629356,Non_feeding
706878967.jpg,Monarch,1,0.99126583,Non_feeding
706878922.jpg,Monarch,1,0.9999999,Non_feeding
706878833.jpg,Monarch,1,1.0,Non_feeding
706878652.jpg,Monarch,1,0.99603015,Feeding
706878168.jpg,Monarch,0,0.0020282008,Non_feeding
706878117.jpg,Monarch,1,1.0,Non_feeding
706878082.jpg,Monarch,1,1.0,Non_feeding
706877997.jpg,Monarch,1,0.9999273,Non_feeding
706877269.jpg,Monarch,1,0.99795854,Non_feeding
706876955.jpg,Monarch,1,0.802318,Non_feeding
706875832.jpg,Monarch,1,0.106884256,Non_feeding
706875801.jpg,Monarch,1,0.99497896,Non_feeding
706875348.jpg,Monarch,1,0.7497893,Feeding
706875203.jpg,Monarch,0,0.0009749268,Non_feeding
706875195.jpg,Monarch,1,1.0,Non_feeding
706874625.jpg,Monarch,1,0.418425,Non_feeding
706827660.jpg,Monarch,1,0.9999999,Non_feeding
706871435.jpg,Monarch,0,0.062060297,Non_feeding
706869647.jpg,Monarch,0,0.007371856,Non_feeding
706868175.jpg,Monarch,1,0.7837871,Non_feeding
706867714.jpg,Monarch,1,1.0,Non_feeding
706867047.jpg,Monarch,1,0.99999976,Feeding
706866232.jpg,Monarch,1,0.55946237,Non_feeding
706866180.jpg,Monarch,1,0.9973948,Non_feeding
706866146.jpg,Monarch,1,0.99996257,Feeding
706861735.jpg,Monarch,1,0.98906124,Feeding
706862504.jpg,Monarch,1,0.99107015,Non_feeding
706860943.jpg,Monarch,1,1.0,Non_feeding
706860558.jpg,Monarch,1,0.99539405,Non_feeding
706860602.jpg,Monarch,1,0.6334505,Feeding
706857476.jpg,Monarch,1,0.99863726,Non_feeding
706859316.jpg,Monarch,1,1.0,Non_feeding
706859072.jpg,Monarch,1,0.24364297,Non_feeding
706859058.jpg,Monarch,1,0.999841,Non_feeding
708579688.jpg,Monarch,1,0.9996656,Non_feeding
706871659.jpg,Monarch,1,1.0,Non_feeding
706854965.jpg,Monarch,1,0.19927572,Feeding
706854058.jpg,Monarch,1,0.9999727,Feeding
706853311.jpg,Monarch,1,0.975231,Non_feeding
706851898.jpg,Monarch,1,1.0,Non_feeding
706851728.jpg,Monarch,1,0.99909544,Non_feeding
706850954.jpg,Monarch,1,0.50210524,Feeding
706850694.jpg,Monarch,1,0.99997985,Non_feeding
706850598.jpg,Monarch,1,0.13159482,Non_feeding
706850645.jpg,Monarch,1,0.99994123,Feeding
706850494.jpg,Monarch,1,1.0,Non_feeding
706850425.jpg,Monarch,1,0.5130752,Non_feeding
706845426.jpg,Monarch,1,0.9975266,Non_feeding
706850365.jpg,Monarch,1,0.99981415,Non_feeding
706850312.jpg,Monarch,1,1.0,Non_feeding
706849723.jpg,Monarch,1,0.30071756,Feeding
706848052.jpg,Monarch,1,0.9966428,Non_feeding
706846678.jpg,Monarch,1,1.0,Non_feeding
706844454.jpg,Monarch,1,0.6192077,Non_feeding
706844151.jpg,Monarch,1,0.808226,Non_feeding
706843915.jpg,Monarch,1,0.9829319,Non_feeding
706844315.jpg,Monarch,1,0.65870374,Feeding
706842615.jpg,Monarch,1,0.99909765,Non_feeding
706841348.jpg,Monarch,1,0.3816032,Feeding
706840585.jpg,Monarch,1,0.99997175,Non_feeding
706839774.jpg,Monarch,0,0.0005695775,Non_feeding
706838902.jpg,Monarch,1,0.34565055,Non_feeding
706836495.jpg,Monarch,1,0.9999442,Non_feeding
706835986.jpg,Monarch,1,0.9999968,Non_feeding
706834316.jpg,Monarch,0,0.005069612,Feeding
706831830.jpg,Monarch,0,0.00019317743,Feeding
706833254.jpg,Monarch,1,1.0,Non_feeding
706831657.jpg,Monarch,1,0.9995172,Non_feeding
706830723.jpg,Monarch,1,1.0,Non_feeding
707027612.jpg,Monarch,1,0.9989857,Feeding
706830230.jpg,Monarch,1,0.9917197,Feeding
706829869.jpg,Monarch,1,0.9999335,Non_feeding
706826171.jpg,Monarch,1,0.9999634,Non_feeding
706824128.jpg,Monarch,0,0.00036390044,Non_feeding
706823734.jpg,Monarch,0,0.009945702,Feeding
706823045.jpg,Monarch,1,1.0,Non_feeding
706822145.jpg,Monarch,0,0.053108584,Non_feeding
706821859.jpg,Monarch,0,0.00016821381,Feeding
706818796.jpg,Monarch,1,0.99745744,Non_feeding
706817099.jpg,Monarch,0,0.04804074,Feeding
706816098.jpg,Monarch,1,0.5783699,Non_feeding
706815819.jpg,Monarch,0,0.043349914,Non_feeding
706814787.jpg,Monarch,1,1.0,Non_feeding
706813720.jpg,Monarch,0,0.074112065,Non_feeding
706813670.jpg,Monarch,1,0.9999999,Non_feeding
706813355.jpg,Monarch,0,0.006557362,Non_feeding
706811455.jpg,Monarch,1,0.40001863,Non_feeding
706810148.jpg,Monarch,1,0.5299015,Feeding
706809247.jpg,Monarch,0,0.00035414504,Non_feeding
706807503.jpg,Monarch,1,0.99947345,Feeding
706807455.jpg,Monarch,1,0.9999945,Feeding
706807068.jpg,Monarch,1,0.6499381,Non_feeding
706806731.jpg,Monarch,1,0.104562685,Non_feeding
706805459.jpg,Monarch,1,0.9875886,Non_feeding
706805160.jpg,Monarch,1,1.0,Non_feeding
706802301.jpg,Monarch,1,0.10797519,Non_feeding
706799365.jpg,Monarch,0,0.0025247447,Non_feeding
706801130.jpg,Monarch,1,1.0,Non_feeding
706800982.jpg,Monarch,0,0.074739516,Non_feeding
706800623.jpg,Monarch,1,0.53037,Non_feeding
706799912.jpg,Monarch,1,0.99059606,Non_feeding
706798402.jpg,Monarch,1,0.99599624,Non_feeding
706798039.jpg,Monarch,1,0.9999995,Non_feeding
706797529.jpg,Monarch,0,0.06437941,Feeding
706797505.jpg,Monarch,0,0.00814158,Feeding
706797472.jpg,Monarch,1,0.41375887,Feeding
706796884.jpg,Monarch,1,0.99343574,Non_feeding
707162066.jpg,Monarch,1,0.9999776,Non_feeding
706796730.jpg,Monarch,1,0.5811216,Feeding
706795367.jpg,Monarch,1,0.9960121,Non_feeding
706794314.jpg,Monarch,1,0.53139055,Non_feeding
706877590.jpg,Monarch,1,0.579268,Non_feeding
706794168.jpg,Monarch,1,0.9972178,Non_feeding
706792963.jpg,Monarch,1,0.9947017,Feeding
706792352.jpg,Monarch,1,0.9949314,Non_feeding
706791415.jpg,Monarch,1,0.9381134,Non_feeding
706791045.jpg,Monarch,1,0.9996247,Non_feeding
706788873.jpg,Monarch,1,0.9956248,Non_feeding
706786083.jpg,Monarch,0,0.0014540462,Feeding
706784509.jpg,Monarch,1,1.0,Non_feeding
706783868.jpg,Monarch,1,0.9999974,Feeding
706784170.jpg,Monarch,1,0.41575536,Feeding
706782179.jpg,Monarch,1,0.9999987,Non_feeding
706780414.jpg,Monarch,1,0.9968836,Non_feeding
706779946.jpg,Monarch,1,0.98833746,Feeding
706779060.jpg,Monarch,1,0.999985,Feeding
706771443.jpg,Monarch,0,0.00037936014,Non_feeding
706777390.jpg,Monarch,1,0.46809813,Non_feeding
706776652.jpg,Monarch,1,0.11572721,Non_feeding
706757174.jpg,Monarch,1,0.9999999,Non_feeding
706776551.jpg,Monarch,1,0.99911207,Non_feeding
706775539.jpg,Monarch,0,0.0049949987,Non_feeding
706774810.jpg,Monarch,1,0.94207925,Non_feeding
706774521.jpg,Monarch,1,0.9976668,Non_feeding
706773353.jpg,Monarch,1,0.9280101,Non_feeding
706769889.jpg,Monarch,0,0.034321364,Feeding
706771143.jpg,Monarch,1,0.99999607,Non_feeding
706771175.jpg,Monarch,1,0.9975278,Feeding
706769103.jpg,Monarch,1,0.9004319,Feeding
706764713.jpg,Monarch,0,0.001994487,Feeding
706765177.jpg,Monarch,1,0.7210659,Feeding
706764880.jpg,Monarch,1,0.7684003,Non_feeding
706764446.jpg,Monarch,1,0.46957594,Feeding
706764152.jpg,Monarch,1,0.79072577,Non_feeding
706763369.jpg,Monarch,1,0.9999963,Non_feeding
706762065.jpg,Monarch,1,0.9985045,Non_feeding
706761212.jpg,Monarch,1,1.0,Non_feeding
706759864.jpg,Monarch,1,0.99270695,Feeding
706759466.jpg,Monarch,1,1.0,Non_feeding
706753770.jpg,Monarch,0,0.009136958,Feeding
706758762.jpg,Monarch,1,0.97907305,Non_feeding
706758210.jpg,Monarch,1,0.13117017,Feeding
706891896.jpg,Monarch,1,1.0,Non_feeding
706757010.jpg,Monarch,1,0.9993135,Non_feeding
706755626.jpg,Monarch,0,0.002661377,Feeding
706755814.jpg,Monarch,1,0.99999964,Non_feeding
706755335.jpg,Monarch,1,0.9999999,Non_feeding
706755117.jpg,Monarch,1,0.98208773,Non_feeding
706754198.jpg,Monarch,1,0.9999049,Feeding
706753947.jpg,Monarch,1,1.0,Non_feeding
706751706.jpg,Monarch,0,0.041738745,Non_feeding
706754930.jpg,Monarch,1,0.94011176,Non_feeding
706749358.jpg,Monarch,1,0.22293246,Non_feeding
706747535.jpg,Monarch,1,0.9995923,Non_feeding
706747435.jpg,Monarch,1,0.99999964,Non_feeding
706747299.jpg,Monarch,1,0.6383141,Non_feeding
706744915.jpg,Monarch,1,0.99999964,Non_feeding
706736880.jpg,Monarch,1,0.4662494,Non_feeding
706760044.jpg,Monarch,0,0.0023087075,Non_feeding
706742466.jpg,Monarch,1,0.9930542,Feeding
706740975.jpg,Monarch,1,0.9999999,Feeding
706739747.jpg,Monarch,1,0.9999831,Non_feeding
706739438.jpg,Monarch,1,0.98910755,Non_feeding
706738651.jpg,Monarch,0,0.024920588,Feeding
706738696.jpg,Monarch,1,0.99911207,Non_feeding
706735189.jpg,Monarch,0,0.03917203,Non_feeding
706798230.jpg,Monarch,1,0.9999877,Non_feeding
706736803.jpg,Monarch,1,0.99457854,Feeding
706734899.jpg,Monarch,1,0.12627332,Feeding
706734547.jpg,Monarch,1,0.9040097,Non_feeding
706733779.jpg,Monarch,1,0.75652856,Non_feeding
706732657.jpg,Monarch,0,0.071092196,Non_feeding
706730631.jpg,Monarch,1,0.9999999,Feeding
706730319.jpg,Monarch,0,0.037102297,Non_feeding
706728358.jpg,Monarch,1,0.8283948,Feeding
706728254.jpg,Monarch,1,0.57177246,Feeding
706730020.jpg,Monarch,1,0.99997056,Non_feeding
706729859.jpg,Monarch,0,0.00035313983,Non_feeding
706729788.jpg,Monarch,1,0.6011803,Non_feeding
706714953.jpg,Monarch,0,0.00017158085,Non_feeding
706725101.jpg,Monarch,1,0.39057082,Feeding
706723677.jpg,Monarch,1,0.10756741,Feeding
706724183.jpg,Monarch,0,0.004408031,Feeding
706723862.jpg,Monarch,1,0.24695563,Feeding
706722102.jpg,Monarch,1,0.73595047,Feeding
706720412.jpg,Monarch,1,0.8811051,Non_feeding
706719354.jpg,Monarch,1,0.9999131,Non_feeding
706718174.jpg,Monarch,0,4.214439e-07,Non_feeding
706717886.jpg,Monarch,1,0.9545226,Feeding
706717030.jpg,Monarch,1,0.99994123,Feeding
706691637.jpg,Monarch,1,0.98975873,Non_feeding
706716069.jpg,Monarch,1,0.9960001,Feeding
706715827.jpg,Monarch,1,0.98889416,Non_feeding
706713642.jpg,Monarch,1,0.9351598,Non_feeding
706734467.jpg,Monarch,1,0.72263116,Non_feeding
706711135.jpg,Monarch,1,0.6807031,Non_feeding
706711186.jpg,Monarch,0,0.047400977,Feeding
706711053.jpg,Monarch,1,0.9996129,Non_feeding
706701529.jpg,Monarch,1,0.98354626,Non_feeding
706708538.jpg,Monarch,1,1.0,Non_feeding
706708161.jpg,Monarch,1,0.998176,Non_feeding
706706601.jpg,Monarch,1,0.99802387,Feeding
706704400.jpg,Monarch,1,0.99999285,Non_feeding
706698756.jpg,Monarch,0,0.00023235363,Feeding
706701730.jpg,Monarch,1,0.9988876,Non_feeding
706699673.jpg,Monarch,1,0.1706429,Feeding
706693985.jpg,Monarch,1,0.9973533,Non_feeding
706693974.jpg,Monarch,1,0.9985757,Non_feeding
706690268.jpg,Monarch,0,0.00013093637,Feeding
706691601.jpg,Monarch,0,0.00836501,Non_feeding
706691471.jpg,Monarch,1,0.999997,Non_feeding
706691302.jpg,Monarch,1,1.0,Non_feeding
706689032.jpg,Monarch,1,0.88821566,Non_feeding
706689688.jpg,Monarch,1,0.15191197,Non_feeding
706689587.jpg,Monarch,0,6.790345e-05,Non_feeding
706690111.jpg,Monarch,0,0.09885437,Feeding
706686980.jpg,Monarch,1,0.9345743,Feeding
706685674.jpg,Monarch,1,0.99852896,Feeding
706685145.jpg,Monarch,1,0.9984083,Non_feeding
706985625.jpg,Monarch,1,0.9883786,Non_feeding
706682870.jpg,Monarch,1,0.9928421,Feeding
706681332.jpg,Monarch,1,1.0,Non_feeding
706681057.jpg,Monarch,0,0.0045062704,Feeding
706680052.jpg,Monarch,1,0.99989617,Feeding
706679181.jpg,Monarch,0,0.0023150402,Non_feeding
706677938.jpg,Monarch,1,0.9999951,Feeding
706677041.jpg,Monarch,1,0.86540663,Non_feeding
706676012.jpg,Monarch,1,0.999961,Non_feeding
706675706.jpg,Monarch,0,0.02917815,Feeding
706674309.jpg,Monarch,1,0.9958162,Non_feeding
706672259.jpg,Monarch,0,4.913758e-05,Non_feeding
706673158.jpg,Monarch,1,0.5823768,Feeding
706671191.jpg,Monarch,1,0.98154235,Non_feeding
706667753.jpg,Monarch,1,0.91287947,Non_feeding
706667011.jpg,Monarch,1,0.5859561,Feeding
706666923.jpg,Monarch,1,0.43579334,Non_feeding
706666128.jpg,Monarch,1,0.9990746,Non_feeding
706665733.jpg,Monarch,1,0.9998834,Non_feeding
706665146.jpg,Monarch,1,0.93489176,Non_feeding
706663054.jpg,Monarch,1,1.0,Non_feeding
706666976.jpg,Monarch,1,0.9400863,Non_feeding
706660991.jpg,Monarch,1,0.9991253,Non_feeding
706659034.jpg,Monarch,1,0.99997365,Feeding
706658663.jpg,Monarch,1,0.99659246,Feeding
706658334.jpg,Monarch,1,0.99994624,Feeding
706656503.jpg,Monarch,1,0.977763,Feeding
706656282.jpg,Monarch,1,0.997168,Feeding
706655368.jpg,Monarch,1,0.98164135,Non_feeding
706650878.jpg,Monarch,1,0.99999046,Non_feeding
706646721.jpg,Monarch,0,0.00043625597,Non_feeding
706646694.jpg,Monarch,1,0.9194887,Non_feeding
706646551.jpg,Monarch,1,0.96061546,Feeding
706640068.jpg,Monarch,0,0.00262521,Feeding
706643478.jpg,Monarch,1,0.100213386,Non_feeding
706642720.jpg,Monarch,1,0.38966534,Feeding
706640505.jpg,Monarch,1,0.9999989,Non_feeding
706640447.jpg,Monarch,1,0.9837844,Non_feeding
706640150.jpg,Monarch,0,0.0038406223,Feeding
706639267.jpg,Monarch,1,0.998359,Feeding
706639252.jpg,Monarch,1,0.99763465,Non_feeding
706637942.jpg,Monarch,1,1.0,Non_feeding
706634955.jpg,Monarch,1,0.9997859,Feeding
706634648.jpg,Monarch,1,0.444805,Non_feeding
706633696.jpg,Monarch,1,0.9446834,Non_feeding
706632713.jpg,Monarch,1,0.56727624,Feeding
706632706.jpg,Monarch,1,0.99983,Non_feeding
706632150.jpg,Monarch,1,0.99993575,Non_feeding
706627688.jpg,Monarch,1,0.9649002,Feeding
706629165.jpg,Monarch,1,0.9999995,Non_feeding
706625782.jpg,Monarch,0,0.047416337,Non_feeding
706625480.jpg,Monarch,0,0.0043459786,Feeding
706624461.jpg,Monarch,1,0.99930656,Feeding
706619763.jpg,Monarch,1,1.0,Non_feeding
706619726.jpg,Monarch,1,0.9999863,Feeding
706619480.jpg,Monarch,0,0.00063543255,Non_feeding
706619305.jpg,Monarch,1,0.9789356,Non_feeding
706618977.jpg,Monarch,1,0.18094383,Non_feeding
706618849.jpg,Monarch,1,0.8113174,Non_feeding
706614902.jpg,Monarch,1,0.91766995,Non_feeding
706614552.jpg,Monarch,1,0.9784883,Non_feeding
706611181.jpg,Monarch,1,0.9999763,Feeding
706610039.jpg,Monarch,0,0.061240535,Feeding
706601090.jpg,Monarch,1,0.33573547,Non_feeding
706600127.jpg,Monarch,1,0.99997973,Non_feeding
706600160.jpg,Monarch,1,0.9372171,Feeding
706596645.jpg,Monarch,1,0.9999424,Non_feeding
706596362.jpg,Monarch,1,0.9939461,Non_feeding
706596215.jpg,Monarch,1,0.9999523,Non_feeding
706594345.jpg,Monarch,1,0.9999995,Feeding
706593439.jpg,Monarch,1,0.985185,Feeding
706593185.jpg,Monarch,0,0.049651675,Non_feeding
706591054.jpg,Monarch,1,0.9723345,Non_feeding
706588404.jpg,Monarch,1,0.14229766,Feeding
706588638.jpg,Monarch,0,0.017334038,Non_feeding
706586047.jpg,Monarch,1,0.99989533,Feeding
706580870.jpg,Monarch,1,0.99598026,Feeding
706584870.jpg,Monarch,0,7.014856e-08,Feeding
706584806.jpg,Monarch,1,0.9999982,Non_feeding
706582291.jpg,Monarch,1,0.900151,Non_feeding
706582261.jpg,Monarch,1,0.9988978,Feeding
706581104.jpg,Monarch,1,0.9999894,Non_feeding
706579078.jpg,Monarch,0,0.05265863,Feeding
706579909.jpg,Monarch,1,0.93276703,Feeding
706579875.jpg,Monarch,1,0.99997354,Non_feeding
706579053.jpg,Monarch,1,0.7207316,Feeding
706577584.jpg,Monarch,0,0.00033124987,Non_feeding
706577051.jpg,Monarch,1,0.9999999,Non_feeding
706573763.jpg,Monarch,0,0.02520428,Feeding
706571984.jpg,Monarch,1,0.98519254,Feeding
706570314.jpg,Monarch,0,0.05530683,Feeding
706569231.jpg,Monarch,1,0.59232587,Non_feeding
706567233.jpg,Monarch,1,0.99919254,Non_feeding
706564055.jpg,Monarch,1,0.9999993,Non_feeding
706562729.jpg,Monarch,1,1.0,Non_feeding
706560438.jpg,Monarch,1,1.0,Non_feeding
706559448.jpg,Monarch,1,0.99999964,Non_feeding
706557435.jpg,Monarch,1,0.1753447,Feeding
706554610.jpg,Monarch,1,0.9997816,Non_feeding
706551320.jpg,Monarch,1,0.9971758,Feeding
706547165.jpg,Monarch,1,0.23265444,Feeding
706544659.jpg,Monarch,1,0.9962065,Non_feeding
706543995.jpg,Monarch,1,0.86731625,Non_feeding
706543966.jpg,Monarch,1,1.0,Non_feeding
706539309.jpg,Monarch,1,0.700048,Feeding
706539283.jpg,Monarch,1,0.9254609,Feeding
706539281.jpg,Monarch,1,0.9999951,Feeding
706539278.jpg,Monarch,1,0.18562491,Feeding
706539218.jpg,Monarch,1,0.99999857,Feeding
706539212.jpg,Monarch,1,0.27069527,Feeding
706539214.jpg,Monarch,1,0.9877588,Feeding
706538172.jpg,Monarch,1,0.95834947,Non_feeding
706510780.jpg,Monarch,0,1.4175903e-05,Non_feeding
706485308.jpg,Monarch,1,0.9998075,Non_feeding
706485071.jpg,Monarch,1,0.99999917,Feeding
706466216.jpg,Monarch,1,0.9667225,Feeding
706461994.jpg,Monarch,1,0.9398169,Feeding
706459140.jpg,Monarch,1,0.99999976,Feeding
706456536.jpg,Monarch,1,1.0,Non_feeding
706448742.jpg,Monarch,1,0.9999995,Non_feeding
706449816.jpg,Monarch,1,0.53083736,Feeding
706447231.jpg,Monarch,1,0.794038,Feeding
706445696.jpg,Monarch,1,0.9630485,Non_feeding
706442705.jpg,Monarch,1,0.99829787,Feeding
706438338.jpg,Monarch,1,0.7963708,Non_feeding
706439044.jpg,Monarch,1,0.9950646,Non_feeding
706438312.jpg,Monarch,0,0.0068975408,Non_feeding
706437903.jpg,Monarch,1,0.9764267,Non_feeding
706432608.jpg,Monarch,1,0.7200172,Non_feeding
706431877.jpg,Monarch,1,0.99999905,Non_feeding
706431774.jpg,Monarch,1,0.99924153,Non_feeding
706431534.jpg,Monarch,1,0.9964234,Non_feeding
706429077.jpg,Monarch,1,0.70415,Non_feeding
706428482.jpg,Monarch,1,0.99997294,Feeding
706428147.jpg,Monarch,1,0.9960614,Feeding
706417306.jpg,Monarch,1,0.99984765,Feeding
706424216.jpg,Monarch,1,0.9522846,Non_feeding
706423221.jpg,Monarch,1,0.3265126,Feeding
706422099.jpg,Monarch,1,0.99991894,Feeding
706419899.jpg,Monarch,0,0.003055162,Non_feeding
706419423.jpg,Monarch,0,0.017795812,Non_feeding
706419294.jpg,Monarch,1,0.9993942,Feeding
706416927.jpg,Monarch,1,0.9978896,Feeding
706416665.jpg,Monarch,1,1.0,Non_feeding
706414942.jpg,Monarch,1,0.99999535,Non_feeding
706413205.jpg,Monarch,0,0.0075602643,Feeding
706409992.jpg,Monarch,0,0.0017151753,Non_feeding
706409564.jpg,Monarch,1,0.9889425,Feeding
706409472.jpg,Monarch,1,0.97924733,Non_feeding
706408645.jpg,Monarch,1,0.99547607,Non_feeding
706407469.jpg,Monarch,1,0.5336701,Feeding
706407752.jpg,Monarch,1,0.5050046,Non_feeding
708940866.jpg,Monarch,1,0.99105644,Non_feeding
706394004.jpg,Monarch,1,0.1059127,Non_feeding
706406199.jpg,Monarch,1,0.91442776,Non_feeding
706404697.jpg,Monarch,1,0.9992831,Non_feeding
706404581.jpg,Monarch,1,0.8393531,Non_feeding
706404221.jpg,Monarch,1,0.9999925,Non_feeding
706404016.jpg,Monarch,1,1.0,Non_feeding
706402781.jpg,Monarch,1,0.9999473,Feeding
706403105.jpg,Monarch,1,0.9902406,Feeding
706401826.jpg,Monarch,1,0.9998934,Non_feeding
706401226.jpg,Monarch,1,0.9999168,Non_feeding
706412734.jpg,Monarch,1,1.0,Non_feeding
706399311.jpg,Monarch,1,0.999936,Feeding
706398694.jpg,Monarch,1,0.9999999,Non_feeding
706392340.jpg,Monarch,1,0.34427202,Non_feeding
706392339.jpg,Monarch,1,0.6940535,Non_feeding
706398123.jpg,Monarch,1,0.9999777,Non_feeding
706395272.jpg,Monarch,1,0.12117112,Feeding
706396355.jpg,Monarch,1,0.9978033,Feeding
706390884.jpg,Monarch,1,0.9957198,Non_feeding
706389283.jpg,Monarch,1,0.7180551,Feeding
706385499.jpg,Monarch,1,0.92770857,Non_feeding
706385020.jpg,Monarch,1,0.99419594,Feeding
706383830.jpg,Monarch,1,0.36620125,Feeding
706379548.jpg,Monarch,0,0.028996728,Feeding
706380866.jpg,Monarch,1,0.998938,Non_feeding
706380682.jpg,Monarch,1,0.999982,Non_feeding
706380084.jpg,Monarch,0,2.2707232e-05,Feeding
706379488.jpg,Monarch,1,0.14278422,Non_feeding
706379437.jpg,Monarch,0,0.0019122917,Non_feeding
706379792.jpg,Monarch,1,0.9867087,Feeding
706378867.jpg,Monarch,1,0.99899465,Feeding
706378447.jpg,Monarch,1,0.9998741,Feeding
706378325.jpg,Monarch,1,0.9993349,Non_feeding
706375786.jpg,Monarch,1,0.9999405,Non_feeding
706373699.jpg,Monarch,1,0.8466528,Non_feeding
706372444.jpg,Monarch,0,0.06952211,Non_feeding
706370806.jpg,Monarch,1,1.0,Non_feeding
706363493.jpg,Monarch,0,4.316005e-06,Non_feeding
706369667.jpg,Monarch,0,0.0660314,Non_feeding
706367713.jpg,Monarch,1,0.99982226,Non_feeding
706367476.jpg,Monarch,1,1.0,Non_feeding
706366812.jpg,Monarch,0,3.9074067e-07,Feeding
706365608.jpg,Monarch,1,0.60817367,Feeding
706365906.jpg,Monarch,1,0.33689848,Non_feeding
706363340.jpg,Monarch,0,0.030469729,Feeding
706362620.jpg,Monarch,0,0.0911974,Feeding
706360322.jpg,Monarch,1,0.9965928,Non_feeding
706358345.jpg,Monarch,1,1.0,Non_feeding
706356976.jpg,Monarch,1,0.9992663,Non_feeding
706353095.jpg,Monarch,0,0.09825595,Feeding
706352941.jpg,Monarch,0,0.014643881,Feeding
706352896.jpg,Monarch,1,0.11702447,Feeding
706352871.jpg,Monarch,1,0.9999821,Non_feeding
706355016.jpg,Monarch,0,0.011015093,Feeding
706353259.jpg,Monarch,1,0.9999571,Non_feeding
706352682.jpg,Monarch,1,0.941572,Feeding
706347378.jpg,Monarch,1,0.37848017,Non_feeding
706351423.jpg,Monarch,1,0.7053047,Non_feeding
706348238.jpg,Monarch,1,0.96740985,Non_feeding
706348074.jpg,Monarch,0,0.02591886,Feeding
706343060.jpg,Monarch,1,1.0,Non_feeding
706349762.jpg,Monarch,1,0.99999976,Non_feeding
706349081.jpg,Monarch,1,0.9810152,Non_feeding
706349051.jpg,Monarch,1,1.0,Non_feeding
706349029.jpg,Monarch,1,1.0,Non_feeding
706348828.jpg,Monarch,1,0.9878264,Non_feeding
706347438.jpg,Monarch,0,0.06946226,Non_feeding
706346460.jpg,Monarch,0,0.0013590113,Feeding
706346370.jpg,Monarch,0,2.557299e-06,Non_feeding
706346327.jpg,Monarch,0,0.0016980908,Non_feeding
706346134.jpg,Monarch,0,5.7834797e-05,Non_feeding
706345154.jpg,Monarch,1,0.32266536,Feeding
706344900.jpg,Monarch,1,0.9999908,Non_feeding
706343964.jpg,Monarch,1,0.7917067,Non_feeding
706343707.jpg,Monarch,1,0.9964898,Non_feeding
706342147.jpg,Monarch,1,0.9999939,Non_feeding
706341815.jpg,Monarch,1,0.99989164,Non_feeding
706341659.jpg,Monarch,1,0.9999924,Non_feeding
706341249.jpg,Monarch,1,0.9867627,Non_feeding
706341201.jpg,Monarch,1,0.99982953,Non_feeding
706341084.jpg,Monarch,1,0.96209264,Non_feeding
706340965.jpg,Monarch,1,0.9983524,Non_feeding
706340478.jpg,Monarch,1,0.99613434,Non_feeding
706338972.jpg,Monarch,1,0.9999924,Non_feeding
706338617.jpg,Monarch,1,0.99999464,Non_feeding
706337716.jpg,Monarch,1,0.99995136,Non_feeding
706335469.jpg,Monarch,0,0.0010346608,Feeding
706335459.jpg,Monarch,1,0.7642246,Feeding
706333363.jpg,Monarch,0,0.028155807,Non_feeding
706333235.jpg,Monarch,1,1.0,Non_feeding
706332167.jpg,Monarch,1,0.9959751,Non_feeding
706332688.jpg,Monarch,0,0.0519489,Feeding
706332765.jpg,Monarch,1,1.0,Non_feeding
706332373.jpg,Monarch,1,1.0,Non_feeding
706332103.jpg,Monarch,1,0.9936779,Feeding
706331564.jpg,Monarch,1,1.0,Non_feeding
706331298.jpg,Monarch,1,1.0,Non_feeding
706329745.jpg,Monarch,0,0.006799199,Non_feeding
706329253.jpg,Monarch,1,0.9998852,Non_feeding
706329008.jpg,Monarch,1,0.9929725,Non_feeding
706328279.jpg,Monarch,1,0.9949549,Non_feeding
706327539.jpg,Monarch,1,0.9988096,Non_feeding
706327314.jpg,Monarch,1,0.997724,Non_feeding
706325555.jpg,Monarch,1,0.5995976,Non_feeding
706327033.jpg,Monarch,1,0.66899574,Non_feeding
706326380.jpg,Monarch,0,0.004721232,Feeding
706325159.jpg,Monarch,1,0.1076591,Non_feeding
706324923.jpg,Monarch,1,0.9986753,Feeding
706320756.jpg,Monarch,0,0.033824418,Feeding
706324463.jpg,Monarch,1,0.4442697,Feeding
706324336.jpg,Monarch,1,0.9896741,Non_feeding
706324032.jpg,Monarch,0,0.0021181058,Feeding
706324021.jpg,Monarch,1,0.99951196,Non_feeding
706323927.jpg,Monarch,1,0.99897146,Non_feeding
706323676.jpg,Monarch,1,0.9316081,Non_feeding
706323140.jpg,Monarch,1,1.0,Non_feeding
706329060.jpg,Monarch,1,0.3529347,Non_feeding
706322738.jpg,Monarch,1,0.8632679,Feeding
706320874.jpg,Monarch,0,0.05413039,Non_feeding
706320746.jpg,Monarch,0,0.00016272973,Feeding
706320552.jpg,Monarch,1,0.14663558,Feeding
706320012.jpg,Monarch,1,0.9999893,Non_feeding
706319785.jpg,Monarch,1,0.936195,Non_feeding
706319567.jpg,Monarch,1,0.7393246,Non_feeding
706318097.jpg,Monarch,0,9.647713e-05,Feeding
706318048.jpg,Monarch,0,0.013281033,Feeding
706318455.jpg,Monarch,1,1.0,Non_feeding
706315213.jpg,Monarch,1,0.9981445,Non_feeding
706318050.jpg,Monarch,1,0.14346622,Non_feeding
706316305.jpg,Monarch,0,0.017334973,Feeding
706314348.jpg,Monarch,1,1.0,Non_feeding
706312141.jpg,Monarch,1,0.16097346,Feeding
706311524.jpg,Monarch,0,0.0005741718,Non_feeding
706311583.jpg,Monarch,1,0.9998877,Non_feeding
706309643.jpg,Monarch,1,0.99982643,Feeding
706309511.jpg,Monarch,1,0.9999274,Non_feeding
706307026.jpg,Monarch,1,0.26602885,Non_feeding
706306634.jpg,Monarch,1,1.0,Non_feeding
706305298.jpg,Monarch,1,0.9928558,Non_feeding
706303963.jpg,Monarch,1,0.9110875,Feeding
706296213.jpg,Monarch,0,0.0005323851,Feeding
706303385.jpg,Monarch,1,0.9840799,Non_feeding
706302953.jpg,Monarch,1,0.34642977,Feeding
706302538.jpg,Monarch,1,0.14113897,Non_feeding
706302716.jpg,Monarch,0,0.042508654,Feeding
706301048.jpg,Monarch,1,0.99990106,Feeding
706295448.jpg,Monarch,1,0.10280872,Non_feeding
706295934.jpg,Monarch,0,0.034190025,Non_feeding
706291628.jpg,Monarch,1,0.9998996,Non_feeding
706291551.jpg,Monarch,1,0.9999999,Non_feeding
706291554.jpg,Monarch,0,0.07823907,Non_feeding
706293973.jpg,Monarch,1,0.7478196,Feeding
706293518.jpg,Monarch,0,0.036129847,Non_feeding
706293351.jpg,Monarch,1,0.9999944,Non_feeding
706287693.jpg,Monarch,0,0.002356401,Feeding
706287620.jpg,Monarch,1,0.5746792,Non_feeding
706289057.jpg,Monarch,1,0.91074944,Feeding
706287477.jpg,Monarch,1,0.9921858,Non_feeding
706288150.jpg,Monarch,1,0.9999429,Feeding
706277646.jpg,Monarch,0,0.019300843,Non_feeding
706286890.jpg,Monarch,0,0.00032366105,Feeding
706274741.jpg,Monarch,1,0.78645307,Non_feeding
706344790.jpg,Monarch,1,0.9997106,Non_feeding
706283722.jpg,Monarch,0,0.09987018,Non_feeding
706282681.jpg,Monarch,1,0.9999666,Non_feeding
706282048.jpg,Monarch,1,0.23116383,Feeding
706279138.jpg,Monarch,1,0.9857238,Feeding
706278694.jpg,Monarch,1,0.9998838,Non_feeding
706277169.jpg,Monarch,1,1.0,Non_feeding
706275251.jpg,Monarch,1,0.99999964,Non_feeding
706274791.jpg,Monarch,1,0.9968665,Non_feeding
706274045.jpg,Monarch,1,0.93278134,Non_feeding
706273726.jpg,Monarch,1,0.93340266,Non_feeding
706272510.jpg,Monarch,0,0.041841187,Non_feeding
706272127.jpg,Monarch,1,0.8309864,Non_feeding
706271117.jpg,Monarch,0,0.025983796,Non_feeding
706270927.jpg,Monarch,1,0.6693657,Non_feeding
706262577.jpg,Monarch,0,0.0002696629,Non_feeding
706258558.jpg,Monarch,1,0.99999404,Non_feeding
706268269.jpg,Monarch,1,0.39072427,Feeding
706268073.jpg,Monarch,1,0.973437,Non_feeding
706266226.jpg,Monarch,0,0.00044425437,Non_feeding
706265284.jpg,Monarch,0,0.0061487015,Non_feeding
706264836.jpg,Monarch,0,0.013061709,Feeding
706263686.jpg,Monarch,1,0.9925545,Feeding
706262509.jpg,Monarch,0,0.007157412,Non_feeding
706261905.jpg,Monarch,1,0.98773533,Feeding
706260465.jpg,Monarch,1,0.9999608,Feeding
706260458.jpg,Monarch,1,0.9993119,Feeding
706260302.jpg,Monarch,1,0.80786777,Non_feeding
706550231.jpg,Monarch,1,0.9998523,Feeding
706259075.jpg,Monarch,1,0.9999753,Feeding
706258316.jpg,Monarch,1,0.993787,Feeding
706256122.jpg,Monarch,0,0.00060181186,Feeding
706254899.jpg,Monarch,1,0.8417035,Feeding
706254594.jpg,Monarch,1,0.9999703,Non_feeding
706254215.jpg,Monarch,1,0.988912,Feeding
706247764.jpg,Monarch,1,0.9520693,Non_feeding
706253537.jpg,Monarch,1,0.8810979,Feeding
706253550.jpg,Monarch,1,0.99447715,Feeding
706245446.jpg,Monarch,0,0.0033987747,Feeding
706252553.jpg,Monarch,1,0.21607943,Feeding
706251109.jpg,Monarch,1,0.9558726,Non_feeding
706250767.jpg,Monarch,1,0.67811567,Feeding
706250930.jpg,Monarch,1,0.9994695,Non_feeding
706249247.jpg,Monarch,1,0.9703608,Non_feeding
706248592.jpg,Monarch,1,0.99999905,Non_feeding
706248256.jpg,Monarch,1,1.0,Non_feeding
706247837.jpg,Monarch,1,0.11683931,Non_feeding
706247767.jpg,Monarch,1,0.726025,Non_feeding
706243992.jpg,Monarch,1,0.9990656,Non_feeding
706243092.jpg,Monarch,0,0.006415036,Feeding
706242261.jpg,Monarch,1,0.997839,Feeding
706240603.jpg,Monarch,1,1.0,Feeding
706240258.jpg,Monarch,1,0.9999995,Non_feeding
706240063.jpg,Monarch,0,0.086970635,Non_feeding
706238088.jpg,Monarch,0,6.829445e-05,Non_feeding
706237831.jpg,Monarch,0,3.4056154e-07,Non_feeding
706926992.jpg,Monarch,0,0.016535558,Non_feeding
706221237.jpg,Monarch,1,0.12463972,Non_feeding
706235310.jpg,Monarch,1,0.999951,Non_feeding
706231007.jpg,Monarch,0,0.00023923433,Non_feeding
706233692.jpg,Monarch,1,0.9594528,Non_feeding
706233490.jpg,Monarch,1,0.96976817,Feeding
706233394.jpg,Monarch,1,0.7261171,Non_feeding
706233193.jpg,Monarch,1,0.99999905,Non_feeding
706232724.jpg,Monarch,1,0.7785397,Feeding
706232376.jpg,Monarch,1,0.9999794,Non_feeding
706232480.jpg,Monarch,1,0.99895537,Non_feeding
706227694.jpg,Monarch,1,0.5330743,Non_feeding
706230769.jpg,Monarch,1,0.99333066,Non_feeding
706229701.jpg,Monarch,1,1.0,Non_feeding
706229312.jpg,Monarch,1,0.99856263,Feeding
706228838.jpg,Monarch,1,0.95166004,Non_feeding
706228213.jpg,Monarch,1,0.83063763,Non_feeding
706228113.jpg,Monarch,0,0.025287265,Non_feeding
706227567.jpg,Monarch,1,0.9999157,Non_feeding
706227400.jpg,Monarch,1,0.9999999,Non_feeding
706227349.jpg,Monarch,0,0.006541597,Non_feeding
706226548.jpg,Monarch,1,0.9999995,Non_feeding
706226281.jpg,Monarch,1,0.23512322,Non_feeding
706225597.jpg,Monarch,0,0.070399106,Feeding
706225634.jpg,Monarch,0,0.03205097,Non_feeding
706223852.jpg,Monarch,0,0.027099932,Feeding
706213244.jpg,Monarch,1,0.9999683,Non_feeding
706223213.jpg,Monarch,1,0.99820113,Non_feeding
706222530.jpg,Monarch,1,1.0,Non_feeding
706222344.jpg,Monarch,1,0.9999441,Non_feeding
706322848.jpg,Monarch,1,0.2975175,Non_feeding
706221457.jpg,Monarch,1,1.0,Feeding
706219222.jpg,Monarch,0,0.008578734,Feeding
706219429.jpg,Monarch,1,0.9989303,Non_feeding
706217956.jpg,Monarch,0,0.034188055,Non_feeding
706217886.jpg,Monarch,0,0.04594985,Non_feeding
706217700.jpg,Monarch,1,1.0,Non_feeding
706217297.jpg,Monarch,1,0.99999833,Non_feeding
706216970.jpg,Monarch,1,0.94247115,Non_feeding
706215090.jpg,Monarch,1,1.0,Non_feeding
706215689.jpg,Monarch,1,0.18600753,Non_feeding
706215230.jpg,Monarch,0,0.0858758,Feeding
706214817.jpg,Monarch,1,0.99975103,Non_feeding
706214640.jpg,Monarch,1,0.8868912,Non_feeding
706214424.jpg,Monarch,1,0.9999515,Non_feeding
706212375.jpg,Monarch,0,0.0026570193,Non_feeding
706208527.jpg,Monarch,1,0.9914421,Non_feeding
706211597.jpg,Monarch,1,0.99895144,Non_feeding
706210644.jpg,Monarch,1,0.9802058,Non_feeding
706209701.jpg,Monarch,1,0.9995959,Non_feeding
706209604.jpg,Monarch,1,1.0,Feeding
706208475.jpg,Monarch,1,0.402638,Non_feeding
706207471.jpg,Monarch,1,0.2208502,Non_feeding
706207461.jpg,Monarch,1,0.10223974,Non_feeding
706206714.jpg,Monarch,1,0.99996245,Non_feeding
708086892.jpg,Monarch,1,0.9995734,Feeding
706205563.jpg,Monarch,0,0.066594124,Non_feeding
706205071.jpg,Monarch,1,0.74373436,Feeding
706204822.jpg,Monarch,1,0.8076093,Feeding
706204695.jpg,Monarch,1,0.9920357,Non_feeding
706203253.jpg,Monarch,1,0.99927926,Non_feeding
706201686.jpg,Monarch,1,0.5436837,Non_feeding
706201383.jpg,Monarch,1,0.6660096,Non_feeding
706199193.jpg,Monarch,0,0.0049665323,Non_feeding
706198456.jpg,Monarch,1,0.9965103,Non_feeding
706196772.jpg,Monarch,0,0.002434933,Non_feeding
706197104.jpg,Monarch,1,0.9999989,Non_feeding
706196099.jpg,Monarch,1,0.9650311,Non_feeding
706195505.jpg,Monarch,0,0.0013744378,Feeding
706195418.jpg,Monarch,1,0.821165,Non_feeding
706194231.jpg,Monarch,1,0.9990606,Non_feeding
706193768.jpg,Monarch,1,0.99975747,Feeding
706190965.jpg,Monarch,0,0.07348591,Feeding
706193054.jpg,Monarch,1,0.6370642,Non_feeding
706192888.jpg,Monarch,1,0.95238847,Feeding
706191285.jpg,Monarch,1,0.99751234,Non_feeding
706191257.jpg,Monarch,1,0.98049015,Non_feeding
706190249.jpg,Monarch,1,0.9955586,Feeding
706189703.jpg,Monarch,1,0.9994516,Non_feeding
706189599.jpg,Monarch,0,0.0015739355,Feeding
706189221.jpg,Monarch,1,0.48802212,Non_feeding
706188588.jpg,Monarch,1,0.99999774,Feeding
706184573.jpg,Monarch,1,0.7493264,Feeding
706184515.jpg,Monarch,0,0.027617335,Feeding
706183905.jpg,Monarch,0,0.027430547,Feeding
706183863.jpg,Monarch,0,0.0019545557,Feeding
706183872.jpg,Monarch,0,0.008607398,Feeding
706183658.jpg,Monarch,0,0.015755001,Feeding
706186470.jpg,Monarch,0,0.052698437,Feeding
706182840.jpg,Monarch,1,0.18462828,Feeding
706182709.jpg,Monarch,1,0.97354317,Feeding
706182461.jpg,Monarch,1,0.9821775,Feeding
706186473.jpg,Monarch,1,0.99895823,Non_feeding
706186341.jpg,Monarch,1,0.999984,Non_feeding
706185741.jpg,Monarch,1,0.6660096,Non_feeding
706185045.jpg,Monarch,1,1.0,Non_feeding
706180573.jpg,Monarch,1,0.6385841,Non_feeding
706180630.jpg,Monarch,1,0.9999999,Non_feeding
706179795.jpg,Monarch,1,0.78994167,Non_feeding
706178410.jpg,Monarch,1,1.0,Non_feeding
706176607.jpg,Monarch,1,1.0,Non_feeding
706182412.jpg,Monarch,1,0.9999839,Feeding
706174857.jpg,Monarch,1,0.95219755,Non_feeding
706173805.jpg,Monarch,1,0.99998176,Feeding
706172688.jpg,Monarch,1,0.99963653,Non_feeding
706171100.jpg,Monarch,1,0.9995304,Non_feeding
706170852.jpg,Monarch,0,6.360681e-05,Non_feeding
706168732.jpg,Monarch,1,0.99998176,Non_feeding
706167620.jpg,Monarch,1,0.9885405,Non_feeding
706167371.jpg,Monarch,1,0.99989057,Non_feeding
706167361.jpg,Monarch,1,1.0,Non_feeding
706154667.jpg,Monarch,0,0.00015289964,Non_feeding
706166851.jpg,Monarch,1,0.9961604,Non_feeding
706166157.jpg,Monarch,1,0.99915874,Feeding
706165969.jpg,Monarch,1,0.99999964,Non_feeding
706165890.jpg,Monarch,1,0.9929201,Non_feeding
706164342.jpg,Monarch,1,0.99998546,Non_feeding
706334953.jpg,Monarch,0,0.01122183,Non_feeding
706163370.jpg,Monarch,1,0.9996709,Feeding
706162584.jpg,Monarch,0,0.00057765056,Feeding
706162156.jpg,Monarch,1,0.9999981,Non_feeding
706161434.jpg,Monarch,0,0.0026634713,Non_feeding
706161121.jpg,Monarch,1,0.99998224,Non_feeding
706159030.jpg,Monarch,1,0.13064122,Non_feeding
706160231.jpg,Monarch,1,0.99999416,Non_feeding
706160210.jpg,Monarch,1,0.3256098,Non_feeding
706159927.jpg,Monarch,1,0.98796993,Feeding
706159851.jpg,Monarch,1,0.9999896,Feeding
706159426.jpg,Monarch,1,0.99868304,Non_feeding
706158981.jpg,Monarch,1,0.9999995,Non_feeding
706157613.jpg,Monarch,1,0.9975405,Non_feeding
706155733.jpg,Monarch,1,0.99373496,Feeding
706155115.jpg,Monarch,1,0.9999994,Non_feeding
708612219.jpg,Monarch,1,0.91823405,Feeding
706151077.jpg,Monarch,1,0.9999299,Feeding
706149289.jpg,Monarch,1,0.91866666,Non_feeding
706147844.jpg,Monarch,1,0.41753936,Feeding
706147709.jpg,Monarch,0,0.06746803,Non_feeding
706147493.jpg,Monarch,1,0.9972034,Non_feeding
706147411.jpg,Monarch,1,0.9999405,Non_feeding
706146850.jpg,Monarch,1,0.9108567,Non_feeding
706146397.jpg,Monarch,1,0.9961643,Feeding
706145366.jpg,Monarch,1,0.6977971,Non_feeding
706143264.jpg,Monarch,1,0.148471,Feeding
706144048.jpg,Monarch,1,0.9999505,Feeding
706143236.jpg,Monarch,1,1.0,Non_feeding
706139809.jpg,Monarch,0,9.926607e-05,Non_feeding
706163478.jpg,Monarch,1,0.99862766,Feeding
706138918.jpg,Monarch,1,0.8683508,Non_feeding
706138667.jpg,Monarch,1,0.905358,Feeding
706138330.jpg,Monarch,0,0.018533558,Non_feeding
706136743.jpg,Monarch,1,0.9999702,Non_feeding
706136291.jpg,Monarch,0,0.027716352,Feeding
706135606.jpg,Monarch,1,0.99974877,Non_feeding
706131585.jpg,Monarch,1,0.5943346,Feeding
706132709.jpg,Monarch,1,0.75125945,Feeding
706129586.jpg,Monarch,0,0.010553407,Non_feeding
706129002.jpg,Monarch,1,0.1338366,Non_feeding
706128355.jpg,Monarch,1,0.99999523,Non_feeding
706126629.jpg,Monarch,1,0.73870784,Feeding
706124385.jpg,Monarch,1,0.96625006,Feeding
706123773.jpg,Monarch,0,0.024532724,Non_feeding
706122899.jpg,Monarch,1,0.9999999,Feeding
706122850.jpg,Monarch,1,0.99921024,Feeding
706117192.jpg,Monarch,1,0.9999933,Non_feeding
706113650.jpg,Monarch,0,0.0013286764,Feeding
706114284.jpg,Monarch,0,0.00083014584,Feeding
706114985.jpg,Monarch,1,0.3049934,Non_feeding
706114657.jpg,Monarch,1,0.17621453,Non_feeding
706113823.jpg,Monarch,1,0.9571737,Non_feeding
706112909.jpg,Monarch,1,0.99160916,Feeding
706112061.jpg,Monarch,1,0.62885624,Non_feeding
706111609.jpg,Monarch,1,0.9726972,Feeding
706111226.jpg,Monarch,1,0.75151926,Feeding
706110972.jpg,Monarch,1,0.9998964,Feeding
706109720.jpg,Monarch,0,0.05239649,Feeding
706108684.jpg,Monarch,1,0.40204182,Feeding
706106212.jpg,Monarch,0,0.06503043,Feeding
706106200.jpg,Monarch,1,0.10876832,Non_feeding
706104790.jpg,Monarch,1,0.96293473,Non_feeding
706102493.jpg,Monarch,0,0.039621226,Non_feeding
706101669.jpg,Monarch,0,0.025852324,Non_feeding
706101654.jpg,Monarch,1,0.9325716,Non_feeding
706101180.jpg,Monarch,1,0.85483634,Non_feeding
706099343.jpg,Monarch,1,0.99992204,Non_feeding
706097872.jpg,Monarch,0,0.009399065,Feeding
706097425.jpg,Monarch,0,0.0031237497,Non_feeding
706075793.jpg,Monarch,0,0.008925595,Non_feeding
706075570.jpg,Monarch,0,0.00010167452,Non_feeding
706093342.jpg,Monarch,1,1.0,Non_feeding
706093250.jpg,Monarch,1,1.0,Non_feeding
706093121.jpg,Monarch,1,0.9993776,Non_feeding
706093037.jpg,Monarch,1,0.9999256,Feeding
706092778.jpg,Monarch,1,0.9998852,Non_feeding
706092146.jpg,Monarch,1,0.99409944,Non_feeding
706090540.jpg,Monarch,1,0.1917678,Non_feeding
706088143.jpg,Monarch,1,0.98559034,Non_feeding
706089946.jpg,Monarch,1,0.999044,Feeding
706083738.jpg,Monarch,1,0.99713385,Feeding
706083041.jpg,Monarch,0,0.07399737,Feeding
706081495.jpg,Monarch,1,0.9987155,Non_feeding
706080486.jpg,Monarch,1,0.9798451,Non_feeding
706079197.jpg,Monarch,1,0.7276303,Feeding
706078121.jpg,Monarch,0,0.00039562344,Non_feeding
706076320.jpg,Monarch,1,0.96925396,Feeding
706075923.jpg,Monarch,1,0.9996108,Non_feeding
706054878.jpg,Monarch,0,0.023523223,Feeding
706072828.jpg,Monarch,1,0.62432164,Non_feeding
706075418.jpg,Monarch,1,1.0,Non_feeding
706075246.jpg,Monarch,1,0.99999774,Non_feeding
706077389.jpg,Monarch,1,1.0,Non_feeding
706075849.jpg,Monarch,0,0.018491663,Non_feeding
706074000.jpg,Monarch,1,0.9999995,Non_feeding
706071890.jpg,Monarch,0,0.013390492,Feeding
706070745.jpg,Monarch,1,0.99257696,Non_feeding
706067535.jpg,Monarch,1,0.633944,Non_feeding
706067395.jpg,Monarch,1,0.17646827,Non_feeding
706067272.jpg,Monarch,1,0.9998354,Non_feeding
706066072.jpg,Monarch,0,0.006438426,Feeding
706065789.jpg,Monarch,1,1.0,Non_feeding
706063405.jpg,Monarch,1,0.9999536,Non_feeding
706063234.jpg,Monarch,1,0.21744056,Non_feeding
706063300.jpg,Monarch,1,0.24081472,Feeding
706056921.jpg,Monarch,0,0.06395976,Feeding
706062289.jpg,Monarch,1,0.99996126,Non_feeding
706060811.jpg,Monarch,0,0.008063112,Non_feeding
706061750.jpg,Monarch,1,1.0,Feeding
706061569.jpg,Monarch,1,0.9999491,Non_feeding
706060048.jpg,Monarch,1,0.99809474,Feeding
706058943.jpg,Monarch,0,0.0015950167,Non_feeding
708974192.jpg,Monarch,1,0.4102561,Non_feeding
706055222.jpg,Monarch,1,0.99969834,Feeding
706054452.jpg,Monarch,1,0.74575853,Non_feeding
706054423.jpg,Monarch,1,0.9991503,Feeding
706053691.jpg,Monarch,1,0.999861,Non_feeding
706053385.jpg,Monarch,0,0.0011718197,Non_feeding
706053328.jpg,Monarch,1,0.9996782,Non_feeding
706049648.jpg,Monarch,1,0.92965114,Non_feeding
706049475.jpg,Monarch,1,1.0,Non_feeding
706045530.jpg,Monarch,1,0.43104684,Feeding
706045188.jpg,Monarch,1,0.9997466,Feeding
706041837.jpg,Monarch,1,1.0,Non_feeding
706041954.jpg,Monarch,1,0.9998853,Non_feeding
706039961.jpg,Monarch,1,0.9479223,Non_feeding
706028557.jpg,Monarch,0,0.015986575,Non_feeding
706038996.jpg,Monarch,1,0.9999659,Non_feeding
706038920.jpg,Monarch,1,0.99733454,Non_feeding
706038249.jpg,Monarch,1,0.99674296,Feeding
706036754.jpg,Monarch,1,0.9985089,Feeding
706036481.jpg,Monarch,1,0.2325275,Feeding
706035933.jpg,Monarch,0,0.0012912835,Non_feeding
706035449.jpg,Monarch,1,0.9999999,Non_feeding
706035080.jpg,Monarch,1,0.27272466,Non_feeding
706034984.jpg,Monarch,1,0.99999833,Non_feeding
706035005.jpg,Monarch,1,0.9898482,Non_feeding
706033954.jpg,Monarch,1,0.2117219,Feeding
706033422.jpg,Monarch,1,0.99912256,Non_feeding
706032035.jpg,Monarch,1,0.1652898,Non_feeding
706030762.jpg,Monarch,1,0.9942175,Non_feeding
706027161.jpg,Monarch,1,0.17358889,Feeding
706028593.jpg,Monarch,1,1.0,Feeding
706026507.jpg,Monarch,0,0.03837646,Feeding
706023577.jpg,Monarch,1,0.48636907,Feeding
706023405.jpg,Monarch,1,1.0,Non_feeding
706023262.jpg,Monarch,1,0.9977069,Feeding
706020724.jpg,Monarch,0,0.012761902,Feeding
706038750.jpg,Monarch,1,0.2507982,Non_feeding
706020420.jpg,Monarch,1,1.0,Feeding
706124233.jpg,Monarch,0,3.3941433e-05,Non_feeding
706018900.jpg,Monarch,1,0.99999607,Non_feeding
706018589.jpg,Monarch,1,0.6893053,Non_feeding
706018553.jpg,Monarch,1,0.990207,Feeding
706016840.jpg,Monarch,1,0.99977255,Feeding
706016843.jpg,Monarch,1,0.98668295,Non_feeding
706016669.jpg,Monarch,1,0.2511049,Non_feeding
706015616.jpg,Monarch,1,0.99990463,Feeding
706015306.jpg,Monarch,0,0.09998805,Feeding
706015781.jpg,Monarch,1,1.0,Non_feeding
706012634.jpg,Monarch,1,0.99960446,Non_feeding
706009615.jpg,Monarch,1,0.9994749,Non_feeding
706009203.jpg,Monarch,1,0.46066386,Non_feeding
706008831.jpg,Monarch,1,0.8346273,Non_feeding
706006547.jpg,Monarch,1,0.9999807,Non_feeding
706005099.jpg,Monarch,1,0.5005831,Non_feeding
706005022.jpg,Monarch,1,0.9999089,Non_feeding
706003470.jpg,Monarch,1,0.99997187,Feeding
706003169.jpg,Monarch,1,0.9999982,Non_feeding
705998696.jpg,Monarch,1,0.99138767,Non_feeding
706000857.jpg,Monarch,0,0.018803144,Feeding
706000573.jpg,Monarch,1,0.9999902,Feeding
706000460.jpg,Monarch,1,0.99999464,Non_feeding
705998986.jpg,Monarch,1,0.42234743,Feeding
705998457.jpg,Monarch,1,0.9977563,Non_feeding
705996882.jpg,Monarch,1,0.9949873,Feeding
705994409.jpg,Monarch,1,0.60853237,Non_feeding
705994400.jpg,Monarch,0,0.013819584,Non_feeding
705988725.jpg,Monarch,1,0.59109926,Feeding
705991653.jpg,Monarch,1,0.8464174,Non_feeding
705991264.jpg,Monarch,1,0.99999774,Non_feeding
705991174.jpg,Monarch,1,0.99999654,Feeding
705989758.jpg,Monarch,1,0.99279636,Feeding
706046741.jpg,Monarch,1,0.5276948,Feeding
705986959.jpg,Monarch,1,0.9983563,Feeding
705986807.jpg,Monarch,0,0.06899559,Non_feeding
705986799.jpg,Monarch,1,0.9415383,Feeding
705986047.jpg,Monarch,1,0.98889613,Non_feeding
705983483.jpg,Monarch,1,0.9905529,Non_feeding
705982807.jpg,Monarch,1,1.0,Feeding
705981070.jpg,Monarch,0,0.007160713,Non_feeding
705981067.jpg,Monarch,1,0.9998964,Non_feeding
705980843.jpg,Monarch,1,0.99728996,Non_feeding
705980670.jpg,Monarch,1,0.9735642,Non_feeding
705980498.jpg,Monarch,1,0.9999958,Non_feeding
705980317.jpg,Monarch,1,0.9999316,Feeding
705979778.jpg,Monarch,1,0.9999999,Feeding
705978666.jpg,Monarch,1,1.0,Non_feeding
706393225.jpg,Monarch,1,0.9999988,Non_feeding
705975992.jpg,Monarch,0,0.0008282997,Feeding
705975032.jpg,Monarch,1,0.9999999,Non_feeding
705968889.jpg,Monarch,1,0.9847543,Non_feeding
705967439.jpg,Monarch,1,0.9999995,Feeding
705967293.jpg,Monarch,1,0.99994016,Feeding
705965823.jpg,Monarch,0,0.029569123,Non_feeding
705964500.jpg,Monarch,1,0.4071615,Feeding
705964100.jpg,Monarch,0,7.645916e-06,Non_feeding
705958403.jpg,Monarch,1,0.41527113,Feeding
705958198.jpg,Monarch,1,0.99999905,Non_feeding
705957291.jpg,Monarch,1,0.99048036,Non_feeding
705956486.jpg,Monarch,1,0.693369,Feeding
705956477.jpg,Monarch,1,0.9999974,Non_feeding
705956309.jpg,Monarch,1,0.71740204,Non_feeding
705955977.jpg,Monarch,1,0.11172152,Non_feeding
705955539.jpg,Monarch,1,0.9998802,Non_feeding
705952809.jpg,Monarch,0,0.013196839,Feeding
705949136.jpg,Monarch,1,0.99946696,Feeding
705947839.jpg,Monarch,1,0.9999906,Feeding
705944053.jpg,Monarch,0,0.022292677,Non_feeding
705943170.jpg,Monarch,1,0.83268493,Non_feeding
705920177.jpg,Monarch,1,0.42231897,Feeding
705919653.jpg,Monarch,1,0.99998367,Feeding
705889397.jpg,Monarch,0,0.03022804,Non_feeding
705889389.jpg,Monarch,0,0.028159559,Feeding
705889348.jpg,Monarch,1,0.99999964,Feeding
705889379.jpg,Monarch,0,0.06831235,Feeding
705877234.jpg,Monarch,1,0.9999881,Non_feeding
705866129.jpg,Monarch,1,0.5761007,Feeding
705849808.jpg,Monarch,0,0.009870643,Non_feeding
705815866.jpg,Monarch,1,0.50037,Non_feeding
705836774.jpg,Monarch,1,0.9999125,Feeding
705833364.jpg,Monarch,1,1.0,Non_feeding
705816511.jpg,Monarch,0,0.043671798,Feeding
705813500.jpg,Monarch,0,0.011692652,Feeding
705813051.jpg,Monarch,0,0.0077690072,Feeding
705810613.jpg,Monarch,1,0.9803145,Non_feeding
705805176.jpg,Monarch,1,0.99999905,Feeding
705800760.jpg,Monarch,1,0.4988385,Non_feeding
705803747.jpg,Monarch,1,0.9999999,Non_feeding
705803690.jpg,Monarch,1,0.37957588,Non_feeding
705803148.jpg,Monarch,1,0.9996202,Feeding
705802697.jpg,Monarch,1,0.9068364,Non_feeding
705798437.jpg,Monarch,1,0.9866897,Non_feeding
705799094.jpg,Monarch,1,0.88623035,Non_feeding
705798041.jpg,Monarch,1,0.99745005,Non_feeding
705795140.jpg,Monarch,1,0.99999774,Non_feeding
705794644.jpg,Monarch,0,0.008957523,Feeding
705794622.jpg,Monarch,1,0.14040639,Non_feeding
705788118.jpg,Monarch,0,0.035639945,Feeding
705792592.jpg,Monarch,0,0.0007714528,Feeding
705791108.jpg,Monarch,1,0.9995897,Non_feeding
705790651.jpg,Monarch,1,0.99950695,Non_feeding
705790340.jpg,Monarch,1,1.0,Non_feeding
705790258.jpg,Monarch,1,1.0,Non_feeding
705787446.jpg,Monarch,1,0.63339955,Non_feeding
705783964.jpg,Monarch,1,0.9999976,Non_feeding
705783722.jpg,Monarch,1,0.9999995,Non_feeding
705786143.jpg,Monarch,1,0.83755887,Non_feeding
705783533.jpg,Monarch,1,0.4967952,Non_feeding
705783449.jpg,Monarch,1,0.9978866,Non_feeding
705782637.jpg,Monarch,1,0.85159177,Feeding
705779247.jpg,Monarch,1,0.20172015,Non_feeding
705777896.jpg,Monarch,0,0.08296626,Feeding
705777669.jpg,Monarch,0,0.0005731939,Feeding
705776792.jpg,Monarch,1,0.9665512,Feeding
705774430.jpg,Monarch,1,0.2115962,Non_feeding
705775510.jpg,Monarch,0,4.9950242e-05,Non_feeding
705775147.jpg,Monarch,0,1.4829526e-05,Non_feeding
705774370.jpg,Monarch,1,0.9999999,Non_feeding
705774363.jpg,Monarch,1,0.9668164,Non_feeding
705773108.jpg,Monarch,1,0.99999225,Non_feeding
705770811.jpg,Monarch,1,0.9995227,Feeding
705769761.jpg,Monarch,0,0.015860017,Feeding
705768357.jpg,Monarch,1,0.9214433,Feeding
705767904.jpg,Monarch,1,0.84148014,Non_feeding
705766532.jpg,Monarch,0,0.00912828,Feeding
705755974.jpg,Monarch,1,0.98043525,Non_feeding
705763362.jpg,Monarch,1,0.7898007,Non_feeding
705752858.jpg,Monarch,0,0.023899412,Non_feeding
705761328.jpg,Monarch,0,0.00064574834,Feeding
705747794.jpg,Monarch,0,0.00978749,Feeding
705762318.jpg,Monarch,1,0.9984268,Non_feeding
705758298.jpg,Monarch,1,0.99999976,Non_feeding
705756674.jpg,Monarch,1,0.69941896,Non_feeding
705756462.jpg,Monarch,0,0.019732917,Feeding
705755973.jpg,Monarch,0,0.012403809,Non_feeding
705754678.jpg,Monarch,1,0.7070762,Non_feeding
705754436.jpg,Monarch,1,0.89571285,Feeding
705752759.jpg,Monarch,0,0.03061526,Non_feeding
705752564.jpg,Monarch,1,0.94141096,Feeding
705748930.jpg,Monarch,0,0.00013664008,Feeding
705740242.jpg,Monarch,0,0.0006191293,Feeding
705739881.jpg,Monarch,0,0.0002032641,Feeding
705727852.jpg,Monarch,1,0.9804314,Feeding
705742762.jpg,Monarch,1,1.0,Feeding
705742726.jpg,Monarch,1,0.939523,Feeding
705742706.jpg,Monarch,0,0.00016014156,Feeding
705742666.jpg,Monarch,1,0.8327885,Feeding
705742667.jpg,Monarch,1,0.1639072,Feeding
705742655.jpg,Monarch,1,0.9999974,Feeding
705742586.jpg,Monarch,1,0.99952316,Feeding
705742581.jpg,Monarch,1,0.99972945,Feeding
705742583.jpg,Monarch,0,0.019413115,Feeding
705742526.jpg,Monarch,0,0.014920149,Feeding
705742523.jpg,Monarch,0,0.023371201,Feeding
705742524.jpg,Monarch,1,0.8012558,Feeding
705747498.jpg,Monarch,1,0.6620465,Non_feeding
705746574.jpg,Monarch,1,0.9999989,Feeding
705746431.jpg,Monarch,0,0.076194294,Feeding
705746327.jpg,Monarch,1,1.0,Non_feeding
705745488.jpg,Monarch,1,0.6919832,Feeding
705745182.jpg,Monarch,1,0.9999995,Non_feeding
705745069.jpg,Monarch,0,0.013353903,Feeding
705744301.jpg,Monarch,1,0.9998596,Non_feeding
705743374.jpg,Monarch,1,0.22694942,Feeding
705743361.jpg,Monarch,1,1.0,Non_feeding
705738218.jpg,Monarch,0,0.053795166,Feeding
705740959.jpg,Monarch,1,0.94141096,Feeding
705740498.jpg,Monarch,1,0.9999826,Feeding
705739910.jpg,Monarch,1,0.74166214,Feeding
706034386.jpg,Monarch,1,0.99999964,Non_feeding
705738589.jpg,Monarch,1,0.93637925,Non_feeding
705738538.jpg,Monarch,0,7.832416e-06,Feeding
705738112.jpg,Monarch,1,0.9734041,Non_feeding
705738152.jpg,Monarch,1,0.18718803,Non_feeding
705736603.jpg,Monarch,1,0.99983597,Non_feeding
705736503.jpg,Monarch,1,0.891511,Feeding
705734238.jpg,Monarch,0,0.0015995001,Feeding
705731940.jpg,Monarch,0,0.004214317,Non_feeding
705730404.jpg,Monarch,1,0.5377326,Feeding
705726459.jpg,Monarch,1,0.99937177,Feeding
705729958.jpg,Monarch,1,0.7698423,Feeding
705728055.jpg,Monarch,1,0.99910444,Non_feeding
705728321.jpg,Monarch,0,0.00012099827,Non_feeding
705724174.jpg,Monarch,1,0.9999981,Non_feeding
705723706.jpg,Monarch,1,1.0,Non_feeding
705723162.jpg,Monarch,1,0.99999964,Non_feeding
705719080.jpg,Monarch,0,4.002898e-05,Feeding
705718512.jpg,Monarch,0,0.003672596,Non_feeding
705718479.jpg,Monarch,0,0.00025219083,Feeding
705721761.jpg,Monarch,1,1.0,Non_feeding
705720342.jpg,Monarch,1,0.9682569,Non_feeding
705715866.jpg,Monarch,0,0.022550302,Non_feeding
705720411.jpg,Monarch,1,0.99491805,Non_feeding
705718229.jpg,Monarch,0,1.8525425e-05,Feeding
705718115.jpg,Monarch,0,2.9858406e-06,Feeding
705717510.jpg,Monarch,1,0.45997903,Feeding
705716747.jpg,Monarch,0,0.004677909,Non_feeding
705716571.jpg,Monarch,1,0.9999994,Non_feeding
705714947.jpg,Monarch,0,0.076111786,Non_feeding
705667641.jpg,Monarch,1,0.9084278,Feeding
705713076.jpg,Monarch,1,0.18084319,Feeding
705712738.jpg,Monarch,1,0.99918956,Non_feeding
705711910.jpg,Monarch,1,0.99967617,Non_feeding
705711599.jpg,Monarch,0,0.000114364775,Feeding
705709243.jpg,Monarch,1,0.99909896,Non_feeding
705709143.jpg,Monarch,0,0.007903941,Non_feeding
705708952.jpg,Monarch,1,0.39427412,Feeding
705708765.jpg,Monarch,1,0.9998797,Feeding
705708504.jpg,Monarch,0,0.0020894015,Feeding
705704636.jpg,Monarch,0,0.026247105,Feeding
705706555.jpg,Monarch,0,0.095178805,Non_feeding
705687532.jpg,Monarch,0,0.0020127036,Feeding
705706040.jpg,Monarch,1,1.0,Non_feeding
705705426.jpg,Monarch,1,0.96661115,Non_feeding
705689046.jpg,Monarch,1,0.62652564,Feeding
705688816.jpg,Monarch,1,0.5345547,Feeding
705688223.jpg,Monarch,0,0.044266846,Feeding
705687909.jpg,Monarch,1,0.36649144,Feeding
705699340.jpg,Monarch,1,0.99996877,Non_feeding
705702923.jpg,Monarch,1,0.9961624,Non_feeding
705702312.jpg,Monarch,1,0.9999956,Non_feeding
705701641.jpg,Monarch,1,0.98383087,Feeding
705701523.jpg,Monarch,1,0.37222582,Feeding
705701541.jpg,Monarch,0,0.014717836,Non_feeding
705700977.jpg,Monarch,1,0.8644104,Feeding
705696036.jpg,Monarch,0,0.013077091,Feeding
705695715.jpg,Monarch,0,0.000266758,Feeding
705695674.jpg,Monarch,0,0.005797665,Feeding
705695640.jpg,Monarch,1,0.9094165,Non_feeding
705695173.jpg,Monarch,1,0.99950933,Non_feeding
705700104.jpg,Monarch,1,0.9999628,Non_feeding
705699387.jpg,Monarch,1,0.9697546,Feeding
705699336.jpg,Monarch,1,0.9999263,Feeding
705698389.jpg,Monarch,1,0.999902,Feeding
705698917.jpg,Monarch,0,0.0014834355,Feeding
705697945.jpg,Monarch,1,0.99324363,Non_feeding
705696824.jpg,Monarch,0,0.04186653,Non_feeding
705696320.jpg,Monarch,1,0.19970109,Non_feeding
705696025.jpg,Monarch,1,0.62536514,Non_feeding
705695085.jpg,Monarch,1,0.9999459,Non_feeding
705694161.jpg,Monarch,0,0.00026993325,Feeding
705689848.jpg,Monarch,1,0.40507418,Non_feeding
705693862.jpg,Monarch,0,0.08762114,Non_feeding
705692782.jpg,Monarch,1,0.10428954,Non_feeding
705692751.jpg,Monarch,0,0.07462442,Non_feeding
705692501.jpg,Monarch,1,0.84360826,Non_feeding
705692420.jpg,Monarch,0,0.008425382,Feeding
705690784.jpg,Monarch,0,0.016904814,Feeding
705684181.jpg,Monarch,1,0.1837516,Feeding
705687759.jpg,Monarch,0,0.0031065797,Non_feeding
705686874.jpg,Monarch,1,0.17381302,Non_feeding
705687387.jpg,Monarch,1,0.9997427,Non_feeding
706389024.jpg,Monarch,1,0.9993087,Non_feeding
705684446.jpg,Monarch,1,0.27215528,Non_feeding
705684589.jpg,Monarch,1,0.9634459,Feeding
705680853.jpg,Monarch,1,0.7286133,Feeding
705676956.jpg,Monarch,1,0.9359479,Feeding
705681308.jpg,Monarch,0,0.00028860752,Non_feeding
705680604.jpg,Monarch,1,0.9994196,Feeding
705680221.jpg,Monarch,1,0.4396984,Non_feeding
705678683.jpg,Monarch,1,0.27710888,Feeding
705677005.jpg,Monarch,1,0.97458637,Non_feeding
705677725.jpg,Monarch,1,0.41521424,Feeding
705677576.jpg,Monarch,1,0.9980849,Feeding
705676869.jpg,Monarch,1,0.98659885,Feeding
705672525.jpg,Monarch,1,1.0,Non_feeding
705676218.jpg,Monarch,1,0.93611866,Non_feeding
705674101.jpg,Monarch,0,0.052952666,Feeding
705674023.jpg,Monarch,1,0.99618995,Non_feeding
705672820.jpg,Monarch,0,0.0045323223,Non_feeding
705672080.jpg,Monarch,1,0.9999763,Non_feeding
705671524.jpg,Monarch,1,0.9998027,Feeding
705671141.jpg,Monarch,1,0.9986987,Feeding
705671369.jpg,Monarch,0,0.0766058,Non_feeding
705655915.jpg,Monarch,0,3.0716663e-05,Feeding
705668604.jpg,Monarch,1,0.99959934,Non_feeding
705653569.jpg,Monarch,1,0.8625756,Feeding
705653243.jpg,Monarch,1,0.96792006,Non_feeding
705667675.jpg,Monarch,1,0.17880952,Feeding
705665226.jpg,Monarch,0,0.004512452,Non_feeding
705665149.jpg,Monarch,1,0.9999186,Non_feeding
705665067.jpg,Monarch,1,0.99995375,Non_feeding
705663562.jpg,Monarch,1,0.24268126,Non_feeding
705663320.jpg,Monarch,1,0.20271665,Non_feeding
705662663.jpg,Monarch,1,0.99996746,Non_feeding
705661220.jpg,Monarch,1,0.9999949,Non_feeding
705659837.jpg,Monarch,1,0.99999833,Non_feeding
705659479.jpg,Monarch,1,0.7203415,Feeding
705659155.jpg,Monarch,1,0.45237333,Non_feeding
705658555.jpg,Monarch,1,0.124941014,Non_feeding
705658549.jpg,Monarch,1,0.99681586,Feeding
705657422.jpg,Monarch,1,1.0,Non_feeding
705655605.jpg,Monarch,1,0.87154347,Non_feeding
705655168.jpg,Monarch,1,0.12476429,Non_feeding
705653752.jpg,Monarch,0,0.0013763976,Non_feeding
705655150.jpg,Monarch,1,0.9911158,Non_feeding
705654418.jpg,Monarch,1,0.9952024,Non_feeding
705654110.jpg,Monarch,1,0.98121303,Non_feeding
705651698.jpg,Monarch,1,0.9938155,Feeding
705651770.jpg,Monarch,1,0.24071385,Non_feeding
705648178.jpg,Monarch,1,0.1050256,Non_feeding
705647429.jpg,Monarch,1,0.87082124,Non_feeding
705650279.jpg,Monarch,0,0.00071961904,Non_feeding
705649048.jpg,Monarch,1,0.45478898,Feeding
705648678.jpg,Monarch,0,0.00845807,Non_feeding
705648710.jpg,Monarch,1,0.5002304,Non_feeding
705647586.jpg,Monarch,1,0.99999785,Non_feeding
705647528.jpg,Monarch,1,0.9322196,Non_feeding
705646651.jpg,Monarch,0,0.018917445,Non_feeding
705646567.jpg,Monarch,1,0.99999964,Non_feeding
705645885.jpg,Monarch,1,0.9996756,Feeding
705645134.jpg,Monarch,1,0.32196757,Non_feeding
705644927.jpg,Monarch,1,0.77753836,Non_feeding
705644633.jpg,Monarch,1,0.99999833,Feeding
705644164.jpg,Monarch,1,0.4231137,Non_feeding
705643912.jpg,Monarch,1,0.99999964,Feeding
705643006.jpg,Monarch,0,0.021043584,Feeding
705641905.jpg,Monarch,0,0.005217814,Feeding
705641880.jpg,Monarch,1,0.13950944,Feeding
705637723.jpg,Monarch,0,0.00547061,Non_feeding
705637737.jpg,Monarch,0,0.0075687915,Feeding
705586841.jpg,Monarch,0,0.02004775,Non_feeding
705639002.jpg,Monarch,1,0.9988067,Feeding
705638863.jpg,Monarch,1,0.99892765,Non_feeding
705637062.jpg,Monarch,0,0.0070154215,Non_feeding
705636889.jpg,Monarch,1,1.0,Non_feeding
705636549.jpg,Monarch,1,0.99999475,Non_feeding
705635984.jpg,Monarch,0,0.0044760313,Feeding
705629872.jpg,Monarch,1,0.97190666,Non_feeding
705634365.jpg,Monarch,0,3.732755e-05,Non_feeding
705633317.jpg,Monarch,1,0.44286186,Non_feeding
705632748.jpg,Monarch,1,1.0,Non_feeding
705632125.jpg,Monarch,1,0.33974114,Feeding
705628441.jpg,Monarch,1,0.9959656,Feeding
705627971.jpg,Monarch,1,0.984829,Non_feeding
705627329.jpg,Monarch,1,0.9880227,Non_feeding
705626177.jpg,Monarch,1,0.9999989,Non_feeding
705626023.jpg,Monarch,1,1.0,Non_feeding
705625238.jpg,Monarch,1,0.9993893,Non_feeding
705624570.jpg,Monarch,1,0.90112096,Feeding
705624384.jpg,Monarch,0,0.039677378,Feeding
705624311.jpg,Monarch,1,0.9989442,Feeding
705621586.jpg,Monarch,1,0.94236326,Non_feeding
705623242.jpg,Monarch,1,0.99953645,Non_feeding
705620295.jpg,Monarch,1,0.9998306,Non_feeding
705603567.jpg,Monarch,1,0.1964348,Feeding
705621554.jpg,Monarch,1,0.99701923,Non_feeding
705619982.jpg,Monarch,1,0.9999521,Feeding
705608081.jpg,Monarch,0,0.00012567501,Feeding
705618144.jpg,Monarch,0,0.053676136,Non_feeding
705617281.jpg,Monarch,1,1.0,Non_feeding
705617193.jpg,Monarch,1,0.9976415,Non_feeding
705616491.jpg,Monarch,1,0.11282344,Feeding
705615827.jpg,Monarch,0,0.027934466,Non_feeding
705552837.jpg,Monarch,0,0.00062921323,Feeding
705611999.jpg,Monarch,1,0.99999905,Non_feeding
705611316.jpg,Monarch,0,0.01391046,Feeding
705610097.jpg,Monarch,0,0.09185056,Feeding
705609879.jpg,Monarch,0,0.024619516,Non_feeding
705607807.jpg,Monarch,0,0.01873174,Feeding
705607614.jpg,Monarch,1,0.5576969,Non_feeding
705605606.jpg,Monarch,1,1.0,Non_feeding
705601185.jpg,Monarch,0,0.00029947783,Non_feeding
706002245.jpg,Monarch,1,0.99883896,Feeding
705600999.jpg,Monarch,1,0.9997865,Non_feeding
705598481.jpg,Monarch,0,0.0724386,Feeding
705597808.jpg,Monarch,0,0.0004984185,Feeding
705597553.jpg,Monarch,1,0.36160198,Feeding
705597228.jpg,Monarch,1,0.5179157,Non_feeding
705597235.jpg,Monarch,1,0.99902797,Feeding
705587316.jpg,Monarch,1,0.39465854,Feeding
705595508.jpg,Monarch,1,1.0,Non_feeding
705594594.jpg,Monarch,1,0.99974686,Feeding
705593945.jpg,Monarch,1,0.9989968,Feeding
705588520.jpg,Monarch,0,0.0018013322,Non_feeding
705588501.jpg,Monarch,0,0.01023614,Feeding
705589013.jpg,Monarch,1,0.9992755,Non_feeding
705588867.jpg,Monarch,1,0.7960121,Feeding
705588508.jpg,Monarch,1,0.4237342,Feeding
705588110.jpg,Monarch,1,0.994955,Non_feeding
705585937.jpg,Monarch,1,0.9244289,Feeding
705585626.jpg,Monarch,1,1.0,Non_feeding
705585062.jpg,Monarch,1,0.9189909,Feeding
705579920.jpg,Monarch,0,0.012188919,Feeding
705584720.jpg,Monarch,1,0.97252536,Non_feeding
705584660.jpg,Monarch,1,0.121849604,Non_feeding
705584195.jpg,Monarch,1,0.83523595,Feeding
705583971.jpg,Monarch,1,0.76607805,Non_feeding
705583392.jpg,Monarch,1,0.10088139,Feeding
705583274.jpg,Monarch,1,0.7009322,Feeding
705582668.jpg,Monarch,1,0.9987167,Non_feeding
705581901.jpg,Monarch,1,0.83939314,Non_feeding
705580945.jpg,Monarch,1,1.0,Non_feeding
705580733.jpg,Monarch,0,0.06583549,Feeding
705585904.jpg,Monarch,1,0.9999956,Non_feeding
705579878.jpg,Monarch,1,0.9887445,Non_feeding
705578372.jpg,Monarch,1,0.9999962,Non_feeding
705575352.jpg,Monarch,0,0.007344679,Non_feeding
705575351.jpg,Monarch,1,0.9999976,Non_feeding
705574790.jpg,Monarch,1,0.9998691,Non_feeding
705573825.jpg,Monarch,1,0.99986327,Feeding
705572119.jpg,Monarch,1,0.96424204,Non_feeding
705571157.jpg,Monarch,1,0.9418735,Non_feeding
705571097.jpg,Monarch,1,0.99819475,Feeding
705567391.jpg,Monarch,1,0.13159029,Feeding
705567304.jpg,Monarch,1,0.96158504,Non_feeding
705568759.jpg,Monarch,1,0.91626304,Non_feeding
705568151.jpg,Monarch,0,0.09299227,Feeding
705567686.jpg,Monarch,0,0.0007420343,Non_feeding
705565831.jpg,Monarch,1,0.9999999,Non_feeding
705564960.jpg,Monarch,1,0.99128425,Non_feeding
705559109.jpg,Monarch,1,0.98429376,Non_feeding
705553182.jpg,Monarch,0,0.004865115,Non_feeding
705561079.jpg,Monarch,0,0.013478797,Non_feeding
705561860.jpg,Monarch,1,0.9994182,Feeding
705553807.jpg,Monarch,0,0.0004981875,Feeding
705553543.jpg,Monarch,0,0.060459524,Non_feeding
705553198.jpg,Monarch,1,0.113082536,Feeding
705551465.jpg,Monarch,0,0.012377103,Feeding
705549944.jpg,Monarch,1,0.9992366,Non_feeding
705552639.jpg,Monarch,1,0.9999201,Non_feeding
705550981.jpg,Monarch,1,0.9999999,Non_feeding
705558821.jpg,Monarch,1,0.99914145,Feeding
705550486.jpg,Monarch,1,0.89064664,Non_feeding
705550536.jpg,Monarch,1,0.9999453,Non_feeding
705552194.jpg,Monarch,1,0.9183897,Non_feeding
705548644.jpg,Monarch,1,0.99999607,Non_feeding
705548133.jpg,Monarch,1,0.41264203,Feeding
705546072.jpg,Monarch,0,0.0021954568,Non_feeding
705546076.jpg,Monarch,1,0.99999774,Non_feeding
705545943.jpg,Monarch,0,0.0014061246,Non_feeding
705545623.jpg,Monarch,1,0.5639961,Non_feeding
705545061.jpg,Monarch,1,0.9535707,Feeding
705543122.jpg,Monarch,1,0.9984951,Non_feeding
705542997.jpg,Monarch,1,0.99958616,Non_feeding
705539804.jpg,Monarch,0,0.027253352,Non_feeding
705074461.jpg,Monarch,1,0.9999999,Non_feeding
705539331.jpg,Monarch,1,0.78469753,Feeding
705538626.jpg,Monarch,1,0.9964529,Feeding
705538060.jpg,Monarch,0,0.087871626,Feeding
705538065.jpg,Monarch,1,0.9703635,Feeding
705534940.jpg,Monarch,0,0.00020902176,Non_feeding
705536323.jpg,Monarch,0,0.05078402,Feeding
706067549.jpg,Monarch,1,0.24573079,Non_feeding
705534689.jpg,Monarch,1,0.99670744,Non_feeding
705532385.jpg,Monarch,1,0.8132611,Non_feeding
705531981.jpg,Monarch,1,0.95972383,Non_feeding
705531234.jpg,Monarch,1,0.99826545,Feeding
705527895.jpg,Monarch,1,0.9471068,Non_feeding
705527298.jpg,Monarch,0,0.060689066,Feeding
705527316.jpg,Monarch,1,0.9974124,Feeding
705526674.jpg,Monarch,1,1.0,Non_feeding
705526552.jpg,Monarch,1,0.99637574,Non_feeding
705526337.jpg,Monarch,1,0.9254935,Feeding
705523981.jpg,Monarch,1,1.0,Non_feeding
705523595.jpg,Monarch,0,0.0026595464,Non_feeding
705523635.jpg,Monarch,1,0.9999162,Feeding
705520844.jpg,Monarch,1,0.99277145,Non_feeding
705515980.jpg,Monarch,1,0.9995954,Non_feeding
705514037.jpg,Monarch,1,0.99904054,Feeding
705513915.jpg,Monarch,0,0.08951224,Non_feeding
705513557.jpg,Monarch,1,0.999913,Non_feeding
705512475.jpg,Monarch,1,0.7737099,Feeding
705512295.jpg,Monarch,1,0.98107225,Non_feeding
705512135.jpg,Monarch,1,0.9969772,Feeding
705512092.jpg,Monarch,1,0.10316192,Feeding
705511246.jpg,Monarch,0,1.990522e-05,Feeding
705510885.jpg,Monarch,1,1.0,Non_feeding
705430355.jpg,Monarch,0,0.037948597,Feeding
705509957.jpg,Monarch,1,0.9998069,Non_feeding
705507334.jpg,Monarch,1,0.9998207,Feeding
705507248.jpg,Monarch,0,0.005524594,Non_feeding
705507766.jpg,Monarch,0,7.130912e-08,Feeding
705507376.jpg,Monarch,1,0.9987832,Feeding
705507251.jpg,Monarch,1,1.0,Non_feeding
705505779.jpg,Monarch,1,0.9998293,Feeding
705505789.jpg,Monarch,1,0.58882755,Feeding
705504755.jpg,Monarch,1,0.9997634,Non_feeding
705503833.jpg,Monarch,1,0.99999034,Feeding
705500584.jpg,Monarch,1,0.8477661,Non_feeding
705500034.jpg,Monarch,0,0.0062562623,Feeding
705496278.jpg,Monarch,1,0.9608,Feeding
705496043.jpg,Monarch,0,0.0015359159,Non_feeding
705495502.jpg,Monarch,0,3.9333304e-06,Non_feeding
705492744.jpg,Monarch,1,0.99937654,Feeding
705491301.jpg,Monarch,1,0.23106435,Feeding
705490601.jpg,Monarch,0,0.000715499,Feeding
705489517.jpg,Monarch,0,0.017004635,Non_feeding
705489210.jpg,Monarch,0,0.015314923,Non_feeding
705488853.jpg,Monarch,1,0.9985934,Feeding
705488540.jpg,Monarch,1,0.9998754,Non_feeding
705486266.jpg,Monarch,1,1.0,Non_feeding
705486268.jpg,Monarch,1,0.9933651,Feeding
705486285.jpg,Monarch,1,0.99998796,Non_feeding
705485961.jpg,Monarch,1,0.9999913,Non_feeding
705479266.jpg,Monarch,1,0.99100506,Non_feeding
705476689.jpg,Monarch,1,0.99993026,Feeding
705476675.jpg,Monarch,1,0.9999994,Feeding
705472338.jpg,Monarch,1,0.999972,Feeding
705471247.jpg,Monarch,1,0.99341595,Non_feeding
705470362.jpg,Monarch,0,0.053226337,Non_feeding
705470092.jpg,Monarch,1,1.0,Non_feeding
705528713.jpg,Monarch,0,0.0052983146,Non_feeding
705469007.jpg,Monarch,1,0.102091484,Non_feeding
705466101.jpg,Monarch,0,0.00080661994,Feeding
705464608.jpg,Monarch,0,0.00028148873,Feeding
705462641.jpg,Monarch,1,0.9999976,Non_feeding
705462287.jpg,Monarch,1,0.9999871,Non_feeding
705462096.jpg,Monarch,1,0.51165074,Non_feeding
705461834.jpg,Monarch,1,0.97370625,Non_feeding
705459711.jpg,Monarch,0,0.0040370263,Non_feeding
705459482.jpg,Monarch,1,1.0,Non_feeding
705459292.jpg,Monarch,1,0.99998236,Non_feeding
705458218.jpg,Monarch,0,0.0007653769,Non_feeding
705457790.jpg,Monarch,1,0.9999926,Non_feeding
705457858.jpg,Monarch,1,0.9988425,Non_feeding
705456901.jpg,Monarch,1,0.8012988,Non_feeding
705456807.jpg,Monarch,1,0.9999988,Feeding
705456254.jpg,Monarch,1,1.0,Non_feeding
705455998.jpg,Monarch,1,0.9999436,Feeding
705455105.jpg,Monarch,1,0.26458222,Feeding
705454867.jpg,Monarch,0,1.9932445e-06,Feeding
705454652.jpg,Monarch,1,0.9978352,Non_feeding
705452450.jpg,Monarch,0,0.00839148,Non_feeding
705452231.jpg,Monarch,1,0.99952114,Feeding
705451070.jpg,Monarch,1,0.99962425,Non_feeding
705458096.jpg,Monarch,1,1.0,Non_feeding
705449214.jpg,Monarch,1,0.9226097,Non_feeding
705448277.jpg,Monarch,1,0.99999905,Non_feeding
705445060.jpg,Monarch,1,0.9999684,Non_feeding
705444130.jpg,Monarch,1,1.0,Non_feeding
705443117.jpg,Monarch,1,0.651734,Non_feeding
705442983.jpg,Monarch,0,0.002059451,Non_feeding
705442715.jpg,Monarch,0,0.010893539,Non_feeding
705442590.jpg,Monarch,1,0.99987066,Non_feeding
705442515.jpg,Monarch,1,0.9999727,Non_feeding
705439340.jpg,Monarch,0,0.00014837088,Non_feeding
705441037.jpg,Monarch,1,1.0,Non_feeding
705440770.jpg,Monarch,1,0.99916583,Feeding
707857111.jpg,Monarch,1,0.99999595,Non_feeding
705437921.jpg,Monarch,0,0.04227402,Feeding
705436046.jpg,Monarch,0,0.00026362034,Feeding
705438898.jpg,Monarch,1,0.9996427,Feeding
705508649.jpg,Monarch,1,0.353324,Feeding
705438143.jpg,Monarch,1,0.59507704,Non_feeding
705437854.jpg,Monarch,0,0.053215202,Non_feeding
705437867.jpg,Monarch,1,0.9999012,Feeding
705437507.jpg,Monarch,1,1.0,Non_feeding
705436682.jpg,Monarch,1,0.9981761,Non_feeding
705435617.jpg,Monarch,1,0.6078549,Non_feeding
705435350.jpg,Monarch,1,0.8926345,Feeding
705433528.jpg,Monarch,1,0.99943787,Feeding
705427685.jpg,Monarch,0,0.00011153242,Non_feeding
705429308.jpg,Monarch,1,0.14514017,Non_feeding
705428676.jpg,Monarch,1,0.99245095,Non_feeding
705427020.jpg,Monarch,0,2.6460446e-05,Non_feeding
705426295.jpg,Monarch,0,0.001052349,Non_feeding
705425394.jpg,Monarch,1,0.9999548,Non_feeding
705424265.jpg,Monarch,1,0.31970462,Feeding
705423928.jpg,Monarch,1,0.9999106,Non_feeding
705424175.jpg,Monarch,0,8.209638e-06,Non_feeding
705423495.jpg,Monarch,1,0.2014494,Feeding
705422152.jpg,Monarch,1,0.71463203,Feeding
705422297.jpg,Monarch,1,0.9999995,Feeding
705421726.jpg,Monarch,1,0.9999999,Non_feeding
705421223.jpg,Monarch,1,0.22702809,Non_feeding
705421075.jpg,Monarch,1,0.9999975,Feeding
705415181.jpg,Monarch,0,0.011926782,Feeding
705415191.jpg,Monarch,1,0.9960259,Feeding
705412530.jpg,Monarch,1,0.99993825,Feeding
705411460.jpg,Monarch,1,0.9999982,Non_feeding
705410208.jpg,Monarch,1,1.0,Non_feeding
705410549.jpg,Monarch,1,0.99999785,Feeding
705405726.jpg,Monarch,1,0.99723154,Feeding
705405682.jpg,Monarch,1,0.25644556,Non_feeding
705406301.jpg,Monarch,0,0.047246527,Feeding
705406329.jpg,Monarch,1,0.9998839,Non_feeding
705401113.jpg,Monarch,1,0.9999963,Feeding
705400197.jpg,Monarch,1,0.9997583,Non_feeding
705398911.jpg,Monarch,0,0.03524919,Non_feeding
705397434.jpg,Monarch,1,0.96318156,Non_feeding
705395842.jpg,Monarch,1,0.999997,Non_feeding
705395591.jpg,Monarch,1,0.6955428,Feeding
705394499.jpg,Monarch,1,0.9999999,Non_feeding
705394126.jpg,Monarch,1,0.99987745,Feeding
705389444.jpg,Monarch,1,0.9996228,Non_feeding
705519769.jpg,Monarch,1,0.99999964,Non_feeding
705387753.jpg,Monarch,1,0.55222785,Non_feeding
705604907.jpg,Monarch,1,0.9999981,Non_feeding
705385739.jpg,Monarch,1,0.99386626,Feeding
705385448.jpg,Monarch,0,0.04352962,Non_feeding
705377593.jpg,Monarch,0,0.0050348137,Feeding
705376180.jpg,Monarch,0,0.012773562,Feeding
705384518.jpg,Monarch,1,0.9999645,Non_feeding
705375995.jpg,Monarch,0,0.0015805155,Feeding
705383894.jpg,Monarch,1,0.9939951,Feeding
705374422.jpg,Monarch,0,0.081998825,Non_feeding
705381693.jpg,Monarch,1,0.8751194,Feeding
705380758.jpg,Monarch,1,0.9936741,Non_feeding
705378304.jpg,Monarch,1,0.19975877,Feeding
705377520.jpg,Monarch,1,0.9979145,Feeding
705374892.jpg,Monarch,0,0.020390434,Non_feeding
705373197.jpg,Monarch,0,0.0042917156,Non_feeding
705373075.jpg,Monarch,1,0.99991333,Non_feeding
705372744.jpg,Monarch,1,0.9881098,Feeding
705370714.jpg,Monarch,1,0.98900855,Non_feeding
705368399.jpg,Monarch,1,0.9191876,Feeding
705367576.jpg,Monarch,0,0.0025094154,Feeding
705367627.jpg,Monarch,1,0.99595886,Non_feeding
705367467.jpg,Monarch,1,1.0,Non_feeding
706682321.jpg,Monarch,1,0.9417232,Non_feeding
705366679.jpg,Monarch,0,0.0057465862,Feeding
705365657.jpg,Monarch,1,0.99999,Non_feeding
705365149.jpg,Monarch,1,0.9999547,Non_feeding
705363774.jpg,Monarch,0,0.00081732473,Feeding
705361218.jpg,Monarch,1,0.9984251,Non_feeding
705359279.jpg,Monarch,1,0.99833053,Feeding
706119009.jpg,Monarch,1,0.9999777,Non_feeding
705343368.jpg,Monarch,0,0.0017173028,Feeding
705351699.jpg,Monarch,1,0.12478594,Feeding
705339408.jpg,Monarch,0,0.0002922648,Feeding
705350653.jpg,Monarch,1,0.99999475,Non_feeding
705350339.jpg,Monarch,1,0.9999473,Non_feeding
705349876.jpg,Monarch,1,0.9999927,Non_feeding
705349746.jpg,Monarch,1,0.9998653,Non_feeding
705349190.jpg,Monarch,1,0.9902301,Feeding
705348997.jpg,Monarch,1,0.7745316,Non_feeding
705347296.jpg,Monarch,1,0.8061714,Non_feeding
705346195.jpg,Monarch,1,0.917217,Feeding
705345923.jpg,Monarch,1,0.41758794,Non_feeding
705345287.jpg,Monarch,0,0.010413074,Feeding
705345175.jpg,Monarch,0,6.38836e-10,Feeding
705344807.jpg,Monarch,1,0.9996468,Feeding
705344715.jpg,Monarch,0,0.003393218,Non_feeding
705343016.jpg,Monarch,1,0.99924135,Feeding
705342858.jpg,Monarch,1,0.81554663,Non_feeding
705342681.jpg,Monarch,1,0.99937403,Feeding
705342088.jpg,Monarch,1,0.157045,Non_feeding
705341662.jpg,Monarch,0,0.001985698,Non_feeding
705341333.jpg,Monarch,0,0.00033513026,Non_feeding
705344767.jpg,Monarch,1,0.9991066,Feeding
705338338.jpg,Monarch,1,0.99733824,Feeding
705329918.jpg,Monarch,0,0.0016544879,Feeding
705329893.jpg,Monarch,1,0.61269695,Feeding
705336727.jpg,Monarch,1,0.9550489,Feeding
705336447.jpg,Monarch,1,0.99837124,Non_feeding
705343984.jpg,Monarch,1,0.99993,Non_feeding
705335528.jpg,Monarch,1,0.9950763,Feeding
705334174.jpg,Monarch,1,0.9997496,Non_feeding
705331954.jpg,Monarch,0,0.0015521167,Feeding
705333175.jpg,Monarch,1,0.99936014,Non_feeding
705332707.jpg,Monarch,1,1.0,Non_feeding
705331124.jpg,Monarch,1,0.15189828,Non_feeding
705331046.jpg,Monarch,1,0.9999833,Non_feeding
705330991.jpg,Monarch,1,0.96896744,Non_feeding
705330132.jpg,Monarch,1,0.5299771,Non_feeding
705329810.jpg,Monarch,1,0.9999999,Non_feeding
705329729.jpg,Monarch,1,0.99744105,Feeding
705329484.jpg,Monarch,0,0.01203646,Non_feeding
705328979.jpg,Monarch,1,0.97551507,Non_feeding
705327428.jpg,Monarch,0,0.006758439,Non_feeding
705327432.jpg,Monarch,1,0.99804735,Non_feeding
705327075.jpg,Monarch,0,0.039511163,Feeding
705321549.jpg,Monarch,0,0.020040086,Non_feeding
705318042.jpg,Monarch,0,0.0015647255,Feeding
705317649.jpg,Monarch,0,0.09704701,Feeding
705316567.jpg,Monarch,1,0.99999034,Non_feeding
705315667.jpg,Monarch,1,0.2057657,Feeding
705314805.jpg,Monarch,0,0.008101007,Feeding
705313017.jpg,Monarch,1,0.80865955,Non_feeding
706051906.jpg,Monarch,1,0.9914457,Feeding
705312094.jpg,Monarch,1,0.99996877,Non_feeding
705309395.jpg,Monarch,1,0.99994767,Non_feeding
705306748.jpg,Monarch,1,0.99581295,Feeding
705305988.jpg,Monarch,0,0.03600201,Non_feeding
705304443.jpg,Monarch,1,0.9873837,Non_feeding
705303582.jpg,Monarch,1,0.9763856,Non_feeding
705303596.jpg,Monarch,1,0.99970967,Non_feeding
705303500.jpg,Monarch,1,0.9998133,Feeding
705301156.jpg,Monarch,0,0.08987957,Non_feeding
705608194.jpg,Monarch,1,0.70200396,Non_feeding
705298415.jpg,Monarch,1,0.99998045,Non_feeding
705297304.jpg,Monarch,1,0.9999238,Non_feeding
705296029.jpg,Monarch,0,0.01493458,Non_feeding
705295649.jpg,Monarch,1,0.19632623,Non_feeding
705294910.jpg,Monarch,1,0.9998982,Feeding
705294131.jpg,Monarch,1,0.28324172,Non_feeding
705292911.jpg,Monarch,1,0.98830193,Non_feeding
705292853.jpg,Monarch,1,0.99968773,Feeding
705292702.jpg,Monarch,1,0.99840754,Feeding
705291532.jpg,Monarch,1,0.99447423,Non_feeding
705291161.jpg,Monarch,1,0.99952525,Feeding
705289935.jpg,Monarch,1,0.24219024,Feeding
705290007.jpg,Monarch,1,0.99489516,Feeding
705288310.jpg,Monarch,1,0.7779242,Non_feeding
705285578.jpg,Monarch,0,0.050425313,Non_feeding
705285524.jpg,Monarch,0,0.025414646,Non_feeding
705285373.jpg,Monarch,0,0.00034828272,Non_feeding
705285297.jpg,Monarch,1,0.75122976,Non_feeding
705285183.jpg,Monarch,1,0.99922943,Non_feeding
705285096.jpg,Monarch,0,0.0059982915,Non_feeding
705284034.jpg,Monarch,1,0.35664353,Non_feeding
705281516.jpg,Monarch,1,1.0,Non_feeding
705281476.jpg,Monarch,0,0.03625375,Non_feeding
705280476.jpg,Monarch,1,0.9994898,Non_feeding
705280340.jpg,Monarch,1,0.99991894,Feeding
705279638.jpg,Monarch,1,0.71564853,Non_feeding
705279102.jpg,Monarch,1,0.9696946,Non_feeding
705278560.jpg,Monarch,1,1.0,Non_feeding
705278412.jpg,Monarch,1,0.9911752,Non_feeding
705278113.jpg,Monarch,1,0.9981194,Feeding
705275895.jpg,Monarch,1,0.6541138,Feeding
705272207.jpg,Monarch,1,0.9002281,Non_feeding
705270998.jpg,Monarch,1,0.9020542,Non_feeding
705269650.jpg,Monarch,1,0.9691799,Non_feeding
705269517.jpg,Monarch,1,0.3218241,Feeding
705269018.jpg,Monarch,1,0.9999938,Non_feeding
705267437.jpg,Monarch,1,0.56505877,Feeding
705267550.jpg,Monarch,1,0.9999244,Non_feeding
705266953.jpg,Monarch,1,0.58309996,Non_feeding
705265770.jpg,Monarch,1,0.1889007,Feeding
705265400.jpg,Monarch,1,0.11708711,Non_feeding
705264826.jpg,Monarch,1,0.8262321,Non_feeding
705263474.jpg,Monarch,1,0.9974868,Feeding
705262496.jpg,Monarch,1,0.99938536,Non_feeding
705262437.jpg,Monarch,1,1.0,Non_feeding
705261253.jpg,Monarch,0,0.010148851,Non_feeding
705259252.jpg,Monarch,1,0.99999607,Non_feeding
705258704.jpg,Monarch,1,0.9930478,Non_feeding
705257488.jpg,Monarch,1,1.0,Non_feeding
705256258.jpg,Monarch,1,0.99999917,Non_feeding
705253357.jpg,Monarch,1,0.99761647,Feeding
705252909.jpg,Monarch,1,0.89823955,Non_feeding
705252195.jpg,Monarch,1,0.44122285,Non_feeding
705250268.jpg,Monarch,1,0.9999989,Non_feeding
705249985.jpg,Monarch,1,0.99999964,Non_feeding
705246955.jpg,Monarch,1,0.99995863,Non_feeding
705246875.jpg,Monarch,1,1.0,Feeding
705238503.jpg,Monarch,1,0.99992526,Non_feeding
705234732.jpg,Monarch,1,0.99999666,Non_feeding
705234704.jpg,Monarch,1,0.9900002,Non_feeding
705227596.jpg,Monarch,1,0.99973565,Non_feeding
705227548.jpg,Monarch,0,0.03302182,Feeding
705221622.jpg,Monarch,0,0.0023459205,Non_feeding
705217756.jpg,Monarch,1,0.56275177,Feeding
705216143.jpg,Monarch,1,0.612262,Non_feeding
705212171.jpg,Monarch,0,0.007685262,Non_feeding
705212170.jpg,Monarch,1,0.42768428,Non_feeding
705208205.jpg,Monarch,1,0.9999757,Non_feeding
705204830.jpg,Monarch,1,0.9340784,Feeding
705199696.jpg,Monarch,0,0.08983484,Feeding
705198803.jpg,Monarch,1,1.0,Non_feeding
705198769.jpg,Monarch,1,1.0,Non_feeding
705198736.jpg,Monarch,1,0.97852474,Non_feeding
705198699.jpg,Monarch,1,0.99997663,Non_feeding
705198655.jpg,Monarch,1,1.0,Non_feeding
705195185.jpg,Monarch,0,0.0024966185,Feeding
705188169.jpg,Monarch,1,0.2538937,Non_feeding
705187538.jpg,Monarch,0,0.00037481438,Feeding
705159802.jpg,Monarch,1,0.99983656,Non_feeding
705155040.jpg,Monarch,0,2.023872e-05,Non_feeding
705129656.jpg,Monarch,0,0.00013197036,Feeding
705121136.jpg,Monarch,0,0.029663496,Feeding
705116130.jpg,Monarch,1,0.9876853,Feeding
705041147.jpg,Monarch,1,0.7640477,Feeding
705105496.jpg,Monarch,1,0.9812773,Non_feeding
705103486.jpg,Monarch,1,0.22761814,Non_feeding
705102518.jpg,Monarch,1,0.99999964,Non_feeding
705101955.jpg,Monarch,1,0.99218726,Non_feeding
705101051.jpg,Monarch,1,0.96979487,Feeding
705099947.jpg,Monarch,1,0.9997872,Non_feeding
705096459.jpg,Monarch,1,0.99014544,Non_feeding
705095152.jpg,Monarch,1,0.99821055,Non_feeding
705091357.jpg,Monarch,0,0.08387908,Feeding
705089684.jpg,Monarch,1,0.9999949,Non_feeding
705088144.jpg,Monarch,1,0.99997497,Non_feeding
705085408.jpg,Monarch,1,0.7758298,Non_feeding
705076569.jpg,Monarch,1,0.9999906,Feeding
705074096.jpg,Monarch,0,0.007547488,Non_feeding
705072197.jpg,Monarch,1,0.8748151,Feeding
705072086.jpg,Monarch,1,1.0,Non_feeding
705072075.jpg,Monarch,1,1.0,Non_feeding
705072046.jpg,Monarch,1,0.9999999,Non_feeding
705072041.jpg,Monarch,1,0.9997803,Non_feeding
705071776.jpg,Monarch,1,1.0,Non_feeding
705069745.jpg,Monarch,0,0.014260081,Feeding
705070417.jpg,Monarch,1,0.95859367,Non_feeding
705068309.jpg,Monarch,1,1.0,Non_feeding
705068272.jpg,Monarch,1,0.9999174,Non_feeding
705067400.jpg,Monarch,1,0.99999833,Feeding
705066050.jpg,Monarch,1,0.9128904,Non_feeding
705066760.jpg,Monarch,1,0.14806168,Non_feeding
705062740.jpg,Monarch,0,0.010455955,Non_feeding
705061989.jpg,Monarch,0,0.004093857,Non_feeding
705057582.jpg,Monarch,1,0.99926215,Non_feeding
705049217.jpg,Monarch,1,0.1425177,Non_feeding
705009507.jpg,Monarch,1,0.9999976,Non_feeding
705041079.jpg,Monarch,0,0.0029017958,Feeding
705047177.jpg,Monarch,1,0.99594325,Feeding
705045922.jpg,Monarch,1,0.9999933,Feeding
705038038.jpg,Monarch,1,1.0,Non_feeding
705037642.jpg,Monarch,1,0.990758,Non_feeding
705038710.jpg,Monarch,1,0.9998356,Feeding
705036419.jpg,Monarch,0,0.05051233,Feeding
705028167.jpg,Monarch,1,0.5418001,Non_feeding
705031733.jpg,Monarch,0,0.0003507528,Non_feeding
705005324.jpg,Monarch,1,0.98699605,Feeding
705029998.jpg,Monarch,1,0.99944645,Feeding
705028046.jpg,Monarch,1,0.99999845,Non_feeding
705027463.jpg,Monarch,1,0.999964,Feeding
705025424.jpg,Monarch,0,0.09720814,Feeding
705025353.jpg,Monarch,1,0.17540069,Feeding
705024594.jpg,Monarch,0,0.030985227,Non_feeding
705025542.jpg,Monarch,0,0.002499822,Feeding
705022365.jpg,Monarch,1,0.99198323,Non_feeding
705019968.jpg,Monarch,0,0.0016545916,Feeding
705019889.jpg,Monarch,0,2.9934358e-06,Non_feeding
705019752.jpg,Monarch,0,3.9680614e-07,Feeding
705017469.jpg,Monarch,0,7.354517e-06,Non_feeding
705016419.jpg,Monarch,1,0.91731036,Non_feeding
705015613.jpg,Monarch,0,0.004749945,Non_feeding
705014253.jpg,Monarch,0,0.02627405,Non_feeding
705014156.jpg,Monarch,0,0.030225145,Non_feeding
705010654.jpg,Monarch,0,1.3109343e-05,Feeding
705012139.jpg,Monarch,1,0.9873527,Non_feeding
705011954.jpg,Monarch,1,0.99996126,Non_feeding
705011834.jpg,Monarch,1,0.47413382,Non_feeding
705009392.jpg,Monarch,1,0.9998815,Non_feeding
705008526.jpg,Monarch,0,0.00514316,Feeding
705008831.jpg,Monarch,1,0.99999785,Non_feeding
705007630.jpg,Monarch,1,1.0,Non_feeding
705005527.jpg,Monarch,0,0.013317401,Feeding
705006402.jpg,Monarch,1,0.9999919,Non_feeding
705333820.jpg,Monarch,1,0.96085984,Feeding
705371999.jpg,Monarch,1,0.9771597,Feeding
705005666.jpg,Monarch,1,1.0,Non_feeding
705005668.jpg,Monarch,1,0.9999999,Feeding
705004400.jpg,Monarch,1,1.0,Non_feeding
705003909.jpg,Monarch,1,0.9999995,Non_feeding
705002475.jpg,Monarch,1,0.48761666,Non_feeding
705001024.jpg,Monarch,1,0.9972867,Non_feeding
705001059.jpg,Monarch,1,1.0,Non_feeding
705000340.jpg,Monarch,1,0.99995494,Feeding
705000213.jpg,Monarch,1,0.43711558,Non_feeding
704998995.jpg,Monarch,1,0.9866082,Non_feeding
704998609.jpg,Monarch,1,0.9999708,Non_feeding
704997157.jpg,Monarch,1,0.785852,Non_feeding
704997061.jpg,Monarch,1,0.99671066,Non_feeding
704996002.jpg,Monarch,1,1.0,Non_feeding
704992999.jpg,Monarch,1,0.6684012,Non_feeding
704992214.jpg,Monarch,1,0.99619657,Feeding
704992207.jpg,Monarch,1,1.0,Non_feeding
704991712.jpg,Monarch,1,0.9996425,Feeding
704991456.jpg,Monarch,1,0.9996319,Non_feeding
704991002.jpg,Monarch,0,0.020378547,Non_feeding
704989290.jpg,Monarch,0,0.0025797384,Feeding
704989236.jpg,Monarch,0,1.9954046e-05,Non_feeding
704989767.jpg,Monarch,1,0.48790932,Feeding
704989637.jpg,Monarch,0,1.2402847e-05,Feeding
704986058.jpg,Monarch,1,0.830734,Feeding
704989461.jpg,Monarch,0,0.027190255,Non_feeding
704989185.jpg,Monarch,0,0.050045058,Feeding
704988088.jpg,Monarch,1,0.9999999,Non_feeding
704987806.jpg,Monarch,1,0.9751567,Feeding
704985880.jpg,Monarch,1,0.24836232,Non_feeding
704985339.jpg,Monarch,1,0.7776954,Non_feeding
704985648.jpg,Monarch,0,0.014534048,Feeding
704984979.jpg,Monarch,0,0.01028668,Non_feeding
704983450.jpg,Monarch,0,0.012359094,Feeding
704984208.jpg,Monarch,1,0.9729129,Feeding
704980112.jpg,Monarch,0,0.028118754,Feeding
704982736.jpg,Monarch,1,0.99998915,Non_feeding
704980473.jpg,Monarch,0,0.0045548896,Feeding
704980202.jpg,Monarch,0,0.01872574,Feeding
704979657.jpg,Monarch,1,0.71345055,Non_feeding
704979129.jpg,Monarch,1,0.9999981,Non_feeding
704978454.jpg,Monarch,0,0.0016546407,Non_feeding
704978468.jpg,Monarch,0,0.00029406004,Feeding
704978903.jpg,Monarch,1,0.9999809,Non_feeding
704978667.jpg,Monarch,1,0.72800577,Non_feeding
704977873.jpg,Monarch,1,0.95568717,Non_feeding
704975094.jpg,Monarch,1,0.6803008,Non_feeding
704976034.jpg,Monarch,1,0.99999976,Non_feeding
704974435.jpg,Monarch,0,0.007929561,Non_feeding
704974254.jpg,Monarch,0,0.017315846,Non_feeding
704972901.jpg,Monarch,1,0.9976399,Non_feeding
704971418.jpg,Monarch,1,0.99450946,Non_feeding
704971367.jpg,Monarch,0,0.09894584,Non_feeding
704966768.jpg,Monarch,1,0.998995,Non_feeding
704982430.jpg,Monarch,1,0.99990106,Non_feeding
704970194.jpg,Monarch,1,0.2885111,Non_feeding
704969007.jpg,Monarch,1,0.99999845,Non_feeding
704967874.jpg,Monarch,1,0.39716083,Non_feeding
704968534.jpg,Monarch,1,0.98547167,Non_feeding
704932963.jpg,Monarch,0,0.009481843,Non_feeding
704968156.jpg,Monarch,1,0.99968773,Non_feeding
704968029.jpg,Monarch,1,0.9999989,Non_feeding
704967793.jpg,Monarch,1,0.8423295,Non_feeding
704967724.jpg,Monarch,0,0.0028234504,Non_feeding
704967660.jpg,Monarch,0,0.04646401,Non_feeding
704966565.jpg,Monarch,1,0.10440265,Feeding
704963158.jpg,Monarch,0,0.07506778,Feeding
704963718.jpg,Monarch,1,0.99788827,Non_feeding
704962568.jpg,Monarch,1,0.99991906,Non_feeding
704962522.jpg,Monarch,1,0.9996765,Feeding
704962282.jpg,Monarch,1,0.9999937,Feeding
704962234.jpg,Monarch,1,0.9999994,Feeding
704958918.jpg,Monarch,1,1.0,Feeding
704952548.jpg,Monarch,1,0.10645274,Non_feeding
704957352.jpg,Monarch,1,0.9970806,Non_feeding
704957225.jpg,Monarch,0,2.0465353e-05,Non_feeding
704952655.jpg,Monarch,1,0.19952908,Feeding
704952596.jpg,Monarch,0,0.0053634513,Non_feeding
704952311.jpg,Monarch,1,1.0,Non_feeding
704946426.jpg,Monarch,0,0.08144672,Feeding
704951267.jpg,Monarch,0,0.0007955506,Non_feeding
704951115.jpg,Monarch,1,0.9609818,Non_feeding
704950978.jpg,Monarch,0,0.053812385,Feeding
704950415.jpg,Monarch,1,0.9999751,Non_feeding
704950229.jpg,Monarch,1,0.9958312,Non_feeding
704950250.jpg,Monarch,1,1.0,Feeding
704949381.jpg,Monarch,1,1.0,Feeding
704948900.jpg,Monarch,1,0.990922,Non_feeding
704948882.jpg,Monarch,1,1.0,Non_feeding
704947389.jpg,Monarch,1,0.99999857,Non_feeding
704944367.jpg,Monarch,1,0.99728906,Non_feeding
704944445.jpg,Monarch,1,0.4886449,Feeding
704943660.jpg,Monarch,1,0.11330851,Feeding
704943488.jpg,Monarch,1,0.38915354,Non_feeding
704943020.jpg,Monarch,0,0.0002959413,Non_feeding
704942623.jpg,Monarch,1,0.999992,Non_feeding
704941473.jpg,Monarch,1,0.98651505,Non_feeding
704940987.jpg,Monarch,1,0.11396453,Non_feeding
704940582.jpg,Monarch,0,6.0460836e-05,Feeding
704898654.jpg,Monarch,1,0.99999976,Non_feeding
704939241.jpg,Monarch,0,0.000574635,Non_feeding
704935128.jpg,Monarch,1,0.65312946,Non_feeding
704931626.jpg,Monarch,1,0.21516405,Non_feeding
704934615.jpg,Monarch,1,0.9999982,Feeding
704931345.jpg,Monarch,0,0.0013062541,Non_feeding
704933121.jpg,Monarch,1,0.98512787,Non_feeding
704926357.jpg,Monarch,1,0.99610525,Non_feeding
704930260.jpg,Monarch,1,0.99995184,Non_feeding
704928450.jpg,Monarch,1,0.82518226,Non_feeding
704928334.jpg,Monarch,0,0.00011912793,Feeding
704928110.jpg,Monarch,0,0.032140613,Feeding
704927258.jpg,Monarch,0,0.0036900435,Feeding
704927163.jpg,Monarch,1,0.8986195,Non_feeding
704926951.jpg,Monarch,1,0.99774134,Non_feeding
704925843.jpg,Monarch,1,0.5730497,Feeding
704921561.jpg,Monarch,0,0.015422278,Non_feeding
704909260.jpg,Monarch,1,0.9919661,Non_feeding
704881435.jpg,Monarch,0,8.0461956e-05,Non_feeding
704920870.jpg,Monarch,1,1.0,Non_feeding
704919055.jpg,Monarch,1,1.0,Non_feeding
704916594.jpg,Monarch,1,0.99997854,Non_feeding
704916304.jpg,Monarch,1,0.9881721,Non_feeding
704915545.jpg,Monarch,1,1.0,Non_feeding
704914328.jpg,Monarch,0,8.3557214e-05,Feeding
704913789.jpg,Monarch,1,0.5777537,Feeding
704914139.jpg,Monarch,1,0.25178802,Feeding
704913487.jpg,Monarch,1,1.0,Non_feeding
704911489.jpg,Monarch,0,0.08199694,Non_feeding
704908625.jpg,Monarch,0,0.0016695043,Feeding
704912098.jpg,Monarch,1,0.9833858,Non_feeding
704912349.jpg,Monarch,0,0.00043406076,Feeding
704911176.jpg,Monarch,1,0.3947932,Feeding
704910342.jpg,Monarch,1,0.99059266,Feeding
704906510.jpg,Monarch,0,0.019015452,Non_feeding
704904528.jpg,Monarch,1,0.9996605,Non_feeding
704902071.jpg,Monarch,1,0.666155,Non_feeding
704900889.jpg,Monarch,1,0.93892,Non_feeding
704900923.jpg,Monarch,0,0.009569924,Non_feeding
704899748.jpg,Monarch,1,1.0,Non_feeding
704898606.jpg,Monarch,1,0.119500704,Feeding
704897338.jpg,Monarch,1,0.9999988,Feeding
704894948.jpg,Monarch,1,0.50800395,Non_feeding
704894822.jpg,Monarch,1,0.90796924,Non_feeding
704894719.jpg,Monarch,1,1.0,Non_feeding
704894160.jpg,Monarch,1,0.16233458,Non_feeding
704894077.jpg,Monarch,1,0.91232246,Non_feeding
704865346.jpg,Monarch,0,0.0017395274,Feeding
704892960.jpg,Monarch,1,0.9842672,Non_feeding
704890548.jpg,Monarch,1,0.7971994,Non_feeding
704885173.jpg,Monarch,0,0.001362533,Non_feeding
704887080.jpg,Monarch,0,0.0028772713,Non_feeding
704885845.jpg,Monarch,1,1.0,Non_feeding
704884529.jpg,Monarch,1,0.999987,Feeding
704877745.jpg,Monarch,0,0.04769997,Feeding
704881821.jpg,Monarch,1,0.96015894,Non_feeding
704881170.jpg,Monarch,1,0.9991867,Non_feeding
704880883.jpg,Monarch,1,0.6260579,Non_feeding
704880728.jpg,Monarch,0,0.0017757762,Non_feeding
704880166.jpg,Monarch,1,0.9999995,Non_feeding
704879647.jpg,Monarch,1,0.8996041,Feeding
704875196.jpg,Monarch,1,0.8943184,Non_feeding
704875206.jpg,Monarch,1,0.9984877,Feeding
704874489.jpg,Monarch,1,0.8933648,Non_feeding
704874613.jpg,Monarch,1,0.99999964,Non_feeding
704873668.jpg,Monarch,1,0.19235852,Feeding
704873309.jpg,Monarch,1,1.0,Non_feeding
704873261.jpg,Monarch,1,0.999997,Non_feeding
704872405.jpg,Monarch,1,0.97073144,Non_feeding
704872065.jpg,Monarch,0,0.00047434692,Feeding
704871700.jpg,Monarch,1,0.9999968,Non_feeding
704871270.jpg,Monarch,1,0.9987941,Non_feeding
704868486.jpg,Monarch,1,0.9999945,Non_feeding
704865729.jpg,Monarch,1,0.99999976,Non_feeding
704863276.jpg,Monarch,1,0.99953943,Non_feeding
704862939.jpg,Monarch,1,0.9996906,Non_feeding
704862552.jpg,Monarch,1,0.9874142,Non_feeding
704862338.jpg,Monarch,1,0.9689238,Non_feeding
704862008.jpg,Monarch,1,1.0,Non_feeding
704879550.jpg,Monarch,0,0.04226702,Non_feeding
704859937.jpg,Monarch,0,0.00044034445,Feeding
704859733.jpg,Monarch,1,0.99999976,Non_feeding
704858903.jpg,Monarch,1,0.99426347,Non_feeding
704858799.jpg,Monarch,1,0.99992216,Non_feeding
704856412.jpg,Monarch,1,0.3875823,Feeding
704857609.jpg,Monarch,1,0.47027746,Non_feeding
704849567.jpg,Monarch,0,0.00497796,Non_feeding
704853712.jpg,Monarch,0,0.005044165,Non_feeding
704853389.jpg,Monarch,1,1.0,Non_feeding
704849418.jpg,Monarch,1,0.99998975,Non_feeding
704849009.jpg,Monarch,1,0.8569649,Non_feeding
704851298.jpg,Monarch,1,0.99988306,Feeding
704851377.jpg,Monarch,1,0.9999999,Feeding
704850394.jpg,Monarch,1,0.1125934,Feeding
704848795.jpg,Monarch,1,0.9790286,Non_feeding
704849909.jpg,Monarch,1,0.9962644,Feeding
704849690.jpg,Monarch,1,0.9999887,Feeding
704848403.jpg,Monarch,1,0.97024035,Feeding
704848385.jpg,Monarch,1,0.9999914,Non_feeding
704848122.jpg,Monarch,0,1.3635796e-06,Feeding
704848168.jpg,Monarch,1,0.999637,Non_feeding
704847339.jpg,Monarch,0,0.09806474,Non_feeding
704847357.jpg,Monarch,1,0.9958459,Feeding
704843953.jpg,Monarch,1,0.99999774,Non_feeding
704845445.jpg,Monarch,1,0.99971515,Non_feeding
704845887.jpg,Monarch,1,1.0,Non_feeding
704845953.jpg,Monarch,0,9.5721494e-05,Non_feeding
704845231.jpg,Monarch,0,0.08390558,Feeding
704843449.jpg,Monarch,0,0.0043367017,Non_feeding
704843441.jpg,Monarch,1,1.0,Non_feeding
704842737.jpg,Monarch,1,1.0,Non_feeding
704840626.jpg,Monarch,1,0.99931407,Feeding
704840017.jpg,Monarch,1,0.10910322,Non_feeding
704839721.jpg,Monarch,1,0.2321148,Non_feeding
704839749.jpg,Monarch,1,0.9999728,Non_feeding
704812982.jpg,Monarch,1,0.3750554,Non_feeding
704812610.jpg,Monarch,0,0.0019429659,Non_feeding
704812608.jpg,Monarch,0,0.041455556,Feeding
704837495.jpg,Monarch,0,0.001861986,Feeding
704837463.jpg,Monarch,1,0.9843535,Non_feeding
704837205.jpg,Monarch,1,0.99209994,Feeding
704836852.jpg,Monarch,1,0.99999857,Non_feeding
704835320.jpg,Monarch,1,0.9999398,Non_feeding
704833298.jpg,Monarch,1,0.9996794,Feeding
704832620.jpg,Monarch,1,0.99898046,Non_feeding
704831612.jpg,Monarch,1,0.9995967,Feeding
704831103.jpg,Monarch,1,0.940763,Non_feeding
704829749.jpg,Monarch,1,0.9755998,Non_feeding
704829354.jpg,Monarch,1,0.818552,Feeding
704828991.jpg,Monarch,1,0.9999217,Non_feeding
704828574.jpg,Monarch,0,0.011260111,Non_feeding
704828522.jpg,Monarch,1,0.9989223,Non_feeding
704825728.jpg,Monarch,1,0.556065,Feeding
704823531.jpg,Monarch,1,0.99991727,Non_feeding
704823498.jpg,Monarch,0,0.000984732,Non_feeding
704823315.jpg,Monarch,1,0.9997559,Non_feeding
704821981.jpg,Monarch,1,0.101983786,Feeding
704789690.jpg,Monarch,0,0.00017437199,Feeding
704821685.jpg,Monarch,1,1.0,Non_feeding
704820125.jpg,Monarch,1,0.7850391,Non_feeding
704819226.jpg,Monarch,1,1.0,Non_feeding
704818047.jpg,Monarch,0,0.00032538094,Non_feeding
704806111.jpg,Monarch,0,0.036637705,Non_feeding
704814348.jpg,Monarch,1,0.9442207,Feeding
704813465.jpg,Monarch,0,0.015216321,Feeding
704812301.jpg,Monarch,1,0.99974936,Feeding
704811442.jpg,Monarch,1,0.101443075,Non_feeding
704812699.jpg,Monarch,1,0.92036337,Feeding
704810399.jpg,Monarch,1,0.9999969,Non_feeding
704808447.jpg,Monarch,0,0.085822254,Feeding
704808428.jpg,Monarch,1,0.23280048,Non_feeding
704808402.jpg,Monarch,0,0.00023185261,Feeding
704810031.jpg,Monarch,1,0.99999106,Non_feeding
704809598.jpg,Monarch,1,0.6518135,Non_feeding
704808811.jpg,Monarch,1,0.16953541,Non_feeding
704808240.jpg,Monarch,1,0.29697755,Feeding
704807320.jpg,Monarch,1,0.9932068,Feeding
704805472.jpg,Monarch,1,0.9999008,Non_feeding
704805383.jpg,Monarch,1,0.99969715,Feeding
704804296.jpg,Monarch,1,0.6739632,Feeding
704800146.jpg,Monarch,1,0.99999976,Feeding
704796161.jpg,Monarch,1,0.99710006,Feeding
704793907.jpg,Monarch,1,0.9999993,Non_feeding
704790828.jpg,Monarch,1,0.99721897,Non_feeding
704789394.jpg,Monarch,1,1.0,Non_feeding
704788125.jpg,Monarch,1,0.999185,Feeding
704787732.jpg,Monarch,1,0.98735875,Non_feeding
704783184.jpg,Monarch,0,0.04406982,Non_feeding
704786446.jpg,Monarch,0,0.0021267487,Feeding
704784558.jpg,Monarch,0,0.031924907,Non_feeding
704783131.jpg,Monarch,1,0.24379635,Non_feeding
704781241.jpg,Monarch,1,0.9997835,Non_feeding
704798934.jpg,Monarch,0,0.0012287422,Non_feeding
704777716.jpg,Monarch,1,0.9999503,Feeding
704777363.jpg,Monarch,1,0.98308337,Non_feeding
704776034.jpg,Monarch,0,0.00038399786,Non_feeding
704774750.jpg,Monarch,0,0.0069463244,Feeding
704772401.jpg,Monarch,0,1.6342226e-07,Feeding
704767048.jpg,Monarch,0,0.00056885043,Non_feeding
704766991.jpg,Monarch,1,0.76035655,Non_feeding
704766944.jpg,Monarch,0,0.00034533814,Non_feeding
704774410.jpg,Monarch,1,0.98779255,Feeding
704772158.jpg,Monarch,1,0.9317286,Non_feeding
704770768.jpg,Monarch,0,5.7903446e-05,Non_feeding
704769522.jpg,Monarch,1,0.9996715,Non_feeding
704769165.jpg,Monarch,1,0.9975956,Non_feeding
704768804.jpg,Monarch,0,0.032921426,Feeding
704767474.jpg,Monarch,1,1.0,Non_feeding
704767345.jpg,Monarch,1,0.99635327,Feeding
704767299.jpg,Monarch,1,0.5598406,Non_feeding
704765898.jpg,Monarch,1,0.9999995,Non_feeding
704764777.jpg,Monarch,1,0.99761754,Non_feeding
704764616.jpg,Monarch,0,0.08331326,Non_feeding
704763145.jpg,Monarch,1,0.995173,Non_feeding
704761832.jpg,Monarch,1,0.18804696,Feeding
704762200.jpg,Monarch,1,0.35798034,Non_feeding
704757522.jpg,Monarch,0,0.00011168716,Non_feeding
704757189.jpg,Monarch,0,0.0078039244,Non_feeding
704757191.jpg,Monarch,0,0.020352803,Non_feeding
704757123.jpg,Monarch,1,0.40260658,Non_feeding
704757126.jpg,Monarch,0,0.00013362653,Feeding
704757029.jpg,Monarch,0,0.0039588297,Feeding
705010921.jpg,Monarch,0,0.080246694,Non_feeding
704755682.jpg,Monarch,1,0.9302029,Feeding
704756435.jpg,Monarch,1,1.0,Feeding
704756213.jpg,Monarch,1,0.9999951,Feeding
704755659.jpg,Monarch,1,0.9992144,Non_feeding
704754598.jpg,Monarch,1,0.99998426,Non_feeding
704753535.jpg,Monarch,1,0.99643624,Non_feeding
704753031.jpg,Monarch,0,0.08653971,Feeding
704750055.jpg,Monarch,1,0.9998814,Feeding
704750014.jpg,Monarch,1,0.9999819,Non_feeding
704749828.jpg,Monarch,1,1.0,Non_feeding
704747948.jpg,Monarch,1,0.99999964,Non_feeding
704747127.jpg,Monarch,0,0.007104658,Feeding
704746914.jpg,Monarch,0,0.07746646,Feeding
704746754.jpg,Monarch,0,3.944088e-06,Non_feeding
704746301.jpg,Monarch,1,0.9490656,Non_feeding
704745648.jpg,Monarch,1,0.99935955,Non_feeding
704744591.jpg,Monarch,1,0.99883693,Feeding
704744023.jpg,Monarch,1,0.9996684,Feeding
704740014.jpg,Monarch,1,0.9999232,Non_feeding
704733640.jpg,Monarch,0,0.00031637086,Non_feeding
704735845.jpg,Monarch,1,0.76978827,Feeding
704733915.jpg,Monarch,1,1.0,Non_feeding
704733740.jpg,Monarch,0,0.09798322,Non_feeding
704733667.jpg,Monarch,0,0.011697837,Feeding
704733478.jpg,Monarch,1,1.0,Non_feeding
704732427.jpg,Monarch,1,0.99844486,Non_feeding
704729278.jpg,Monarch,0,0.0003854379,Non_feeding
704731606.jpg,Monarch,1,0.3252949,Non_feeding
704730710.jpg,Monarch,1,0.9460252,Non_feeding
704729248.jpg,Monarch,1,0.9745721,Non_feeding
704729907.jpg,Monarch,1,0.61496973,Non_feeding
704729382.jpg,Monarch,1,0.6548255,Non_feeding
704728536.jpg,Monarch,1,1.0,Non_feeding
704726619.jpg,Monarch,1,0.61744314,Feeding
704726461.jpg,Monarch,1,0.8845605,Non_feeding
704724135.jpg,Monarch,1,0.9624923,Non_feeding
704722783.jpg,Monarch,1,0.99819815,Feeding
704722251.jpg,Monarch,1,0.99999285,Feeding
704721753.jpg,Monarch,1,0.3378598,Non_feeding
704719447.jpg,Monarch,1,0.95963854,Non_feeding
704718593.jpg,Monarch,1,0.9800837,Non_feeding
704714921.jpg,Monarch,1,0.92138624,Feeding
704717400.jpg,Monarch,1,0.9999584,Feeding
704717017.jpg,Monarch,1,0.99378645,Non_feeding
704714590.jpg,Monarch,1,1.0,Feeding
704713585.jpg,Monarch,1,0.18337524,Feeding
704712735.jpg,Monarch,1,0.61966574,Non_feeding
704712218.jpg,Monarch,1,0.54746044,Non_feeding
704707780.jpg,Monarch,1,1.0,Non_feeding
704707735.jpg,Monarch,1,0.11646219,Feeding
704707700.jpg,Monarch,1,1.0,Non_feeding
704706622.jpg,Monarch,0,0.00018246452,Feeding
704700731.jpg,Monarch,1,0.5059989,Non_feeding
704700813.jpg,Monarch,1,0.63172966,Non_feeding
704700630.jpg,Monarch,1,0.66695935,Feeding
704700658.jpg,Monarch,0,0.0013149619,Feeding
704705390.jpg,Monarch,1,0.9839311,Feeding
704704742.jpg,Monarch,0,0.036716122,Feeding
704704567.jpg,Monarch,1,0.99994934,Non_feeding
704704490.jpg,Monarch,1,0.99873203,Non_feeding
704704390.jpg,Monarch,0,0.015533712,Non_feeding
704702851.jpg,Monarch,1,0.99817705,Feeding
704704283.jpg,Monarch,1,1.0,Non_feeding
704702539.jpg,Monarch,1,0.999902,Non_feeding
704701967.jpg,Monarch,0,0.08158006,Feeding
704701379.jpg,Monarch,1,0.99471045,Feeding
704700228.jpg,Monarch,1,0.9999716,Non_feeding
704698826.jpg,Monarch,0,0.0076606567,Non_feeding
704698735.jpg,Monarch,1,1.0,Non_feeding
704695565.jpg,Monarch,0,0.005771985,Feeding
704697455.jpg,Monarch,1,0.9999895,Non_feeding
704697234.jpg,Monarch,1,0.50660056,Feeding
704691076.jpg,Monarch,0,0.0053029736,Feeding
704695479.jpg,Monarch,1,0.83724064,Feeding
704694865.jpg,Monarch,1,0.99999976,Non_feeding
704693975.jpg,Monarch,0,0.0064540803,Non_feeding
704693840.jpg,Monarch,1,0.73240656,Feeding
704692736.jpg,Monarch,1,0.99973625,Non_feeding
708649466.jpg,Monarch,1,0.9883635,Non_feeding
704740612.jpg,Monarch,1,0.9999845,Non_feeding
704691261.jpg,Monarch,1,1.0,Non_feeding
704690759.jpg,Monarch,1,0.998575,Feeding
704688126.jpg,Monarch,1,0.9999943,Non_feeding
704687867.jpg,Monarch,0,0.00053615804,Non_feeding
704681411.jpg,Monarch,0,0.0063663,Feeding
704681379.jpg,Monarch,1,0.9919373,Feeding
704681371.jpg,Monarch,1,0.82350314,Non_feeding
704681360.jpg,Monarch,1,0.9396004,Non_feeding
704681357.jpg,Monarch,1,0.99708205,Non_feeding
704681347.jpg,Monarch,1,0.9808054,Non_feeding
704681241.jpg,Monarch,1,0.99013585,Feeding
704681203.jpg,Monarch,1,0.9999863,Non_feeding
704686773.jpg,Monarch,1,0.99987185,Non_feeding
704686714.jpg,Monarch,1,0.2165179,Feeding
704686582.jpg,Monarch,1,0.9420659,Non_feeding
704684421.jpg,Monarch,1,0.99999833,Non_feeding
704684264.jpg,Monarch,1,0.9998623,Feeding
704683801.jpg,Monarch,1,0.9756614,Feeding
704668201.jpg,Monarch,1,0.74247116,Non_feeding
704667261.jpg,Monarch,0,0.029856618,Feeding
704667234.jpg,Monarch,0,3.3796023e-05,Feeding
704667006.jpg,Monarch,0,0.03632819,Feeding
704666832.jpg,Monarch,0,0.0005882658,Feeding
704682487.jpg,Monarch,1,0.9831693,Feeding
706420103.jpg,Monarch,1,0.9989557,Feeding
704779974.jpg,Monarch,0,0.08927174,Feeding
704848274.jpg,Monarch,1,0.98864055,Non_feeding
704679633.jpg,Monarch,1,0.9989085,Non_feeding
704680759.jpg,Monarch,1,0.9999776,Non_feeding
704670878.jpg,Monarch,1,0.29150605,Non_feeding
704680550.jpg,Monarch,1,0.9999881,Non_feeding
705493181.jpg,Monarch,1,0.8612516,Feeding
704679512.jpg,Monarch,1,0.99969155,Feeding
704679350.jpg,Monarch,1,1.0,Non_feeding
704676305.jpg,Monarch,1,0.99995315,Feeding
704674964.jpg,Monarch,1,0.9575475,Feeding
704675001.jpg,Monarch,0,0.00015572927,Non_feeding
704674601.jpg,Monarch,1,0.6561119,Non_feeding
704673843.jpg,Monarch,1,0.9996744,Non_feeding
704672392.jpg,Monarch,0,0.00024444572,Non_feeding
704662988.jpg,Monarch,1,0.22055319,Feeding
704671289.jpg,Monarch,1,0.99999714,Non_feeding
704668498.jpg,Monarch,1,0.45799744,Non_feeding
704667069.jpg,Monarch,1,0.9999964,Non_feeding
704667049.jpg,Monarch,1,0.9999975,Non_feeding
704666765.jpg,Monarch,0,0.00395608,Feeding
704666013.jpg,Monarch,1,1.0,Non_feeding
704665712.jpg,Monarch,1,0.9999999,Non_feeding
704664948.jpg,Monarch,1,0.9791254,Feeding
704664639.jpg,Monarch,1,1.0,Non_feeding
704663577.jpg,Monarch,0,0.012250994,Non_feeding
704662720.jpg,Monarch,1,0.8627358,Non_feeding
704660548.jpg,Monarch,1,0.9999962,Non_feeding
704659984.jpg,Monarch,1,0.99629825,Feeding
704659018.jpg,Monarch,1,0.9345594,Non_feeding
704658434.jpg,Monarch,0,0.0021237521,Non_feeding
704658289.jpg,Monarch,0,0.002161574,Non_feeding
704656528.jpg,Monarch,0,0.08674432,Non_feeding
704657781.jpg,Monarch,1,0.17330539,Non_feeding
704658204.jpg,Monarch,0,4.848693e-05,Non_feeding
704656197.jpg,Monarch,1,0.6760766,Feeding
704653217.jpg,Monarch,1,0.9947324,Non_feeding
704652817.jpg,Monarch,1,0.12562652,Feeding
704647267.jpg,Monarch,1,0.842862,Feeding
704650105.jpg,Monarch,0,0.028083326,Feeding
704649227.jpg,Monarch,1,1.0,Non_feeding
704646967.jpg,Monarch,0,0.0015927388,Non_feeding
704646690.jpg,Monarch,1,0.9999809,Non_feeding
704646796.jpg,Monarch,0,0.00010810005,Non_feeding
704646302.jpg,Monarch,1,0.15268059,Feeding
704646345.jpg,Monarch,1,0.796144,Non_feeding
704646287.jpg,Monarch,1,0.13444458,Non_feeding
704663292.jpg,Monarch,1,0.99971634,Non_feeding
704643339.jpg,Monarch,1,0.9999989,Non_feeding
704642733.jpg,Monarch,1,0.10929849,Non_feeding
704641232.jpg,Monarch,1,0.99977934,Feeding
704641289.jpg,Monarch,1,0.9985866,Non_feeding
704641134.jpg,Monarch,1,0.99967974,Non_feeding
704641001.jpg,Monarch,0,0.0048696212,Non_feeding
704640880.jpg,Monarch,0,0.00013745815,Non_feeding
704640832.jpg,Monarch,0,0.0387413,Non_feeding
704640773.jpg,Monarch,1,0.99984205,Non_feeding
704640672.jpg,Monarch,1,0.3130016,Non_feeding
704640514.jpg,Monarch,0,0.031784758,Non_feeding
704640335.jpg,Monarch,0,0.025801366,Non_feeding
704639598.jpg,Monarch,1,0.56230795,Non_feeding
704636586.jpg,Monarch,0,0.00011817067,Feeding
704635895.jpg,Monarch,1,0.99970907,Non_feeding
704635481.jpg,Monarch,1,0.8267509,Feeding
704635037.jpg,Monarch,1,0.9999993,Feeding
704633507.jpg,Monarch,1,0.9936073,Feeding
704628555.jpg,Monarch,1,0.97898185,Feeding
704628499.jpg,Monarch,1,0.9817143,Feeding
704628111.jpg,Monarch,1,0.99939513,Non_feeding
704628091.jpg,Monarch,1,0.99998236,Non_feeding
704625507.jpg,Monarch,1,0.9262154,Non_feeding
704625683.jpg,Monarch,1,0.9984799,Non_feeding
704625432.jpg,Monarch,1,0.4440413,Non_feeding
704623515.jpg,Monarch,1,0.9370734,Feeding
704623346.jpg,Monarch,1,0.92887324,Feeding
704622064.jpg,Monarch,1,0.99927515,Non_feeding
704621589.jpg,Monarch,0,0.0015014774,Feeding
704621253.jpg,Monarch,1,0.9999764,Non_feeding
706604661.jpg,Monarch,1,0.86528033,Non_feeding
704614258.jpg,Monarch,0,0.0030850498,Feeding
704614215.jpg,Monarch,0,0.0010735461,Non_feeding
704614024.jpg,Monarch,1,0.99173355,Non_feeding
704613525.jpg,Monarch,1,0.9604719,Feeding
704612764.jpg,Monarch,0,0.085677356,Non_feeding
704609860.jpg,Monarch,1,0.9907534,Feeding
704610323.jpg,Monarch,1,0.9997959,Feeding
704608950.jpg,Monarch,1,0.8902158,Feeding
704607209.jpg,Monarch,1,0.9998832,Non_feeding
704606601.jpg,Monarch,1,0.99969405,Non_feeding
704606077.jpg,Monarch,1,0.99924487,Non_feeding
704605752.jpg,Monarch,1,0.5755564,Non_feeding
704605112.jpg,Monarch,1,0.9998586,Non_feeding
704604680.jpg,Monarch,1,0.9945273,Non_feeding
704604176.jpg,Monarch,1,1.0,Non_feeding
704602101.jpg,Monarch,1,0.19767396,Non_feeding
704599578.jpg,Monarch,0,0.001416945,Non_feeding
704598207.jpg,Monarch,1,0.5825111,Non_feeding
704596768.jpg,Monarch,1,0.99976164,Feeding
704596515.jpg,Monarch,1,0.9910134,Non_feeding
704595071.jpg,Monarch,0,0.0847711,Non_feeding
704595429.jpg,Monarch,1,0.9791086,Non_feeding
704595058.jpg,Monarch,1,0.9937577,Non_feeding
704594425.jpg,Monarch,1,0.17949826,Feeding
704594152.jpg,Monarch,1,0.999992,Non_feeding
704593833.jpg,Monarch,1,0.99999964,Non_feeding
704593644.jpg,Monarch,1,0.99972755,Non_feeding
704592725.jpg,Monarch,1,0.952941,Non_feeding
704592518.jpg,Monarch,1,0.99989724,Non_feeding
704592070.jpg,Monarch,1,0.9995664,Non_feeding
704591808.jpg,Monarch,1,0.99443424,Non_feeding
704590797.jpg,Monarch,1,0.9761416,Non_feeding
704590687.jpg,Monarch,1,0.99999976,Non_feeding
704589257.jpg,Monarch,1,0.9999163,Feeding
704589184.jpg,Monarch,1,0.9999614,Non_feeding
704588786.jpg,Monarch,1,0.98196286,Feeding
704747158.jpg,Monarch,1,1.0,Non_feeding
704587157.jpg,Monarch,0,0.09933638,Non_feeding
704583703.jpg,Monarch,1,0.99761236,Non_feeding
704581514.jpg,Monarch,1,0.9653287,Non_feeding
704580581.jpg,Monarch,1,0.9990113,Feeding
704579231.jpg,Monarch,0,0.024999978,Non_feeding
704574789.jpg,Monarch,1,0.99999917,Non_feeding
704573205.jpg,Monarch,1,0.99957234,Feeding
704571059.jpg,Monarch,1,0.9998599,Feeding
704570945.jpg,Monarch,1,0.9998499,Feeding
704570288.jpg,Monarch,1,0.9999174,Feeding
704567299.jpg,Monarch,1,0.99999404,Non_feeding
704566940.jpg,Monarch,1,0.8177209,Non_feeding
704566520.jpg,Monarch,1,0.99999857,Non_feeding
704565928.jpg,Monarch,1,0.9999999,Non_feeding
704565397.jpg,Monarch,1,0.99875283,Non_feeding
704563970.jpg,Monarch,1,0.9946301,Non_feeding
704560488.jpg,Monarch,1,0.99772304,Non_feeding
704558932.jpg,Monarch,1,1.0,Non_feeding
704558095.jpg,Monarch,1,0.31083363,Feeding
704558191.jpg,Monarch,1,0.530153,Feeding
704558089.jpg,Monarch,1,0.9929629,Feeding
704557974.jpg,Monarch,1,0.9999628,Feeding
704556930.jpg,Monarch,1,0.9999124,Feeding
704556555.jpg,Monarch,1,0.9576457,Non_feeding
704555936.jpg,Monarch,1,0.74707836,Non_feeding
704554393.jpg,Monarch,1,0.71490365,Non_feeding
704554279.jpg,Monarch,1,0.99578315,Feeding
704553917.jpg,Monarch,1,0.9983993,Feeding
704591112.jpg,Monarch,0,0.000119807686,Non_feeding
704552107.jpg,Monarch,1,0.99505544,Non_feeding
704551750.jpg,Monarch,1,0.9938127,Non_feeding
704551227.jpg,Monarch,1,0.99998236,Feeding
704548911.jpg,Monarch,0,0.0023809625,Non_feeding
704548912.jpg,Monarch,1,0.9953955,Non_feeding
704548803.jpg,Monarch,1,0.9997044,Non_feeding
704548312.jpg,Monarch,0,0.03973187,Non_feeding
704547429.jpg,Monarch,0,0.03459326,Feeding
704545416.jpg,Monarch,1,0.9999124,Feeding
704540929.jpg,Monarch,1,0.99998784,Non_feeding
704540741.jpg,Monarch,1,0.9999416,Feeding
704540313.jpg,Monarch,1,0.99867046,Non_feeding
704539573.jpg,Monarch,1,0.99645126,Non_feeding
704538320.jpg,Monarch,1,0.5545767,Non_feeding
704534182.jpg,Monarch,0,0.00044662305,Feeding
704533006.jpg,Monarch,1,0.93311846,Non_feeding
704531011.jpg,Monarch,1,1.0,Non_feeding
704525815.jpg,Monarch,0,0.0002022515,Non_feeding
704525630.jpg,Monarch,0,0.0004280044,Non_feeding
704522084.jpg,Monarch,0,0.063193254,Non_feeding
704523106.jpg,Monarch,1,0.66024923,Non_feeding
704524533.jpg,Monarch,1,1.0,Non_feeding
704523003.jpg,Monarch,1,1.0,Non_feeding
704522933.jpg,Monarch,0,0.009902766,Non_feeding
704521818.jpg,Monarch,0,0.004596913,Feeding
704514247.jpg,Monarch,1,0.42343518,Non_feeding
704504102.jpg,Monarch,0,0.035942126,Non_feeding
704498547.jpg,Monarch,1,0.37709972,Feeding
704497119.jpg,Monarch,1,0.9987399,Feeding
704495921.jpg,Monarch,0,0.0049302755,Non_feeding
704466921.jpg,Monarch,1,0.72860545,Non_feeding
704442408.jpg,Monarch,1,0.99803346,Feeding
704437493.jpg,Monarch,1,0.9965513,Feeding
704430025.jpg,Monarch,0,0.08947801,Non_feeding
704428618.jpg,Monarch,1,1.0,Feeding
704417488.jpg,Monarch,1,0.7189448,Feeding
704408242.jpg,Monarch,1,1.0,Non_feeding
704397121.jpg,Monarch,1,0.17956845,Feeding
704404429.jpg,Monarch,1,0.57813,Non_feeding
704403658.jpg,Monarch,1,0.9992912,Non_feeding
704398483.jpg,Monarch,1,0.9604426,Non_feeding
704396385.jpg,Monarch,0,0.04045757,Non_feeding
704389923.jpg,Monarch,1,0.9999987,Feeding
704387462.jpg,Monarch,1,0.98747146,Non_feeding
704380554.jpg,Monarch,1,0.101993605,Feeding
704378890.jpg,Monarch,1,0.9982303,Non_feeding
704378334.jpg,Monarch,1,0.9976088,Non_feeding
704376679.jpg,Monarch,0,0.024418551,Non_feeding
704370620.jpg,Monarch,1,0.56569546,Non_feeding
704371069.jpg,Monarch,1,0.9999664,Non_feeding
704362380.jpg,Monarch,0,0.0002939437,Non_feeding
704366224.jpg,Monarch,1,0.7734792,Non_feeding
704365241.jpg,Monarch,0,0.03030141,Non_feeding
704364868.jpg,Monarch,1,0.9997068,Non_feeding
704360848.jpg,Monarch,1,0.52011925,Feeding
704351897.jpg,Monarch,0,6.4089334e-05,Feeding
704359503.jpg,Monarch,1,0.9999913,Non_feeding
704358101.jpg,Monarch,0,0.022798063,Non_feeding
704356014.jpg,Monarch,0,0.037398405,Feeding
704356853.jpg,Monarch,0,0.0030696327,Non_feeding
704350892.jpg,Monarch,1,0.97302115,Non_feeding
704353703.jpg,Monarch,1,0.998009,Non_feeding
704349664.jpg,Monarch,0,0.072694205,Feeding
704351188.jpg,Monarch,1,0.99676895,Non_feeding
704351115.jpg,Monarch,1,0.78678066,Non_feeding
704350593.jpg,Monarch,1,0.9956468,Non_feeding
704350376.jpg,Monarch,0,0.01480772,Feeding
704347979.jpg,Monarch,0,0.07668377,Non_feeding
704347684.jpg,Monarch,0,0.00025790188,Non_feeding
704347455.jpg,Monarch,1,0.7070128,Non_feeding
704345704.jpg,Monarch,1,0.9753069,Non_feeding
704344268.jpg,Monarch,0,0.0017908487,Feeding
704339267.jpg,Monarch,0,0.0066339127,Non_feeding
704337936.jpg,Monarch,0,0.0489331,Feeding
704336463.jpg,Monarch,1,0.3110611,Non_feeding
704331580.jpg,Monarch,0,0.0018713207,Feeding
704327478.jpg,Monarch,1,0.6725903,Feeding
704327463.jpg,Monarch,1,0.81380296,Feeding
704328894.jpg,Monarch,1,0.1970796,Feeding
704330223.jpg,Monarch,1,0.99996996,Non_feeding
704329963.jpg,Monarch,1,0.9669453,Non_feeding
704329456.jpg,Monarch,0,0.021331076,Feeding
704328320.jpg,Monarch,1,1.0,Feeding
704328117.jpg,Monarch,1,0.1341992,Feeding
704328056.jpg,Monarch,1,1.0,Non_feeding
704327998.jpg,Monarch,1,0.9999285,Feeding
704330410.jpg,Monarch,1,0.9948984,Non_feeding
704326426.jpg,Monarch,1,0.9999919,Non_feeding
704326591.jpg,Monarch,1,0.99991584,Non_feeding
704326321.jpg,Monarch,1,0.31844684,Non_feeding
704325297.jpg,Monarch,1,0.8164746,Feeding
704325067.jpg,Monarch,1,0.24924581,Non_feeding
704324939.jpg,Monarch,1,0.97299945,Feeding
704310087.jpg,Monarch,0,0.00016516463,Feeding
704324525.jpg,Monarch,1,0.74617916,Feeding
704321706.jpg,Monarch,0,0.00026659935,Feeding
704322812.jpg,Monarch,1,0.9305912,Non_feeding
704322625.jpg,Monarch,1,0.97442067,Non_feeding
704321876.jpg,Monarch,0,0.042412426,Non_feeding
704321770.jpg,Monarch,1,0.9999999,Non_feeding
704321059.jpg,Monarch,1,0.99999166,Non_feeding
704317447.jpg,Monarch,1,0.9972414,Feeding
704317351.jpg,Monarch,1,0.9998666,Non_feeding
704315148.jpg,Monarch,1,0.9928106,Feeding
704313035.jpg,Monarch,1,0.9978244,Feeding
704312980.jpg,Monarch,1,0.99999917,Non_feeding
704312440.jpg,Monarch,1,0.99330515,Feeding
704312433.jpg,Monarch,1,0.99986243,Non_feeding
704312032.jpg,Monarch,1,1.0,Non_feeding
704311992.jpg,Monarch,1,1.0,Non_feeding
704310898.jpg,Monarch,1,1.0,Non_feeding
704301529.jpg,Monarch,1,0.16213259,Non_feeding
704310161.jpg,Monarch,1,0.9999993,Non_feeding
704302705.jpg,Monarch,1,0.21071729,Non_feeding
704302698.jpg,Monarch,0,0.00047485746,Feeding
704305647.jpg,Monarch,0,0.019714339,Feeding
704305053.jpg,Monarch,1,0.99341136,Non_feeding
704304933.jpg,Monarch,0,0.008244749,Feeding
704304928.jpg,Monarch,1,0.7851874,Non_feeding
704304893.jpg,Monarch,0,0.07090987,Feeding
704304882.jpg,Monarch,1,0.99857163,Non_feeding
704308885.jpg,Monarch,1,0.98433685,Non_feeding
704308195.jpg,Monarch,1,0.9999424,Non_feeding
704287453.jpg,Monarch,0,0.03674015,Non_feeding
704307936.jpg,Monarch,1,1.0,Non_feeding
704307867.jpg,Monarch,1,0.9998386,Non_feeding
704307806.jpg,Monarch,0,0.00044646172,Non_feeding
704307717.jpg,Monarch,1,0.34012496,Non_feeding
704307758.jpg,Monarch,1,0.98571855,Non_feeding
704303466.jpg,Monarch,0,0.00010193392,Non_feeding
704303444.jpg,Monarch,0,0.004788329,Feeding
704306084.jpg,Monarch,0,9.2570364e-05,Non_feeding
704306998.jpg,Monarch,1,0.8632271,Non_feeding
704305612.jpg,Monarch,0,0.04207144,Non_feeding
704305268.jpg,Monarch,1,0.9999703,Non_feeding
704305223.jpg,Monarch,1,1.0,Non_feeding
704303954.jpg,Monarch,1,1.0,Non_feeding
704302779.jpg,Monarch,0,0.024193559,Feeding
704301936.jpg,Monarch,1,0.9999968,Non_feeding
704300525.jpg,Monarch,0,0.0016570092,Feeding
704300737.jpg,Monarch,0,0.022927837,Feeding
704300386.jpg,Monarch,1,0.98751825,Feeding
704300389.jpg,Monarch,0,0.012725517,Feeding
704297849.jpg,Monarch,1,0.9999062,Non_feeding
704297611.jpg,Monarch,1,1.0,Non_feeding
704297426.jpg,Monarch,1,0.99999785,Non_feeding
704295642.jpg,Monarch,1,0.9858844,Non_feeding
704295568.jpg,Monarch,1,0.9940071,Feeding
704295191.jpg,Monarch,1,0.9998362,Non_feeding
704295013.jpg,Monarch,0,0.035903286,Feeding
704293415.jpg,Monarch,1,0.6587245,Non_feeding
704293324.jpg,Monarch,1,1.0,Feeding
704293090.jpg,Monarch,1,0.9932888,Non_feeding
704292741.jpg,Monarch,1,0.99987936,Non_feeding
704291657.jpg,Monarch,1,0.9913197,Non_feeding
704291537.jpg,Monarch,1,0.7363135,Non_feeding
704291522.jpg,Monarch,1,0.9990509,Non_feeding
704291541.jpg,Monarch,1,0.3335519,Non_feeding
704291334.jpg,Monarch,1,0.99998844,Non_feeding
704291021.jpg,Monarch,1,0.31247306,Non_feeding
704290308.jpg,Monarch,1,1.0,Non_feeding
704289582.jpg,Monarch,1,0.99985385,Non_feeding
704288475.jpg,Monarch,1,0.96548367,Non_feeding
704288245.jpg,Monarch,1,0.94182223,Non_feeding
704287785.jpg,Monarch,1,0.9999976,Non_feeding
704285332.jpg,Monarch,1,0.9825461,Non_feeding
704285192.jpg,Monarch,0,0.03151275,Feeding
704284270.jpg,Monarch,0,0.051674474,Non_feeding
704283633.jpg,Monarch,1,0.9999964,Non_feeding
704281082.jpg,Monarch,0,0.004456056,Non_feeding
704279694.jpg,Monarch,1,0.15808456,Feeding
704280521.jpg,Monarch,1,1.0,Non_feeding
704363287.jpg,Monarch,1,1.0,Non_feeding
704279401.jpg,Monarch,0,3.2766544e-05,Feeding
704278916.jpg,Monarch,0,0.012342283,Feeding
704277434.jpg,Monarch,0,0.08863563,Feeding
704276722.jpg,Monarch,1,0.9999999,Non_feeding
704276290.jpg,Monarch,0,0.005637408,Feeding
704275281.jpg,Monarch,1,0.9999993,Non_feeding
705004788.jpg,Monarch,1,0.9998925,Non_feeding
704272622.jpg,Monarch,1,0.349196,Non_feeding
704272577.jpg,Monarch,0,0.044727392,Non_feeding
704269324.jpg,Monarch,1,0.15820932,Feeding
704271244.jpg,Monarch,1,0.99572194,Non_feeding
704271248.jpg,Monarch,1,1.0,Non_feeding
704954449.jpg,Monarch,1,0.98793876,Non_feeding
704268195.jpg,Monarch,1,0.9995827,Non_feeding
704268142.jpg,Monarch,0,3.8265566e-10,Non_feeding
704266814.jpg,Monarch,0,0.043243337,Non_feeding
704267203.jpg,Monarch,1,0.86464316,Non_feeding
704261659.jpg,Monarch,0,0.062221933,Feeding
704264426.jpg,Monarch,0,0.0006901178,Non_feeding
704264266.jpg,Monarch,1,0.9999671,Feeding
704263717.jpg,Monarch,1,0.9999999,Non_feeding
704263070.jpg,Monarch,1,0.28972098,Feeding
704260830.jpg,Monarch,1,0.9998734,Feeding
704260766.jpg,Monarch,1,0.9989742,Feeding
704257904.jpg,Monarch,1,0.113436826,Non_feeding
704258024.jpg,Monarch,1,0.99793977,Feeding
704257280.jpg,Monarch,1,1.0,Non_feeding
704254557.jpg,Monarch,1,0.97877914,Feeding
704252280.jpg,Monarch,1,0.96519065,Feeding
704251745.jpg,Monarch,1,1.0,Non_feeding
704251213.jpg,Monarch,1,0.99998295,Non_feeding
704250178.jpg,Monarch,1,0.99999607,Non_feeding
704250064.jpg,Monarch,1,0.85584646,Feeding
704246505.jpg,Monarch,0,0.01326111,Non_feeding
704249365.jpg,Monarch,1,0.43472403,Non_feeding
704245851.jpg,Monarch,1,0.99129176,Non_feeding
704245607.jpg,Monarch,1,0.6029578,Feeding
704238504.jpg,Monarch,1,0.8713915,Feeding
704244120.jpg,Monarch,1,0.49047986,Feeding
704242886.jpg,Monarch,0,0.0046583326,Non_feeding
704242645.jpg,Monarch,1,0.9999666,Non_feeding
704240216.jpg,Monarch,1,0.9999273,Non_feeding
704239837.jpg,Monarch,1,0.15761468,Non_feeding
704239304.jpg,Monarch,1,0.6190876,Feeding
704239261.jpg,Monarch,0,0.048597593,Feeding
704237939.jpg,Monarch,0,1.1339434e-05,Non_feeding
704236999.jpg,Monarch,1,0.9990902,Non_feeding
704227689.jpg,Monarch,1,0.99999917,Non_feeding
704227679.jpg,Monarch,1,0.9918671,Non_feeding
704227657.jpg,Monarch,1,1.0,Non_feeding
704236268.jpg,Monarch,1,0.8927487,Non_feeding
704230769.jpg,Monarch,1,0.9999366,Non_feeding
704233399.jpg,Monarch,1,0.45409763,Non_feeding
704233137.jpg,Monarch,1,0.26586032,Non_feeding
704231978.jpg,Monarch,1,0.100842066,Feeding
704230957.jpg,Monarch,1,0.99532783,Non_feeding
704229020.jpg,Monarch,1,0.92515564,Non_feeding
704228188.jpg,Monarch,1,0.99111336,Non_feeding
704228056.jpg,Monarch,1,1.0,Non_feeding
704227791.jpg,Monarch,0,0.0028418421,Non_feeding
704226343.jpg,Monarch,1,0.9914819,Non_feeding
704224587.jpg,Monarch,1,0.8819625,Non_feeding
704226126.jpg,Monarch,1,0.9300737,Non_feeding
704225017.jpg,Monarch,0,0.0027819513,Feeding
704223981.jpg,Monarch,1,0.8972347,Non_feeding
704223833.jpg,Monarch,1,0.92806655,Feeding
704220516.jpg,Monarch,0,0.00014061198,Non_feeding
704222990.jpg,Monarch,1,0.9962709,Non_feeding
704222981.jpg,Monarch,0,0.08145549,Non_feeding
704222595.jpg,Monarch,0,0.016402649,Feeding
704222554.jpg,Monarch,0,0.09467331,Feeding
704222419.jpg,Monarch,1,0.14235649,Non_feeding
704222192.jpg,Monarch,1,0.9995311,Non_feeding
704221886.jpg,Monarch,1,0.5283427,Feeding
704220685.jpg,Monarch,0,0.0058964635,Non_feeding
704219831.jpg,Monarch,1,0.9999304,Non_feeding
704219072.jpg,Monarch,1,0.9994181,Feeding
704218786.jpg,Monarch,1,0.41925472,Feeding
704215046.jpg,Monarch,1,0.9999907,Non_feeding
704214734.jpg,Monarch,1,0.99963284,Non_feeding
704218535.jpg,Monarch,1,1.0,Non_feeding
704219460.jpg,Monarch,1,0.9593172,Non_feeding
704218098.jpg,Monarch,1,1.0,Feeding
704217528.jpg,Monarch,1,0.9999988,Feeding
704214593.jpg,Monarch,1,0.935697,Non_feeding
704214203.jpg,Monarch,1,0.97825545,Non_feeding
704212734.jpg,Monarch,1,0.99745613,Non_feeding
704210574.jpg,Monarch,1,0.95261395,Feeding
704209253.jpg,Monarch,1,0.9939347,Feeding
704209584.jpg,Monarch,1,0.9999989,Feeding
704209125.jpg,Monarch,1,0.99949884,Feeding
704187295.jpg,Monarch,1,0.115842484,Feeding
704208439.jpg,Monarch,1,0.99999905,Feeding
704208271.jpg,Monarch,1,0.99826694,Feeding
704204667.jpg,Monarch,1,0.9999049,Non_feeding
704204139.jpg,Monarch,1,0.23618524,Non_feeding
704226375.jpg,Monarch,1,0.99998915,Feeding
704200311.jpg,Monarch,1,0.9940918,Non_feeding
704195510.jpg,Monarch,0,0.0010572376,Feeding
704196587.jpg,Monarch,0,0.014015047,Non_feeding
704196488.jpg,Monarch,1,0.99938476,Feeding
704195039.jpg,Monarch,1,0.9993689,Non_feeding
704193888.jpg,Monarch,0,1.6717484e-05,Non_feeding
704193734.jpg,Monarch,1,0.99999785,Non_feeding
704192290.jpg,Monarch,0,0.00013411682,Non_feeding
704191979.jpg,Monarch,1,1.0,Non_feeding
704187673.jpg,Monarch,1,0.1289895,Non_feeding
704186325.jpg,Monarch,0,0.04245349,Feeding
704185999.jpg,Monarch,1,0.93940663,Non_feeding
704185384.jpg,Monarch,1,0.73793393,Feeding
704184559.jpg,Monarch,1,0.9999893,Non_feeding
704198150.jpg,Monarch,1,0.81886166,Non_feeding
704183314.jpg,Monarch,1,0.5429623,Feeding
704181572.jpg,Monarch,1,0.9807787,Feeding
704180095.jpg,Monarch,1,0.99996424,Non_feeding
704179480.jpg,Monarch,1,0.9958572,Non_feeding
704178515.jpg,Monarch,1,0.9999945,Non_feeding
704176652.jpg,Monarch,1,0.8623552,Non_feeding
704176415.jpg,Monarch,1,0.8530771,Non_feeding
704176281.jpg,Monarch,1,0.34617105,Non_feeding
704168661.jpg,Monarch,1,0.38348013,Feeding
704171294.jpg,Monarch,1,0.99999964,Non_feeding
704170104.jpg,Monarch,1,0.9999659,Feeding
704169006.jpg,Monarch,1,0.96886927,Feeding
704167785.jpg,Monarch,1,0.8853197,Feeding
704165615.jpg,Monarch,0,0.045704946,Feeding
704162701.jpg,Monarch,1,0.99963593,Non_feeding
704164857.jpg,Monarch,1,0.99527794,Feeding
704163368.jpg,Monarch,1,0.9992162,Non_feeding
704163032.jpg,Monarch,1,1.0,Non_feeding
704162075.jpg,Monarch,1,0.9999349,Non_feeding
704161878.jpg,Monarch,1,0.9955051,Non_feeding
704160218.jpg,Monarch,0,0.0125991665,Non_feeding
704161170.jpg,Monarch,1,0.999974,Feeding
704159486.jpg,Monarch,1,0.5781638,Feeding
704155055.jpg,Monarch,1,0.99995434,Non_feeding
704154338.jpg,Monarch,1,0.9254616,Feeding
704152632.jpg,Monarch,1,0.9999529,Non_feeding
704152168.jpg,Monarch,1,0.68016213,Feeding
704151880.jpg,Monarch,1,0.81762177,Feeding
704151408.jpg,Monarch,0,0.0002611871,Non_feeding
704150683.jpg,Monarch,1,0.9999732,Non_feeding
704681230.jpg,Monarch,1,0.7672777,Feeding
704149905.jpg,Monarch,1,0.988629,Feeding
704148890.jpg,Monarch,1,0.99981844,Non_feeding
704148688.jpg,Monarch,1,0.9796132,Non_feeding
704148080.jpg,Monarch,1,1.0,Feeding
704147802.jpg,Monarch,1,1.0,Non_feeding
704147704.jpg,Monarch,1,0.17451116,Non_feeding
704144787.jpg,Monarch,0,0.0554931,Feeding
704145231.jpg,Monarch,1,0.9986817,Non_feeding
704227291.jpg,Monarch,1,0.72069603,Non_feeding
704140148.jpg,Monarch,0,0.0142389415,Non_feeding
704139814.jpg,Monarch,0,0.010793936,Feeding
704144187.jpg,Monarch,1,0.9780421,Feeding
704143819.jpg,Monarch,1,0.9999714,Non_feeding
704143306.jpg,Monarch,1,0.9999808,Non_feeding
704142209.jpg,Monarch,1,0.97931105,Feeding
704142153.jpg,Monarch,0,0.04240872,Feeding
704141710.jpg,Monarch,1,0.9991792,Non_feeding
704141051.jpg,Monarch,1,0.9996812,Non_feeding
704140890.jpg,Monarch,1,0.99999535,Non_feeding
704139619.jpg,Monarch,1,0.99998176,Non_feeding
704140628.jpg,Monarch,0,0.018153073,Non_feeding
704140208.jpg,Monarch,1,0.96825063,Feeding
704140015.jpg,Monarch,1,0.9999701,Non_feeding
704138602.jpg,Monarch,1,1.0,Non_feeding
704138538.jpg,Monarch,0,0.048808243,Non_feeding
704137870.jpg,Monarch,1,0.48730135,Non_feeding
704137018.jpg,Monarch,0,0.004690634,Non_feeding
707787060.jpg,Monarch,1,0.10046662,Feeding
704135171.jpg,Monarch,1,0.9951454,Feeding
704134403.jpg,Monarch,1,0.99957305,Non_feeding
704128963.jpg,Monarch,0,0.0060739457,Non_feeding
704128895.jpg,Monarch,0,0.0016092391,Feeding
704128448.jpg,Monarch,1,1.0,Non_feeding
704125942.jpg,Monarch,0,0.00016328588,Feeding
704127340.jpg,Monarch,0,2.7211605e-05,Feeding
704126063.jpg,Monarch,0,0.00024156929,Non_feeding
704124644.jpg,Monarch,0,0.056364678,Feeding
704122715.jpg,Monarch,1,0.44199196,Non_feeding
704125500.jpg,Monarch,1,0.86351997,Feeding
704125128.jpg,Monarch,1,0.9975555,Feeding
704124745.jpg,Monarch,1,0.9999902,Non_feeding
704122459.jpg,Monarch,0,0.00064667704,Feeding
704215990.jpg,Monarch,1,0.5109771,Non_feeding
704119132.jpg,Monarch,1,0.9852771,Non_feeding
704120251.jpg,Monarch,1,0.9920804,Non_feeding
704119509.jpg,Monarch,1,0.87934166,Feeding
704119043.jpg,Monarch,1,0.271042,Non_feeding
704118688.jpg,Monarch,0,0.00048706072,Feeding
704118638.jpg,Monarch,1,0.99744344,Non_feeding
704118412.jpg,Monarch,0,0.00934073,Non_feeding
704117954.jpg,Monarch,1,0.99980235,Non_feeding
704117711.jpg,Monarch,1,0.98734295,Non_feeding
704117010.jpg,Monarch,1,0.16058478,Non_feeding
704115376.jpg,Monarch,1,0.9999999,Non_feeding
704115309.jpg,Monarch,1,1.0,Non_feeding
704112706.jpg,Monarch,1,0.12575334,Non_feeding
704112434.jpg,Monarch,1,0.9999995,Non_feeding
704110784.jpg,Monarch,1,0.26875603,Non_feeding
704109869.jpg,Monarch,0,0.0011705,Non_feeding
704107863.jpg,Monarch,1,0.99985194,Non_feeding
704107273.jpg,Monarch,1,0.99981976,Non_feeding
704106872.jpg,Monarch,1,0.99999976,Non_feeding
704105597.jpg,Monarch,0,0.011644858,Non_feeding
704105881.jpg,Monarch,1,0.3572496,Non_feeding
704104695.jpg,Monarch,1,0.9655803,Non_feeding
704104337.jpg,Monarch,1,0.9999995,Non_feeding
704102910.jpg,Monarch,0,0.026857426,Feeding
704102787.jpg,Monarch,1,0.6347107,Non_feeding
704102707.jpg,Monarch,0,0.017108789,Non_feeding
704102532.jpg,Monarch,1,0.5460661,Non_feeding
704098308.jpg,Monarch,0,0.0014288484,Non_feeding
704101917.jpg,Monarch,0,0.09571289,Feeding
704100730.jpg,Monarch,1,0.9991571,Feeding
704098967.jpg,Monarch,1,0.937145,Non_feeding
704093102.jpg,Monarch,1,0.11947994,Feeding
704092573.jpg,Monarch,0,0.00042948633,Feeding
704092418.jpg,Monarch,0,0.028192213,Non_feeding
704091957.jpg,Monarch,0,5.1561174e-06,Feeding
704091506.jpg,Monarch,0,0.03790708,Feeding
704091157.jpg,Monarch,0,0.00021250464,Non_feeding
704090229.jpg,Monarch,0,0.00063100713,Feeding
704098306.jpg,Monarch,1,0.7745792,Feeding
704096435.jpg,Monarch,1,1.0,Non_feeding
704096058.jpg,Monarch,1,0.99999547,Non_feeding
704093296.jpg,Monarch,1,0.9831061,Feeding
704092693.jpg,Monarch,1,0.99057955,Feeding
704092167.jpg,Monarch,1,0.7671604,Non_feeding
704092042.jpg,Monarch,1,0.9978945,Non_feeding
704090648.jpg,Monarch,0,3.3393637e-05,Non_feeding
704089787.jpg,Monarch,1,0.9999989,Non_feeding
704088150.jpg,Monarch,1,0.9999968,Non_feeding
704086967.jpg,Monarch,1,0.68627053,Feeding
704086618.jpg,Monarch,1,0.4824584,Non_feeding
704086095.jpg,Monarch,1,1.0,Non_feeding
704085905.jpg,Monarch,1,1.0,Non_feeding
704085648.jpg,Monarch,1,0.99999964,Non_feeding
704085146.jpg,Monarch,0,0.057484012,Non_feeding
704082791.jpg,Monarch,1,0.100445025,Feeding
704079953.jpg,Monarch,1,0.6043432,Non_feeding
704079505.jpg,Monarch,1,1.0,Non_feeding
704079134.jpg,Monarch,1,0.999998,Non_feeding
704078836.jpg,Monarch,1,0.9999628,Non_feeding
704078601.jpg,Monarch,0,0.00041916352,Non_feeding
704078367.jpg,Monarch,0,0.00036792946,Feeding
704078114.jpg,Monarch,1,0.25965548,Feeding
704077695.jpg,Monarch,1,0.38649395,Feeding
704077040.jpg,Monarch,1,0.9835426,Feeding
704075673.jpg,Monarch,1,0.33356604,Non_feeding
704073217.jpg,Monarch,1,0.59541,Non_feeding
704084379.jpg,Monarch,1,0.20622581,Non_feeding
704082122.jpg,Monarch,1,0.6065748,Feeding
704081529.jpg,Monarch,1,1.0,Non_feeding
704080979.jpg,Monarch,1,0.5675742,Feeding
706773324.jpg,Monarch,1,1.0,Non_feeding
704080505.jpg,Monarch,1,1.0,Non_feeding
704080388.jpg,Monarch,1,0.9971181,Non_feeding
704080188.jpg,Monarch,0,7.3271303e-06,Non_feeding
704077226.jpg,Monarch,0,0.0054857223,Non_feeding
704079787.jpg,Monarch,1,0.8976232,Non_feeding
704074750.jpg,Monarch,1,0.64255565,Non_feeding
704077723.jpg,Monarch,1,0.1827125,Feeding
704077198.jpg,Monarch,0,8.914097e-06,Feeding
704077160.jpg,Monarch,1,0.99989676,Feeding
704076979.jpg,Monarch,1,0.99999964,Feeding
704076737.jpg,Monarch,1,0.5288922,Feeding
704075846.jpg,Monarch,1,0.99731535,Feeding
704075462.jpg,Monarch,1,0.9992224,Feeding
704808349.jpg,Monarch,1,1.0,Non_feeding
704075183.jpg,Monarch,1,0.2613382,Feeding
704073877.jpg,Monarch,0,0.09513873,Feeding
704073939.jpg,Monarch,1,0.988315,Feeding
704073178.jpg,Monarch,1,0.99991024,Non_feeding
704070867.jpg,Monarch,0,5.703401e-05,Feeding
704071219.jpg,Monarch,1,0.9999893,Feeding
704731772.jpg,Monarch,1,0.9999058,Non_feeding
704068906.jpg,Monarch,1,1.0,Non_feeding
704068174.jpg,Monarch,0,0.00016239879,Feeding
704068252.jpg,Monarch,1,0.9999993,Non_feeding
704067621.jpg,Monarch,0,0.018893665,Non_feeding
704067259.jpg,Monarch,1,0.99950826,Non_feeding
704066891.jpg,Monarch,1,0.41131344,Feeding
704066460.jpg,Monarch,1,0.9518989,Feeding
704102543.jpg,Monarch,1,0.9998809,Non_feeding
704066090.jpg,Monarch,1,0.63860065,Non_feeding
704065998.jpg,Monarch,1,0.9999999,Non_feeding
704064903.jpg,Monarch,1,0.9994838,Non_feeding
704062904.jpg,Monarch,1,0.9996906,Feeding
704061778.jpg,Monarch,1,0.99992263,Feeding
704061448.jpg,Monarch,1,1.0,Non_feeding
704061208.jpg,Monarch,1,0.87023395,Non_feeding
704060584.jpg,Monarch,0,5.170556e-08,Feeding
704060530.jpg,Monarch,1,1.0,Non_feeding
704058181.jpg,Monarch,1,0.30812213,Non_feeding
704057818.jpg,Monarch,1,0.95113885,Non_feeding
704057757.jpg,Monarch,1,0.9999733,Non_feeding
704057695.jpg,Monarch,1,0.98164326,Non_feeding
704057691.jpg,Monarch,1,0.99999654,Non_feeding
704057094.jpg,Monarch,1,0.9849305,Non_feeding
704056914.jpg,Monarch,1,0.21141024,Feeding
704056599.jpg,Monarch,1,0.9993919,Feeding
704056552.jpg,Monarch,0,0.01978907,Non_feeding
704055840.jpg,Monarch,1,0.93888867,Feeding
704055317.jpg,Monarch,1,0.38719466,Feeding
704054548.jpg,Monarch,1,0.9974128,Non_feeding
704054396.jpg,Monarch,1,0.4000687,Feeding
704054299.jpg,Monarch,1,0.9999571,Feeding
704048873.jpg,Monarch,0,0.010425892,Non_feeding
704053917.jpg,Monarch,1,1.0,Non_feeding
704053368.jpg,Monarch,1,0.8412601,Non_feeding
704052968.jpg,Monarch,1,0.9985795,Non_feeding
704052153.jpg,Monarch,0,0.04444296,Non_feeding
704052048.jpg,Monarch,1,0.9982528,Feeding
704049341.jpg,Monarch,1,0.8677967,Non_feeding
704049166.jpg,Monarch,1,0.9645108,Feeding
704047438.jpg,Monarch,1,0.99999046,Non_feeding
704046096.jpg,Monarch,1,0.999998,Feeding
704054819.jpg,Monarch,1,0.99999976,Feeding
704039115.jpg,Monarch,1,0.9984946,Feeding
704034342.jpg,Monarch,0,0.019377712,Feeding
704037406.jpg,Monarch,1,0.9998853,Non_feeding
704036266.jpg,Monarch,1,0.99956506,Feeding
704035496.jpg,Monarch,1,0.9627827,Feeding
704035188.jpg,Monarch,1,0.9999136,Non_feeding
704034215.jpg,Monarch,1,0.9999753,Non_feeding
704033888.jpg,Monarch,1,1.0,Non_feeding
704031816.jpg,Monarch,1,0.98587793,Non_feeding
704031965.jpg,Monarch,1,0.9989838,Feeding
704030910.jpg,Monarch,1,1.0,Non_feeding
704030965.jpg,Monarch,1,0.5342877,Feeding
704030721.jpg,Monarch,1,0.13571937,Non_feeding
704030483.jpg,Monarch,1,0.17137048,Non_feeding
704029773.jpg,Monarch,1,0.7970603,Non_feeding
704029650.jpg,Monarch,1,0.9999943,Non_feeding
704029068.jpg,Monarch,1,0.794301,Non_feeding
704029062.jpg,Monarch,1,0.99988973,Non_feeding
704028840.jpg,Monarch,1,1.0,Non_feeding
704028708.jpg,Monarch,1,0.99998295,Non_feeding
704028065.jpg,Monarch,1,0.9999857,Non_feeding
704026921.jpg,Monarch,0,0.035657793,Feeding
707418505.jpg,Monarch,1,0.99999845,Feeding
704026907.jpg,Monarch,1,0.999974,Feeding
704026082.jpg,Monarch,1,0.6486308,Non_feeding
704024937.jpg,Monarch,1,1.0,Non_feeding
704024849.jpg,Monarch,0,3.627327e-06,Non_feeding
704024426.jpg,Monarch,1,0.99998605,Non_feeding
704023923.jpg,Monarch,1,0.9999993,Non_feeding
704022825.jpg,Monarch,1,1.0,Non_feeding
704022719.jpg,Monarch,1,0.18090217,Feeding
704022035.jpg,Monarch,1,0.99999964,Feeding
704013960.jpg,Monarch,0,1.5650994e-05,Non_feeding
704019469.jpg,Monarch,1,0.19635384,Non_feeding
704017402.jpg,Monarch,1,0.9999995,Non_feeding
704016210.jpg,Monarch,0,0.000826582,Non_feeding
704015602.jpg,Monarch,0,0.06951827,Non_feeding
704014145.jpg,Monarch,1,1.0,Non_feeding
704011696.jpg,Monarch,1,0.99996364,Feeding
704009281.jpg,Monarch,1,0.99999535,Feeding
704010371.jpg,Monarch,1,0.9988356,Feeding
704622488.jpg,Monarch,1,1.0,Feeding
704010211.jpg,Monarch,1,0.9997285,Non_feeding
704008804.jpg,Monarch,0,0.0017684947,Non_feeding
704008457.jpg,Monarch,1,0.9979857,Non_feeding
704007109.jpg,Monarch,1,0.99391574,Feeding
704007029.jpg,Monarch,1,0.98829985,Feeding
704006137.jpg,Monarch,1,0.9997559,Non_feeding
704003899.jpg,Monarch,1,0.99989104,Non_feeding
704004777.jpg,Monarch,1,0.99218917,Feeding
704002696.jpg,Monarch,1,0.99956065,Non_feeding
704000612.jpg,Monarch,1,0.99999774,Non_feeding
703999442.jpg,Monarch,1,0.99991274,Non_feeding
703995055.jpg,Monarch,1,1.0,Feeding
703993678.jpg,Monarch,1,0.89282864,Feeding
703991804.jpg,Monarch,1,1.0,Non_feeding
703990938.jpg,Monarch,1,0.9998343,Feeding
703990803.jpg,Monarch,1,0.28496268,Non_feeding
703988719.jpg,Monarch,1,0.8401766,Feeding
703987877.jpg,Monarch,1,0.77181864,Feeding
703985114.jpg,Monarch,1,0.9478397,Non_feeding
703984541.jpg,Monarch,1,0.80218256,Non_feeding
703984513.jpg,Monarch,0,0.005690632,Feeding
703984384.jpg,Monarch,1,0.9967507,Feeding
703984253.jpg,Monarch,0,0.026546558,Non_feeding
703983979.jpg,Monarch,1,0.9773013,Non_feeding
703983105.jpg,Monarch,1,0.9995851,Feeding
703983116.jpg,Monarch,1,0.9990427,Non_feeding
703980001.jpg,Monarch,1,0.9837066,Non_feeding
703977695.jpg,Monarch,1,0.9999393,Feeding
703977516.jpg,Monarch,1,0.9190156,Feeding
703977203.jpg,Monarch,1,0.98830706,Non_feeding
703976147.jpg,Monarch,1,0.7757084,Feeding
703973849.jpg,Monarch,1,0.9803977,Non_feeding
703973095.jpg,Monarch,1,0.6709396,Non_feeding
703972540.jpg,Monarch,1,0.9305097,Non_feeding
703971277.jpg,Monarch,0,0.03908532,Feeding
703970539.jpg,Monarch,1,0.85109997,Feeding
703969865.jpg,Monarch,1,0.5141571,Non_feeding
703969809.jpg,Monarch,1,0.483111,Feeding
703969573.jpg,Monarch,1,1.0,Non_feeding
703969555.jpg,Monarch,1,0.96686524,Non_feeding
703969011.jpg,Monarch,1,0.8274643,Non_feeding
703968851.jpg,Monarch,1,1.0,Non_feeding
703967445.jpg,Monarch,1,0.96175665,Non_feeding
703966216.jpg,Monarch,1,0.9999999,Non_feeding
703966116.jpg,Monarch,1,0.99999917,Non_feeding
703965767.jpg,Monarch,0,6.35965e-05,Feeding
703961064.jpg,Monarch,0,1.1928053e-07,Non_feeding
703963134.jpg,Monarch,1,0.99978745,Feeding
703961102.jpg,Monarch,1,0.9994762,Feeding
703960134.jpg,Monarch,1,0.99999416,Non_feeding
704652964.jpg,Monarch,1,0.99994624,Non_feeding
704029741.jpg,Monarch,1,1.0,Non_feeding
703956171.jpg,Monarch,1,0.99994445,Feeding
703955708.jpg,Monarch,1,1.0,Non_feeding
703955598.jpg,Monarch,1,1.0,Non_feeding
703948265.jpg,Monarch,0,0.0036057674,Feeding
705061455.jpg,Monarch,1,0.99764186,Feeding
703954198.jpg,Monarch,0,0.0029278356,Non_feeding
703953979.jpg,Monarch,1,0.99514157,Feeding
704024893.jpg,Monarch,1,0.9998888,Non_feeding
703951380.jpg,Monarch,1,1.0,Non_feeding
703951120.jpg,Monarch,1,1.0,Non_feeding
703950924.jpg,Monarch,1,1.0,Non_feeding
703950389.jpg,Monarch,1,0.94971377,Non_feeding
705540521.jpg,Monarch,0,0.00027074933,Non_feeding
703947524.jpg,Monarch,0,5.2355368e-05,Feeding
703947102.jpg,Monarch,1,0.999525,Non_feeding
703940611.jpg,Monarch,1,0.99475724,Non_feeding
703946122.jpg,Monarch,1,0.43117455,Feeding
703945584.jpg,Monarch,1,0.9997603,Feeding
703943687.jpg,Monarch,0,0.0003927265,Non_feeding
703943269.jpg,Monarch,1,0.98920166,Non_feeding
703942756.jpg,Monarch,1,0.44678414,Feeding
703941295.jpg,Monarch,0,0.04617953,Feeding
703934310.jpg,Monarch,1,1.0,Feeding
703932323.jpg,Monarch,1,0.99847335,Non_feeding
703931920.jpg,Monarch,1,1.0,Non_feeding
703928013.jpg,Monarch,0,0.011994154,Non_feeding
703926167.jpg,Monarch,1,1.0,Non_feeding
703922336.jpg,Monarch,1,1.0,Non_feeding
703974354.jpg,Monarch,1,0.9986386,Non_feeding
703919821.jpg,Monarch,0,0.00073995785,Non_feeding
703919447.jpg,Monarch,1,0.9999255,Non_feeding
703991358.jpg,Monarch,1,0.9999994,Non_feeding
703917047.jpg,Monarch,1,0.38083988,Feeding
703916438.jpg,Monarch,1,1.0,Non_feeding
703914352.jpg,Monarch,1,0.99994767,Non_feeding
703922181.jpg,Monarch,1,0.999995,Non_feeding
703911080.jpg,Monarch,1,0.5622393,Feeding
703910882.jpg,Monarch,0,0.0027653778,Feeding
703909987.jpg,Monarch,1,0.999863,Feeding
703903161.jpg,Monarch,1,0.99999917,Non_feeding
703904618.jpg,Monarch,0,0.01291128,Non_feeding
703902315.jpg,Monarch,1,0.7788849,Non_feeding
703900734.jpg,Monarch,1,0.7881758,Non_feeding
703895997.jpg,Monarch,0,0.0011659286,Non_feeding
703896002.jpg,Monarch,1,0.9884753,Non_feeding
703892961.jpg,Monarch,1,0.99887794,Feeding
703883457.jpg,Monarch,1,1.0,Non_feeding
703883429.jpg,Monarch,0,0.0009570979,Non_feeding
703883395.jpg,Monarch,1,0.9999726,Non_feeding
703883346.jpg,Monarch,1,0.9898085,Feeding
703875538.jpg,Monarch,1,0.10233404,Feeding
703874355.jpg,Monarch,1,0.15829356,Non_feeding
703865118.jpg,Monarch,0,0.09067496,Feeding
703853771.jpg,Monarch,1,0.98803675,Non_feeding
703817205.jpg,Monarch,1,0.95951766,Feeding
703815445.jpg,Monarch,1,0.95622206,Non_feeding
703797792.jpg,Monarch,0,0.00086551363,Feeding
703790227.jpg,Monarch,1,0.9999218,Non_feeding
703789636.jpg,Monarch,1,0.99999976,Non_feeding
703788459.jpg,Monarch,1,0.99968714,Non_feeding
703788337.jpg,Monarch,1,0.9955519,Non_feeding
703786634.jpg,Monarch,1,0.99941593,Non_feeding
703785337.jpg,Monarch,0,3.1869314e-07,Feeding
703783896.jpg,Monarch,1,0.9999999,Non_feeding
703782542.jpg,Monarch,1,0.27734357,Non_feeding
703779105.jpg,Monarch,1,0.9998617,Non_feeding
703778784.jpg,Monarch,1,0.9995067,Non_feeding
703777491.jpg,Monarch,1,0.9999826,Non_feeding
703775325.jpg,Monarch,1,0.9999839,Non_feeding
703771687.jpg,Monarch,1,0.9998543,Non_feeding
703770003.jpg,Monarch,0,0.00044920752,Feeding
703769326.jpg,Monarch,1,0.14992994,Feeding
703763844.jpg,Monarch,0,0.00019413761,Feeding
703766181.jpg,Monarch,1,1.0,Non_feeding
703765823.jpg,Monarch,1,0.991033,Non_feeding
703765721.jpg,Monarch,1,1.0,Non_feeding
703765584.jpg,Monarch,1,0.93036056,Non_feeding
703765087.jpg,Monarch,1,0.28977653,Feeding
703764298.jpg,Monarch,0,0.030410629,Feeding
703761845.jpg,Monarch,1,0.9999839,Feeding
703759689.jpg,Monarch,1,0.99213624,Non_feeding
703756878.jpg,Monarch,0,0.0036904782,Non_feeding
703755958.jpg,Monarch,1,0.9999976,Non_feeding
703755550.jpg,Monarch,1,0.99999297,Non_feeding
703755125.jpg,Monarch,1,0.2332515,Non_feeding
703755274.jpg,Monarch,1,0.99931574,Feeding
703753136.jpg,Monarch,0,0.0094987415,Non_feeding
703752693.jpg,Monarch,1,0.9999864,Non_feeding
703751909.jpg,Monarch,1,0.99999917,Non_feeding
703751690.jpg,Monarch,1,0.19933781,Non_feeding
703751666.jpg,Monarch,0,0.020291556,Non_feeding
703750173.jpg,Monarch,1,1.0,Non_feeding
703747619.jpg,Monarch,0,0.034898404,Non_feeding
703743442.jpg,Monarch,1,0.9814897,Non_feeding
703736174.jpg,Monarch,0,0.00012975128,Non_feeding
703744062.jpg,Monarch,1,0.39116728,Non_feeding
703742550.jpg,Monarch,1,0.10307367,Non_feeding
703741829.jpg,Monarch,1,0.2780756,Feeding
703735593.jpg,Monarch,0,0.0039609214,Feeding
703735489.jpg,Monarch,0,0.00091445685,Feeding
703735195.jpg,Monarch,1,0.51611704,Feeding
703738284.jpg,Monarch,1,0.9999993,Non_feeding
703738069.jpg,Monarch,1,0.23633958,Non_feeding
703734362.jpg,Monarch,1,0.9999987,Non_feeding
703729892.jpg,Monarch,1,0.989665,Non_feeding
703729890.jpg,Monarch,1,0.787271,Non_feeding
703733127.jpg,Monarch,1,0.9999291,Feeding
703731957.jpg,Monarch,1,0.9999994,Feeding
703731233.jpg,Monarch,1,0.16433541,Feeding
703730474.jpg,Monarch,0,0.00043139106,Non_feeding
703730257.jpg,Monarch,1,0.9999989,Non_feeding
703729941.jpg,Monarch,1,0.7832829,Non_feeding
703729489.jpg,Monarch,1,1.0,Non_feeding
703729061.jpg,Monarch,1,0.9633081,Feeding
703728151.jpg,Monarch,1,0.96446425,Non_feeding
703725863.jpg,Monarch,1,0.99626607,Non_feeding
703725801.jpg,Monarch,1,0.9999993,Non_feeding
703725726.jpg,Monarch,1,0.8256262,Non_feeding
703723414.jpg,Monarch,0,0.033668328,Feeding
703722869.jpg,Monarch,0,2.5887616e-06,Non_feeding
703722315.jpg,Monarch,0,0.043798726,Non_feeding
703721489.jpg,Monarch,0,0.048243634,Non_feeding
703719594.jpg,Monarch,1,1.0,Feeding
703717889.jpg,Monarch,1,0.7378784,Feeding
703717045.jpg,Monarch,1,0.9561405,Non_feeding
703693004.jpg,Monarch,0,0.000801062,Feeding
703714323.jpg,Monarch,0,0.0040553776,Feeding
703714290.jpg,Monarch,0,0.024871761,Non_feeding
703713786.jpg,Monarch,1,0.97287875,Feeding
703713329.jpg,Monarch,1,0.9925315,Feeding
703712145.jpg,Monarch,0,0.014268717,Non_feeding
703711975.jpg,Monarch,1,0.12575877,Non_feeding
703711843.jpg,Monarch,1,1.0,Non_feeding
703711689.jpg,Monarch,1,0.85984427,Feeding
703711636.jpg,Monarch,1,0.99405354,Non_feeding
703710657.jpg,Monarch,0,7.1895985e-05,Non_feeding
703710131.jpg,Monarch,1,0.9999912,Feeding
703709188.jpg,Monarch,1,0.8648522,Non_feeding
703709576.jpg,Monarch,1,0.999997,Non_feeding
703704820.jpg,Monarch,1,0.8119471,Feeding
703704786.jpg,Monarch,1,0.45018926,Feeding
703704717.jpg,Monarch,0,0.03266336,Feeding
703704707.jpg,Monarch,1,0.18472855,Feeding
703704679.jpg,Monarch,1,0.85327345,Feeding
703704656.jpg,Monarch,1,0.99794513,Non_feeding
703704618.jpg,Monarch,0,0.01710639,Feeding
703704613.jpg,Monarch,1,0.2734212,Feeding
703704594.jpg,Monarch,0,0.055443965,Feeding
703704578.jpg,Monarch,1,0.99670625,Non_feeding
703704533.jpg,Monarch,1,0.11906461,Feeding
703704530.jpg,Monarch,0,0.002139749,Feeding
703704504.jpg,Monarch,1,0.44175512,Feeding
703704505.jpg,Monarch,1,0.14374311,Feeding
703704411.jpg,Monarch,1,0.71084964,Non_feeding
703956112.jpg,Monarch,1,1.0,Non_feeding
703708103.jpg,Monarch,0,0.0140335355,Feeding
703707305.jpg,Monarch,0,0.0019694054,Feeding
703707281.jpg,Monarch,1,0.9999745,Feeding
703706587.jpg,Monarch,1,0.9952849,Non_feeding
703706516.jpg,Monarch,1,1.0,Feeding
703703966.jpg,Monarch,1,0.9824752,Non_feeding
703703394.jpg,Monarch,0,0.025531935,Feeding
703702507.jpg,Monarch,1,0.999308,Non_feeding
703703170.jpg,Monarch,1,0.9465485,Non_feeding
703693666.jpg,Monarch,0,0.02068762,Non_feeding
703702758.jpg,Monarch,1,0.9996289,Feeding
703702279.jpg,Monarch,1,0.6137681,Non_feeding
703701306.jpg,Monarch,1,0.997839,Non_feeding
703700538.jpg,Monarch,1,0.9995466,Non_feeding
703699860.jpg,Monarch,1,0.9999987,Non_feeding
703699503.jpg,Monarch,0,0.0021965937,Feeding
703698000.jpg,Monarch,1,1.0,Non_feeding
703697059.jpg,Monarch,1,0.94528675,Non_feeding
703696935.jpg,Monarch,1,0.99958724,Non_feeding
703696424.jpg,Monarch,1,0.42564744,Non_feeding
703695808.jpg,Monarch,1,1.0,Non_feeding
703694945.jpg,Monarch,1,0.19654971,Feeding
703694874.jpg,Monarch,1,0.88173854,Non_feeding
703696981.jpg,Monarch,1,0.99516827,Feeding
703693556.jpg,Monarch,1,0.99392736,Feeding
703692818.jpg,Monarch,1,0.98111653,Non_feeding
703686499.jpg,Monarch,1,0.9847297,Feeding
703691925.jpg,Monarch,1,0.97678226,Non_feeding
703691705.jpg,Monarch,1,0.996055,Non_feeding
703691486.jpg,Monarch,1,0.9995249,Non_feeding
703690941.jpg,Monarch,1,0.17344423,Feeding
703689363.jpg,Monarch,1,0.9988009,Non_feeding
703688263.jpg,Monarch,0,0.028907513,Non_feeding
703687467.jpg,Monarch,1,0.94052666,Non_feeding
703687466.jpg,Monarch,1,1.0,Non_feeding
703686906.jpg,Monarch,1,0.99988806,Non_feeding
703686708.jpg,Monarch,1,0.99989676,Feeding
703686606.jpg,Monarch,1,0.1471841,Feeding
703685622.jpg,Monarch,1,0.99987686,Non_feeding
703685539.jpg,Monarch,0,0.0045711165,Non_feeding
703659499.jpg,Monarch,0,0.001818137,Feeding
703684261.jpg,Monarch,1,0.98535234,Feeding
703683492.jpg,Monarch,1,0.99997544,Non_feeding
703682874.jpg,Monarch,1,0.9999999,Feeding
703682505.jpg,Monarch,1,0.9813415,Non_feeding
703682478.jpg,Monarch,1,0.8787345,Non_feeding
703682264.jpg,Monarch,0,0.008316046,Non_feeding
703682072.jpg,Monarch,1,0.88808167,Feeding
703678988.jpg,Monarch,0,0.0009586192,Feeding
703678983.jpg,Monarch,1,0.53342515,Non_feeding
703678973.jpg,Monarch,0,0.0037162884,Feeding
703678911.jpg,Monarch,1,0.96769845,Non_feeding
703678910.jpg,Monarch,1,0.9999995,Feeding
703678915.jpg,Monarch,1,0.6203148,Feeding
703678088.jpg,Monarch,0,0.0016772273,Non_feeding
703677687.jpg,Monarch,1,0.9999938,Non_feeding
703673087.jpg,Monarch,0,0.00032098297,Feeding
703676187.jpg,Monarch,1,0.99997187,Non_feeding
703675874.jpg,Monarch,1,1.0,Non_feeding
703675827.jpg,Monarch,1,0.9531842,Non_feeding
703674839.jpg,Monarch,1,0.9845389,Feeding
703674869.jpg,Monarch,0,0.0006976404,Non_feeding
703673482.jpg,Monarch,1,0.8187311,Non_feeding
703657452.jpg,Monarch,1,0.96631926,Non_feeding
703656882.jpg,Monarch,1,0.75641125,Feeding
703672362.jpg,Monarch,0,0.047602084,Non_feeding
703670845.jpg,Monarch,1,0.99999976,Non_feeding
706912210.jpg,Monarch,0,0.00091444206,Feeding
703670741.jpg,Monarch,0,0.053580564,Feeding
703669741.jpg,Monarch,1,0.52606386,Feeding
703669261.jpg,Monarch,1,0.8170924,Feeding
703669106.jpg,Monarch,1,0.9999893,Non_feeding
703668668.jpg,Monarch,1,0.93921804,Non_feeding
703668515.jpg,Monarch,1,0.9999999,Non_feeding
703668285.jpg,Monarch,1,0.9999931,Non_feeding
703667741.jpg,Monarch,1,0.99937844,Non_feeding
703667074.jpg,Monarch,1,0.99282247,Feeding
703665911.jpg,Monarch,1,0.99239844,Non_feeding
703665134.jpg,Monarch,1,1.0,Non_feeding
704128682.jpg,Monarch,1,0.8986325,Non_feeding
703663226.jpg,Monarch,1,0.22629488,Non_feeding
703663168.jpg,Monarch,1,0.39107805,Non_feeding
703662876.jpg,Monarch,1,0.9800587,Feeding
703663804.jpg,Monarch,1,0.5132435,Feeding
703661975.jpg,Monarch,1,0.99999475,Non_feeding
703660895.jpg,Monarch,0,0.05279749,Non_feeding
703660399.jpg,Monarch,1,0.87366956,Non_feeding
703660084.jpg,Monarch,0,0.00023431136,Non_feeding
703659802.jpg,Monarch,0,0.007720663,Non_feeding
703659154.jpg,Monarch,0,0.019932294,Non_feeding
703659044.jpg,Monarch,1,0.8958011,Non_feeding
703659004.jpg,Monarch,1,1.0,Non_feeding
703657455.jpg,Monarch,0,0.0012058589,Non_feeding
703656512.jpg,Monarch,0,0.01660733,Non_feeding
703656356.jpg,Monarch,1,0.9999963,Non_feeding
703657312.jpg,Monarch,1,0.8054244,Non_feeding
703655652.jpg,Monarch,0,0.050845962,Non_feeding
703655524.jpg,Monarch,0,0.07788168,Non_feeding
703655328.jpg,Monarch,1,0.4946812,Feeding
703654552.jpg,Monarch,0,0.007503032,Feeding
703654276.jpg,Monarch,1,0.9992279,Feeding
703649263.jpg,Monarch,1,0.98920316,Non_feeding
703653651.jpg,Monarch,1,0.93209356,Feeding
703652837.jpg,Monarch,1,0.9677531,Non_feeding
703652622.jpg,Monarch,1,0.9997453,Non_feeding
703652440.jpg,Monarch,1,1.0,Non_feeding
703651507.jpg,Monarch,1,0.8132969,Non_feeding
703651069.jpg,Monarch,1,0.9999993,Non_feeding
703652652.jpg,Monarch,1,0.24948667,Non_feeding
703650547.jpg,Monarch,1,0.95311725,Feeding
703652269.jpg,Monarch,1,0.9999924,Feeding
703647708.jpg,Monarch,1,0.1275013,Non_feeding
703647040.jpg,Monarch,0,0.008009023,Non_feeding
703646527.jpg,Monarch,1,0.9992076,Non_feeding
703645702.jpg,Monarch,1,1.0,Non_feeding
703642409.jpg,Monarch,0,0.0010870193,Feeding
703644277.jpg,Monarch,0,0.00027929983,Feeding
703643719.jpg,Monarch,1,0.9999999,Non_feeding
703642966.jpg,Monarch,1,0.94229096,Non_feeding
703638387.jpg,Monarch,1,0.21558502,Feeding
703638139.jpg,Monarch,0,0.02410924,Feeding
703642279.jpg,Monarch,1,0.90262824,Non_feeding
703642579.jpg,Monarch,1,0.99980056,Feeding
703641939.jpg,Monarch,1,0.99248415,Non_feeding
703640495.jpg,Monarch,1,1.0,Non_feeding
703639986.jpg,Monarch,1,0.8617942,Non_feeding
703638801.jpg,Monarch,0,0.0010181576,Non_feeding
703639231.jpg,Monarch,1,0.9999709,Non_feeding
703638465.jpg,Monarch,1,0.7043878,Feeding
703637918.jpg,Monarch,1,0.7239252,Feeding
703630253.jpg,Monarch,0,0.041864417,Feeding
703636116.jpg,Monarch,1,0.24153303,Non_feeding
703635588.jpg,Monarch,1,0.21445549,Feeding
703633763.jpg,Monarch,1,0.24839216,Non_feeding
703633706.jpg,Monarch,1,0.9997634,Non_feeding
703632950.jpg,Monarch,1,1.0,Non_feeding
703632302.jpg,Monarch,1,1.0,Non_feeding
703628173.jpg,Monarch,1,0.77754897,Feeding
703628151.jpg,Monarch,0,0.080329195,Non_feeding
703630026.jpg,Monarch,1,0.99813086,Non_feeding
703628926.jpg,Monarch,1,0.9420178,Non_feeding
703625875.jpg,Monarch,1,0.99998987,Non_feeding
703625799.jpg,Monarch,1,0.9951599,Non_feeding
703627593.jpg,Monarch,0,0.007494976,Non_feeding
703626450.jpg,Monarch,1,0.63702434,Feeding
703621343.jpg,Monarch,1,0.6835268,Non_feeding
703621197.jpg,Monarch,0,0.07979341,Non_feeding
703624986.jpg,Monarch,1,0.7220592,Non_feeding
703622776.jpg,Monarch,1,0.42295966,Feeding
703622506.jpg,Monarch,1,0.668229,Feeding
703622063.jpg,Monarch,0,0.03607587,Non_feeding
703621716.jpg,Monarch,1,0.331586,Non_feeding
703621095.jpg,Monarch,1,0.99276406,Non_feeding
703620093.jpg,Monarch,1,0.99999833,Non_feeding
703986677.jpg,Monarch,1,0.9844318,Non_feeding
703618217.jpg,Monarch,1,0.99637705,Feeding
703618024.jpg,Monarch,1,0.89199257,Non_feeding
703617272.jpg,Monarch,1,0.9998956,Feeding
703615043.jpg,Monarch,1,0.28901955,Non_feeding
703614043.jpg,Monarch,0,0.00021398505,Non_feeding
703613409.jpg,Monarch,0,0.0027761196,Non_feeding
703613209.jpg,Monarch,1,0.3671172,Feeding
703612334.jpg,Monarch,1,0.25398043,Non_feeding
703611787.jpg,Monarch,1,0.99993384,Non_feeding
703611712.jpg,Monarch,1,0.999587,Feeding
703611670.jpg,Monarch,0,3.2163305e-05,Non_feeding
703611639.jpg,Monarch,1,0.8001263,Non_feeding
703611573.jpg,Monarch,1,0.9999987,Non_feeding
703611246.jpg,Monarch,1,0.107900344,Feeding
703609953.jpg,Monarch,0,0.09551039,Non_feeding
703609730.jpg,Monarch,0,0.002371295,Non_feeding
703607865.jpg,Monarch,0,1.2618355e-06,Non_feeding
703630564.jpg,Monarch,1,0.99996626,Non_feeding
703608364.jpg,Monarch,1,0.9984493,Non_feeding
703607114.jpg,Monarch,1,0.99950707,Non_feeding
703606721.jpg,Monarch,1,0.3486716,Feeding
703605041.jpg,Monarch,1,0.99966705,Feeding
703605071.jpg,Monarch,1,0.9999696,Non_feeding
703604469.jpg,Monarch,1,1.0,Feeding
703604415.jpg,Monarch,1,1.0,Non_feeding
703603716.jpg,Monarch,1,0.98923326,Feeding
703603661.jpg,Monarch,1,1.0,Non_feeding
703602637.jpg,Monarch,0,0.011299393,Feeding
703600104.jpg,Monarch,1,1.0,Non_feeding
703601272.jpg,Monarch,1,0.61851764,Non_feeding
703600890.jpg,Monarch,1,0.98969406,Non_feeding
703599992.jpg,Monarch,1,0.9934991,Non_feeding
703596264.jpg,Monarch,1,0.9907778,Feeding
703595856.jpg,Monarch,1,1.0,Non_feeding
703595684.jpg,Monarch,1,0.9999292,Non_feeding
703594089.jpg,Monarch,1,0.9999201,Feeding
703593548.jpg,Monarch,1,0.9966718,Non_feeding
703592913.jpg,Monarch,1,1.0,Non_feeding
703592427.jpg,Monarch,1,0.99998057,Non_feeding
703592202.jpg,Monarch,1,0.99993396,Non_feeding
703591624.jpg,Monarch,0,0.027338108,Non_feeding
703591533.jpg,Monarch,1,0.9351045,Non_feeding
703590501.jpg,Monarch,1,1.0,Non_feeding
703589084.jpg,Monarch,1,0.81818813,Non_feeding
703588309.jpg,Monarch,0,0.03255506,Non_feeding
703588135.jpg,Monarch,1,0.90117294,Non_feeding
703587663.jpg,Monarch,1,0.9168173,Non_feeding
703586545.jpg,Monarch,0,0.034047406,Feeding
703587382.jpg,Monarch,0,0.00044545636,Feeding
703586853.jpg,Monarch,0,0.079431586,Non_feeding
703586708.jpg,Monarch,1,0.3453726,Feeding
703584631.jpg,Monarch,1,0.9297529,Non_feeding
703584898.jpg,Monarch,1,0.1199878,Non_feeding
703584678.jpg,Monarch,0,0.034860417,Non_feeding
703584529.jpg,Monarch,0,0.0025522427,Non_feeding
703583090.jpg,Monarch,1,1.0,Non_feeding
703582977.jpg,Monarch,1,0.9997104,Non_feeding
703580360.jpg,Monarch,1,1.0,Non_feeding
703578001.jpg,Monarch,1,0.4738822,Non_feeding
703580743.jpg,Monarch,1,0.99948204,Feeding
703580711.jpg,Monarch,0,0.0056223394,Non_feeding
703577089.jpg,Monarch,1,0.241117,Feeding
703578621.jpg,Monarch,1,0.994535,Feeding
703571916.jpg,Monarch,0,0.0006078642,Non_feeding
703577596.jpg,Monarch,0,0.07159802,Feeding
703576212.jpg,Monarch,1,0.99999607,Non_feeding
703575300.jpg,Monarch,0,0.07493632,Non_feeding
703574495.jpg,Monarch,0,0.0018213444,Feeding
703573574.jpg,Monarch,1,0.98309493,Feeding
703572341.jpg,Monarch,1,0.9936353,Feeding
703571989.jpg,Monarch,1,0.99999964,Non_feeding
703571835.jpg,Monarch,1,0.63422704,Feeding
703570990.jpg,Monarch,1,0.7747994,Feeding
703570596.jpg,Monarch,1,0.9999912,Non_feeding
703569556.jpg,Monarch,1,0.9999546,Non_feeding
703568167.jpg,Monarch,0,0.047929123,Feeding
703567502.jpg,Monarch,1,0.18587397,Feeding
703475384.jpg,Monarch,1,0.94561964,Non_feeding
703566980.jpg,Monarch,1,0.5156838,Non_feeding
703566044.jpg,Monarch,0,7.66102e-05,Feeding
703565892.jpg,Monarch,1,0.99909705,Feeding
703565931.jpg,Monarch,0,0.09286519,Feeding
703565715.jpg,Monarch,1,0.99611056,Feeding
703563895.jpg,Monarch,0,6.029676e-06,Non_feeding
703561774.jpg,Monarch,1,0.9813051,Non_feeding
703561989.jpg,Monarch,1,0.99999905,Non_feeding
703561651.jpg,Monarch,1,0.9989229,Feeding
703558673.jpg,Monarch,0,0.005344835,Non_feeding
703557735.jpg,Monarch,1,0.93400997,Feeding
703555055.jpg,Monarch,1,0.1283602,Non_feeding
703554796.jpg,Monarch,0,0.027164461,Feeding
703554262.jpg,Monarch,1,0.9999999,Feeding
703552042.jpg,Monarch,0,0.045451358,Feeding
703551562.jpg,Monarch,1,0.12106207,Non_feeding
703549884.jpg,Monarch,0,0.0040747556,Non_feeding
703549327.jpg,Monarch,1,0.9999715,Feeding
703546194.jpg,Monarch,1,0.75652844,Feeding
703545944.jpg,Monarch,1,0.9998628,Non_feeding
703541867.jpg,Monarch,1,0.8365497,Non_feeding
703544360.jpg,Monarch,0,0.0068511157,Feeding
703544002.jpg,Monarch,1,0.76470095,Feeding
703541184.jpg,Monarch,0,0.062102757,Non_feeding
703539017.jpg,Monarch,1,0.9997639,Non_feeding
703538544.jpg,Monarch,1,0.9992875,Feeding
703538212.jpg,Monarch,0,0.022818979,Feeding
703538107.jpg,Monarch,1,0.73575395,Feeding
703537937.jpg,Monarch,1,0.3268112,Non_feeding
703536984.jpg,Monarch,1,0.694342,Non_feeding
703536687.jpg,Monarch,1,0.995399,Non_feeding
703536350.jpg,Monarch,1,0.9999943,Non_feeding
703535730.jpg,Monarch,1,0.99999976,Non_feeding
703535148.jpg,Monarch,1,0.7148426,Feeding
703533521.jpg,Monarch,1,0.39304864,Feeding
703533343.jpg,Monarch,1,0.19111958,Feeding
703532145.jpg,Monarch,1,0.76226485,Non_feeding
703532061.jpg,Monarch,1,0.99999964,Non_feeding
703531454.jpg,Monarch,0,0.013759504,Non_feeding
703520656.jpg,Monarch,0,0.03323302,Feeding
703531467.jpg,Monarch,1,0.708504,Non_feeding
703531147.jpg,Monarch,0,0.0037891206,Feeding
703529826.jpg,Monarch,1,1.0,Non_feeding
703529267.jpg,Monarch,1,0.9999782,Feeding
703528495.jpg,Monarch,1,0.99964607,Non_feeding
703528264.jpg,Monarch,1,0.9914806,Non_feeding
703527236.jpg,Monarch,1,0.9858541,Feeding
703526944.jpg,Monarch,1,0.6023967,Non_feeding
704037069.jpg,Monarch,1,0.99990845,Feeding
703524933.jpg,Monarch,1,1.0,Non_feeding
703523703.jpg,Monarch,1,0.9999764,Feeding
703521380.jpg,Monarch,0,0.01091133,Non_feeding
703522837.jpg,Monarch,1,0.10466706,Feeding
703521012.jpg,Monarch,0,0.0029928247,Non_feeding
703519273.jpg,Monarch,1,0.9817842,Non_feeding
703518968.jpg,Monarch,1,0.9999459,Non_feeding
703518044.jpg,Monarch,0,0.0031970034,Non_feeding
703517423.jpg,Monarch,1,0.34548825,Feeding
703517414.jpg,Monarch,1,0.9824202,Feeding
703517375.jpg,Monarch,1,0.7833092,Feeding
703516846.jpg,Monarch,1,0.99588317,Non_feeding
703516750.jpg,Monarch,0,0.012133297,Non_feeding
703516528.jpg,Monarch,1,0.9999993,Non_feeding
703516322.jpg,Monarch,0,0.010461689,Feeding
703516284.jpg,Monarch,1,0.8795089,Non_feeding
703516221.jpg,Monarch,1,0.86866254,Non_feeding
703514215.jpg,Monarch,0,0.0006744023,Non_feeding
703514883.jpg,Monarch,1,0.99989426,Non_feeding
703514139.jpg,Monarch,1,0.5972289,Feeding
703512599.jpg,Monarch,1,0.7691182,Non_feeding
703512109.jpg,Monarch,0,0.00021753239,Non_feeding
703510834.jpg,Monarch,1,0.9998876,Non_feeding
703511076.jpg,Monarch,1,0.9178791,Non_feeding
703510592.jpg,Monarch,1,0.99999857,Non_feeding
703510003.jpg,Monarch,1,0.54790264,Non_feeding
703509831.jpg,Monarch,0,0.082309976,Feeding
703509302.jpg,Monarch,1,1.0,Non_feeding
703509357.jpg,Monarch,1,0.99735403,Non_feeding
703508975.jpg,Monarch,1,0.9998224,Non_feeding
703508544.jpg,Monarch,1,1.0,Non_feeding
703508377.jpg,Monarch,1,0.964372,Non_feeding
703508243.jpg,Monarch,1,0.9943812,Non_feeding
703507745.jpg,Monarch,1,0.88533056,Feeding
703505383.jpg,Monarch,1,0.9934754,Non_feeding
703505411.jpg,Monarch,1,0.9999989,Feeding
703505211.jpg,Monarch,1,1.0,Non_feeding
703504917.jpg,Monarch,1,0.96257955,Feeding
703504825.jpg,Monarch,1,0.37757826,Non_feeding
703504658.jpg,Monarch,1,0.9990692,Non_feeding
703504586.jpg,Monarch,1,0.9999999,Non_feeding
703503812.jpg,Monarch,1,0.999987,Non_feeding
703503497.jpg,Monarch,0,0.025940707,Feeding
703502715.jpg,Monarch,0,0.00011380637,Non_feeding
703500004.jpg,Monarch,1,0.9979693,Non_feeding
703500750.jpg,Monarch,1,0.9982961,Feeding
703501101.jpg,Monarch,1,0.99492383,Non_feeding
703497115.jpg,Monarch,1,0.15017216,Non_feeding
703496987.jpg,Monarch,1,1.0,Non_feeding
703493265.jpg,Monarch,0,0.047149096,Non_feeding
703495772.jpg,Monarch,1,0.13282676,Feeding
703494173.jpg,Monarch,1,0.99994445,Non_feeding
703496463.jpg,Monarch,1,0.92000365,Feeding
703482334.jpg,Monarch,0,0.06131188,Feeding
703492537.jpg,Monarch,1,0.99974924,Non_feeding
703492329.jpg,Monarch,1,0.9997658,Non_feeding
703491334.jpg,Monarch,1,0.9999995,Non_feeding
703491046.jpg,Monarch,1,0.9431765,Feeding
703485679.jpg,Monarch,1,1.0,Non_feeding
703485129.jpg,Monarch,0,0.00039887795,Non_feeding
703484152.jpg,Monarch,1,0.9995838,Non_feeding
703483545.jpg,Monarch,1,0.99811727,Feeding
703482606.jpg,Monarch,1,0.99990785,Non_feeding
703482342.jpg,Monarch,1,0.99982023,Non_feeding
703481575.jpg,Monarch,1,0.99403644,Feeding
703481032.jpg,Monarch,1,0.9999937,Non_feeding
703480225.jpg,Monarch,1,0.99837697,Non_feeding
703477914.jpg,Monarch,1,0.99997616,Non_feeding
703477291.jpg,Monarch,1,0.92748815,Non_feeding
703475117.jpg,Monarch,1,0.9527224,Non_feeding
703460979.jpg,Monarch,0,0.00017394073,Feeding
703472618.jpg,Monarch,1,0.99999917,Non_feeding
703471340.jpg,Monarch,1,1.0,Non_feeding
703461137.jpg,Monarch,1,0.29502827,Non_feeding
703467177.jpg,Monarch,1,0.9996327,Feeding
703467104.jpg,Monarch,1,1.0,Non_feeding
703464650.jpg,Monarch,0,0.00076192745,Non_feeding
703464772.jpg,Monarch,0,0.0015298919,Non_feeding
703463872.jpg,Monarch,0,0.0001285583,Feeding
703463501.jpg,Monarch,1,0.13555388,Non_feeding
703463333.jpg,Monarch,0,0.0056204735,Non_feeding
703462929.jpg,Monarch,1,0.99872583,Non_feeding
703461989.jpg,Monarch,1,0.99997973,Non_feeding
703461456.jpg,Monarch,0,0.013724172,Non_feeding
703460915.jpg,Monarch,1,0.23905058,Non_feeding
703460423.jpg,Monarch,1,0.99999523,Non_feeding
703459695.jpg,Monarch,1,1.0,Non_feeding
703457875.jpg,Monarch,1,0.998525,Non_feeding
703457855.jpg,Monarch,1,0.997598,Non_feeding
703457689.jpg,Monarch,1,0.27385014,Non_feeding
703374910.jpg,Monarch,1,0.9999248,Non_feeding
703456502.jpg,Monarch,0,0.006449936,Feeding
703456396.jpg,Monarch,0,0.00045458082,Feeding
703456568.jpg,Monarch,1,0.929288,Feeding
703455476.jpg,Monarch,1,0.97242785,Feeding
703455110.jpg,Monarch,1,0.9999989,Non_feeding
703454201.jpg,Monarch,1,0.4026551,Non_feeding
703454095.jpg,Monarch,0,0.0055836337,Non_feeding
703453041.jpg,Monarch,1,0.9990219,Feeding
703452580.jpg,Monarch,1,0.99999857,Feeding
703451887.jpg,Monarch,1,0.9999999,Non_feeding
703451783.jpg,Monarch,1,1.0,Non_feeding
703447704.jpg,Monarch,1,0.7209719,Feeding
703446038.jpg,Monarch,0,0.0050768084,Non_feeding
703445986.jpg,Monarch,1,0.9999999,Non_feeding
703444757.jpg,Monarch,1,0.99990726,Non_feeding
703443308.jpg,Monarch,1,0.99999785,Feeding
703443299.jpg,Monarch,1,0.9999994,Non_feeding
703442718.jpg,Monarch,1,0.15468535,Feeding
703441001.jpg,Monarch,1,0.9687904,Non_feeding
703440826.jpg,Monarch,0,0.00097453076,Non_feeding
703440749.jpg,Monarch,1,0.35663643,Non_feeding
703440701.jpg,Monarch,1,0.99183816,Non_feeding
703440625.jpg,Monarch,1,0.27544072,Non_feeding
703440554.jpg,Monarch,0,0.0014561969,Non_feeding
703440443.jpg,Monarch,1,0.6296897,Non_feeding
703436454.jpg,Monarch,1,0.99999845,Feeding
703438490.jpg,Monarch,1,0.9979419,Feeding
703436409.jpg,Monarch,1,0.988441,Feeding
703436104.jpg,Monarch,1,0.99999976,Feeding
703435741.jpg,Monarch,1,0.9996377,Non_feeding
703435516.jpg,Monarch,0,0.0060898107,Non_feeding
703435255.jpg,Monarch,1,0.9999243,Non_feeding
704667135.jpg,Monarch,1,0.99646354,Feeding
703432178.jpg,Monarch,1,0.16136026,Non_feeding
703432146.jpg,Monarch,1,0.9927983,Non_feeding
703429855.jpg,Monarch,0,0.08053043,Feeding
703429400.jpg,Monarch,1,0.8696807,Non_feeding
703427844.jpg,Monarch,1,0.9999993,Non_feeding
703427398.jpg,Monarch,1,0.9995809,Non_feeding
703426869.jpg,Monarch,1,0.9999831,Feeding
703431054.jpg,Monarch,1,0.99994123,Non_feeding
703424868.jpg,Monarch,1,0.9969416,Non_feeding
703422689.jpg,Monarch,1,1.0,Non_feeding
703411650.jpg,Monarch,0,0.091688395,Non_feeding
703420934.jpg,Monarch,1,0.9999982,Non_feeding
703419842.jpg,Monarch,1,0.7961224,Feeding
703416787.jpg,Monarch,1,0.99991524,Feeding
703416055.jpg,Monarch,1,0.6638187,Non_feeding
703415786.jpg,Monarch,1,0.9903937,Non_feeding
703415256.jpg,Monarch,0,0.008684676,Feeding
703414343.jpg,Monarch,1,1.0,Non_feeding
703413965.jpg,Monarch,1,0.9977863,Feeding
703412546.jpg,Monarch,1,0.9882607,Non_feeding
703408357.jpg,Monarch,0,0.001039125,Non_feeding
703405654.jpg,Monarch,1,0.9596573,Feeding
703404651.jpg,Monarch,1,1.0,Non_feeding
703404358.jpg,Monarch,1,0.9999845,Feeding
703403881.jpg,Monarch,1,0.9999386,Feeding
703403378.jpg,Monarch,0,0.009947031,Non_feeding
703400218.jpg,Monarch,0,6.864423e-05,Feeding
703400051.jpg,Monarch,1,0.103758365,Feeding
703401688.jpg,Monarch,1,0.9993106,Feeding
703397646.jpg,Monarch,1,0.35735017,Feeding
703403825.jpg,Monarch,1,0.97850966,Feeding
703396712.jpg,Monarch,1,0.8920541,Non_feeding
703396665.jpg,Monarch,1,0.68686,Feeding
703396688.jpg,Monarch,0,0.005966813,Non_feeding
703388910.jpg,Monarch,1,0.3729555,Feeding
703396340.jpg,Monarch,1,1.0,Non_feeding
703394975.jpg,Monarch,0,0.0024891484,Non_feeding
703390940.jpg,Monarch,0,0.0011634838,Non_feeding
703390382.jpg,Monarch,1,0.9661837,Non_feeding
703388698.jpg,Monarch,0,0.0016375203,Feeding
703387902.jpg,Monarch,1,1.0,Non_feeding
703387092.jpg,Monarch,1,0.9989372,Feeding
703386818.jpg,Monarch,1,0.992245,Non_feeding
703386657.jpg,Monarch,1,0.99303025,Feeding
703386882.jpg,Monarch,1,0.99999964,Non_feeding
703385517.jpg,Monarch,1,0.99999523,Non_feeding
703383345.jpg,Monarch,0,0.006985335,Feeding
703382486.jpg,Monarch,1,0.9996727,Non_feeding
703380815.jpg,Monarch,1,0.99074626,Feeding
703380261.jpg,Monarch,1,0.99568284,Non_feeding
703378817.jpg,Monarch,0,0.0722561,Non_feeding
703382031.jpg,Monarch,1,0.6828497,Non_feeding
703375977.jpg,Monarch,1,0.3211911,Non_feeding
703375941.jpg,Monarch,0,0.080377765,Non_feeding
703375053.jpg,Monarch,1,0.5536565,Feeding
703373886.jpg,Monarch,1,0.5838926,Non_feeding
703374086.jpg,Monarch,1,0.9496045,Feeding
703373915.jpg,Monarch,1,0.99977046,Feeding
703373830.jpg,Monarch,1,0.9985201,Non_feeding
703371249.jpg,Monarch,0,0.092700385,Non_feeding
703371823.jpg,Monarch,0,0.009787217,Feeding
703368407.jpg,Monarch,1,0.9990071,Feeding
703367381.jpg,Monarch,0,0.027794603,Non_feeding
703367806.jpg,Monarch,1,0.9168128,Non_feeding
703365990.jpg,Monarch,0,0.0032776464,Feeding
703364592.jpg,Monarch,1,0.9889783,Feeding
703362998.jpg,Monarch,1,0.2970707,Non_feeding
703360666.jpg,Monarch,0,0.07650022,Feeding
703359402.jpg,Monarch,1,0.3292785,Non_feeding
703358024.jpg,Monarch,1,0.9998561,Feeding
703357482.jpg,Monarch,1,0.9646619,Feeding
703369675.jpg,Monarch,0,0.008881196,Feeding
703356595.jpg,Monarch,0,0.0008816406,Feeding
703353282.jpg,Monarch,1,1.0,Non_feeding
703352290.jpg,Monarch,1,1.0,Non_feeding
703352166.jpg,Monarch,0,7.56095e-05,Feeding
703351008.jpg,Monarch,1,0.9855896,Feeding
703348944.jpg,Monarch,1,0.9995733,Non_feeding
703346927.jpg,Monarch,1,0.9985475,Non_feeding
703344534.jpg,Monarch,1,0.99951494,Non_feeding
703344362.jpg,Monarch,0,0.002975911,Non_feeding
703343223.jpg,Monarch,1,0.99901736,Non_feeding
703342257.jpg,Monarch,1,0.89031804,Non_feeding
703342026.jpg,Monarch,1,0.9999728,Non_feeding
703338708.jpg,Monarch,1,0.9691486,Non_feeding
703337644.jpg,Monarch,1,0.9999999,Feeding
703334877.jpg,Monarch,1,0.9999999,Non_feeding
703334638.jpg,Monarch,1,0.7880358,Non_feeding
703331704.jpg,Monarch,1,0.99187124,Feeding
703331352.jpg,Monarch,1,0.9576444,Non_feeding
703330723.jpg,Monarch,1,1.0,Non_feeding
703328909.jpg,Monarch,1,0.9983923,Non_feeding
703326616.jpg,Monarch,0,0.09375311,Feeding
703326247.jpg,Monarch,1,0.18502241,Feeding
703324867.jpg,Monarch,1,0.97680014,Non_feeding
703325238.jpg,Monarch,1,0.9991694,Non_feeding
703323787.jpg,Monarch,1,1.0,Non_feeding
703318849.jpg,Monarch,1,1.0,Non_feeding
703316970.jpg,Monarch,1,1.0,Feeding
703301690.jpg,Monarch,0,0.040266063,Feeding
703313951.jpg,Monarch,0,0.07535894,Non_feeding
703313361.jpg,Monarch,1,0.99948883,Non_feeding
703313258.jpg,Monarch,1,1.0,Non_feeding
703312699.jpg,Monarch,1,1.0,Non_feeding
703312673.jpg,Monarch,1,0.99990237,Feeding
703312336.jpg,Monarch,1,0.99996924,Non_feeding
703312147.jpg,Monarch,1,0.9825942,Non_feeding
703312145.jpg,Monarch,1,0.99995005,Non_feeding
703311908.jpg,Monarch,1,0.9998338,Non_feeding
703311898.jpg,Monarch,1,0.9843962,Non_feeding
703308968.jpg,Monarch,0,0.0060235644,Non_feeding
703308175.jpg,Monarch,1,0.9345651,Non_feeding
703305800.jpg,Monarch,0,0.0007120564,Non_feeding
703304805.jpg,Monarch,1,0.9995869,Non_feeding
703304568.jpg,Monarch,1,0.9998895,Non_feeding
703303235.jpg,Monarch,1,0.977842,Feeding
703297959.jpg,Monarch,1,1.0,Non_feeding
703296590.jpg,Monarch,0,0.0046255584,Feeding
703292733.jpg,Monarch,1,0.9996184,Non_feeding
703288647.jpg,Monarch,0,0.005078803,Non_feeding
703287932.jpg,Monarch,1,0.99958414,Non_feeding
703287520.jpg,Monarch,1,0.99257165,Non_feeding
703284088.jpg,Monarch,1,0.98947525,Non_feeding
703281577.jpg,Monarch,1,0.9913481,Non_feeding
703272241.jpg,Monarch,1,0.9806536,Feeding
703208760.jpg,Monarch,1,0.9986909,Non_feeding
703206975.jpg,Monarch,0,0.00014277548,Non_feeding
703206754.jpg,Monarch,1,0.9999951,Non_feeding
703183702.jpg,Monarch,1,0.99999714,Non_feeding
703179481.jpg,Monarch,1,0.999997,Feeding
703179013.jpg,Monarch,1,0.9993611,Feeding
703170947.jpg,Monarch,0,0.01891189,Non_feeding
703165484.jpg,Monarch,1,0.9999285,Non_feeding
703168078.jpg,Monarch,1,0.9139275,Feeding
703159662.jpg,Monarch,1,1.0,Non_feeding
703163808.jpg,Monarch,1,0.7234676,Feeding
703163531.jpg,Monarch,1,0.9803146,Non_feeding
703157301.jpg,Monarch,1,0.9999989,Feeding
703156913.jpg,Monarch,0,0.053097222,Non_feeding
703156661.jpg,Monarch,0,0.042025033,Non_feeding
703156009.jpg,Monarch,1,1.0,Non_feeding
703154763.jpg,Monarch,0,0.029956501,Non_feeding
703153525.jpg,Monarch,1,0.9999809,Feeding
703151995.jpg,Monarch,1,1.0,Non_feeding
703146920.jpg,Monarch,1,0.99999046,Non_feeding
703151115.jpg,Monarch,1,0.9999105,Non_feeding
703150803.jpg,Monarch,1,0.9979448,Non_feeding
703150795.jpg,Monarch,1,0.9262589,Non_feeding
703144849.jpg,Monarch,0,0.01700298,Non_feeding
703145640.jpg,Monarch,1,0.95198464,Feeding
704644889.jpg,Monarch,1,0.9921192,Non_feeding
703140742.jpg,Monarch,1,0.9992205,Non_feeding
703138104.jpg,Monarch,1,0.7631744,Non_feeding
703135923.jpg,Monarch,1,0.99998486,Non_feeding
703133337.jpg,Monarch,1,0.96937376,Non_feeding
703132298.jpg,Monarch,0,0.054035373,Feeding
703129383.jpg,Monarch,0,8.931585e-05,Non_feeding
703127085.jpg,Monarch,1,0.99910253,Non_feeding
703118084.jpg,Monarch,0,0.0003692408,Feeding
703124841.jpg,Monarch,1,0.9864276,Non_feeding
703123127.jpg,Monarch,1,0.9922248,Non_feeding
703122638.jpg,Monarch,1,0.9981937,Non_feeding
703121347.jpg,Monarch,1,0.7329231,Non_feeding
703113743.jpg,Monarch,0,0.0027099238,Feeding
703119966.jpg,Monarch,1,0.98493713,Non_feeding
703115443.jpg,Monarch,0,0.0032365264,Feeding
703114066.jpg,Monarch,0,0.00060099387,Feeding
703106493.jpg,Monarch,1,0.47456852,Feeding
703113671.jpg,Monarch,1,0.9467578,Feeding
703113238.jpg,Monarch,0,0.018863937,Non_feeding
703110841.jpg,Monarch,1,1.0,Non_feeding
703109160.jpg,Monarch,1,0.9999993,Non_feeding
703107903.jpg,Monarch,1,0.99994314,Feeding
703107900.jpg,Monarch,1,0.88424164,Feeding
703107388.jpg,Monarch,1,0.8996099,Non_feeding
703107378.jpg,Monarch,1,0.9996518,Non_feeding
703105252.jpg,Monarch,1,0.9891195,Feeding
703105248.jpg,Monarch,1,0.97914034,Feeding
703105198.jpg,Monarch,1,1.0,Non_feeding
703105201.jpg,Monarch,1,0.99933404,Feeding
703106014.jpg,Monarch,0,0.0007156211,Feeding
703105865.jpg,Monarch,1,0.16453233,Feeding
703104919.jpg,Monarch,1,0.15952624,Feeding
703101387.jpg,Monarch,1,0.9999521,Non_feeding
703101154.jpg,Monarch,0,0.0030753843,Non_feeding
703100943.jpg,Monarch,1,0.27360198,Feeding
703099547.jpg,Monarch,1,0.9996951,Non_feeding
703103400.jpg,Monarch,1,0.9989988,Feeding
703097928.jpg,Monarch,0,0.015696067,Non_feeding
703087871.jpg,Monarch,0,0.0012545628,Non_feeding
703087860.jpg,Monarch,0,0.051086564,Non_feeding
703095286.jpg,Monarch,1,0.9998089,Non_feeding
703095212.jpg,Monarch,1,0.9986285,Non_feeding
703095130.jpg,Monarch,0,0.048357602,Feeding
703092158.jpg,Monarch,0,0.02798356,Feeding
703091560.jpg,Monarch,1,0.9072367,Non_feeding
703091481.jpg,Monarch,0,0.015012259,Feeding
703090529.jpg,Monarch,1,0.99938166,Feeding
703089228.jpg,Monarch,1,0.46006075,Non_feeding
703089639.jpg,Monarch,1,0.9972794,Non_feeding
703089285.jpg,Monarch,1,0.57454604,Feeding
703085439.jpg,Monarch,0,0.005031287,Feeding
703086071.jpg,Monarch,1,0.99998224,Non_feeding
703085431.jpg,Monarch,1,1.0,Non_feeding
703084805.jpg,Monarch,1,0.113820784,Non_feeding
703083351.jpg,Monarch,1,0.93742347,Non_feeding
703099224.jpg,Monarch,1,0.97168756,Non_feeding
703083383.jpg,Monarch,1,0.9883122,Non_feeding
703083238.jpg,Monarch,1,0.8590216,Non_feeding
703080998.jpg,Monarch,1,0.27247757,Feeding
703081063.jpg,Monarch,0,0.006494494,Feeding
703080531.jpg,Monarch,1,0.9990402,Non_feeding
703080146.jpg,Monarch,1,1.0,Non_feeding
703079311.jpg,Monarch,1,0.9933663,Non_feeding
703077836.jpg,Monarch,1,0.9999889,Non_feeding
703076593.jpg,Monarch,0,0.014284989,Feeding
703071576.jpg,Monarch,1,0.9122224,Non_feeding
703076303.jpg,Monarch,1,0.9977906,Non_feeding
703075965.jpg,Monarch,1,0.9969663,Non_feeding
703067743.jpg,Monarch,0,0.07140573,Feeding
703074495.jpg,Monarch,1,0.99998593,Non_feeding
703074565.jpg,Monarch,0,0.06809564,Non_feeding
703073295.jpg,Monarch,1,0.99976593,Non_feeding
703073030.jpg,Monarch,0,1.9921286e-05,Feeding
703069158.jpg,Monarch,0,0.001628724,Non_feeding
703072461.jpg,Monarch,1,0.9999943,Non_feeding
703070084.jpg,Monarch,1,1.0,Non_feeding
703069610.jpg,Monarch,0,0.0015047604,Non_feeding
703067774.jpg,Monarch,1,0.9999989,Non_feeding
703067587.jpg,Monarch,1,1.0,Non_feeding
703066633.jpg,Monarch,1,0.99970526,Non_feeding
703064565.jpg,Monarch,0,0.01085521,Non_feeding
703061881.jpg,Monarch,0,0.00038316922,Feeding
703058601.jpg,Monarch,1,0.99999964,Non_feeding
703057810.jpg,Monarch,1,0.9999995,Non_feeding
703056213.jpg,Monarch,1,0.99896765,Non_feeding
703056861.jpg,Monarch,1,0.9599358,Feeding
703055947.jpg,Monarch,1,0.9999995,Non_feeding
703054133.jpg,Monarch,1,0.9670274,Feeding
703051771.jpg,Monarch,0,0.006949739,Non_feeding
703051692.jpg,Monarch,1,0.92083085,Non_feeding
703051455.jpg,Monarch,1,0.99720013,Feeding
703050528.jpg,Monarch,1,0.99999917,Feeding
703050005.jpg,Monarch,1,0.9999994,Non_feeding
703049104.jpg,Monarch,0,0.015728936,Feeding
703048887.jpg,Monarch,1,1.0,Non_feeding
703048653.jpg,Monarch,0,0.010218754,Non_feeding
703047919.jpg,Monarch,1,0.48387757,Feeding
703045695.jpg,Monarch,1,0.9834716,Feeding
703045222.jpg,Monarch,1,0.9999925,Non_feeding
703028714.jpg,Monarch,1,0.98912126,Non_feeding
703036436.jpg,Monarch,0,0.0046663824,Feeding
703043621.jpg,Monarch,1,0.21999258,Non_feeding
703043575.jpg,Monarch,1,0.78276855,Non_feeding
703042637.jpg,Monarch,1,0.5564193,Feeding
703042463.jpg,Monarch,1,0.9996932,Feeding
703044915.jpg,Monarch,1,0.1229908,Feeding
703041501.jpg,Monarch,0,4.699641e-07,Feeding
703039869.jpg,Monarch,1,0.99988437,Non_feeding
703039717.jpg,Monarch,0,0.008190962,Non_feeding
703036187.jpg,Monarch,1,0.9999963,Non_feeding
703036017.jpg,Monarch,1,0.9999943,Non_feeding
703028565.jpg,Monarch,0,0.08868582,Feeding
703027141.jpg,Monarch,1,0.14596882,Feeding
703035779.jpg,Monarch,1,0.99996424,Non_feeding
703031209.jpg,Monarch,1,1.0,Non_feeding
703022290.jpg,Monarch,1,0.9419004,Non_feeding
703030493.jpg,Monarch,0,0.00313122,Non_feeding
703029854.jpg,Monarch,1,0.16597067,Non_feeding
703029503.jpg,Monarch,1,1.0,Feeding
703029031.jpg,Monarch,1,0.999398,Non_feeding
703024843.jpg,Monarch,0,0.00842496,Non_feeding
703025344.jpg,Monarch,1,1.0,Non_feeding
703025235.jpg,Monarch,1,0.99999964,Non_feeding
703025080.jpg,Monarch,1,0.9562993,Non_feeding
703023466.jpg,Monarch,1,0.20447847,Non_feeding
703022700.jpg,Monarch,0,0.00021352037,Non_feeding
703019315.jpg,Monarch,1,0.28023425,Feeding
703016865.jpg,Monarch,0,0.049163222,Feeding
703016816.jpg,Monarch,1,0.9999993,Non_feeding
703042207.jpg,Monarch,1,1.0,Non_feeding
703015943.jpg,Monarch,1,0.99578804,Feeding
703015510.jpg,Monarch,1,0.9999788,Feeding
703015356.jpg,Monarch,1,0.9940099,Feeding
703014933.jpg,Monarch,1,0.9814872,Non_feeding
703012467.jpg,Monarch,1,0.81606054,Non_feeding
703011023.jpg,Monarch,1,0.9996606,Non_feeding
703008967.jpg,Monarch,0,0.002513856,Non_feeding
703080648.jpg,Monarch,1,0.95892143,Non_feeding
703008644.jpg,Monarch,1,0.114466235,Non_feeding
703006041.jpg,Monarch,0,0.005539886,Feeding
703082037.jpg,Monarch,1,0.9999728,Non_feeding
703005594.jpg,Monarch,1,0.9967433,Non_feeding
703004473.jpg,Monarch,1,0.9999989,Non_feeding
702999360.jpg,Monarch,0,0.01004184,Feeding
702999081.jpg,Monarch,0,0.040765114,Non_feeding
703001436.jpg,Monarch,0,0.0027264978,Feeding
703001025.jpg,Monarch,1,0.9984524,Feeding
703000893.jpg,Monarch,0,0.003329457,Feeding
703000669.jpg,Monarch,1,0.9999969,Feeding
703000490.jpg,Monarch,1,0.4020735,Feeding
702999398.jpg,Monarch,1,0.99912983,Feeding
702998264.jpg,Monarch,0,0.0090152,Non_feeding
702998961.jpg,Monarch,0,5.7523474e-05,Feeding
702998443.jpg,Monarch,1,0.96932817,Feeding
702998023.jpg,Monarch,1,0.9993092,Non_feeding
702996634.jpg,Monarch,1,0.99953383,Non_feeding
702995272.jpg,Monarch,0,0.00016632734,Feeding
703010971.jpg,Monarch,0,0.000601383,Non_feeding
702992554.jpg,Monarch,1,0.9652272,Non_feeding
702993961.jpg,Monarch,0,0.010746958,Feeding
702993364.jpg,Monarch,0,4.5609282e-05,Non_feeding
702992593.jpg,Monarch,1,0.99943084,Non_feeding
702992290.jpg,Monarch,0,0.0003844592,Feeding
702988792.jpg,Monarch,1,0.9999982,Non_feeding
702988412.jpg,Monarch,1,0.999215,Non_feeding
702987208.jpg,Monarch,1,0.5328941,Non_feeding
702986912.jpg,Monarch,1,0.19229513,Feeding
702986024.jpg,Monarch,1,0.10430713,Non_feeding
702985374.jpg,Monarch,0,0.00044538776,Non_feeding
702984952.jpg,Monarch,0,0.009732014,Feeding
702985161.jpg,Monarch,1,0.99744695,Non_feeding
702984820.jpg,Monarch,1,0.9851379,Non_feeding
702984803.jpg,Monarch,1,0.9965699,Non_feeding
702983683.jpg,Monarch,0,0.097885594,Non_feeding
702983464.jpg,Monarch,1,0.97750276,Non_feeding
702980670.jpg,Monarch,1,0.9999908,Non_feeding
702982559.jpg,Monarch,1,0.24333607,Non_feeding
702980322.jpg,Monarch,1,1.0,Non_feeding
702979920.jpg,Monarch,1,1.0,Feeding
702978450.jpg,Monarch,1,0.5661043,Non_feeding
702978950.jpg,Monarch,1,0.99877006,Non_feeding
702978302.jpg,Monarch,1,0.6411159,Non_feeding
702977605.jpg,Monarch,1,0.9251145,Non_feeding
702977252.jpg,Monarch,1,0.9999993,Non_feeding
702976012.jpg,Monarch,1,0.1039457,Non_feeding
702975216.jpg,Monarch,1,0.999962,Non_feeding
702974790.jpg,Monarch,1,0.9999751,Feeding
702973776.jpg,Monarch,1,0.33137217,Feeding
702973556.jpg,Monarch,1,0.99942213,Non_feeding
702972535.jpg,Monarch,1,0.9829134,Non_feeding
702971692.jpg,Monarch,1,0.9999559,Non_feeding
702970386.jpg,Monarch,0,0.0038325528,Non_feeding
702967231.jpg,Monarch,1,0.80205834,Feeding
702967179.jpg,Monarch,1,0.99645966,Feeding
702965949.jpg,Monarch,1,0.99922276,Non_feeding
702965546.jpg,Monarch,1,0.9999949,Non_feeding
702965161.jpg,Monarch,1,0.9999583,Non_feeding
702964638.jpg,Monarch,0,0.0013554371,Feeding
702964668.jpg,Monarch,1,0.9582277,Non_feeding
702964477.jpg,Monarch,1,0.9999646,Non_feeding
702964179.jpg,Monarch,1,0.99998724,Non_feeding
702962840.jpg,Monarch,1,0.99982536,Non_feeding
702962815.jpg,Monarch,1,0.6376815,Non_feeding
702962227.jpg,Monarch,1,0.9848204,Non_feeding
702961735.jpg,Monarch,1,0.30032006,Non_feeding
702961912.jpg,Monarch,1,1.0,Feeding
702961771.jpg,Monarch,1,0.63758874,Feeding
702961954.jpg,Monarch,0,0.0002537133,Feeding
702960939.jpg,Monarch,0,4.0099618e-05,Feeding
702960436.jpg,Monarch,0,9.9961195e-05,Non_feeding
702957221.jpg,Monarch,0,2.1282163e-05,Feeding
702955993.jpg,Monarch,1,0.98703194,Non_feeding
702955186.jpg,Monarch,1,0.5767309,Feeding
702954162.jpg,Monarch,1,0.99997663,Non_feeding
702954296.jpg,Monarch,1,0.99994075,Non_feeding
702954289.jpg,Monarch,1,0.9358917,Non_feeding
702952638.jpg,Monarch,1,0.24081415,Non_feeding
702952324.jpg,Monarch,0,0.030365402,Feeding
702949218.jpg,Monarch,1,0.99998045,Feeding
702946927.jpg,Monarch,1,0.86159104,Non_feeding
702945559.jpg,Monarch,1,0.99879694,Non_feeding
702943417.jpg,Monarch,1,0.13793495,Non_feeding
702942999.jpg,Monarch,1,0.9999999,Non_feeding
702942574.jpg,Monarch,1,0.9999999,Non_feeding
702942353.jpg,Monarch,1,0.9999999,Non_feeding
702941016.jpg,Monarch,1,1.0,Non_feeding
702940606.jpg,Monarch,1,1.0,Non_feeding
702940141.jpg,Monarch,1,0.9999989,Non_feeding
702938168.jpg,Monarch,1,0.20772941,Non_feeding
702937972.jpg,Monarch,1,0.99998987,Non_feeding
702937987.jpg,Monarch,1,0.9831773,Feeding
702937502.jpg,Monarch,0,0.017274408,Non_feeding
702934876.jpg,Monarch,0,4.871635e-05,Feeding
702934053.jpg,Monarch,0,0.004166648,Non_feeding
702932765.jpg,Monarch,1,0.90815836,Feeding
702931717.jpg,Monarch,1,1.0,Non_feeding
702931498.jpg,Monarch,1,0.30663145,Non_feeding
702929406.jpg,Monarch,1,0.9987692,Non_feeding
702928907.jpg,Monarch,0,0.018430611,Feeding
702930078.jpg,Monarch,1,1.0,Non_feeding
702928946.jpg,Monarch,1,1.0,Non_feeding
702928882.jpg,Monarch,1,0.99946904,Non_feeding
702927491.jpg,Monarch,1,0.94424367,Non_feeding
702925989.jpg,Monarch,0,0.040616684,Feeding
702925786.jpg,Monarch,0,0.013106972,Non_feeding
703034152.jpg,Monarch,0,0.02409768,Feeding
702923576.jpg,Monarch,1,0.4006994,Feeding
702921326.jpg,Monarch,0,0.02332514,Feeding
702921331.jpg,Monarch,0,0.036797386,Feeding
702918208.jpg,Monarch,1,0.2941182,Non_feeding
702912862.jpg,Monarch,1,0.9987612,Non_feeding
702916236.jpg,Monarch,1,1.0,Non_feeding
702915683.jpg,Monarch,1,0.99819237,Non_feeding
702915204.jpg,Monarch,1,0.99999964,Non_feeding
702895037.jpg,Monarch,0,0.0016198271,Non_feeding
702914014.jpg,Monarch,1,0.9923765,Feeding
702913750.jpg,Monarch,1,0.31273654,Feeding
702913642.jpg,Monarch,1,0.99847656,Non_feeding
702912156.jpg,Monarch,1,0.897906,Feeding
702911879.jpg,Monarch,1,0.36784464,Feeding
702910609.jpg,Monarch,1,0.12713192,Feeding
702910025.jpg,Monarch,1,0.9547901,Feeding
702909717.jpg,Monarch,0,0.0005670868,Non_feeding
702909679.jpg,Monarch,0,0.06924373,Non_feeding
702907875.jpg,Monarch,1,0.99478954,Non_feeding
702907726.jpg,Monarch,1,0.999998,Non_feeding
702907132.jpg,Monarch,0,0.07050073,Non_feeding
702906264.jpg,Monarch,0,0.011119292,Non_feeding
702905723.jpg,Monarch,1,0.13817903,Feeding
702901992.jpg,Monarch,1,0.94604176,Feeding
702899806.jpg,Monarch,1,0.97040737,Feeding
702898964.jpg,Monarch,1,1.0,Non_feeding
702901002.jpg,Monarch,1,0.9999927,Non_feeding
702897962.jpg,Monarch,1,0.99582785,Non_feeding
702900947.jpg,Monarch,1,0.5583444,Feeding
702896186.jpg,Monarch,1,0.733975,Feeding
702896135.jpg,Monarch,1,0.9966204,Feeding
702894259.jpg,Monarch,1,0.8521316,Non_feeding
702893261.jpg,Monarch,1,0.83137643,Feeding
702888220.jpg,Monarch,1,0.99859554,Non_feeding
702890558.jpg,Monarch,0,0.087810494,Feeding
702895844.jpg,Monarch,1,0.9999995,Non_feeding
702889556.jpg,Monarch,1,0.99986255,Non_feeding
702888597.jpg,Monarch,1,0.14847107,Feeding
702888219.jpg,Monarch,1,0.9997615,Feeding
702888011.jpg,Monarch,1,0.9939977,Non_feeding
702887296.jpg,Monarch,1,0.99981356,Non_feeding
702886564.jpg,Monarch,0,0.043160066,Non_feeding
702885377.jpg,Monarch,1,0.9999838,Non_feeding
702884899.jpg,Monarch,1,0.77217364,Non_feeding
702884760.jpg,Monarch,1,0.9845942,Non_feeding
702883927.jpg,Monarch,1,0.98258525,Non_feeding
702883140.jpg,Monarch,1,0.96694463,Feeding
702882995.jpg,Monarch,1,0.9981937,Non_feeding
702880664.jpg,Monarch,1,1.0,Non_feeding
702880144.jpg,Monarch,1,0.9982791,Non_feeding
702878238.jpg,Monarch,0,0.0032520075,Non_feeding
702877694.jpg,Monarch,1,0.11729915,Non_feeding
702874934.jpg,Monarch,1,0.9994979,Non_feeding
702873580.jpg,Monarch,0,0.000664008,Non_feeding
702873643.jpg,Monarch,1,0.9999881,Non_feeding
702871730.jpg,Monarch,1,0.26698464,Non_feeding
702871396.jpg,Monarch,0,0.008837593,Non_feeding
702863942.jpg,Monarch,1,0.40517327,Non_feeding
702869044.jpg,Monarch,1,0.57960355,Non_feeding
702868365.jpg,Monarch,1,0.31645915,Non_feeding
702867822.jpg,Monarch,1,0.8432843,Non_feeding
702862416.jpg,Monarch,0,1.666982e-05,Feeding
702867043.jpg,Monarch,1,0.9314739,Feeding
702866908.jpg,Monarch,1,0.11482745,Feeding
702866895.jpg,Monarch,1,0.31645915,Non_feeding
702866506.jpg,Monarch,1,0.9998864,Non_feeding
702866174.jpg,Monarch,1,0.9999572,Non_feeding
702864982.jpg,Monarch,1,0.99943,Non_feeding
702864629.jpg,Monarch,1,0.9375275,Non_feeding
702864542.jpg,Monarch,1,0.9999294,Non_feeding
702858472.jpg,Monarch,1,0.98964125,Non_feeding
702862439.jpg,Monarch,1,0.10939522,Feeding
703297165.jpg,Monarch,0,0.06965415,Non_feeding
702861376.jpg,Monarch,0,0.002896621,Feeding
702860867.jpg,Monarch,1,0.9699403,Non_feeding
702860325.jpg,Monarch,1,0.75965106,Feeding
702859863.jpg,Monarch,1,0.119960494,Feeding
702858111.jpg,Monarch,1,0.999995,Non_feeding
702858042.jpg,Monarch,1,0.99980867,Non_feeding
702857658.jpg,Monarch,1,1.0,Non_feeding
702857306.jpg,Monarch,0,0.011122018,Non_feeding
702856267.jpg,Monarch,0,0.08343837,Feeding
702856121.jpg,Monarch,1,0.9995647,Non_feeding
702856065.jpg,Monarch,1,0.97550243,Non_feeding
702852616.jpg,Monarch,1,0.87329334,Non_feeding
702852966.jpg,Monarch,0,0.073711194,Non_feeding
702851912.jpg,Monarch,1,0.99971956,Feeding
702850578.jpg,Monarch,1,0.99996614,Non_feeding
702847206.jpg,Monarch,1,0.9999943,Non_feeding
702846493.jpg,Monarch,1,0.9868537,Feeding
702844815.jpg,Monarch,1,1.0,Non_feeding
702843587.jpg,Monarch,0,4.513541e-05,Feeding
702839456.jpg,Monarch,0,0.0006652606,Feeding
702838945.jpg,Monarch,0,0.029760264,Non_feeding
702838283.jpg,Monarch,1,0.99999964,Non_feeding
702837395.jpg,Monarch,1,0.97312456,Non_feeding
702835325.jpg,Monarch,1,0.6556829,Feeding
702834939.jpg,Monarch,1,0.8297459,Non_feeding
702834412.jpg,Monarch,1,0.67353415,Feeding
702833784.jpg,Monarch,0,0.01010408,Non_feeding
702831160.jpg,Monarch,1,1.0,Non_feeding
702831061.jpg,Monarch,0,0.0018726393,Feeding
702830529.jpg,Monarch,1,0.11003355,Feeding
702829739.jpg,Monarch,0,0.015979294,Non_feeding
702829655.jpg,Monarch,1,0.6750092,Non_feeding
702829442.jpg,Monarch,1,0.933732,Non_feeding
705693978.jpg,Monarch,0,0.0031783825,Non_feeding
702827995.jpg,Monarch,1,0.709977,Feeding
702827027.jpg,Monarch,1,0.9958975,Non_feeding
702826724.jpg,Monarch,0,8.779554e-05,Non_feeding
702825115.jpg,Monarch,1,0.9999993,Non_feeding
702821234.jpg,Monarch,1,0.9891495,Feeding
702810425.jpg,Monarch,1,0.98267764,Non_feeding
702820218.jpg,Monarch,1,0.9999995,Non_feeding
702816843.jpg,Monarch,1,0.9869761,Non_feeding
702816836.jpg,Monarch,0,0.017024646,Feeding
702819898.jpg,Monarch,1,1.0,Non_feeding
702818832.jpg,Monarch,1,1.0,Non_feeding
702818571.jpg,Monarch,1,0.9999912,Non_feeding
702818227.jpg,Monarch,1,0.2602214,Non_feeding
702817748.jpg,Monarch,1,0.9999826,Non_feeding
702817635.jpg,Monarch,1,0.99992394,Non_feeding
702817469.jpg,Monarch,1,0.9998282,Non_feeding
702817393.jpg,Monarch,1,0.9753837,Non_feeding
702817319.jpg,Monarch,0,0.0133982105,Non_feeding
702817260.jpg,Monarch,1,0.9898211,Non_feeding
702817259.jpg,Monarch,1,0.9999846,Non_feeding
702815692.jpg,Monarch,1,0.26834375,Non_feeding
702815486.jpg,Monarch,0,3.5823392e-05,Feeding
702812619.jpg,Monarch,1,0.4382293,Feeding
702812135.jpg,Monarch,1,0.83403456,Non_feeding
702809196.jpg,Monarch,1,1.0,Non_feeding
702808863.jpg,Monarch,1,0.9837961,Non_feeding
702806857.jpg,Monarch,1,0.99360174,Non_feeding
702805242.jpg,Monarch,1,0.99999905,Non_feeding
702804962.jpg,Monarch,1,0.99998176,Non_feeding
702803972.jpg,Monarch,0,0.0017755572,Feeding
702803628.jpg,Monarch,0,6.724602e-07,Non_feeding
702802105.jpg,Monarch,1,1.0,Non_feeding
702802086.jpg,Monarch,0,0.00035206618,Non_feeding
702799111.jpg,Monarch,0,0.021304088,Non_feeding
702798063.jpg,Monarch,0,0.0056250403,Non_feeding
702796591.jpg,Monarch,1,0.5345289,Non_feeding
702796090.jpg,Monarch,1,1.0,Non_feeding
702788796.jpg,Monarch,1,0.99994755,Non_feeding
702793751.jpg,Monarch,1,0.15961456,Non_feeding
702793339.jpg,Monarch,1,0.995018,Non_feeding
702792459.jpg,Monarch,1,0.9980502,Non_feeding
702789854.jpg,Monarch,1,0.9999906,Non_feeding
702788253.jpg,Monarch,1,0.9622725,Non_feeding
702788201.jpg,Monarch,1,0.8504954,Non_feeding
702787337.jpg,Monarch,1,1.0,Non_feeding
702784330.jpg,Monarch,1,0.9999869,Non_feeding
702783294.jpg,Monarch,1,0.42118847,Non_feeding
702782810.jpg,Monarch,1,0.99996257,Non_feeding
702781792.jpg,Monarch,0,0.0023571665,Feeding
702780684.jpg,Monarch,1,0.8308995,Feeding
702780478.jpg,Monarch,0,0.029827312,Feeding
702779203.jpg,Monarch,1,0.82619464,Feeding
702770280.jpg,Monarch,1,0.10945917,Feeding
702774026.jpg,Monarch,1,0.99951065,Non_feeding
702773231.jpg,Monarch,1,0.9970874,Feeding
703595770.jpg,Monarch,1,0.999997,Non_feeding
702771174.jpg,Monarch,1,0.11756904,Non_feeding
702770994.jpg,Monarch,1,0.97878367,Non_feeding
702770125.jpg,Monarch,1,0.68125844,Non_feeding
702770526.jpg,Monarch,1,0.6111888,Feeding
702769105.jpg,Monarch,1,0.9999776,Non_feeding
702765670.jpg,Monarch,1,0.99999857,Non_feeding
702761028.jpg,Monarch,1,0.59335285,Non_feeding
702761098.jpg,Monarch,1,0.9999919,Non_feeding
702758802.jpg,Monarch,1,0.20993409,Non_feeding
702755432.jpg,Monarch,1,0.99999475,Non_feeding
702750993.jpg,Monarch,1,0.9874166,Non_feeding
702750018.jpg,Monarch,1,0.9999285,Non_feeding
702749948.jpg,Monarch,1,0.99996424,Non_feeding
702748230.jpg,Monarch,0,0.008461839,Feeding
702745734.jpg,Monarch,1,0.98581594,Feeding
702745479.jpg,Monarch,0,6.073097e-06,Non_feeding
702744507.jpg,Monarch,1,0.7768713,Non_feeding
702743812.jpg,Monarch,1,0.9999769,Feeding
702736724.jpg,Monarch,0,4.1821497e-09,Non_feeding
702733413.jpg,Monarch,0,0.004454871,Feeding
702734892.jpg,Monarch,1,0.9862336,Non_feeding
702730618.jpg,Monarch,1,1.0,Non_feeding
702723199.jpg,Monarch,1,0.22894715,Non_feeding
702722663.jpg,Monarch,1,0.99863666,Feeding
702720683.jpg,Monarch,1,0.9999862,Non_feeding
702719459.jpg,Monarch,1,0.34976143,Non_feeding
702718109.jpg,Monarch,1,1.0,Non_feeding
702715150.jpg,Monarch,1,0.94230694,Feeding
702706262.jpg,Monarch,1,0.9999894,Non_feeding
702709998.jpg,Monarch,1,0.97304374,Feeding
702707009.jpg,Monarch,1,0.9954549,Non_feeding
702706185.jpg,Monarch,1,0.44129604,Feeding
702699703.jpg,Monarch,1,0.9999229,Feeding
702694643.jpg,Monarch,1,1.0,Non_feeding
702686329.jpg,Monarch,1,0.56428725,Non_feeding
702684490.jpg,Monarch,1,0.99915147,Non_feeding
702681341.jpg,Monarch,1,0.6914561,Non_feeding
702706221.jpg,Monarch,1,0.9999943,Non_feeding
702676542.jpg,Monarch,0,0.00045565589,Feeding
702676384.jpg,Monarch,1,0.999804,Feeding
702672893.jpg,Monarch,1,0.18454416,Feeding
702664550.jpg,Monarch,1,0.9513115,Feeding
702664523.jpg,Monarch,0,0.0025986703,Feeding
702664484.jpg,Monarch,0,0.0038138744,Non_feeding
702664342.jpg,Monarch,1,0.5552777,Feeding
702663837.jpg,Monarch,1,0.8456151,Non_feeding
702663817.jpg,Monarch,1,0.95723104,Feeding
702660102.jpg,Monarch,0,0.028853036,Non_feeding
702650474.jpg,Monarch,0,1.0233099e-05,Feeding
702648383.jpg,Monarch,0,0.0003629712,Feeding
702612420.jpg,Monarch,1,0.18149856,Feeding
702614778.jpg,Monarch,1,0.9546808,Non_feeding
702613185.jpg,Monarch,1,1.0,Non_feeding
702603869.jpg,Monarch,1,0.9922962,Non_feeding
702603632.jpg,Monarch,1,0.901735,Non_feeding
702603513.jpg,Monarch,1,0.99999976,Non_feeding
702602522.jpg,Monarch,0,0.05310209,Non_feeding
702602339.jpg,Monarch,1,0.9985543,Non_feeding
702598830.jpg,Monarch,1,1.0,Non_feeding
702588709.jpg,Monarch,1,0.20291759,Non_feeding
702588702.jpg,Monarch,0,2.029984e-05,Non_feeding
702587138.jpg,Monarch,1,0.23884627,Non_feeding
702585517.jpg,Monarch,1,0.9880498,Non_feeding
702584078.jpg,Monarch,0,0.00407547,Non_feeding
702582389.jpg,Monarch,1,1.0,Non_feeding
702582344.jpg,Monarch,1,0.99999964,Non_feeding
702576252.jpg,Monarch,1,0.9548279,Non_feeding
702575245.jpg,Monarch,0,0.010667578,Non_feeding
702575913.jpg,Monarch,0,0.00010129903,Non_feeding
702574518.jpg,Monarch,1,0.8520624,Non_feeding
702576300.jpg,Monarch,1,0.99999905,Feeding
702572257.jpg,Monarch,0,0.03914762,Non_feeding
702566085.jpg,Monarch,1,0.48973453,Non_feeding
702558330.jpg,Monarch,1,0.99980354,Non_feeding
702555056.jpg,Monarch,1,0.9203623,Feeding
702559757.jpg,Monarch,1,0.9999628,Feeding
702559167.jpg,Monarch,1,0.123943426,Feeding
702555787.jpg,Monarch,1,0.8041051,Non_feeding
702553848.jpg,Monarch,1,0.9751361,Non_feeding
702549747.jpg,Monarch,0,0.087654665,Feeding
702549153.jpg,Monarch,1,0.9880667,Non_feeding
702547223.jpg,Monarch,1,0.38033235,Feeding
702544885.jpg,Monarch,1,0.9997755,Non_feeding
702543141.jpg,Monarch,0,0.00036772186,Feeding
702542881.jpg,Monarch,1,0.9991068,Non_feeding
702542389.jpg,Monarch,1,0.99997294,Non_feeding
703136610.jpg,Monarch,1,0.9769458,Non_feeding
702539639.jpg,Monarch,0,0.0009297866,Feeding
702529880.jpg,Monarch,1,0.37670645,Feeding
702528829.jpg,Monarch,1,0.7126482,Non_feeding
702526661.jpg,Monarch,1,0.99999905,Non_feeding
702520464.jpg,Monarch,1,0.392133,Non_feeding
702516206.jpg,Monarch,0,0.0052552754,Non_feeding
702515171.jpg,Monarch,1,0.99995744,Non_feeding
702508950.jpg,Monarch,0,0.03141048,Non_feeding
702512683.jpg,Monarch,0,0.0010334133,Feeding
702512680.jpg,Monarch,1,0.99998736,Non_feeding
702511963.jpg,Monarch,1,0.9999999,Feeding
702511182.jpg,Monarch,1,0.9817405,Non_feeding
702509507.jpg,Monarch,1,0.70153916,Feeding
702510511.jpg,Monarch,0,8.418512e-05,Feeding
702509357.jpg,Monarch,1,0.98605156,Non_feeding
702509283.jpg,Monarch,1,0.97316754,Non_feeding
702507689.jpg,Monarch,1,0.99394315,Non_feeding
703006262.jpg,Monarch,1,0.999997,Non_feeding
702501832.jpg,Monarch,1,0.67478764,Non_feeding
702501196.jpg,Monarch,0,0.0004065948,Feeding
702499575.jpg,Monarch,0,0.0011142689,Feeding
702497999.jpg,Monarch,1,0.1728974,Non_feeding
702504350.jpg,Monarch,1,0.9995623,Feeding
702503888.jpg,Monarch,1,0.783349,Non_feeding
702502097.jpg,Monarch,0,0.03201509,Non_feeding
702502749.jpg,Monarch,1,0.99999714,Feeding
702502617.jpg,Monarch,1,0.9720504,Non_feeding
702501546.jpg,Monarch,1,0.6609916,Non_feeding
702498298.jpg,Monarch,1,0.9999958,Non_feeding
702493258.jpg,Monarch,1,0.7689116,Feeding
702492532.jpg,Monarch,1,0.65730214,Non_feeding
702491917.jpg,Monarch,1,0.99810696,Non_feeding
702490756.jpg,Monarch,1,0.18685879,Non_feeding
702491497.jpg,Monarch,1,0.9135606,Non_feeding
702490609.jpg,Monarch,0,0.00346614,Feeding
702490570.jpg,Monarch,1,0.9799913,Feeding
702488484.jpg,Monarch,0,5.1106287e-08,Non_feeding
702487980.jpg,Monarch,0,0.08381281,Feeding
702486151.jpg,Monarch,1,0.8277182,Non_feeding
702486170.jpg,Monarch,0,0.009737373,Feeding
702484299.jpg,Monarch,1,0.9999881,Non_feeding
702483152.jpg,Monarch,0,0.0065856026,Non_feeding
702482415.jpg,Monarch,0,0.0020756875,Non_feeding
702481614.jpg,Monarch,0,0.041847017,Feeding
702481650.jpg,Monarch,1,0.18729737,Feeding
702464653.jpg,Monarch,0,0.08517698,Non_feeding
702464647.jpg,Monarch,1,0.9999976,Non_feeding
702476427.jpg,Monarch,0,0.0003782308,Feeding
702442852.jpg,Monarch,1,0.98649764,Non_feeding
702476069.jpg,Monarch,1,0.9999181,Non_feeding
702474763.jpg,Monarch,1,0.34414884,Non_feeding
702474428.jpg,Monarch,0,0.0003926335,Non_feeding
702473964.jpg,Monarch,1,0.8040371,Non_feeding
702472329.jpg,Monarch,1,0.8126289,Non_feeding
702471341.jpg,Monarch,1,0.9999869,Non_feeding
702469668.jpg,Monarch,0,1.46110115e-05,Feeding
702468822.jpg,Monarch,1,0.99983346,Feeding
702468752.jpg,Monarch,1,0.13795984,Non_feeding
702467300.jpg,Monarch,1,0.9947024,Non_feeding
702438608.jpg,Monarch,1,0.4958444,Non_feeding
702465781.jpg,Monarch,1,0.9999225,Non_feeding
702464815.jpg,Monarch,1,0.9999145,Non_feeding
702464808.jpg,Monarch,1,0.93931013,Non_feeding
702463800.jpg,Monarch,0,0.00033093547,Non_feeding
702462008.jpg,Monarch,0,0.008458351,Feeding
702461563.jpg,Monarch,1,0.9999455,Non_feeding
702457830.jpg,Monarch,1,0.99994206,Non_feeding
702455430.jpg,Monarch,1,0.9955082,Non_feeding
702455399.jpg,Monarch,1,0.98530185,Non_feeding
702455053.jpg,Monarch,1,0.99999845,Non_feeding
702454759.jpg,Monarch,1,0.99991655,Feeding
702453467.jpg,Monarch,1,0.9990987,Non_feeding
702452331.jpg,Monarch,1,0.9999912,Non_feeding
702452302.jpg,Monarch,1,0.9999995,Non_feeding
702451888.jpg,Monarch,1,0.9946395,Non_feeding
702451381.jpg,Monarch,1,1.0,Non_feeding
702446124.jpg,Monarch,0,0.00408558,Non_feeding
702441730.jpg,Monarch,1,0.12562083,Non_feeding
702443410.jpg,Monarch,0,0.03764563,Non_feeding
702442887.jpg,Monarch,1,1.0,Non_feeding
702441613.jpg,Monarch,1,1.0,Non_feeding
702439305.jpg,Monarch,1,0.99999917,Non_feeding
702438600.jpg,Monarch,1,1.0,Non_feeding
702436449.jpg,Monarch,1,0.9904548,Non_feeding
702435807.jpg,Monarch,1,0.83520097,Non_feeding
702435390.jpg,Monarch,1,0.99149513,Feeding
702435256.jpg,Monarch,0,0.02337105,Feeding
702435205.jpg,Monarch,1,0.9952477,Non_feeding
702435137.jpg,Monarch,1,0.99983954,Non_feeding
702431551.jpg,Monarch,0,0.0064260503,Feeding
702429043.jpg,Monarch,1,0.99999917,Non_feeding
702428645.jpg,Monarch,1,0.99999523,Non_feeding
702426544.jpg,Monarch,1,0.9999734,Non_feeding
702425208.jpg,Monarch,1,0.99977446,Non_feeding
702424543.jpg,Monarch,0,0.087748505,Feeding
702424938.jpg,Monarch,1,0.9999908,Non_feeding
702419900.jpg,Monarch,0,0.04046464,Non_feeding
702492199.jpg,Monarch,0,0.043680653,Feeding
702422376.jpg,Monarch,0,0.014651685,Non_feeding
702421866.jpg,Monarch,1,0.9993899,Non_feeding
702421739.jpg,Monarch,1,0.99999964,Non_feeding
702417408.jpg,Monarch,1,0.6194213,Feeding
702421538.jpg,Monarch,1,0.9961413,Non_feeding
702418049.jpg,Monarch,0,0.0007341572,Feeding
702419139.jpg,Monarch,1,0.8307906,Feeding
702418273.jpg,Monarch,0,0.0068702525,Non_feeding
702416494.jpg,Monarch,1,0.43755335,Non_feeding
702415475.jpg,Monarch,1,0.5845057,Non_feeding
702415444.jpg,Monarch,1,0.99723923,Non_feeding
702407873.jpg,Monarch,1,0.9988111,Non_feeding
702412740.jpg,Monarch,1,0.99987113,Non_feeding
702407812.jpg,Monarch,1,0.2172209,Feeding
702404699.jpg,Monarch,1,0.9999995,Non_feeding
702404663.jpg,Monarch,1,1.0,Non_feeding
702404550.jpg,Monarch,1,0.99998784,Non_feeding
702403804.jpg,Monarch,0,0.0076331673,Feeding
702402418.jpg,Monarch,0,0.097444035,Feeding
702402308.jpg,Monarch,1,0.9954063,Non_feeding
702402008.jpg,Monarch,0,2.7996175e-05,Non_feeding
702377184.jpg,Monarch,1,0.4820424,Feeding
702401954.jpg,Monarch,1,0.9999918,Non_feeding
702401847.jpg,Monarch,1,0.9998145,Non_feeding
702401782.jpg,Monarch,1,0.97117245,Non_feeding
702401185.jpg,Monarch,0,0.00041040423,Non_feeding
702400665.jpg,Monarch,1,0.9999999,Non_feeding
702400282.jpg,Monarch,1,0.99971396,Non_feeding
702399327.jpg,Monarch,1,1.0,Non_feeding
702399071.jpg,Monarch,1,0.16730954,Non_feeding
702398819.jpg,Monarch,1,0.9999844,Non_feeding
702398248.jpg,Monarch,1,0.9991984,Non_feeding
702397606.jpg,Monarch,0,0.00024083682,Feeding
702397514.jpg,Monarch,1,0.16955416,Non_feeding
702397368.jpg,Monarch,0,0.0015197276,Feeding
704226711.jpg,Monarch,1,0.46462113,Feeding
702396716.jpg,Monarch,1,0.12089957,Non_feeding
702396513.jpg,Monarch,0,8.6750515e-07,Non_feeding
702396858.jpg,Monarch,1,0.98088706,Non_feeding
702396144.jpg,Monarch,1,0.69027,Feeding
702395504.jpg,Monarch,1,0.99992025,Non_feeding
702393682.jpg,Monarch,1,0.9973789,Feeding
702391738.jpg,Monarch,1,1.0,Non_feeding
702390312.jpg,Monarch,1,0.9981536,Feeding
702388965.jpg,Monarch,0,0.013229393,Non_feeding
702387792.jpg,Monarch,1,0.99993956,Non_feeding
702387199.jpg,Monarch,1,1.0,Non_feeding
702386089.jpg,Monarch,1,0.9700013,Non_feeding
702359246.jpg,Monarch,1,0.9307244,Non_feeding
702375080.jpg,Monarch,0,0.001964022,Feeding
702385163.jpg,Monarch,0,0.0026620226,Non_feeding
702383567.jpg,Monarch,0,0.000100262296,Non_feeding
702381228.jpg,Monarch,1,0.9999436,Non_feeding
702380570.jpg,Monarch,1,0.91085905,Feeding
702376045.jpg,Monarch,1,0.979618,Non_feeding
702374147.jpg,Monarch,1,0.9925793,Non_feeding
702375770.jpg,Monarch,1,0.99754614,Feeding
702372913.jpg,Monarch,0,0.0016249794,Feeding
702371212.jpg,Monarch,1,0.10023583,Non_feeding
702372188.jpg,Monarch,0,0.023214072,Non_feeding
702371946.jpg,Monarch,0,0.060726926,Non_feeding
702370285.jpg,Monarch,1,0.99998426,Non_feeding
702367677.jpg,Monarch,0,0.033427123,Non_feeding
702358627.jpg,Monarch,1,0.9997265,Non_feeding
702356448.jpg,Monarch,0,0.0030449561,Feeding
702354818.jpg,Monarch,0,0.0061370544,Feeding
702353489.jpg,Monarch,1,0.99999964,Non_feeding
702344120.jpg,Monarch,0,0.023106668,Non_feeding
702344015.jpg,Monarch,1,0.18744764,Feeding
702353344.jpg,Monarch,1,1.0,Non_feeding
702353194.jpg,Monarch,1,1.0,Non_feeding
702352975.jpg,Monarch,1,0.9999894,Non_feeding
702348583.jpg,Monarch,0,1.4760381e-07,Feeding
702352656.jpg,Monarch,1,0.99982965,Feeding
702348487.jpg,Monarch,0,0.00092979684,Feeding
702348235.jpg,Monarch,1,0.9101376,Non_feeding
702351384.jpg,Monarch,0,0.0010412858,Feeding
702351129.jpg,Monarch,1,0.3228097,Feeding
702348132.jpg,Monarch,1,0.9992801,Non_feeding
702345472.jpg,Monarch,1,1.0,Non_feeding
702345820.jpg,Monarch,0,0.0033431386,Non_feeding
702345356.jpg,Monarch,0,0.047936913,Feeding
702340042.jpg,Monarch,1,0.6216814,Non_feeding
702341918.jpg,Monarch,1,0.10128881,Non_feeding
702339320.jpg,Monarch,1,0.9978288,Feeding
702338854.jpg,Monarch,1,0.9999982,Non_feeding
702336585.jpg,Monarch,1,0.9996695,Non_feeding
702334058.jpg,Monarch,0,0.06871034,Non_feeding
702333386.jpg,Monarch,1,0.9999999,Non_feeding
702332808.jpg,Monarch,1,0.98365366,Feeding
702332781.jpg,Monarch,1,0.9872514,Non_feeding
702330855.jpg,Monarch,1,0.99377126,Non_feeding
702327917.jpg,Monarch,0,0.0032419579,Feeding
702328461.jpg,Monarch,1,0.9858763,Non_feeding
702328037.jpg,Monarch,1,0.6592985,Non_feeding
702327476.jpg,Monarch,1,1.0,Non_feeding
702322941.jpg,Monarch,0,2.0161142e-05,Feeding
702324675.jpg,Monarch,1,0.90456164,Feeding
702322053.jpg,Monarch,1,0.99724257,Feeding
702320425.jpg,Monarch,1,0.99971193,Feeding
702319555.jpg,Monarch,1,0.9627491,Feeding
702318969.jpg,Monarch,1,0.99997425,Non_feeding
702318240.jpg,Monarch,1,0.999997,Non_feeding
702316718.jpg,Monarch,1,0.9245726,Non_feeding
702312389.jpg,Monarch,0,9.956905e-05,Feeding
702313186.jpg,Monarch,0,0.0028044134,Non_feeding
702312607.jpg,Monarch,1,0.9949726,Non_feeding
702311308.jpg,Monarch,1,0.78046453,Non_feeding
702382291.jpg,Monarch,1,0.97646654,Non_feeding
702309839.jpg,Monarch,1,0.999998,Non_feeding
702308625.jpg,Monarch,1,0.9726752,Feeding
702306038.jpg,Monarch,1,0.5087554,Non_feeding
702304890.jpg,Monarch,1,0.98368883,Feeding
702304824.jpg,Monarch,1,0.99709105,Non_feeding
702300680.jpg,Monarch,0,0.021075632,Feeding
702300979.jpg,Monarch,1,0.99999404,Non_feeding
702298704.jpg,Monarch,1,0.9998679,Non_feeding
702296558.jpg,Monarch,1,0.9958399,Feeding
702292088.jpg,Monarch,1,0.9997501,Feeding
702294215.jpg,Monarch,1,0.99985456,Non_feeding
702293364.jpg,Monarch,1,0.16117162,Feeding
702293205.jpg,Monarch,1,0.9999696,Feeding
702292676.jpg,Monarch,1,0.64175767,Feeding
702289743.jpg,Monarch,1,0.9742242,Non_feeding
702289993.jpg,Monarch,1,0.16186328,Feeding
702290498.jpg,Monarch,1,0.25069663,Non_feeding
702290388.jpg,Monarch,0,0.0012646574,Feeding
702289362.jpg,Monarch,1,0.9999894,Non_feeding
702289301.jpg,Monarch,1,0.99981666,Feeding
702287935.jpg,Monarch,1,0.99994874,Non_feeding
702272324.jpg,Monarch,1,0.5402736,Non_feeding
702272107.jpg,Monarch,1,0.4476496,Feeding
702272096.jpg,Monarch,1,0.9746261,Feeding
702286053.jpg,Monarch,1,0.99977136,Non_feeding
702279892.jpg,Monarch,1,0.9976668,Feeding
702280249.jpg,Monarch,0,2.7758822e-05,Non_feeding
702279489.jpg,Monarch,1,0.9894789,Feeding
702279044.jpg,Monarch,1,1.0,Non_feeding
702278942.jpg,Monarch,1,0.74527645,Feeding
702277668.jpg,Monarch,1,0.9895126,Non_feeding
702277402.jpg,Monarch,0,0.029656572,Non_feeding
702274809.jpg,Monarch,1,0.9999999,Non_feeding
702274444.jpg,Monarch,1,0.99390745,Non_feeding
702274086.jpg,Monarch,1,0.19476011,Non_feeding
702269898.jpg,Monarch,1,0.9698146,Non_feeding
702268266.jpg,Monarch,1,0.9996252,Non_feeding
702265703.jpg,Monarch,1,1.0,Non_feeding
702264738.jpg,Monarch,1,1.0,Non_feeding
702264682.jpg,Monarch,1,0.9999994,Non_feeding
702264525.jpg,Monarch,0,0.08768682,Non_feeding
702263408.jpg,Monarch,0,0.0005867086,Non_feeding
702261077.jpg,Monarch,1,0.99980414,Non_feeding
702260078.jpg,Monarch,0,0.002945531,Feeding
702257357.jpg,Monarch,1,0.99955136,Non_feeding
702257071.jpg,Monarch,1,0.9958541,Non_feeding
702256506.jpg,Monarch,0,0.00089406304,Non_feeding
702255793.jpg,Monarch,1,0.99877185,Non_feeding
702254366.jpg,Monarch,1,0.9999801,Non_feeding
702253757.jpg,Monarch,1,0.9999994,Non_feeding
702249299.jpg,Monarch,0,0.0045366115,Non_feeding
702248887.jpg,Monarch,1,0.76017034,Non_feeding
702246934.jpg,Monarch,0,0.029669115,Non_feeding
702246906.jpg,Monarch,1,0.9689265,Feeding
702244495.jpg,Monarch,1,0.9999461,Non_feeding
702242809.jpg,Monarch,1,0.99948347,Feeding
709098669.jpg,Monarch,1,1.0,Non_feeding
702241747.jpg,Monarch,0,0.015515291,Non_feeding
702240350.jpg,Monarch,1,0.9999994,Non_feeding
702240078.jpg,Monarch,1,0.32402316,Feeding
702239713.jpg,Monarch,1,1.0,Non_feeding
702237732.jpg,Monarch,1,0.9999014,Non_feeding
702237592.jpg,Monarch,1,0.9927655,Non_feeding
703104089.jpg,Monarch,1,0.99999464,Non_feeding
702237286.jpg,Monarch,1,0.8675481,Non_feeding
702236960.jpg,Monarch,1,0.9929981,Non_feeding
702229727.jpg,Monarch,1,0.72877604,Non_feeding
702229370.jpg,Monarch,1,0.9692199,Feeding
702229205.jpg,Monarch,1,0.99937785,Feeding
702222560.jpg,Monarch,0,0.011940277,Non_feeding
702222562.jpg,Monarch,0,0.00087688107,Non_feeding
702223807.jpg,Monarch,0,0.095092475,Non_feeding
702223540.jpg,Monarch,1,0.6195313,Feeding
702220151.jpg,Monarch,1,0.17113577,Non_feeding
702216827.jpg,Monarch,1,0.93183315,Non_feeding
702217918.jpg,Monarch,1,0.99998903,Non_feeding
702217850.jpg,Monarch,1,0.9825736,Non_feeding
702217721.jpg,Monarch,1,0.9999974,Feeding
702212499.jpg,Monarch,0,0.00084029866,Non_feeding
702208462.jpg,Monarch,1,0.9999589,Non_feeding
702208253.jpg,Monarch,1,1.0,Non_feeding
702207979.jpg,Monarch,1,0.9999999,Non_feeding
702207829.jpg,Monarch,1,0.9999999,Non_feeding
702206627.jpg,Monarch,1,1.0,Non_feeding
702206423.jpg,Monarch,1,0.20991813,Non_feeding
702205807.jpg,Monarch,1,0.75280404,Non_feeding
702205684.jpg,Monarch,1,0.95264846,Non_feeding
702205297.jpg,Monarch,1,0.9956845,Feeding
702203436.jpg,Monarch,1,0.99999976,Non_feeding
702202046.jpg,Monarch,1,0.9999999,Non_feeding
702197161.jpg,Monarch,0,0.00081887876,Non_feeding
702195176.jpg,Monarch,1,0.9999958,Non_feeding
702092713.jpg,Monarch,0,0.0011282467,Feeding
702186544.jpg,Monarch,0,0.00088646985,Non_feeding
702190100.jpg,Monarch,1,0.9924682,Non_feeding
702188649.jpg,Monarch,1,1.0,Non_feeding
702185700.jpg,Monarch,1,0.9992821,Feeding
702163962.jpg,Monarch,0,0.031062579,Feeding
702181515.jpg,Monarch,0,0.0256893,Feeding
702181398.jpg,Monarch,1,0.99870694,Non_feeding
702180877.jpg,Monarch,1,0.9999651,Non_feeding
702180219.jpg,Monarch,1,0.9838902,Non_feeding
702176617.jpg,Monarch,1,0.99999976,Non_feeding
702172517.jpg,Monarch,1,0.9999933,Non_feeding
702171834.jpg,Monarch,1,0.9615321,Non_feeding
702172078.jpg,Monarch,1,0.9998814,Non_feeding
702170004.jpg,Monarch,1,0.9999993,Non_feeding
702168353.jpg,Monarch,1,0.7995514,Non_feeding
702168009.jpg,Monarch,1,0.9966312,Non_feeding
702167257.jpg,Monarch,1,0.26155508,Non_feeding
702164478.jpg,Monarch,1,0.98114866,Non_feeding
702163051.jpg,Monarch,1,0.9999951,Feeding
702162197.jpg,Monarch,1,0.99988866,Non_feeding
702159244.jpg,Monarch,0,0.0730976,Feeding
702156202.jpg,Monarch,1,0.99834466,Feeding
702154297.jpg,Monarch,0,0.016333262,Feeding
702154553.jpg,Monarch,1,0.9994749,Feeding
702153652.jpg,Monarch,1,0.9999733,Non_feeding
702150007.jpg,Monarch,1,0.98371387,Non_feeding
702145884.jpg,Monarch,1,0.9991522,Non_feeding
702144482.jpg,Monarch,1,0.99999964,Non_feeding
702142733.jpg,Monarch,0,1.5121791e-05,Non_feeding
702142635.jpg,Monarch,0,3.0584106e-05,Non_feeding
702142597.jpg,Monarch,0,0.008469043,Non_feeding
702141186.jpg,Monarch,1,0.9960349,Feeding
702140522.jpg,Monarch,1,0.9169103,Non_feeding
702138033.jpg,Monarch,1,0.9974113,Feeding
702137257.jpg,Monarch,1,0.98698956,Non_feeding
702135458.jpg,Monarch,1,0.99999976,Non_feeding
702128910.jpg,Monarch,0,0.0020708898,Feeding
702132221.jpg,Monarch,1,0.99999595,Non_feeding
702132046.jpg,Monarch,1,1.0,Non_feeding
702131800.jpg,Monarch,1,0.9999999,Non_feeding
702130408.jpg,Monarch,1,0.9965316,Non_feeding
702129500.jpg,Monarch,1,0.41020337,Feeding
702127976.jpg,Monarch,1,1.0,Non_feeding
702127376.jpg,Monarch,1,0.99999917,Non_feeding
702126810.jpg,Monarch,1,0.99998176,Non_feeding
702126340.jpg,Monarch,1,0.8740447,Non_feeding
702124900.jpg,Monarch,1,0.9997185,Non_feeding
702124505.jpg,Monarch,1,0.86989814,Non_feeding
702119408.jpg,Monarch,1,0.999997,Feeding
702118022.jpg,Monarch,1,1.0,Non_feeding
702117379.jpg,Monarch,0,0.0012308512,Feeding
702117375.jpg,Monarch,1,0.9834041,Feeding
702115808.jpg,Monarch,0,0.009071971,Non_feeding
702112979.jpg,Monarch,1,1.0,Non_feeding
702105934.jpg,Monarch,0,0.0008503736,Non_feeding
702105329.jpg,Monarch,1,0.9999982,Non_feeding
702103323.jpg,Monarch,1,1.0,Non_feeding
702102194.jpg,Monarch,1,0.5691472,Non_feeding
702101561.jpg,Monarch,1,0.99984205,Non_feeding
702099815.jpg,Monarch,1,1.0,Non_feeding
702099413.jpg,Monarch,1,0.85368896,Non_feeding
702094771.jpg,Monarch,1,0.99392146,Non_feeding
702094384.jpg,Monarch,1,0.9855003,Feeding
702092630.jpg,Monarch,1,0.30353585,Feeding
702090323.jpg,Monarch,1,0.9625406,Feeding
702085488.jpg,Monarch,1,0.9849636,Feeding
702084037.jpg,Monarch,1,0.9997073,Non_feeding
702082826.jpg,Monarch,1,0.92470187,Non_feeding
702083933.jpg,Monarch,1,0.2671207,Feeding
702079982.jpg,Monarch,1,0.41823643,Feeding
702079504.jpg,Monarch,1,0.37683463,Non_feeding
702079210.jpg,Monarch,1,0.99999833,Non_feeding
702079044.jpg,Monarch,1,0.8296988,Feeding
702078464.jpg,Monarch,1,0.9999002,Feeding
702079009.jpg,Monarch,0,0.035648517,Feeding
702076230.jpg,Monarch,0,0.0041320347,Non_feeding
702074922.jpg,Monarch,1,0.7401826,Feeding
702069881.jpg,Monarch,1,0.10721438,Non_feeding
702679749.jpg,Monarch,1,0.99999976,Feeding
702068929.jpg,Monarch,1,0.99997365,Non_feeding
702063760.jpg,Monarch,1,0.31899536,Feeding
702066921.jpg,Monarch,1,0.9989918,Feeding
702062274.jpg,Monarch,1,0.98144996,Feeding
702061888.jpg,Monarch,1,0.9997722,Feeding
702051032.jpg,Monarch,1,0.25024578,Non_feeding
702051027.jpg,Monarch,1,0.99999917,Non_feeding
702045448.jpg,Monarch,0,0.06574518,Feeding
702022165.jpg,Monarch,1,0.99622804,Feeding
702006334.jpg,Monarch,1,0.9401497,Non_feeding
701989862.jpg,Monarch,1,0.99997103,Feeding
701983049.jpg,Monarch,1,0.9999912,Non_feeding
701983014.jpg,Monarch,1,1.0,Non_feeding
701982735.jpg,Monarch,1,0.99987555,Non_feeding
701981948.jpg,Monarch,0,0.0031251104,Feeding
701981089.jpg,Monarch,1,0.9967091,Feeding
701968964.jpg,Monarch,1,0.9999274,Non_feeding
701968214.jpg,Monarch,0,0.02049258,Non_feeding
701968140.jpg,Monarch,1,0.9994473,Feeding
701966406.jpg,Monarch,0,0.0027100039,Non_feeding
701965890.jpg,Monarch,0,3.0073775e-07,Non_feeding
701965039.jpg,Monarch,1,0.9599702,Feeding
701963334.jpg,Monarch,1,0.40593344,Feeding
701962294.jpg,Monarch,1,0.99999833,Non_feeding
701956215.jpg,Monarch,1,0.98519725,Non_feeding
701928771.jpg,Monarch,1,1.0,Non_feeding
701953213.jpg,Monarch,1,0.14485808,Non_feeding
701952440.jpg,Monarch,1,0.99999225,Non_feeding
701942235.jpg,Monarch,1,0.2957192,Feeding
701949660.jpg,Monarch,1,0.8486391,Non_feeding
701949618.jpg,Monarch,1,0.99999905,Non_feeding
701941760.jpg,Monarch,1,0.9991904,Non_feeding
701940775.jpg,Monarch,1,0.9971406,Non_feeding
701938899.jpg,Monarch,1,1.0,Non_feeding
701937794.jpg,Monarch,1,0.99989796,Non_feeding
701936760.jpg,Monarch,1,0.8550285,Non_feeding
701936568.jpg,Monarch,1,0.995902,Feeding
701931972.jpg,Monarch,1,0.9999988,Non_feeding
701930617.jpg,Monarch,0,0.03620896,Non_feeding
701918191.jpg,Monarch,1,0.72128594,Feeding
701930282.jpg,Monarch,0,0.000812942,Non_feeding
701928119.jpg,Monarch,0,0.01545134,Feeding
701928442.jpg,Monarch,1,0.99999535,Non_feeding
701927881.jpg,Monarch,1,1.0,Non_feeding
701925889.jpg,Monarch,1,0.999582,Non_feeding
701924937.jpg,Monarch,1,0.99996305,Non_feeding
701923240.jpg,Monarch,0,0.0719338,Non_feeding
701923941.jpg,Monarch,0,0.031452395,Feeding
701923871.jpg,Monarch,1,0.9996307,Feeding
701923551.jpg,Monarch,1,0.98421884,Non_feeding
701922334.jpg,Monarch,1,1.0,Non_feeding
701921764.jpg,Monarch,1,0.9995555,Non_feeding
701922083.jpg,Monarch,1,0.30960023,Feeding
701917110.jpg,Monarch,1,0.7873184,Feeding
701915304.jpg,Monarch,0,0.00392832,Non_feeding
701914875.jpg,Monarch,1,0.99997294,Non_feeding
701897344.jpg,Monarch,1,0.73730254,Non_feeding
701910537.jpg,Monarch,1,0.99999964,Non_feeding
701906531.jpg,Monarch,1,0.58303267,Feeding
701906484.jpg,Monarch,1,0.99594903,Feeding
701904669.jpg,Monarch,1,0.98972464,Feeding
701904416.jpg,Monarch,1,0.7415911,Non_feeding
701903134.jpg,Monarch,1,0.3224874,Feeding
701900085.jpg,Monarch,1,0.9999999,Non_feeding
701899308.jpg,Monarch,1,1.0,Non_feeding
701899282.jpg,Monarch,0,0.04907494,Feeding
701893982.jpg,Monarch,1,0.9999223,Non_feeding
701893356.jpg,Monarch,1,1.0,Feeding
701891630.jpg,Monarch,1,0.9611399,Feeding
701891078.jpg,Monarch,0,0.0013140512,Feeding
701889332.jpg,Monarch,1,0.7515189,Non_feeding
701886725.jpg,Monarch,1,0.65601385,Feeding
701885239.jpg,Monarch,1,0.7464348,Feeding
701883648.jpg,Monarch,1,0.9994648,Non_feeding
701882695.jpg,Monarch,1,0.15518188,Non_feeding
701882426.jpg,Monarch,1,0.9995628,Non_feeding
701827906.jpg,Monarch,1,1.0,Non_feeding
701881834.jpg,Monarch,1,0.9999695,Non_feeding
701880920.jpg,Monarch,1,0.9988085,Non_feeding
701879842.jpg,Monarch,1,0.7681841,Feeding
701879760.jpg,Monarch,1,0.9999951,Feeding
701879287.jpg,Monarch,1,0.9668756,Non_feeding
701878419.jpg,Monarch,1,0.85113966,Non_feeding
701878103.jpg,Monarch,1,0.9999963,Non_feeding
701877280.jpg,Monarch,1,0.9885301,Non_feeding
701874670.jpg,Monarch,1,0.99998045,Non_feeding
701874038.jpg,Monarch,0,0.002719182,Feeding
701873563.jpg,Monarch,1,0.9976966,Feeding
701873155.jpg,Monarch,1,0.9999999,Non_feeding
701872839.jpg,Monarch,1,0.99970406,Non_feeding
701871653.jpg,Monarch,0,0.0029987493,Non_feeding
701870973.jpg,Monarch,1,1.0,Non_feeding
701865337.jpg,Monarch,0,0.007782332,Feeding
701868015.jpg,Monarch,0,0.0009646625,Feeding
701867821.jpg,Monarch,1,0.99999785,Non_feeding
701867766.jpg,Monarch,1,1.0,Non_feeding
701867148.jpg,Monarch,1,0.12594002,Feeding
701866946.jpg,Monarch,1,0.8630011,Non_feeding
701866913.jpg,Monarch,1,0.8163067,Non_feeding
701866361.jpg,Monarch,1,0.4692222,Non_feeding
701865372.jpg,Monarch,0,0.014283285,Feeding
701865596.jpg,Monarch,1,0.51579833,Non_feeding
701865470.jpg,Monarch,1,0.9999907,Non_feeding
701865243.jpg,Monarch,1,0.99996793,Non_feeding
701865158.jpg,Monarch,1,0.99999356,Non_feeding
701864756.jpg,Monarch,1,0.99582666,Non_feeding
701862257.jpg,Monarch,1,0.9081328,Non_feeding
701863152.jpg,Monarch,1,1.0,Non_feeding
701861732.jpg,Monarch,1,0.9999616,Non_feeding
701861717.jpg,Monarch,1,1.0,Non_feeding
701858637.jpg,Monarch,1,0.98902774,Non_feeding
701858614.jpg,Monarch,1,1.0,Non_feeding
701858606.jpg,Monarch,1,0.9991423,Feeding
701858495.jpg,Monarch,1,0.578339,Non_feeding
701858490.jpg,Monarch,1,0.9972766,Non_feeding
701858491.jpg,Monarch,1,0.99991584,Non_feeding
701861339.jpg,Monarch,0,0.008887877,Feeding
701860815.jpg,Monarch,1,0.999997,Non_feeding
701860643.jpg,Monarch,1,0.99999964,Non_feeding
701860282.jpg,Monarch,0,0.008700676,Feeding
701857904.jpg,Monarch,0,0.0071423356,Non_feeding
701857841.jpg,Monarch,0,0.028165432,Feeding
701857828.jpg,Monarch,0,0.0009758226,Feeding
701857805.jpg,Monarch,1,0.9473688,Non_feeding
701857775.jpg,Monarch,0,0.05474368,Feeding
701857770.jpg,Monarch,1,0.6204896,Non_feeding
701857635.jpg,Monarch,0,0.01945713,Non_feeding
701857634.jpg,Monarch,1,0.91437584,Non_feeding
701857620.jpg,Monarch,0,0.011886919,Feeding
701857596.jpg,Monarch,0,0.0960633,Non_feeding
701857588.jpg,Monarch,0,0.017033074,Feeding
701857492.jpg,Monarch,1,0.10261214,Feeding
701857363.jpg,Monarch,1,0.113577984,Feeding
701859297.jpg,Monarch,1,0.9898236,Non_feeding
703897805.jpg,Monarch,1,0.28731596,Feeding
701856865.jpg,Monarch,1,0.9999995,Non_feeding
701855400.jpg,Monarch,1,0.99999714,Non_feeding
701853951.jpg,Monarch,0,2.6019193e-06,Non_feeding
701853713.jpg,Monarch,1,0.9819993,Non_feeding
701851493.jpg,Monarch,1,1.0,Non_feeding
701850482.jpg,Monarch,1,0.93997306,Feeding
701835061.jpg,Monarch,1,0.88839656,Feeding
701835053.jpg,Monarch,1,0.9979784,Feeding
701835042.jpg,Monarch,1,0.79217553,Feeding
701834981.jpg,Monarch,1,0.89393973,Feeding
701834943.jpg,Monarch,1,0.91072196,Non_feeding
701834958.jpg,Monarch,1,0.9779417,Non_feeding
701834960.jpg,Monarch,1,0.9983494,Non_feeding
701848800.jpg,Monarch,1,0.15289122,Non_feeding
701848742.jpg,Monarch,1,0.99999845,Non_feeding
701847045.jpg,Monarch,0,0.0015343811,Feeding
701844401.jpg,Monarch,0,0.0089561185,Non_feeding
701840741.jpg,Monarch,1,0.9997007,Non_feeding
701844516.jpg,Monarch,1,0.82961375,Feeding
701844358.jpg,Monarch,0,0.055290025,Non_feeding
701842657.jpg,Monarch,0,0.09443764,Non_feeding
701841462.jpg,Monarch,0,0.08339704,Feeding
701839072.jpg,Monarch,0,0.046066515,Non_feeding
701839964.jpg,Monarch,1,0.93215257,Feeding
701839399.jpg,Monarch,1,0.9999994,Non_feeding
701837680.jpg,Monarch,1,0.99994886,Non_feeding
701834109.jpg,Monarch,0,0.056808766,Non_feeding
701832234.jpg,Monarch,1,0.99652594,Feeding
701833678.jpg,Monarch,0,0.006357676,Non_feeding
701833305.jpg,Monarch,1,0.99984324,Non_feeding
701833323.jpg,Monarch,1,0.13692711,Non_feeding
701831615.jpg,Monarch,1,0.970018,Non_feeding
701829680.jpg,Monarch,1,0.99984384,Non_feeding
701831434.jpg,Monarch,1,0.6906327,Feeding
701828968.jpg,Monarch,1,0.93465334,Feeding
701828309.jpg,Monarch,1,1.0,Non_feeding
701827458.jpg,Monarch,1,0.45856437,Feeding
701850915.jpg,Monarch,0,0.031185815,Non_feeding
701827180.jpg,Monarch,1,0.99178,Non_feeding
701825178.jpg,Monarch,1,0.22656018,Feeding
701824940.jpg,Monarch,0,0.05279253,Feeding
701825104.jpg,Monarch,1,0.99715626,Non_feeding
701817705.jpg,Monarch,1,0.9995349,Non_feeding
701817707.jpg,Monarch,0,0.03743747,Non_feeding
701817703.jpg,Monarch,0,0.00020527135,Non_feeding
701817669.jpg,Monarch,0,0.03191658,Non_feeding
701817577.jpg,Monarch,0,0.0032500299,Non_feeding
701824056.jpg,Monarch,0,0.015531059,Non_feeding
701819889.jpg,Monarch,0,0.09147232,Non_feeding
701818554.jpg,Monarch,1,0.96155,Non_feeding
701820676.jpg,Monarch,1,0.5747259,Non_feeding
701820154.jpg,Monarch,1,0.9989569,Non_feeding
701818684.jpg,Monarch,1,0.9999999,Non_feeding
701818641.jpg,Monarch,1,1.0,Non_feeding
701820379.jpg,Monarch,1,0.94799674,Non_feeding
701817776.jpg,Monarch,0,0.00019328964,Non_feeding
701817770.jpg,Monarch,1,0.99999976,Non_feeding
701815362.jpg,Monarch,1,0.1301505,Non_feeding
701802085.jpg,Monarch,0,0.000757031,Feeding
701810193.jpg,Monarch,0,0.0065115984,Feeding
701810135.jpg,Monarch,1,0.14614174,Feeding
701810089.jpg,Monarch,0,0.057351522,Feeding
703501862.jpg,Monarch,1,0.99264437,Feeding
701816328.jpg,Monarch,1,0.9003085,Non_feeding
701815848.jpg,Monarch,1,1.0,Non_feeding
701814405.jpg,Monarch,1,0.9935922,Feeding
702235928.jpg,Monarch,1,1.0,Non_feeding
701812384.jpg,Monarch,1,0.99999547,Non_feeding
701812302.jpg,Monarch,1,0.9999969,Non_feeding
701811539.jpg,Monarch,0,0.0034035277,Non_feeding
701796252.jpg,Monarch,0,0.00081552647,Non_feeding
701806392.jpg,Monarch,1,0.99979603,Non_feeding
701805434.jpg,Monarch,0,0.0011508815,Non_feeding
701804891.jpg,Monarch,0,0.057328638,Non_feeding
701803242.jpg,Monarch,1,0.23364396,Feeding
701799927.jpg,Monarch,1,1.0,Non_feeding
701801211.jpg,Monarch,1,0.999998,Non_feeding
701799860.jpg,Monarch,0,0.008863372,Non_feeding
701799489.jpg,Monarch,1,0.9991283,Non_feeding
701795306.jpg,Monarch,1,0.99839836,Non_feeding
701794461.jpg,Monarch,1,0.99503183,Non_feeding
701753794.jpg,Monarch,1,0.5469604,Non_feeding
701794800.jpg,Monarch,1,0.9999151,Non_feeding
701792783.jpg,Monarch,1,0.99746025,Feeding
701792308.jpg,Monarch,1,0.99999464,Non_feeding
701791251.jpg,Monarch,0,0.001878093,Non_feeding
701790578.jpg,Monarch,0,0.0039625335,Feeding
701787164.jpg,Monarch,1,0.9994609,Non_feeding
701786405.jpg,Monarch,1,1.0,Non_feeding
701783827.jpg,Monarch,1,0.99999654,Non_feeding
701780911.jpg,Monarch,1,0.9997397,Non_feeding
701780283.jpg,Monarch,1,0.9969562,Feeding
701779766.jpg,Monarch,0,0.087215625,Feeding
701779195.jpg,Monarch,0,0.002082277,Feeding
701777751.jpg,Monarch,1,0.9998771,Feeding
701776903.jpg,Monarch,1,0.9999999,Feeding
701776786.jpg,Monarch,1,0.9931235,Feeding
701774679.jpg,Monarch,1,0.99999917,Non_feeding
701773615.jpg,Monarch,0,0.00028059594,Non_feeding
701772393.jpg,Monarch,1,0.96667415,Non_feeding
701771923.jpg,Monarch,0,0.041784007,Non_feeding
701768660.jpg,Monarch,0,0.0018739731,Feeding
701771630.jpg,Monarch,0,0.025654206,Non_feeding
701770894.jpg,Monarch,0,0.0069549973,Feeding
701769749.jpg,Monarch,1,0.9999968,Non_feeding
701769088.jpg,Monarch,1,0.99879,Non_feeding
701764543.jpg,Monarch,1,0.63040584,Feeding
701764507.jpg,Monarch,1,0.9762874,Feeding
701764506.jpg,Monarch,0,0.020094503,Feeding
701764480.jpg,Monarch,1,0.96766293,Feeding
701765657.jpg,Monarch,1,0.18838441,Non_feeding
701765279.jpg,Monarch,1,0.13615687,Feeding
701764189.jpg,Monarch,1,0.9885665,Non_feeding
701763893.jpg,Monarch,1,0.9999974,Non_feeding
701764715.jpg,Monarch,1,0.4836178,Non_feeding
701763464.jpg,Monarch,1,0.912196,Feeding
701763527.jpg,Monarch,1,0.99998164,Non_feeding
701763127.jpg,Monarch,1,0.6088595,Non_feeding
701762881.jpg,Monarch,1,0.40173888,Non_feeding
701761174.jpg,Monarch,0,1.5854715e-05,Feeding
701759338.jpg,Monarch,1,0.9361628,Feeding
701756963.jpg,Monarch,1,0.9999839,Feeding
701755815.jpg,Monarch,1,0.9974292,Non_feeding
701755221.jpg,Monarch,1,0.98594344,Non_feeding
701754704.jpg,Monarch,0,1.4737718e-05,Feeding
701753963.jpg,Monarch,1,0.9998832,Non_feeding
701753402.jpg,Monarch,1,1.0,Non_feeding
701753139.jpg,Monarch,1,0.8070848,Non_feeding
701752928.jpg,Monarch,1,1.0,Non_feeding
701749906.jpg,Monarch,1,0.21763055,Feeding
701727641.jpg,Monarch,0,0.0004209653,Feeding
701748778.jpg,Monarch,1,0.9999999,Non_feeding
701750274.jpg,Monarch,1,1.0,Non_feeding
701746212.jpg,Monarch,1,0.8226729,Non_feeding
701744858.jpg,Monarch,1,0.108204395,Feeding
701743579.jpg,Monarch,1,0.99862504,Feeding
701743497.jpg,Monarch,0,0.099421084,Non_feeding
701743167.jpg,Monarch,1,0.7881872,Non_feeding
701750271.jpg,Monarch,1,1.0,Feeding
701742999.jpg,Monarch,1,0.99001235,Feeding
701742699.jpg,Monarch,1,0.9960873,Non_feeding
701742560.jpg,Monarch,1,1.0,Feeding
701742391.jpg,Monarch,1,1.0,Non_feeding
701741395.jpg,Monarch,0,0.04032485,Non_feeding
701739792.jpg,Monarch,0,0.001715952,Feeding
701740499.jpg,Monarch,1,0.99891376,Non_feeding
701738939.jpg,Monarch,1,0.99991596,Non_feeding
701738664.jpg,Monarch,1,0.9999994,Non_feeding
701738541.jpg,Monarch,0,0.078516826,Feeding
701738098.jpg,Monarch,1,0.83995855,Feeding
701737604.jpg,Monarch,1,0.99999964,Feeding
701737294.jpg,Monarch,1,1.0,Non_feeding
21392396.jpg,Monarch,1,0.999997,Non_feeding
701723316.jpg,Monarch,1,0.30345345,Non_feeding
701734342.jpg,Monarch,1,1.0,Non_feeding
701731606.jpg,Monarch,1,0.9999666,Feeding
701728337.jpg,Monarch,1,1.0,Non_feeding
701727206.jpg,Monarch,1,0.35343218,Feeding
701726172.jpg,Monarch,1,0.9999999,Feeding
701725259.jpg,Monarch,1,0.9994979,Non_feeding
701724937.jpg,Monarch,0,0.0026452055,Non_feeding
701724061.jpg,Monarch,1,0.2766751,Non_feeding
701724048.jpg,Monarch,1,0.9916876,Feeding
701723805.jpg,Monarch,1,1.0,Non_feeding
701723595.jpg,Monarch,1,0.9109575,Non_feeding
701722914.jpg,Monarch,1,0.99835336,Feeding
701722596.jpg,Monarch,1,0.99995303,Feeding
701720879.jpg,Monarch,1,0.9908413,Feeding
701718948.jpg,Monarch,0,0.093884945,Non_feeding
701718544.jpg,Monarch,0,0.0017506351,Non_feeding
701716721.jpg,Monarch,1,0.9999987,Non_feeding
701716145.jpg,Monarch,1,0.9997508,Non_feeding
701715643.jpg,Monarch,0,0.0018452528,Non_feeding
701710614.jpg,Monarch,1,0.99996364,Feeding
701710613.jpg,Monarch,1,0.9974215,Non_feeding
701713960.jpg,Monarch,1,0.97277665,Feeding
701713931.jpg,Monarch,1,0.99857914,Non_feeding
701713719.jpg,Monarch,0,1.7693676e-05,Feeding
701713655.jpg,Monarch,1,1.0,Non_feeding
701713642.jpg,Monarch,1,0.9998456,Non_feeding
701713186.jpg,Monarch,1,0.9999908,Non_feeding
701708502.jpg,Monarch,0,0.030580828,Non_feeding
701708441.jpg,Monarch,1,0.9969447,Non_feeding
701707933.jpg,Monarch,1,0.9615674,Non_feeding
701707827.jpg,Monarch,1,0.9378264,Non_feeding
701710684.jpg,Monarch,1,0.99479467,Non_feeding
701710689.jpg,Monarch,1,0.99949026,Non_feeding
701708351.jpg,Monarch,1,0.99999976,Non_feeding
704360919.jpg,Monarch,1,0.95534223,Feeding
701707650.jpg,Monarch,1,0.99685514,Non_feeding
701707545.jpg,Monarch,1,0.8543617,Non_feeding
701706655.jpg,Monarch,1,0.88382894,Feeding
701704428.jpg,Monarch,1,0.9999728,Non_feeding
701704304.jpg,Monarch,1,0.97170997,Feeding
701702399.jpg,Monarch,1,0.99895144,Non_feeding
701701331.jpg,Monarch,0,1.659391e-05,Feeding
701699934.jpg,Monarch,1,0.9997736,Non_feeding
701699178.jpg,Monarch,0,0.011415358,Non_feeding
701697324.jpg,Monarch,1,1.0,Non_feeding
701697248.jpg,Monarch,1,0.9995714,Non_feeding
701693756.jpg,Monarch,1,0.999959,Non_feeding
701694419.jpg,Monarch,1,0.8069113,Feeding
701694113.jpg,Monarch,1,0.62530595,Feeding
701694033.jpg,Monarch,1,0.21396796,Feeding
701693412.jpg,Monarch,1,0.9938898,Non_feeding
701693360.jpg,Monarch,1,0.94846946,Non_feeding
701692969.jpg,Monarch,1,0.13732608,Feeding
701691227.jpg,Monarch,0,0.004761959,Feeding
701691533.jpg,Monarch,0,0.009525228,Non_feeding
701690824.jpg,Monarch,1,0.9999839,Feeding
701690381.jpg,Monarch,1,0.9385791,Non_feeding
701689404.jpg,Monarch,1,0.88147324,Non_feeding
701687271.jpg,Monarch,1,0.9996542,Feeding
701687044.jpg,Monarch,1,0.7669555,Non_feeding
701686019.jpg,Monarch,0,0.04453294,Feeding
701684932.jpg,Monarch,1,0.99278706,Non_feeding
701682998.jpg,Monarch,1,0.9819624,Non_feeding
701682221.jpg,Monarch,1,0.93178904,Feeding
701681599.jpg,Monarch,1,0.5495029,Non_feeding
701681035.jpg,Monarch,1,0.98262596,Non_feeding
701679334.jpg,Monarch,1,0.886917,Feeding
701675597.jpg,Monarch,0,0.027976876,Feeding
701673951.jpg,Monarch,1,0.31048685,Feeding
701673879.jpg,Monarch,1,0.99997294,Non_feeding
701673018.jpg,Monarch,1,0.9999689,Non_feeding
701672472.jpg,Monarch,1,0.99993765,Non_feeding
701671058.jpg,Monarch,1,0.9999907,Non_feeding
701669711.jpg,Monarch,1,0.99999976,Non_feeding
701669275.jpg,Monarch,0,0.04937756,Feeding
701667510.jpg,Monarch,1,0.9984554,Non_feeding
701666734.jpg,Monarch,1,0.9645504,Feeding
701661649.jpg,Monarch,0,8.9552086e-05,Feeding
701665224.jpg,Monarch,0,0.00025371453,Feeding
701665012.jpg,Monarch,0,0.0316784,Non_feeding
701664715.jpg,Monarch,0,0.009804242,Non_feeding
701662562.jpg,Monarch,1,0.9999999,Feeding
701660125.jpg,Monarch,1,0.9999999,Non_feeding
701659830.jpg,Monarch,1,0.99999595,Feeding
701659391.jpg,Monarch,0,0.00022360134,Feeding
701653244.jpg,Monarch,0,0.008397375,Non_feeding
701758906.jpg,Monarch,1,0.50179994,Non_feeding
701657413.jpg,Monarch,1,0.8717669,Non_feeding
701655915.jpg,Monarch,1,0.99960613,Non_feeding
701655698.jpg,Monarch,1,0.9999831,Feeding
701654642.jpg,Monarch,0,0.00095555076,Non_feeding
701652292.jpg,Monarch,0,0.07683142,Non_feeding
701652270.jpg,Monarch,1,0.4635999,Non_feeding
701652084.jpg,Monarch,1,0.9999908,Non_feeding
701651965.jpg,Monarch,1,0.9999999,Non_feeding
701650685.jpg,Monarch,1,0.9999808,Non_feeding
701650409.jpg,Monarch,1,0.99999976,Non_feeding
701648662.jpg,Monarch,0,0.011950879,Feeding
701648534.jpg,Monarch,1,0.918466,Feeding
701648098.jpg,Monarch,1,0.94263035,Non_feeding
701646256.jpg,Monarch,1,0.9998374,Feeding
701646126.jpg,Monarch,1,1.0,Non_feeding
701645559.jpg,Monarch,1,0.98190445,Non_feeding
701644486.jpg,Monarch,1,0.947316,Non_feeding
701644215.jpg,Monarch,1,0.9999012,Non_feeding
701702272.jpg,Monarch,1,0.60966414,Non_feeding
701642714.jpg,Monarch,1,0.9999994,Non_feeding
701642164.jpg,Monarch,1,0.9789459,Feeding
701641330.jpg,Monarch,0,0.0003276655,Non_feeding
701641299.jpg,Monarch,0,0.018772231,Non_feeding
701640713.jpg,Monarch,1,1.0,Non_feeding
701640560.jpg,Monarch,1,0.9999939,Non_feeding
701640262.jpg,Monarch,1,0.9999994,Feeding
701641165.jpg,Monarch,1,1.0,Non_feeding
701640454.jpg,Monarch,1,0.99783605,Non_feeding
701639715.jpg,Monarch,1,0.99999976,Non_feeding
701639566.jpg,Monarch,1,0.9877707,Non_feeding
701639081.jpg,Monarch,1,0.8065624,Non_feeding
701638809.jpg,Monarch,1,1.0,Non_feeding
701638236.jpg,Monarch,1,0.99999964,Non_feeding
701636022.jpg,Monarch,0,0.02922296,Feeding
701636072.jpg,Monarch,1,0.54599726,Feeding
701635803.jpg,Monarch,1,0.9274089,Non_feeding
701630903.jpg,Monarch,0,0.0001536655,Feeding
701635295.jpg,Monarch,1,0.99620336,Feeding
701632890.jpg,Monarch,0,0.05782807,Feeding
701632439.jpg,Monarch,0,0.035921354,Feeding
701629866.jpg,Monarch,1,0.99999654,Feeding
701491360.jpg,Monarch,0,0.014541099,Non_feeding
701627052.jpg,Monarch,1,0.9999552,Non_feeding
701624001.jpg,Monarch,0,0.0033806986,Feeding
701623493.jpg,Monarch,1,0.94558877,Non_feeding
701622446.jpg,Monarch,0,0.0023092236,Non_feeding
701612074.jpg,Monarch,1,0.58542836,Feeding
701621448.jpg,Monarch,1,0.9999678,Non_feeding
701620955.jpg,Monarch,1,0.9999964,Feeding
701620776.jpg,Monarch,0,0.0153218275,Feeding
701620566.jpg,Monarch,1,0.9992675,Feeding
701617197.jpg,Monarch,1,0.99860245,Non_feeding
701616903.jpg,Monarch,1,0.9999441,Non_feeding
701616406.jpg,Monarch,1,0.28783578,Non_feeding
701616681.jpg,Monarch,1,0.9999995,Feeding
701616490.jpg,Monarch,1,0.99999774,Non_feeding
701616255.jpg,Monarch,1,0.9999995,Non_feeding
701615858.jpg,Monarch,1,0.5506129,Non_feeding
701615500.jpg,Monarch,1,0.8680671,Non_feeding
701613552.jpg,Monarch,0,0.0035779965,Feeding
701612520.jpg,Monarch,1,0.68904424,Non_feeding
701612187.jpg,Monarch,1,1.0,Non_feeding
701611446.jpg,Monarch,1,0.244753,Non_feeding
701609573.jpg,Monarch,1,1.0,Non_feeding
701619722.jpg,Monarch,1,0.9999982,Feeding
701608256.jpg,Monarch,1,0.98807377,Feeding
701607499.jpg,Monarch,1,0.99994683,Non_feeding
701598588.jpg,Monarch,0,0.010876859,Non_feeding
701606133.jpg,Monarch,1,1.0,Non_feeding
701605650.jpg,Monarch,1,0.27802935,Feeding
701603317.jpg,Monarch,1,0.63528126,Non_feeding
701601210.jpg,Monarch,1,0.99794537,Feeding
701601137.jpg,Monarch,0,0.0010196995,Non_feeding
701600641.jpg,Monarch,1,0.6663906,Non_feeding
701622939.jpg,Monarch,0,0.09722859,Non_feeding
701598470.jpg,Monarch,1,0.8228164,Feeding
701598479.jpg,Monarch,0,0.0136355385,Non_feeding
701597729.jpg,Monarch,1,0.99949527,Feeding
701595719.jpg,Monarch,1,0.79140806,Feeding
701594453.jpg,Monarch,1,0.98847204,Non_feeding
701593124.jpg,Monarch,1,0.93126214,Feeding
701592319.jpg,Monarch,0,0.008990262,Feeding
701589380.jpg,Monarch,0,0.00027723738,Feeding
701588075.jpg,Monarch,1,0.99993813,Non_feeding
701587546.jpg,Monarch,1,0.3312297,Feeding
701583792.jpg,Monarch,0,0.0044947295,Feeding
701584633.jpg,Monarch,1,0.9492723,Non_feeding
701584643.jpg,Monarch,1,0.99984145,Feeding
701585279.jpg,Monarch,1,0.9998398,Non_feeding
701582460.jpg,Monarch,1,0.99999785,Non_feeding
701582466.jpg,Monarch,1,0.9999907,Non_feeding
701572096.jpg,Monarch,1,1.0,Feeding
701579963.jpg,Monarch,1,0.9999994,Non_feeding
701579038.jpg,Monarch,1,0.9999999,Feeding
701579700.jpg,Monarch,1,1.0,Non_feeding
701576865.jpg,Monarch,1,0.99906605,Feeding
701576317.jpg,Monarch,1,0.9994224,Non_feeding
701575539.jpg,Monarch,1,0.99986625,Feeding
701575168.jpg,Monarch,1,0.82565284,Feeding
701574969.jpg,Monarch,0,0.0024597615,Feeding
701574881.jpg,Monarch,1,0.99994755,Feeding
701575422.jpg,Monarch,1,0.99999344,Non_feeding
701574059.jpg,Monarch,1,0.99999917,Non_feeding
701570346.jpg,Monarch,1,0.38588277,Feeding
701571904.jpg,Monarch,1,1.0,Non_feeding
701575807.jpg,Monarch,1,0.99998856,Non_feeding
701584678.jpg,Monarch,1,0.9999982,Non_feeding
701571234.jpg,Monarch,0,0.047822587,Non_feeding
701571279.jpg,Monarch,1,0.9263486,Feeding
701571074.jpg,Monarch,1,1.0,Feeding
701571035.jpg,Monarch,0,0.00035287195,Feeding
701568667.jpg,Monarch,1,0.99995506,Non_feeding
701568201.jpg,Monarch,1,0.9964992,Non_feeding
701568139.jpg,Monarch,1,1.0,Non_feeding
701567438.jpg,Monarch,1,1.0,Non_feeding
701596871.jpg,Monarch,1,0.9165584,Non_feeding
701564943.jpg,Monarch,0,0.009710365,Feeding
701564001.jpg,Monarch,1,0.94152874,Non_feeding
701562408.jpg,Monarch,1,1.0,Non_feeding
701559550.jpg,Monarch,1,0.99328774,Non_feeding
701559293.jpg,Monarch,1,0.99480045,Non_feeding
701557845.jpg,Monarch,1,0.5341955,Non_feeding
701556886.jpg,Monarch,1,0.9999981,Non_feeding
701556463.jpg,Monarch,0,0.0001558288,Feeding
701556306.jpg,Monarch,1,0.1969455,Non_feeding
701555835.jpg,Monarch,1,0.99751234,Non_feeding
701555394.jpg,Monarch,0,0.00482154,Non_feeding
701555087.jpg,Monarch,0,0.0735083,Non_feeding
701554591.jpg,Monarch,0,1.4440047e-05,Non_feeding
706601859.jpg,Monarch,1,0.13308178,Feeding
701550918.jpg,Monarch,0,0.06580276,Non_feeding
701545640.jpg,Monarch,1,0.1855295,Non_feeding
701549735.jpg,Monarch,1,0.2339528,Feeding
701546728.jpg,Monarch,1,0.9914341,Non_feeding
701545902.jpg,Monarch,1,0.9999932,Non_feeding
701545797.jpg,Monarch,1,0.24337777,Feeding
701545032.jpg,Monarch,0,0.009832358,Non_feeding
701541941.jpg,Monarch,1,0.10900646,Non_feeding
701540656.jpg,Monarch,1,0.9999931,Non_feeding
701540063.jpg,Monarch,1,0.98565763,Non_feeding
701575284.jpg,Monarch,1,0.9804566,Non_feeding
701536772.jpg,Monarch,1,0.9836089,Non_feeding
701535239.jpg,Monarch,1,0.9999995,Feeding
701534765.jpg,Monarch,1,0.99990094,Feeding
701534793.jpg,Monarch,0,0.023518974,Non_feeding
701534791.jpg,Monarch,1,0.9853971,Non_feeding
701533069.jpg,Monarch,1,0.48768336,Feeding
701530458.jpg,Monarch,1,0.97500527,Feeding
701530350.jpg,Monarch,1,0.66405433,Feeding
701530216.jpg,Monarch,1,0.99725866,Feeding
701529550.jpg,Monarch,0,0.007416235,Feeding
701528415.jpg,Monarch,1,0.4569072,Feeding
701528297.jpg,Monarch,1,0.9965488,Non_feeding
701523253.jpg,Monarch,1,0.99997675,Feeding
701534336.jpg,Monarch,1,0.9998394,Non_feeding
701522518.jpg,Monarch,1,0.9346545,Non_feeding
701519350.jpg,Monarch,1,0.99997497,Non_feeding
701518983.jpg,Monarch,1,1.0,Non_feeding
701518878.jpg,Monarch,1,1.0,Non_feeding
701512693.jpg,Monarch,1,0.7633057,Non_feeding
701515146.jpg,Monarch,1,0.9999995,Non_feeding
701513426.jpg,Monarch,1,0.99423933,Non_feeding
701506378.jpg,Monarch,0,7.868869e-06,Feeding
701509974.jpg,Monarch,1,0.9295217,Non_feeding
701509526.jpg,Monarch,1,0.99698,Feeding
701551733.jpg,Monarch,1,0.3478359,Non_feeding
701505638.jpg,Monarch,1,0.117720254,Feeding
701505267.jpg,Monarch,0,8.2923525e-06,Non_feeding
701499376.jpg,Monarch,1,0.57699925,Non_feeding
701499157.jpg,Monarch,1,1.0,Non_feeding
701497935.jpg,Monarch,1,0.9999969,Non_feeding
701495469.jpg,Monarch,1,0.99999964,Non_feeding
701492800.jpg,Monarch,1,0.99947345,Non_feeding
701490177.jpg,Monarch,0,0.007299519,Feeding
701490047.jpg,Monarch,1,0.99889094,Non_feeding
701482747.jpg,Monarch,0,0.00451224,Feeding
701488003.jpg,Monarch,1,0.9999988,Non_feeding
701487198.jpg,Monarch,1,1.0,Non_feeding
701477127.jpg,Monarch,0,0.05218766,Feeding
701482460.jpg,Monarch,1,1.0,Non_feeding
701476810.jpg,Monarch,1,0.73707604,Non_feeding
701566062.jpg,Monarch,1,0.99721885,Non_feeding
701473171.jpg,Monarch,1,0.9999629,Non_feeding
701468860.jpg,Monarch,0,0.002700019,Non_feeding
701465568.jpg,Monarch,1,0.9595913,Feeding
701466968.jpg,Monarch,1,0.7762076,Non_feeding
701466229.jpg,Monarch,1,0.97377497,Non_feeding
701463337.jpg,Monarch,1,0.9999993,Non_feeding
701458043.jpg,Monarch,0,0.021523014,Feeding
701456423.jpg,Monarch,0,0.039821506,Non_feeding
701454601.jpg,Monarch,0,0.045923434,Non_feeding
701452725.jpg,Monarch,1,0.6727101,Non_feeding
701451318.jpg,Monarch,1,0.9900335,Non_feeding
701448555.jpg,Monarch,1,0.99585694,Non_feeding
701447273.jpg,Monarch,1,0.9986891,Non_feeding
701446642.jpg,Monarch,1,0.4853958,Feeding
701445635.jpg,Monarch,0,7.353908e-05,Feeding
701437302.jpg,Monarch,1,0.45712587,Feeding
701433026.jpg,Monarch,1,0.6571124,Feeding
701427767.jpg,Monarch,1,0.16394308,Feeding
701428734.jpg,Monarch,0,0.08619264,Feeding
701427700.jpg,Monarch,1,0.9632573,Non_feeding
701382907.jpg,Monarch,1,0.99999964,Feeding
701378909.jpg,Monarch,1,0.99999964,Feeding
701353618.jpg,Monarch,1,0.99959016,Non_feeding
701352141.jpg,Monarch,1,1.0,Non_feeding
701350061.jpg,Monarch,1,0.9878295,Non_feeding
701340776.jpg,Monarch,0,0.004037801,Feeding
701337947.jpg,Monarch,1,0.9998933,Non_feeding
701323107.jpg,Monarch,1,0.98613316,Feeding
701320661.jpg,Monarch,1,0.99040973,Non_feeding
701321437.jpg,Monarch,1,0.9999776,Feeding
701313616.jpg,Monarch,1,0.8462482,Non_feeding
701316051.jpg,Monarch,1,1.0,Non_feeding
701315498.jpg,Monarch,1,0.9999951,Non_feeding
701310271.jpg,Monarch,1,0.9999968,Non_feeding
701314060.jpg,Monarch,1,0.13813552,Non_feeding
701312669.jpg,Monarch,1,0.9852432,Non_feeding
701308380.jpg,Monarch,1,0.9999454,Feeding
701306766.jpg,Monarch,1,1.0,Non_feeding
701304204.jpg,Monarch,0,0.011543385,Feeding
701302410.jpg,Monarch,1,0.99969107,Non_feeding
701296563.jpg,Monarch,0,0.07339024,Non_feeding
701300559.jpg,Monarch,1,0.98014957,Feeding
701300278.jpg,Monarch,1,0.91469747,Feeding
701299914.jpg,Monarch,0,0.00028841582,Feeding
701296317.jpg,Monarch,1,0.108118564,Non_feeding
701294826.jpg,Monarch,0,2.7616755e-07,Non_feeding
701283804.jpg,Monarch,1,0.31376654,Non_feeding
701292507.jpg,Monarch,1,0.99217355,Non_feeding
701282166.jpg,Monarch,0,0.023670405,Non_feeding
701285537.jpg,Monarch,1,0.5109111,Non_feeding
701284067.jpg,Monarch,0,0.012391777,Non_feeding
701282585.jpg,Monarch,1,0.75272995,Feeding
701282445.jpg,Monarch,1,0.99999976,Non_feeding
701281834.jpg,Monarch,1,1.0,Non_feeding
701277544.jpg,Monarch,1,0.50948256,Non_feeding
701280352.jpg,Monarch,0,0.016212095,Non_feeding
701280605.jpg,Monarch,1,0.9843008,Non_feeding
701279147.jpg,Monarch,1,0.9392288,Feeding
701276514.jpg,Monarch,1,0.2332561,Feeding
701275820.jpg,Monarch,0,4.4626442e-05,Non_feeding
701274797.jpg,Monarch,0,0.0036894402,Feeding
701274744.jpg,Monarch,1,1.0,Non_feeding
701272367.jpg,Monarch,1,1.0,Non_feeding
701267564.jpg,Monarch,0,0.001411252,Feeding
701269933.jpg,Monarch,1,0.999936,Non_feeding
701268415.jpg,Monarch,1,0.99864334,Non_feeding
701267532.jpg,Monarch,1,0.7325467,Feeding
701267722.jpg,Monarch,0,0.00090587884,Non_feeding
701259976.jpg,Monarch,1,0.9999969,Non_feeding
701259920.jpg,Monarch,1,0.99999976,Non_feeding
701259902.jpg,Monarch,1,0.9999993,Non_feeding
701259847.jpg,Monarch,1,0.8220093,Non_feeding
701259546.jpg,Monarch,1,0.97188455,Non_feeding
701259329.jpg,Monarch,1,0.24714904,Non_feeding
701259320.jpg,Monarch,1,0.2384416,Non_feeding
701263411.jpg,Monarch,1,0.8316144,Non_feeding
701263369.jpg,Monarch,1,0.999915,Feeding
701260940.jpg,Monarch,1,0.18095961,Non_feeding
701260931.jpg,Monarch,1,0.78943366,Feeding
701260924.jpg,Monarch,1,0.86772734,Non_feeding
701260802.jpg,Monarch,1,0.30424032,Feeding
701263095.jpg,Monarch,0,0.013722208,Feeding
701260689.jpg,Monarch,0,0.0040140473,Feeding
701260784.jpg,Monarch,0,0.010711297,Feeding
701260607.jpg,Monarch,1,0.99324584,Non_feeding
701260587.jpg,Monarch,1,0.66485906,Feeding
701260406.jpg,Monarch,0,0.04640125,Non_feeding
701260377.jpg,Monarch,1,0.9996999,Non_feeding
701260825.jpg,Monarch,0,0.016337346,Non_feeding
701260114.jpg,Monarch,1,0.99996805,Non_feeding
701259108.jpg,Monarch,0,0.000697125,Non_feeding
701259054.jpg,Monarch,1,0.99988246,Non_feeding
701258002.jpg,Monarch,0,0.0001762833,Feeding
701256240.jpg,Monarch,1,0.9987562,Feeding
701255504.jpg,Monarch,1,0.9996134,Feeding
701255484.jpg,Monarch,1,0.9039415,Non_feeding
701254470.jpg,Monarch,0,0.00012439238,Non_feeding
701253765.jpg,Monarch,0,0.00039172012,Feeding
701245740.jpg,Monarch,1,0.86509484,Non_feeding
701251768.jpg,Monarch,1,0.99998724,Non_feeding
701251462.jpg,Monarch,0,0.0036481977,Non_feeding
701251090.jpg,Monarch,1,0.75821006,Non_feeding
701245957.jpg,Monarch,0,0.008772013,Feeding
701250921.jpg,Monarch,1,0.9649626,Non_feeding
701250699.jpg,Monarch,1,0.999448,Non_feeding
701250644.jpg,Monarch,0,0.00032823172,Non_feeding
701248632.jpg,Monarch,0,1.1371438e-10,Non_feeding
703544602.jpg,Monarch,0,0.0003569868,Non_feeding
701246799.jpg,Monarch,1,0.99724716,Feeding
701241491.jpg,Monarch,1,0.10397255,Feeding
701240215.jpg,Monarch,0,0.047394637,Non_feeding
701239270.jpg,Monarch,1,1.0,Non_feeding
701239119.jpg,Monarch,1,0.14748774,Non_feeding
701237955.jpg,Monarch,1,0.9692489,Non_feeding
701233388.jpg,Monarch,1,0.17873554,Non_feeding
701236182.jpg,Monarch,1,0.9998822,Non_feeding
701236088.jpg,Monarch,1,0.999948,Non_feeding
701235994.jpg,Monarch,1,0.9996681,Feeding
701235381.jpg,Monarch,1,0.9012692,Non_feeding
701232613.jpg,Monarch,1,0.9939539,Non_feeding
701231535.jpg,Monarch,1,0.9979651,Non_feeding
701230875.jpg,Monarch,1,0.96655744,Feeding
701230812.jpg,Monarch,1,0.18160461,Feeding
701230211.jpg,Monarch,1,0.9786373,Non_feeding
701228998.jpg,Monarch,1,0.4593094,Non_feeding
701228878.jpg,Monarch,1,1.0,Non_feeding
701228568.jpg,Monarch,1,0.99996805,Non_feeding
701226994.jpg,Monarch,1,0.23657784,Feeding
701222908.jpg,Monarch,0,0.0057775998,Non_feeding
701223866.jpg,Monarch,1,0.9989556,Feeding
701220693.jpg,Monarch,1,0.8453998,Non_feeding
701220677.jpg,Monarch,1,0.99900794,Feeding
701221131.jpg,Monarch,1,0.94751674,Feeding
701212513.jpg,Monarch,0,0.012556278,Feeding
701217663.jpg,Monarch,1,0.35305998,Non_feeding
701218507.jpg,Monarch,1,0.9983796,Non_feeding
701216618.jpg,Monarch,0,0.0140537545,Non_feeding
701216354.jpg,Monarch,1,0.9999994,Non_feeding
701216158.jpg,Monarch,0,0.0013363429,Feeding
701213983.jpg,Monarch,0,0.08085369,Feeding
701212491.jpg,Monarch,1,0.998635,Non_feeding
701211414.jpg,Monarch,0,0.04825652,Non_feeding
701210722.jpg,Monarch,0,0.00032209148,Feeding
701210409.jpg,Monarch,1,0.9787926,Feeding
701207179.jpg,Monarch,1,0.12366686,Non_feeding
701204965.jpg,Monarch,0,0.05090813,Non_feeding
701202804.jpg,Monarch,1,0.55937034,Non_feeding
701202806.jpg,Monarch,1,1.0,Non_feeding
701202367.jpg,Monarch,1,0.9906459,Non_feeding
701201338.jpg,Monarch,1,1.0,Non_feeding
701200763.jpg,Monarch,0,3.8567194e-08,Non_feeding
701201281.jpg,Monarch,1,0.99999547,Non_feeding
701199037.jpg,Monarch,0,0.043110475,Feeding
701199722.jpg,Monarch,1,1.0,Non_feeding
701198576.jpg,Monarch,0,0.006471643,Feeding
701196486.jpg,Monarch,0,0.00020982066,Feeding
701196056.jpg,Monarch,1,0.60228765,Non_feeding
701193823.jpg,Monarch,0,0.005521834,Non_feeding
701193722.jpg,Monarch,1,0.98543185,Non_feeding
701193160.jpg,Monarch,1,0.2076088,Feeding
701192236.jpg,Monarch,1,1.0,Non_feeding
701187927.jpg,Monarch,0,0.002487636,Feeding
701191724.jpg,Monarch,1,0.9177037,Feeding
701190988.jpg,Monarch,0,0.0003361311,Non_feeding
701190881.jpg,Monarch,0,0.003260481,Non_feeding
701188352.jpg,Monarch,0,0.009464474,Non_feeding
701188714.jpg,Monarch,1,1.0,Non_feeding
701188660.jpg,Monarch,1,0.35852587,Feeding
701188194.jpg,Monarch,0,0.00046272023,Non_feeding
701186949.jpg,Monarch,1,0.99804914,Non_feeding
701185950.jpg,Monarch,1,0.9697479,Non_feeding
701184080.jpg,Monarch,1,0.99203146,Feeding
701187009.jpg,Monarch,1,0.9945102,Non_feeding
701180425.jpg,Monarch,1,0.9670717,Non_feeding
701178337.jpg,Monarch,1,1.0,Non_feeding
701176809.jpg,Monarch,1,0.99999833,Non_feeding
701174239.jpg,Monarch,1,0.9999999,Non_feeding
701173539.jpg,Monarch,0,0.010322832,Non_feeding
701173234.jpg,Monarch,1,0.9997584,Non_feeding
701173083.jpg,Monarch,0,8.463144e-05,Non_feeding
701173015.jpg,Monarch,1,1.0,Non_feeding
701171830.jpg,Monarch,1,0.999887,Non_feeding
701170504.jpg,Monarch,1,0.99999714,Non_feeding
701169974.jpg,Monarch,1,1.0,Non_feeding
701159108.jpg,Monarch,1,0.14047228,Feeding
701168827.jpg,Monarch,1,0.39247167,Non_feeding
701167296.jpg,Monarch,0,0.08795992,Feeding
701166626.jpg,Monarch,1,0.9788537,Non_feeding
701164868.jpg,Monarch,1,0.76076007,Feeding
701164344.jpg,Monarch,1,0.89224356,Non_feeding
701162911.jpg,Monarch,1,0.9951618,Feeding
701161741.jpg,Monarch,0,0.0053221313,Non_feeding
701161215.jpg,Monarch,1,0.2476115,Non_feeding
701161155.jpg,Monarch,0,3.0892777e-05,Feeding
701159206.jpg,Monarch,0,0.008082857,Feeding
701160611.jpg,Monarch,1,0.9999999,Non_feeding
701159427.jpg,Monarch,1,0.9962834,Feeding
701154783.jpg,Monarch,1,0.117127396,Feeding
701159253.jpg,Monarch,0,0.0038747077,Non_feeding
701158999.jpg,Monarch,1,0.5830874,Non_feeding
701158130.jpg,Monarch,1,0.999997,Feeding
701157390.jpg,Monarch,1,1.0,Non_feeding
701150102.jpg,Monarch,1,0.9999981,Non_feeding
701156880.jpg,Monarch,1,1.0,Non_feeding
701135781.jpg,Monarch,1,0.89590216,Non_feeding
701155177.jpg,Monarch,1,0.98533416,Non_feeding
701154095.jpg,Monarch,1,0.9948878,Non_feeding
701153635.jpg,Monarch,1,0.9629518,Non_feeding
701151323.jpg,Monarch,1,0.99345344,Feeding
701151084.jpg,Monarch,0,0.030697327,Feeding
701150682.jpg,Monarch,1,0.560211,Feeding
701150623.jpg,Monarch,1,0.9773102,Non_feeding
701139483.jpg,Monarch,0,0.06022897,Non_feeding
701138755.jpg,Monarch,1,0.7175924,Non_feeding
701147958.jpg,Monarch,1,0.7649168,Non_feeding
701148243.jpg,Monarch,1,0.991783,Non_feeding
701145685.jpg,Monarch,1,0.9646134,Non_feeding
701145269.jpg,Monarch,0,0.0013429475,Feeding
701145187.jpg,Monarch,1,0.2875721,Non_feeding
701144912.jpg,Monarch,1,0.35464248,Non_feeding
701145101.jpg,Monarch,1,0.99999654,Non_feeding
701143948.jpg,Monarch,1,0.95851564,Non_feeding
701143971.jpg,Monarch,1,0.82576907,Non_feeding
701143842.jpg,Monarch,1,0.99999964,Non_feeding
701143575.jpg,Monarch,0,0.01755039,Feeding
701143422.jpg,Monarch,0,0.08844646,Feeding
701142340.jpg,Monarch,1,0.9999994,Non_feeding
701142325.jpg,Monarch,1,0.15354432,Feeding
701139364.jpg,Monarch,1,0.99999905,Non_feeding
701138003.jpg,Monarch,1,0.8780282,Feeding
701137575.jpg,Monarch,1,0.23720452,Non_feeding
701137258.jpg,Monarch,1,0.9116019,Non_feeding
701136791.jpg,Monarch,1,0.8545816,Feeding
701130677.jpg,Monarch,1,0.9179117,Non_feeding
701129842.jpg,Monarch,1,0.49063033,Non_feeding
701134070.jpg,Monarch,0,0.00089295633,Non_feeding
701129616.jpg,Monarch,0,0.0012852749,Feeding
701133154.jpg,Monarch,0,0.000645533,Feeding
701131432.jpg,Monarch,1,0.9857485,Feeding
701130576.jpg,Monarch,1,1.0,Non_feeding
701130091.jpg,Monarch,1,0.99965036,Non_feeding
701128248.jpg,Monarch,1,0.9717594,Non_feeding
701124629.jpg,Monarch,1,1.0,Non_feeding
701122599.jpg,Monarch,0,0.004626261,Non_feeding
701119002.jpg,Monarch,1,0.99969524,Non_feeding
701118795.jpg,Monarch,1,0.9999918,Non_feeding
