FileName,Species,prediction,score
714098179.jpg,Monarch,1,0.9999808
714062001.jpg,Monarch,1,0.17563467
713991984.jpg,Monarch,1,0.95122147
713869861.jpg,Monarch,0,0.00019108882
713879924.jpg,Monarch,1,0.89498925
713807526.jpg,Monarch,1,0.9988685
713777735.jpg,Monarch,1,0.8341409
713769708.jpg,Monarch,1,0.9997721
713700278.jpg,Monarch,1,0.9999224
713700284.jpg,Monarch,1,0.9999505
713579205.jpg,Monarch,1,0.10663189
713576048.jpg,Monarch,1,0.9999939
713574921.jpg,Monarch,1,0.98591423
713517234.jpg,Monarch,1,0.9999325
713499216.jpg,Monarch,1,0.8632209
713497817.jpg,Monarch,1,0.1836601
713456926.jpg,Monarch,1,0.999998
713439388.jpg,Monarch,1,0.9999964
713418717.jpg,Monarch,1,0.99996257
713416396.jpg,Monarch,1,0.21936823
713382814.jpg,Monarch,1,0.99999845
713383165.jpg,Monarch,0,3.492463e-05
713369327.jpg,Monarch,0,0.00044751714
713360230.jpg,Monarch,1,0.20824996
713360152.jpg,Monarch,0,0.048352078
713359186.jpg,Monarch,0,0.0026599006
713335175.jpg,Monarch,1,0.53716624
713280314.jpg,Monarch,0,0.060344364
713271549.jpg,Monarch,1,1.0
713252309.jpg,Monarch,1,0.9944881
713257675.jpg,Monarch,1,1.0
713237963.jpg,Monarch,0,0.0008439054
713231466.jpg,Monarch,1,0.9506693
713193650.jpg,Monarch,1,0.47068256
713177709.jpg,Monarch,0,0.03412138
713177136.jpg,Monarch,1,0.24084106
713150506.jpg,Monarch,0,0.084776625
713150099.jpg,Monarch,1,0.9999999
713141320.jpg,Monarch,1,0.98003334
713136039.jpg,Monarch,1,1.0
713129502.jpg,Monarch,1,0.89792556
713111076.jpg,Monarch,1,0.12311533
713096490.jpg,Monarch,1,0.99998915
713071637.jpg,Monarch,1,0.49612185
713071591.jpg,Monarch,0,0.00013079897
712946385.jpg,Monarch,1,0.10623166
712934533.jpg,Monarch,0,0.0034074115
712927187.jpg,Monarch,1,0.9998076
712919894.jpg,Monarch,1,0.9962857
712917404.jpg,Monarch,1,0.99999726
712914396.jpg,Monarch,1,0.20814589
712900227.jpg,Monarch,0,0.03022631
712881733.jpg,Monarch,0,0.051781826
712874329.jpg,Monarch,0,0.0037893292
712880699.jpg,Monarch,0,0.029791594
712879516.jpg,Monarch,1,0.87570983
712874763.jpg,Monarch,0,0.0004596291
712872682.jpg,Monarch,1,0.9999999
712871603.jpg,Monarch,1,0.9999695
712868959.jpg,Monarch,1,0.99967283
712851444.jpg,Monarch,0,0.00036081116
712849099.jpg,Monarch,1,0.9998821
712841223.jpg,Monarch,1,0.9884835
712810629.jpg,Monarch,1,0.999997
712808492.jpg,Monarch,1,1.0
712807930.jpg,Monarch,0,3.6562365e-06
712799490.jpg,Monarch,1,0.99999106
712799393.jpg,Monarch,1,0.19130753
712792681.jpg,Monarch,1,0.99990666
712771325.jpg,Monarch,1,0.92388225
712735479.jpg,Monarch,1,0.9994068
712733516.jpg,Monarch,1,0.99994695
712719835.jpg,Monarch,1,0.9923934
712708957.jpg,Monarch,1,0.32773492
712710520.jpg,Monarch,0,0.0005751117
712705222.jpg,Monarch,0,0.0006285923
712702917.jpg,Monarch,1,0.99999046
712662260.jpg,Monarch,1,0.98888004
712596032.jpg,Monarch,0,0.0001913501
712574173.jpg,Monarch,1,0.5851134
712518805.jpg,Monarch,1,0.13953756
712517561.jpg,Monarch,1,0.9858066
712513683.jpg,Monarch,1,1.0
712449267.jpg,Monarch,1,0.97851115
712447658.jpg,Monarch,1,0.99999166
712447361.jpg,Monarch,1,0.9999925
712447107.jpg,Monarch,1,0.9972644
712446920.jpg,Monarch,1,0.5072872
712441575.jpg,Monarch,0,1.5253462e-06
712425948.jpg,Monarch,0,0.013704499
712413792.jpg,Monarch,1,0.99845505
712383496.jpg,Monarch,1,0.99999094
712381347.jpg,Monarch,1,0.99997747
712370570.jpg,Monarch,0,0.027078614
712365425.jpg,Monarch,1,0.99992156
712337601.jpg,Monarch,1,0.99940634
712329701.jpg,Monarch,1,0.5773944
712319686.jpg,Monarch,1,0.99989426
712317092.jpg,Monarch,1,0.99601525
712307923.jpg,Monarch,0,1.0026191e-06
712295019.jpg,Monarch,0,0.000102803475
712294876.jpg,Monarch,0,0.021678494
712288824.jpg,Monarch,1,0.99645174
712279405.jpg,Monarch,1,0.52043456
712274970.jpg,Monarch,1,0.88014215
712272494.jpg,Monarch,0,0.04543003
712271509.jpg,Monarch,1,0.828854
712264863.jpg,Monarch,1,0.51327425
712257640.jpg,Monarch,1,0.9996751
712253604.jpg,Monarch,0,0.00023355434
712253189.jpg,Monarch,0,0.0013381947
712242952.jpg,Monarch,1,0.9380114
712230392.jpg,Monarch,1,0.20026724
712197611.jpg,Monarch,0,0.0293259
712180494.jpg,Monarch,0,0.016317321
712178639.jpg,Monarch,1,0.9999987
712171099.jpg,Monarch,1,0.997614
712166791.jpg,Monarch,1,0.9998492
712155589.jpg,Monarch,0,0.001211036
712158243.jpg,Monarch,1,0.5480425
712140876.jpg,Monarch,1,0.9593025
712139852.jpg,Monarch,1,0.98733217
712125646.jpg,Monarch,0,0.050499104
712102102.jpg,Monarch,1,0.80815893
712059417.jpg,Monarch,0,0.037407205
712057238.jpg,Monarch,1,0.9912852
712046888.jpg,Monarch,1,1.0
712025498.jpg,Monarch,1,0.9968869
712021392.jpg,Monarch,1,0.9999782
711990592.jpg,Monarch,1,1.0
711980566.jpg,Monarch,1,0.99996376
711973561.jpg,Monarch,0,0.008629843
711946543.jpg,Monarch,1,0.9994269
711889710.jpg,Monarch,1,0.64319974
711889457.jpg,Monarch,0,3.3295826e-05
711857166.jpg,Monarch,0,0.00042830966
711839816.jpg,Monarch,1,0.9999999
711834240.jpg,Monarch,1,0.99999595
711820428.jpg,Monarch,1,0.9737195
711814384.jpg,Monarch,1,0.14579786
711808713.jpg,Monarch,1,0.99992704
711804687.jpg,Monarch,1,0.9999304
711803683.jpg,Monarch,0,0.0007581157
711794396.jpg,Monarch,0,0.001281784
711793812.jpg,Monarch,0,0.007852485
711793582.jpg,Monarch,0,0.0076779337
711793567.jpg,Monarch,1,0.11063242
711793449.jpg,Monarch,0,0.0086628515
711786431.jpg,Monarch,1,0.9992964
711785503.jpg,Monarch,1,0.98350614
711785157.jpg,Monarch,1,0.999876
711784871.jpg,Monarch,1,0.9922657
711781104.jpg,Monarch,0,0.092862226
711784680.jpg,Monarch,1,0.9999999
711784392.jpg,Monarch,1,0.99991524
711784062.jpg,Monarch,1,0.99999976
711779809.jpg,Monarch,1,0.17987607
711779756.jpg,Monarch,1,0.82408327
711779292.jpg,Monarch,1,0.58778375
711779102.jpg,Monarch,1,0.9999976
711778665.jpg,Monarch,1,0.999936
711778564.jpg,Monarch,1,0.99999607
711777030.jpg,Monarch,1,0.99729615
711776791.jpg,Monarch,1,0.9999815
711775936.jpg,Monarch,0,0.0010045025
711775240.jpg,Monarch,1,0.3232768
711773945.jpg,Monarch,0,0.00035438855
711772806.jpg,Monarch,0,0.04230361
711772893.jpg,Monarch,0,0.080798574
711772263.jpg,Monarch,0,0.048560478
711757903.jpg,Monarch,1,0.60501623
711751651.jpg,Monarch,1,0.8345551
711741895.jpg,Monarch,0,0.030787349
711742010.jpg,Monarch,0,0.0027807239
711742195.jpg,Monarch,1,0.9947342
711740657.jpg,Monarch,1,0.9989262
711734435.jpg,Monarch,1,0.96373713
711730254.jpg,Monarch,1,0.9503783
711690304.jpg,Monarch,1,0.9939194
711677621.jpg,Monarch,0,0.038645662
711684824.jpg,Monarch,0,0.015019078
711659587.jpg,Monarch,1,0.22936098
711659642.jpg,Monarch,1,0.9159845
711651186.jpg,Monarch,1,0.99860555
711649826.jpg,Monarch,1,1.0
711647585.jpg,Monarch,0,0.0062844744
711646387.jpg,Monarch,1,0.10799814
711637115.jpg,Monarch,0,0.0024427383
711629305.jpg,Monarch,1,0.998454
711603128.jpg,Monarch,0,0.0077513363
711604085.jpg,Monarch,0,0.03376911
711601936.jpg,Monarch,1,0.9181249
711590960.jpg,Monarch,1,0.1636338
711579448.jpg,Monarch,1,0.67118233
711573446.jpg,Monarch,1,0.9995142
711554992.jpg,Monarch,0,0.0015232967
711551943.jpg,Monarch,0,0.08450596
711541710.jpg,Monarch,0,0.0064393044
711529966.jpg,Monarch,1,0.9999927
711528960.jpg,Monarch,1,0.97708035
711522380.jpg,Monarch,1,0.16853252
711518288.jpg,Monarch,1,0.9999573
711517579.jpg,Monarch,1,1.0
711515018.jpg,Monarch,0,0.012211536
711501127.jpg,Monarch,1,1.0
711499432.jpg,Monarch,1,0.98478484
711488860.jpg,Monarch,0,0.058876917
711465639.jpg,Monarch,1,0.96431756
711446280.jpg,Monarch,1,0.999794
711436693.jpg,Monarch,1,0.99999964
711426281.jpg,Monarch,1,0.8978016
711418480.jpg,Monarch,1,0.9076848
711417984.jpg,Monarch,1,0.719555
711402438.jpg,Monarch,1,0.92199504
711325672.jpg,Monarch,1,0.99992263
711322664.jpg,Monarch,1,0.97264546
711309853.jpg,Monarch,1,0.5558492
711300004.jpg,Monarch,1,0.9997982
711292621.jpg,Monarch,1,0.9960269
711292565.jpg,Monarch,1,0.99919635
711292530.jpg,Monarch,1,0.77766955
711285038.jpg,Monarch,1,0.8700527
711281347.jpg,Monarch,1,0.8262263
711281143.jpg,Monarch,1,0.81278616
711276579.jpg,Monarch,1,0.99999344
711268677.jpg,Monarch,0,0.014417154
711264511.jpg,Monarch,1,0.7010915
711263813.jpg,Monarch,1,0.9981553
711253851.jpg,Monarch,1,0.22673014
711253615.jpg,Monarch,0,1.8664564e-07
711244926.jpg,Monarch,1,0.8325818
711232600.jpg,Monarch,0,0.024115358
711235642.jpg,Monarch,0,0.0136432005
711232119.jpg,Monarch,1,0.99989974
711231696.jpg,Monarch,1,0.9999995
711221612.jpg,Monarch,1,0.99197066
711206431.jpg,Monarch,0,0.004238569
711206114.jpg,Monarch,0,0.00060650567
711206032.jpg,Monarch,0,0.00010729123
711206012.jpg,Monarch,0,3.9088918e-05
711206000.jpg,Monarch,1,0.16440009
711196824.jpg,Monarch,0,0.03176823
711197885.jpg,Monarch,1,0.999974
711197736.jpg,Monarch,0,0.0020581246
711194963.jpg,Monarch,1,0.99995935
711179540.jpg,Monarch,0,0.003009289
711188340.jpg,Monarch,1,0.4582232
711184769.jpg,Monarch,1,1.0
711184644.jpg,Monarch,1,0.8219127
711183176.jpg,Monarch,1,0.9593441
711182309.jpg,Monarch,0,0.00059872813
711178771.jpg,Monarch,1,0.29987937
711178180.jpg,Monarch,1,0.91146404
711175604.jpg,Monarch,0,9.216488e-06
711156401.jpg,Monarch,1,0.94295543
711151290.jpg,Monarch,1,0.9999051
711149179.jpg,Monarch,1,0.9999894
711134747.jpg,Monarch,0,0.0017131559
711129064.jpg,Monarch,1,1.0
711126946.jpg,Monarch,1,0.9995922
711108706.jpg,Monarch,0,0.0001520552
711108217.jpg,Monarch,0,0.0038262352
711104042.jpg,Monarch,0,0.00036877152
711102712.jpg,Monarch,1,0.9999999
711088643.jpg,Monarch,1,0.23153973
711054961.jpg,Monarch,1,0.11058694
711051904.jpg,Monarch,1,0.7892262
711026326.jpg,Monarch,1,0.24712448
711018250.jpg,Monarch,0,0.00024102726
710937941.jpg,Monarch,0,0.062897675
710958821.jpg,Monarch,1,0.9974152
711006508.jpg,Monarch,1,0.9925742
711004368.jpg,Monarch,0,7.40992e-05
710991619.jpg,Monarch,1,0.99877924
710990324.jpg,Monarch,1,0.99344903
710949375.jpg,Monarch,0,0.0977736
710929391.jpg,Monarch,1,0.28763223
710918265.jpg,Monarch,1,0.999483
710915552.jpg,Monarch,1,0.90414804
710914897.jpg,Monarch,1,0.9990258
710898137.jpg,Monarch,1,0.23604561
710888457.jpg,Monarch,1,0.64750016
710887433.jpg,Monarch,0,0.043588623
710885522.jpg,Monarch,0,0.004063465
710876301.jpg,Monarch,0,2.8836099e-05
710875345.jpg,Monarch,0,0.028158959
710874353.jpg,Monarch,0,0.0022260055
710870238.jpg,Monarch,1,0.985357
710868246.jpg,Monarch,1,0.9967379
710857557.jpg,Monarch,1,0.9733576
710853538.jpg,Monarch,1,0.99932605
710852387.jpg,Monarch,1,0.8641901
710852004.jpg,Monarch,0,0.0026206283
710844427.jpg,Monarch,0,0.066047505
710843942.jpg,Monarch,1,0.997865
710842867.jpg,Monarch,1,0.994916
710837637.jpg,Monarch,0,9.041847e-09
710836335.jpg,Monarch,0,5.626258e-06
710780640.jpg,Monarch,1,1.0
710769826.jpg,Monarch,1,0.99999666
710766918.jpg,Monarch,1,0.12345816
710766898.jpg,Monarch,1,0.9910467
710760168.jpg,Monarch,1,0.973849
710760076.jpg,Monarch,0,2.1238047e-05
710726316.jpg,Monarch,0,0.002307146
710730890.jpg,Monarch,1,1.0
710717129.jpg,Monarch,1,0.99999917
710693440.jpg,Monarch,1,0.93283695
710710939.jpg,Monarch,1,0.99835145
710700542.jpg,Monarch,1,0.99996805
710428302.jpg,Monarch,1,1.0
710645738.jpg,Monarch,1,0.9991387
710679914.jpg,Monarch,0,0.0014153221
710688356.jpg,Monarch,1,0.9767684
710674697.jpg,Monarch,0,0.0007473575
710685423.jpg,Monarch,1,0.9993296
710683809.jpg,Monarch,0,0.00026853863
710680465.jpg,Monarch,1,0.35783282
710677161.jpg,Monarch,0,0.0147510925
710672924.jpg,Monarch,0,0.0014582229
710659002.jpg,Monarch,1,0.9994175
710647973.jpg,Monarch,1,0.8472625
710655478.jpg,Monarch,1,0.60001224
710635531.jpg,Monarch,1,0.99303496
710633698.jpg,Monarch,0,0.0030879008
710624441.jpg,Monarch,1,1.0
710623448.jpg,Monarch,0,0.09402622
710621524.jpg,Monarch,0,0.014227882
710621053.jpg,Monarch,0,0.059733618
710620348.jpg,Monarch,0,0.083823785
710619168.jpg,Monarch,1,0.9999994
710618009.jpg,Monarch,0,0.00045471496
710616846.jpg,Monarch,1,0.44075733
710610166.jpg,Monarch,1,1.0
710605844.jpg,Monarch,1,0.9999937
710082636.jpg,Monarch,0,0.020737888
710082315.jpg,Monarch,1,0.45503947
710602354.jpg,Monarch,0,0.0038344264
710590426.jpg,Monarch,1,0.9998083
710586773.jpg,Monarch,1,0.8652428
710571274.jpg,Monarch,0,0.008107672
710581185.jpg,Monarch,1,0.94923574
710575537.jpg,Monarch,1,0.9886043
710575393.jpg,Monarch,1,0.8088725
710571614.jpg,Monarch,1,1.0
710542211.jpg,Monarch,0,0.050842855
710570710.jpg,Monarch,1,0.98552436
710566085.jpg,Monarch,1,0.18203904
710560942.jpg,Monarch,1,0.54269874
710631953.jpg,Monarch,1,0.10208143
710568397.jpg,Monarch,1,0.13637094
710568138.jpg,Monarch,1,0.4091216
710554958.jpg,Monarch,1,1.0
710538152.jpg,Monarch,1,0.9988587
710541002.jpg,Monarch,0,0.0022009015
710531461.jpg,Monarch,1,0.98592
710530419.jpg,Monarch,1,0.830088
710522631.jpg,Monarch,0,0.030932657
710520388.jpg,Monarch,1,0.99973255
710514154.jpg,Monarch,1,0.23261638
710514343.jpg,Monarch,1,0.7724386
710507533.jpg,Monarch,1,0.9977691
710507416.jpg,Monarch,1,0.9999881
710484246.jpg,Monarch,1,0.34988555
710503050.jpg,Monarch,1,0.99992776
710501340.jpg,Monarch,1,0.9998735
710495999.jpg,Monarch,1,0.95204335
710485569.jpg,Monarch,0,0.0062847002
710484602.jpg,Monarch,0,0.0021855263
710477766.jpg,Monarch,1,0.75730443
710473329.jpg,Monarch,1,0.9991922
710464807.jpg,Monarch,1,0.94330364
710464552.jpg,Monarch,1,0.9851813
710460224.jpg,Monarch,1,0.68793213
710459280.jpg,Monarch,0,1.4119682e-05
710450648.jpg,Monarch,1,0.7016725
710428517.jpg,Monarch,1,1.0
710425069.jpg,Monarch,0,0.00049602747
710422012.jpg,Monarch,0,0.051272593
710421706.jpg,Monarch,1,0.99624926
710421386.jpg,Monarch,1,0.213413
710418351.jpg,Monarch,1,0.77894235
710406110.jpg,Monarch,1,0.9184368
710402533.jpg,Monarch,1,0.9989636
710395352.jpg,Monarch,1,0.2319078
710513999.jpg,Monarch,0,0.07383969
710392974.jpg,Monarch,1,0.9955961
710391794.jpg,Monarch,1,0.99031025
710378683.jpg,Monarch,0,0.0013954147
710379541.jpg,Monarch,1,0.8768719
710374056.jpg,Monarch,1,0.99938977
710369836.jpg,Monarch,1,0.12859064
710362405.jpg,Monarch,0,0.012853337
710357197.jpg,Monarch,1,0.99992526
710361861.jpg,Monarch,1,0.9999083
710355363.jpg,Monarch,0,0.024592394
710356146.jpg,Monarch,1,1.0
710353896.jpg,Monarch,1,1.0
710352556.jpg,Monarch,1,0.94011366
710351439.jpg,Monarch,1,1.0
710351399.jpg,Monarch,1,1.0
710351355.jpg,Monarch,1,0.99994946
710350779.jpg,Monarch,1,0.99976724
710348209.jpg,Monarch,1,0.99961865
710343166.jpg,Monarch,1,0.9972978
710343157.jpg,Monarch,1,1.0
710343129.jpg,Monarch,1,0.99842274
710343122.jpg,Monarch,1,1.0
710343099.jpg,Monarch,1,1.0
710343081.jpg,Monarch,1,0.99999845
710343080.jpg,Monarch,1,0.99997306
710343037.jpg,Monarch,1,0.9994017
710343049.jpg,Monarch,1,0.99999785
710343038.jpg,Monarch,1,0.9999343
710343002.jpg,Monarch,1,1.0
710342999.jpg,Monarch,1,1.0
710343001.jpg,Monarch,1,1.0
710342916.jpg,Monarch,1,1.0
710342918.jpg,Monarch,1,0.9998386
710342913.jpg,Monarch,1,1.0
710323659.jpg,Monarch,1,0.99968606
710320333.jpg,Monarch,1,0.47379813
710305622.jpg,Monarch,0,0.0018579802
710296557.jpg,Monarch,1,0.19413985
710293737.jpg,Monarch,1,0.99999964
710292036.jpg,Monarch,1,0.99965894
710290672.jpg,Monarch,1,0.9997808
710282293.jpg,Monarch,1,0.9999906
710280222.jpg,Monarch,1,0.99965906
710273138.jpg,Monarch,1,0.99999976
710271381.jpg,Monarch,0,0.08760103
710253710.jpg,Monarch,1,0.22101834
710250153.jpg,Monarch,1,0.99999976
710248931.jpg,Monarch,0,0.00044384928
710242425.jpg,Monarch,1,0.97796005
710237650.jpg,Monarch,1,0.99008477
710208669.jpg,Monarch,1,0.9602104
710205725.jpg,Monarch,0,0.043479975
710024107.jpg,Monarch,0,0.0018451957
710183255.jpg,Monarch,1,0.8689463
710173999.jpg,Monarch,1,0.9999471
710135302.jpg,Monarch,1,0.9999634
710119609.jpg,Monarch,1,0.999464
710104219.jpg,Monarch,0,0.0049985787
710104053.jpg,Monarch,1,0.16474691
710101507.jpg,Monarch,0,0.015674004
710100437.jpg,Monarch,0,0.077724084
710098080.jpg,Monarch,0,0.00094227574
710097554.jpg,Monarch,1,0.10378477
710099277.jpg,Monarch,1,0.9980179
710097470.jpg,Monarch,1,0.87671304
710096984.jpg,Monarch,0,0.032826062
710094621.jpg,Monarch,0,3.5525713e-06
710093521.jpg,Monarch,0,3.412728e-05
710092484.jpg,Monarch,0,0.004654887
710091129.jpg,Monarch,1,0.9850812
710090784.jpg,Monarch,1,1.0
710089542.jpg,Monarch,1,0.97412056
710080527.jpg,Monarch,1,1.0
710082058.jpg,Monarch,1,0.2648371
710080468.jpg,Monarch,0,0.057553437
710078550.jpg,Monarch,1,1.0
710072843.jpg,Monarch,1,0.99970835
710072745.jpg,Monarch,1,0.99863297
710072176.jpg,Monarch,0,0.06292416
710071993.jpg,Monarch,1,0.9701679
710071100.jpg,Monarch,1,0.999933
710062413.jpg,Monarch,1,0.9999976
710060761.jpg,Monarch,1,0.99999917
710060078.jpg,Monarch,1,1.0
710045799.jpg,Monarch,1,0.96743864
710045779.jpg,Monarch,0,0.06704741
710045780.jpg,Monarch,0,0.0004145482
710045778.jpg,Monarch,0,0.008894167
710051319.jpg,Monarch,1,0.12197859
710042464.jpg,Monarch,1,0.8571875
710050158.jpg,Monarch,1,0.998857
710047808.jpg,Monarch,1,0.12120109
710043882.jpg,Monarch,1,0.9989465
710042210.jpg,Monarch,1,1.0
710040708.jpg,Monarch,1,0.9950016
710036400.jpg,Monarch,0,0.017469589
710033826.jpg,Monarch,1,0.1341992
710024131.jpg,Monarch,0,8.226636e-05
710026275.jpg,Monarch,1,0.9997771
710012046.jpg,Monarch,0,0.0025023227
710020541.jpg,Monarch,1,0.9998909
710020420.jpg,Monarch,1,0.99994385
710019109.jpg,Monarch,1,1.0
710015800.jpg,Monarch,1,1.0
710015629.jpg,Monarch,1,0.68273956
710014563.jpg,Monarch,0,0.033121854
710011332.jpg,Monarch,1,0.99998343
710010040.jpg,Monarch,1,1.0
710007441.jpg,Monarch,1,0.9998863
710005936.jpg,Monarch,1,0.99989283
709999726.jpg,Monarch,0,0.00050906045
709996188.jpg,Monarch,1,0.9307734
709995678.jpg,Monarch,1,1.0
709995022.jpg,Monarch,1,0.9792629
709989543.jpg,Monarch,0,0.022483746
709994992.jpg,Monarch,1,0.9376206
709992366.jpg,Monarch,0,0.017312365
709989349.jpg,Monarch,1,0.9927457
709987902.jpg,Monarch,0,2.3319799e-05
709986057.jpg,Monarch,1,0.99991775
709985282.jpg,Monarch,0,0.0089306375
709981283.jpg,Monarch,1,0.9831797
709978382.jpg,Monarch,0,4.5113885e-07
709975959.jpg,Monarch,1,0.9999944
709970081.jpg,Monarch,1,0.8061138
709969901.jpg,Monarch,1,0.9843238
709968906.jpg,Monarch,1,0.6685001
709959332.jpg,Monarch,0,1.031354e-07
709962301.jpg,Monarch,1,0.988408
709959159.jpg,Monarch,1,0.8895081
709953785.jpg,Monarch,0,0.016112836
709953741.jpg,Monarch,1,0.9999844
709941962.jpg,Monarch,1,0.9998765
709941920.jpg,Monarch,1,1.0
709933658.jpg,Monarch,0,0.008055961
709933228.jpg,Monarch,1,0.99819
709932143.jpg,Monarch,1,0.93252593
709929316.jpg,Monarch,1,0.83313364
709925823.jpg,Monarch,1,0.8523393
709909553.jpg,Monarch,1,0.98275447
709908606.jpg,Monarch,0,0.001033426
709905232.jpg,Monarch,0,0.0030338923
709904637.jpg,Monarch,1,1.0
709904177.jpg,Monarch,1,0.9789757
709900909.jpg,Monarch,1,0.99992955
709900180.jpg,Monarch,1,0.9999881
709899354.jpg,Monarch,1,0.9999852
709893739.jpg,Monarch,0,0.0023791578
709894384.jpg,Monarch,1,0.99999905
709893806.jpg,Monarch,1,0.89003116
709893785.jpg,Monarch,1,0.99992025
709893118.jpg,Monarch,1,0.99934167
709892220.jpg,Monarch,1,0.9919199
709885277.jpg,Monarch,1,0.93064374
709885273.jpg,Monarch,1,0.95572776
709885242.jpg,Monarch,1,0.99998343
709885240.jpg,Monarch,1,0.98703194
709885238.jpg,Monarch,1,0.40334627
709888776.jpg,Monarch,1,0.9982529
709887425.jpg,Monarch,0,2.036101e-05
709885858.jpg,Monarch,0,0.00048447738
709883228.jpg,Monarch,1,0.9999753
709882517.jpg,Monarch,1,0.99859625
709837777.jpg,Monarch,0,0.026053432
709834728.jpg,Monarch,0,0.0046086838
709830617.jpg,Monarch,0,0.004767508
709830153.jpg,Monarch,1,0.9999989
709823018.jpg,Monarch,1,0.9995016
709821408.jpg,Monarch,0,0.011620315
709815038.jpg,Monarch,0,0.0603722
709813849.jpg,Monarch,1,0.14420152
709815497.jpg,Monarch,0,0.00026047984
709811684.jpg,Monarch,1,0.99995875
709801981.jpg,Monarch,0,0.01156677
709802902.jpg,Monarch,1,0.8068837
709801570.jpg,Monarch,1,0.4581957
709786118.jpg,Monarch,1,0.9999181
709796876.jpg,Monarch,1,1.0
709796767.jpg,Monarch,1,0.9999895
709796699.jpg,Monarch,1,0.9706053
709796348.jpg,Monarch,1,0.9826421
709771982.jpg,Monarch,0,0.0005796236
709771951.jpg,Monarch,0,7.667138e-05
709771855.jpg,Monarch,0,0.04009719
709776426.jpg,Monarch,0,0.0005480262
709768169.jpg,Monarch,0,0.00048688802
709767893.jpg,Monarch,0,0.023354664
709765468.jpg,Monarch,0,0.070411935
709765413.jpg,Monarch,0,8.599892e-09
709758375.jpg,Monarch,1,0.14804198
709758356.jpg,Monarch,1,0.13328956
709758244.jpg,Monarch,0,0.0032124065
709762760.jpg,Monarch,1,0.98078984
709758488.jpg,Monarch,0,3.0389487e-05
709747051.jpg,Monarch,0,5.7584825e-06
709747061.jpg,Monarch,1,0.64229834
709738833.jpg,Monarch,1,0.9931623
709717620.jpg,Monarch,1,0.97155815
709716694.jpg,Monarch,0,6.7585795e-05
709713604.jpg,Monarch,1,0.9999862
709737731.jpg,Monarch,1,0.9259536
709733491.jpg,Monarch,1,0.9989064
709727996.jpg,Monarch,1,0.99985397
709726151.jpg,Monarch,0,0.010620853
709706003.jpg,Monarch,1,0.9938957
709681572.jpg,Monarch,1,0.99999785
709679436.jpg,Monarch,1,0.99999833
709678232.jpg,Monarch,1,0.99995565
709677841.jpg,Monarch,1,0.23207174
709673991.jpg,Monarch,1,0.9999999
709667042.jpg,Monarch,1,0.669828
709664699.jpg,Monarch,1,0.9999862
709658444.jpg,Monarch,1,0.70369387
709656275.jpg,Monarch,1,0.99931157
709654547.jpg,Monarch,1,1.0
709651327.jpg,Monarch,1,0.17867392
709649446.jpg,Monarch,1,0.9988549
709647976.jpg,Monarch,1,0.999853
709646075.jpg,Monarch,0,0.0005435129
709636119.jpg,Monarch,1,0.989421
709623817.jpg,Monarch,1,0.9852168
709623143.jpg,Monarch,1,0.9999999
709611115.jpg,Monarch,1,0.38115868
709608247.jpg,Monarch,1,0.99337757
709596834.jpg,Monarch,1,0.6978444
709596794.jpg,Monarch,1,0.72608995
709597936.jpg,Monarch,0,0.0028414463
709596515.jpg,Monarch,1,0.99671483
709567242.jpg,Monarch,1,0.99991465
709563750.jpg,Monarch,0,0.025122227
709559531.jpg,Monarch,1,0.9999136
709549441.jpg,Monarch,1,0.8682675
709503102.jpg,Monarch,1,0.9999118
709502215.jpg,Monarch,1,0.9645384
709483743.jpg,Monarch,1,0.9995361
709470088.jpg,Monarch,1,0.9982704
709444345.jpg,Monarch,0,0.031120436
709433510.jpg,Monarch,1,0.16962053
709425057.jpg,Monarch,0,0.014286117
709424995.jpg,Monarch,1,0.99868625
709424329.jpg,Monarch,1,0.9993555
709424186.jpg,Monarch,1,0.9999931
709422569.jpg,Monarch,1,0.992201
709415830.jpg,Monarch,0,0.00031823307
709417707.jpg,Monarch,1,0.9496295
709416744.jpg,Monarch,1,0.66542023
709401221.jpg,Monarch,1,1.0
709399645.jpg,Monarch,1,0.95318335
709399394.jpg,Monarch,1,0.93322164
709395050.jpg,Monarch,1,0.87256956
709394789.jpg,Monarch,1,0.94775265
709384443.jpg,Monarch,0,0.00048464414
710115359.jpg,Monarch,0,0.0028852455
709376507.jpg,Monarch,1,0.92473197
709367323.jpg,Monarch,1,0.9049973
709358364.jpg,Monarch,1,0.99999917
709356373.jpg,Monarch,1,0.9999988
709356345.jpg,Monarch,1,0.9996763
709352349.jpg,Monarch,1,0.9729576
709355354.jpg,Monarch,1,0.9999999
709354483.jpg,Monarch,1,1.0
709353697.jpg,Monarch,1,1.0
709349370.jpg,Monarch,0,0.004156848
709346179.jpg,Monarch,1,0.9990772
709339708.jpg,Monarch,1,0.9823528
709340776.jpg,Monarch,1,0.9901373
709338258.jpg,Monarch,0,0.00019889371
709337204.jpg,Monarch,1,0.103180625
709334781.jpg,Monarch,0,0.00023180353
709331844.jpg,Monarch,0,0.030594826
709314925.jpg,Monarch,0,0.00087279454
709306980.jpg,Monarch,1,0.87133574
709299639.jpg,Monarch,1,0.18117513
709295306.jpg,Monarch,0,0.029967794
709293999.jpg,Monarch,1,0.90789527
709280159.jpg,Monarch,1,0.8351748
709276871.jpg,Monarch,0,0.00075126416
709277880.jpg,Monarch,1,0.93272054
709270415.jpg,Monarch,1,0.41787332
709263968.jpg,Monarch,1,0.90601873
709261889.jpg,Monarch,0,0.0005430215
709250880.jpg,Monarch,0,0.0035743348
709246802.jpg,Monarch,1,0.98731846
709243437.jpg,Monarch,1,0.996842
709241609.jpg,Monarch,1,0.99892634
709237344.jpg,Monarch,0,0.0001315358
709227849.jpg,Monarch,1,0.83427024
709225831.jpg,Monarch,1,0.7967719
709225747.jpg,Monarch,1,0.39546713
709221305.jpg,Monarch,0,0.029464075
709220809.jpg,Monarch,0,0.053236444
709207100.jpg,Monarch,1,0.9984882
709205730.jpg,Monarch,0,0.01253597
709196583.jpg,Monarch,1,0.3687471
709196657.jpg,Monarch,1,0.98528475
709192398.jpg,Monarch,1,0.65272534
709176446.jpg,Monarch,0,0.009808594
709168996.jpg,Monarch,1,0.9999933
709166936.jpg,Monarch,0,0.03151615
709166600.jpg,Monarch,1,0.4334031
709166535.jpg,Monarch,1,0.99974126
709160817.jpg,Monarch,1,0.99992573
709156882.jpg,Monarch,1,0.83239436
709155980.jpg,Monarch,0,0.024759853
709155036.jpg,Monarch,0,0.0002074916
709145427.jpg,Monarch,1,0.8368305
709141094.jpg,Monarch,1,0.99621964
709138636.jpg,Monarch,1,0.7088536
709178024.jpg,Monarch,1,0.99564266
709132399.jpg,Monarch,0,0.00011523824
709132063.jpg,Monarch,0,0.036238663
709131724.jpg,Monarch,1,0.13929507
709130478.jpg,Monarch,0,0.048605975
709130297.jpg,Monarch,1,0.99943465
709118844.jpg,Monarch,1,1.0
709119680.jpg,Monarch,1,1.0
709115319.jpg,Monarch,1,0.9957884
709111737.jpg,Monarch,1,0.9976095
709107097.jpg,Monarch,1,0.9954932
709110303.jpg,Monarch,1,1.0
709104088.jpg,Monarch,1,1.0
709104090.jpg,Monarch,1,1.0
709107279.jpg,Monarch,1,1.0
709098431.jpg,Monarch,1,0.9995312
709098428.jpg,Monarch,1,0.99998975
709098399.jpg,Monarch,1,0.99998105
709098395.jpg,Monarch,1,0.6321379
709098389.jpg,Monarch,1,0.9923011
709098367.jpg,Monarch,1,0.99775875
709098366.jpg,Monarch,1,0.81949437
709098356.jpg,Monarch,1,0.9942167
709098324.jpg,Monarch,1,0.74168724
709098321.jpg,Monarch,1,0.99999833
709098314.jpg,Monarch,1,0.7472829
709104516.jpg,Monarch,1,1.0
709103316.jpg,Monarch,1,0.9993204
709102747.jpg,Monarch,0,0.002180356
709101137.jpg,Monarch,0,0.00011927592
709098128.jpg,Monarch,1,0.9990013
709096964.jpg,Monarch,1,0.9999839
709096638.jpg,Monarch,1,0.46232307
709089300.jpg,Monarch,0,0.008663371
709089044.jpg,Monarch,1,0.20882611
709088863.jpg,Monarch,1,0.8831206
712227307.jpg,Monarch,0,0.028133187
709087161.jpg,Monarch,0,0.02352038
709081817.jpg,Monarch,1,0.98534817
709081917.jpg,Monarch,1,0.9985378
709078485.jpg,Monarch,1,0.94701624
709063060.jpg,Monarch,1,0.9999999
709074420.jpg,Monarch,1,0.94119453
709073520.jpg,Monarch,1,0.9999999
709071392.jpg,Monarch,1,0.9858541
709069446.jpg,Monarch,1,0.99999845
709070035.jpg,Monarch,1,1.0
709069800.jpg,Monarch,1,0.83389014
709068564.jpg,Monarch,0,4.7358542e-05
709058770.jpg,Monarch,1,0.29494038
709056371.jpg,Monarch,1,0.99759287
709055227.jpg,Monarch,1,0.99964607
709051071.jpg,Monarch,1,0.9999987
709046928.jpg,Monarch,0,0.0012365557
709048551.jpg,Monarch,1,0.99997663
709046085.jpg,Monarch,0,0.0089495685
709045272.jpg,Monarch,0,0.000718487
709036840.jpg,Monarch,0,0.008906222
709028864.jpg,Monarch,1,0.9999999
709024232.jpg,Monarch,1,0.63645667
709023891.jpg,Monarch,1,0.999995
709022514.jpg,Monarch,1,0.9411209
709026593.jpg,Monarch,0,0.027631456
709970816.jpg,Monarch,0,0.00051834894
709021630.jpg,Monarch,0,0.05874925
709020967.jpg,Monarch,1,0.9997687
709020110.jpg,Monarch,0,0.006464577
709016809.jpg,Monarch,1,1.0
709001328.jpg,Monarch,1,0.34005812
709000653.jpg,Monarch,0,0.0024314076
709005520.jpg,Monarch,1,0.9999995
709004459.jpg,Monarch,1,0.9949354
709004400.jpg,Monarch,1,0.4404958
708989360.jpg,Monarch,1,0.99184823
708978876.jpg,Monarch,1,0.77625984
708976096.jpg,Monarch,1,0.9997742
708971908.jpg,Monarch,1,0.99766964
708971364.jpg,Monarch,1,0.99999964
708960654.jpg,Monarch,1,0.9984555
708960305.jpg,Monarch,1,0.9945597
708957099.jpg,Monarch,1,0.9930409
708957088.jpg,Monarch,1,0.99644214
708956638.jpg,Monarch,1,0.999995
708948361.jpg,Monarch,0,0.031985104
708949774.jpg,Monarch,1,0.9999832
708949277.jpg,Monarch,1,0.9807715
708945962.jpg,Monarch,1,0.99616796
708945227.jpg,Monarch,1,0.9988507
708942024.jpg,Monarch,1,0.99386317
708940305.jpg,Monarch,1,0.97126305
708940200.jpg,Monarch,0,0.03058275
708937160.jpg,Monarch,1,0.9991486
708936960.jpg,Monarch,1,0.99999905
708936504.jpg,Monarch,1,0.99998295
708923636.jpg,Monarch,0,0.021294
708935042.jpg,Monarch,1,0.8538824
708933219.jpg,Monarch,0,0.029579574
708930306.jpg,Monarch,0,0.02715248
708929250.jpg,Monarch,1,0.9999943
708928402.jpg,Monarch,0,0.0997157
708922661.jpg,Monarch,1,1.0
708922053.jpg,Monarch,1,0.9999831
708914615.jpg,Monarch,0,0.00020574789
708914299.jpg,Monarch,1,0.9999999
708913348.jpg,Monarch,1,0.9998809
708911705.jpg,Monarch,0,0.0025645837
708911874.jpg,Monarch,1,0.9973705
708898346.jpg,Monarch,1,0.99097055
708895577.jpg,Monarch,1,0.7456233
708894689.jpg,Monarch,1,0.1419782
708893014.jpg,Monarch,1,0.9999721
708879734.jpg,Monarch,1,0.13729843
708879729.jpg,Monarch,0,0.08040271
708879592.jpg,Monarch,0,0.021993749
708879583.jpg,Monarch,1,0.34917563
708879571.jpg,Monarch,1,0.8155882
708879533.jpg,Monarch,1,0.81484914
708879522.jpg,Monarch,1,0.6991916
708880717.jpg,Monarch,0,0.08477465
708877097.jpg,Monarch,0,0.04692937
708876320.jpg,Monarch,1,0.99953884
708876283.jpg,Monarch,1,0.99953276
708859862.jpg,Monarch,1,0.6319818
708851495.jpg,Monarch,1,0.9999937
708851468.jpg,Monarch,1,0.5938055
708851451.jpg,Monarch,1,0.9995891
708851452.jpg,Monarch,1,0.9986211
708851427.jpg,Monarch,1,0.99677724
708851419.jpg,Monarch,1,1.0
708851417.jpg,Monarch,1,1.0
708851413.jpg,Monarch,1,0.99999726
708819457.jpg,Monarch,1,0.20324495
708818336.jpg,Monarch,1,0.9951731
708818320.jpg,Monarch,1,0.9938297
708811460.jpg,Monarch,1,0.99596643
708801928.jpg,Monarch,1,0.9422208
708801260.jpg,Monarch,1,0.9999883
708799331.jpg,Monarch,1,0.99945897
708798364.jpg,Monarch,1,0.13725626
708794638.jpg,Monarch,0,0.0016266946
708790255.jpg,Monarch,1,0.90219665
708790231.jpg,Monarch,1,0.33897254
708790215.jpg,Monarch,1,0.9721281
708790108.jpg,Monarch,1,0.16194552
708790059.jpg,Monarch,1,0.98348665
708793803.jpg,Monarch,0,0.004281801
708790501.jpg,Monarch,1,0.9999995
708787557.jpg,Monarch,0,0.0006614317
708787226.jpg,Monarch,1,0.761449
708784629.jpg,Monarch,0,0.07711554
708780309.jpg,Monarch,1,0.99466133
708779122.jpg,Monarch,1,0.97985405
708773247.jpg,Monarch,1,0.9980952
708772240.jpg,Monarch,1,1.0
708764246.jpg,Monarch,0,3.1125805e-07
708769391.jpg,Monarch,1,0.9793801
708768355.jpg,Monarch,1,0.9670425
708765927.jpg,Monarch,1,0.450032
708764658.jpg,Monarch,1,0.21167432
708760384.jpg,Monarch,1,0.99562186
708760134.jpg,Monarch,1,0.99294645
708759463.jpg,Monarch,1,0.9707827
708763652.jpg,Monarch,1,0.9960977
708763381.jpg,Monarch,1,0.9891406
708759366.jpg,Monarch,0,0.005939309
708759675.jpg,Monarch,0,0.009104921
708754662.jpg,Monarch,0,0.0047243563
708757791.jpg,Monarch,1,0.98094064
708757020.jpg,Monarch,1,0.99991393
708750617.jpg,Monarch,0,0.07989223
708742429.jpg,Monarch,0,0.033396613
708749687.jpg,Monarch,1,1.0
708748980.jpg,Monarch,1,0.9996319
708747429.jpg,Monarch,1,0.9999423
708746843.jpg,Monarch,1,0.9915918
708746149.jpg,Monarch,1,0.9574385
708744489.jpg,Monarch,1,0.15571289
708743600.jpg,Monarch,1,0.16034955
708743555.jpg,Monarch,1,0.9999728
708742585.jpg,Monarch,1,1.0
708742286.jpg,Monarch,1,0.9999751
708741524.jpg,Monarch,1,0.9999776
708741751.jpg,Monarch,0,0.0047284164
708741149.jpg,Monarch,1,0.99999976
708739960.jpg,Monarch,0,0.038825955
708740371.jpg,Monarch,1,1.0
708740141.jpg,Monarch,1,1.0
708739709.jpg,Monarch,1,1.0
708716521.jpg,Monarch,0,0.0012146339
708738348.jpg,Monarch,1,0.99996686
708738408.jpg,Monarch,0,0.0010800409
708738377.jpg,Monarch,0,0.01035388
708738353.jpg,Monarch,0,0.003521584
708738287.jpg,Monarch,0,0.008925025
708738154.jpg,Monarch,0,0.0048017725
708738060.jpg,Monarch,0,0.0017083576
708737189.jpg,Monarch,1,0.31973967
708737034.jpg,Monarch,1,0.99996305
708736694.jpg,Monarch,1,1.0
708736123.jpg,Monarch,1,0.33580163
708736986.jpg,Monarch,1,1.0
708734487.jpg,Monarch,1,0.29694352
708733837.jpg,Monarch,1,0.99773633
708742366.jpg,Monarch,1,1.0
708731816.jpg,Monarch,0,0.018383147
708731750.jpg,Monarch,1,0.9999964
708731602.jpg,Monarch,1,0.9998324
708729902.jpg,Monarch,1,1.0
708728099.jpg,Monarch,1,0.99981415
708725690.jpg,Monarch,1,0.9999974
708725393.jpg,Monarch,1,0.9999846
708723865.jpg,Monarch,1,0.48307356
708721252.jpg,Monarch,0,0.01941298
708721610.jpg,Monarch,1,0.9999999
708720105.jpg,Monarch,1,0.88147986
708719150.jpg,Monarch,1,0.8083632
708719509.jpg,Monarch,1,0.17573595
708719494.jpg,Monarch,0,0.054491825
708716910.jpg,Monarch,0,0.004476394
708719022.jpg,Monarch,0,0.0993445
708708912.jpg,Monarch,1,0.9998909
708716025.jpg,Monarch,1,0.13995293
708717158.jpg,Monarch,0,6.973558e-05
708716546.jpg,Monarch,0,0.0037645195
708714789.jpg,Monarch,1,0.98750913
708714439.jpg,Monarch,0,0.0023645735
708714263.jpg,Monarch,1,0.92567
708713347.jpg,Monarch,1,0.9969825
709227016.jpg,Monarch,1,0.9999999
708711275.jpg,Monarch,1,0.95935667
708710777.jpg,Monarch,1,0.9999988
708710512.jpg,Monarch,1,1.0
708710196.jpg,Monarch,1,0.9999989
708710193.jpg,Monarch,1,0.863389
708709934.jpg,Monarch,1,1.0
708706491.jpg,Monarch,1,0.99995697
708709674.jpg,Monarch,1,1.0
708709470.jpg,Monarch,1,0.13753729
708709128.jpg,Monarch,1,0.9301262
708708896.jpg,Monarch,1,0.998676
708708499.jpg,Monarch,1,1.0
708707011.jpg,Monarch,1,1.0
708712766.jpg,Monarch,1,0.9874592
708705814.jpg,Monarch,0,0.0005909506
708705375.jpg,Monarch,0,0.026445245
708705428.jpg,Monarch,1,0.9091363
708705317.jpg,Monarch,1,0.7091922
708704640.jpg,Monarch,1,0.9986199
708702910.jpg,Monarch,1,1.0
708702279.jpg,Monarch,1,0.8753295
708699600.jpg,Monarch,1,0.99599856
708699187.jpg,Monarch,0,8.869391e-05
708698956.jpg,Monarch,1,0.98215705
708696838.jpg,Monarch,1,0.9999982
708696818.jpg,Monarch,1,0.57921165
708692388.jpg,Monarch,1,0.98797905
708693598.jpg,Monarch,1,1.0
708693156.jpg,Monarch,1,0.9999993
708691811.jpg,Monarch,1,0.9999534
708691395.jpg,Monarch,1,0.8220117
708692439.jpg,Monarch,0,0.0635015
708690688.jpg,Monarch,1,0.9989475
708692391.jpg,Monarch,0,0.007024546
708689494.jpg,Monarch,0,0.06865824
708689058.jpg,Monarch,0,0.023609707
708687743.jpg,Monarch,1,0.9991692
708686141.jpg,Monarch,1,0.9999994
708684619.jpg,Monarch,0,3.5465528e-05
708684945.jpg,Monarch,0,0.00076613406
708684757.jpg,Monarch,1,0.99956757
708684451.jpg,Monarch,1,0.99831706
708684391.jpg,Monarch,0,0.08323188
708684065.jpg,Monarch,1,0.9970355
708683938.jpg,Monarch,1,0.9994373
708683880.jpg,Monarch,0,0.02954426
708683559.jpg,Monarch,1,0.99992144
708683207.jpg,Monarch,1,1.0
708682742.jpg,Monarch,1,0.99995065
708682530.jpg,Monarch,1,0.6525516
708682391.jpg,Monarch,1,0.9911169
708682307.jpg,Monarch,1,0.9588175
708682324.jpg,Monarch,1,0.6279406
708675233.jpg,Monarch,0,0.008258391
708674999.jpg,Monarch,0,0.09151429
708674976.jpg,Monarch,0,0.0029898195
708680158.jpg,Monarch,0,0.00021129323
708674948.jpg,Monarch,0,0.014188016
708674861.jpg,Monarch,0,0.037447467
708680172.jpg,Monarch,1,0.30961204
708674662.jpg,Monarch,1,0.3535748
708674626.jpg,Monarch,1,0.8878766
708674620.jpg,Monarch,0,0.0018993275
708674628.jpg,Monarch,0,0.0017454654
708674607.jpg,Monarch,1,0.44359192
708674418.jpg,Monarch,1,0.25444317
708679989.jpg,Monarch,0,0.028034708
708679790.jpg,Monarch,1,0.9999994
708679715.jpg,Monarch,1,1.0
708679628.jpg,Monarch,1,0.99415636
708679396.jpg,Monarch,0,3.009994e-05
708679213.jpg,Monarch,1,1.0
708678818.jpg,Monarch,1,0.9851224
708678608.jpg,Monarch,1,0.9138879
708678592.jpg,Monarch,1,0.9999995
708678647.jpg,Monarch,1,0.99999833
708678109.jpg,Monarch,1,0.99999964
708678062.jpg,Monarch,1,1.0
708678002.jpg,Monarch,1,0.29593337
708677881.jpg,Monarch,0,0.0061875335
708677767.jpg,Monarch,1,0.998212
708675712.jpg,Monarch,1,0.9990244
708675137.jpg,Monarch,1,0.99998605
708675165.jpg,Monarch,1,0.99585575
708673544.jpg,Monarch,0,0.030239208
708673155.jpg,Monarch,1,0.87049276
708672205.jpg,Monarch,1,0.9699869
708671294.jpg,Monarch,0,0.040513955
708670359.jpg,Monarch,1,1.0
708668237.jpg,Monarch,1,0.9998188
708667911.jpg,Monarch,1,1.0
708667522.jpg,Monarch,1,0.99999726
708667332.jpg,Monarch,1,0.99999964
708666646.jpg,Monarch,1,0.31040406
708666178.jpg,Monarch,0,0.0030068334
708665202.jpg,Monarch,1,0.9971426
708665210.jpg,Monarch,1,1.0
708664989.jpg,Monarch,1,0.9999999
708664872.jpg,Monarch,1,0.45217326
708662275.jpg,Monarch,1,0.9147172
708661251.jpg,Monarch,1,0.999998
708659379.jpg,Monarch,1,0.99999976
708659111.jpg,Monarch,1,0.999995
708658101.jpg,Monarch,1,0.97919375
708657845.jpg,Monarch,1,0.9997766
708657544.jpg,Monarch,0,0.00019795568
708657422.jpg,Monarch,1,0.14592561
708653387.jpg,Monarch,0,0.000253944
708656436.jpg,Monarch,1,0.8760602
708655726.jpg,Monarch,1,1.0
708655446.jpg,Monarch,1,0.9972819
708655039.jpg,Monarch,1,0.84490746
708652975.jpg,Monarch,0,0.022880755
708684497.jpg,Monarch,0,0.030698977
708652070.jpg,Monarch,0,0.0604945
708652045.jpg,Monarch,1,0.6156233
708650710.jpg,Monarch,1,0.3802688
708649641.jpg,Monarch,1,0.23204868
708640072.jpg,Monarch,1,0.9997657
708647815.jpg,Monarch,1,0.78030246
708647715.jpg,Monarch,0,0.00010824612
708647831.jpg,Monarch,1,1.0
708647672.jpg,Monarch,1,0.9991885
708647601.jpg,Monarch,1,0.88300884
708647511.jpg,Monarch,1,0.99925345
708647585.jpg,Monarch,1,1.0
708647366.jpg,Monarch,1,0.9981121
708646209.jpg,Monarch,1,0.99999917
708645218.jpg,Monarch,1,0.16094232
708635377.jpg,Monarch,1,0.8805519
708642137.jpg,Monarch,1,0.98698807
708644103.jpg,Monarch,0,0.0072634793
708642337.jpg,Monarch,1,0.15396634
708640957.jpg,Monarch,0,0.07221333
708640771.jpg,Monarch,0,0.0061511435
708635757.jpg,Monarch,1,0.21443346
708637760.jpg,Monarch,1,0.99999917
708637624.jpg,Monarch,1,0.9902378
708637640.jpg,Monarch,0,0.05426062
708630810.jpg,Monarch,0,0.020227665
708629848.jpg,Monarch,0,0.005916625
708629800.jpg,Monarch,0,0.030535223
708629716.jpg,Monarch,1,0.99976784
708636095.jpg,Monarch,1,0.91832083
708634668.jpg,Monarch,1,0.12143194
708634622.jpg,Monarch,0,0.036211476
710438007.jpg,Monarch,1,0.999961
708634092.jpg,Monarch,1,0.9999833
708633591.jpg,Monarch,1,0.9731707
708633548.jpg,Monarch,1,0.99963284
708633291.jpg,Monarch,1,0.9819064
708632276.jpg,Monarch,1,0.11548675
708630475.jpg,Monarch,0,0.0023530996
708632243.jpg,Monarch,0,0.0024044388
708630197.jpg,Monarch,1,0.99999976
708627351.jpg,Monarch,1,0.20174567
708629533.jpg,Monarch,1,1.0
708628895.jpg,Monarch,0,0.019586338
708629002.jpg,Monarch,1,0.9819999
708628888.jpg,Monarch,1,0.99997866
708628699.jpg,Monarch,1,0.9999126
708628039.jpg,Monarch,0,0.0067739007
708627127.jpg,Monarch,1,0.99824
708626901.jpg,Monarch,1,0.17010266
708626561.jpg,Monarch,0,0.05361902
708626224.jpg,Monarch,0,0.0018117893
708625769.jpg,Monarch,1,0.9985909
708625340.jpg,Monarch,1,0.9999845
708633392.jpg,Monarch,1,0.999992
708624847.jpg,Monarch,1,0.11180419
708623075.jpg,Monarch,1,0.8024798
708621992.jpg,Monarch,1,0.9684475
708620563.jpg,Monarch,0,0.0055992366
708616493.jpg,Monarch,1,0.10669453
708618531.jpg,Monarch,1,0.28533128
708618326.jpg,Monarch,1,0.16445227
708621786.jpg,Monarch,1,0.999985
708617242.jpg,Monarch,1,0.99998796
708616989.jpg,Monarch,1,0.9999999
708616247.jpg,Monarch,0,0.00026297392
708616342.jpg,Monarch,1,0.9939346
708615433.jpg,Monarch,1,0.910963
708615210.jpg,Monarch,1,0.91513145
708614643.jpg,Monarch,1,0.997837
708614144.jpg,Monarch,1,0.99979067
708612979.jpg,Monarch,1,0.64899504
708612344.jpg,Monarch,1,0.99860245
708611690.jpg,Monarch,1,0.20004404
708605826.jpg,Monarch,0,0.0011467509
708605539.jpg,Monarch,1,0.90500695
708610617.jpg,Monarch,1,0.9999875
708610339.jpg,Monarch,1,0.97804475
708605811.jpg,Monarch,0,0.0029263075
708607510.jpg,Monarch,0,0.00062468875
708606440.jpg,Monarch,1,0.37528354
708602112.jpg,Monarch,0,0.062684596
708597492.jpg,Monarch,0,0.0016286117
708597464.jpg,Monarch,0,0.05509195
708597455.jpg,Monarch,0,0.015927514
708600958.jpg,Monarch,1,0.99999964
708600661.jpg,Monarch,1,0.99999976
708600065.jpg,Monarch,1,0.9107557
708598541.jpg,Monarch,1,0.9999976
708597612.jpg,Monarch,1,0.9999558
708596299.jpg,Monarch,1,0.99999833
708595919.jpg,Monarch,1,0.9322272
708595109.jpg,Monarch,1,0.97822565
708592566.jpg,Monarch,0,0.0005346072
708592782.jpg,Monarch,1,0.99286336
708590747.jpg,Monarch,0,0.00048549884
708591067.jpg,Monarch,1,0.99985325
708590784.jpg,Monarch,1,0.99948215
708590135.jpg,Monarch,1,0.9999995
708589758.jpg,Monarch,1,1.0
708589617.jpg,Monarch,1,0.9999993
708587201.jpg,Monarch,1,0.9999957
708586760.jpg,Monarch,1,0.9998547
708586366.jpg,Monarch,1,0.999998
708584861.jpg,Monarch,0,0.0056698653
708585016.jpg,Monarch,0,0.0047809593
708584587.jpg,Monarch,1,0.99989986
708584312.jpg,Monarch,1,0.99997485
708583612.jpg,Monarch,1,0.65308994
708583520.jpg,Monarch,1,0.9981205
708583529.jpg,Monarch,1,0.45601782
708583387.jpg,Monarch,1,0.9959662
708581381.jpg,Monarch,1,0.9850946
708581241.jpg,Monarch,0,0.0028998551
708580897.jpg,Monarch,1,0.99989486
708580214.jpg,Monarch,0,0.00080751284
708580780.jpg,Monarch,1,0.99770725
708580506.jpg,Monarch,1,0.99991953
708580147.jpg,Monarch,1,0.9966864
708580105.jpg,Monarch,1,0.9999988
708578470.jpg,Monarch,1,1.0
708579799.jpg,Monarch,1,1.0
708579703.jpg,Monarch,0,0.0060364143
708579589.jpg,Monarch,1,0.9853955
708579483.jpg,Monarch,1,0.5585409
708579396.jpg,Monarch,1,0.47698048
708579215.jpg,Monarch,1,0.9984883
708579224.jpg,Monarch,1,0.99988925
708578965.jpg,Monarch,1,0.9999869
708577232.jpg,Monarch,0,0.012260571
708577696.jpg,Monarch,1,0.97496843
708577141.jpg,Monarch,1,0.99999964
708575743.jpg,Monarch,1,0.99622416
708575684.jpg,Monarch,1,0.94247115
708574657.jpg,Monarch,1,0.99972516
708571010.jpg,Monarch,1,0.962595
708573264.jpg,Monarch,1,0.7484238
708572122.jpg,Monarch,0,5.5084754e-05
708566381.jpg,Monarch,0,0.012947984
708571160.jpg,Monarch,0,0.059622154
708570333.jpg,Monarch,1,0.846416
708568522.jpg,Monarch,1,0.29709125
708566503.jpg,Monarch,1,0.9990896
708564753.jpg,Monarch,1,0.23970427
708563162.jpg,Monarch,1,0.3087282
708563009.jpg,Monarch,0,0.052522365
708562968.jpg,Monarch,1,0.9937987
708562725.jpg,Monarch,1,0.99999976
708560836.jpg,Monarch,1,0.99926347
708560597.jpg,Monarch,1,0.99938846
708559661.jpg,Monarch,1,0.9999906
708559447.jpg,Monarch,1,0.79768366
708558152.jpg,Monarch,1,1.0
708556887.jpg,Monarch,1,0.999848
708556642.jpg,Monarch,0,3.3638121e-09
708556590.jpg,Monarch,1,0.99580765
708555991.jpg,Monarch,1,1.0
708554529.jpg,Monarch,1,0.9402874
708553992.jpg,Monarch,0,9.131096e-05
708553604.jpg,Monarch,0,0.0067009013
708553529.jpg,Monarch,1,0.99034953
708552809.jpg,Monarch,1,0.67891383
708552106.jpg,Monarch,1,0.99604875
709167640.jpg,Monarch,1,0.9999926
708548522.jpg,Monarch,0,0.035511546
708548367.jpg,Monarch,1,0.9283725
708540154.jpg,Monarch,0,0.016454874
708547320.jpg,Monarch,1,0.995109
708580548.jpg,Monarch,1,0.99999905
708545733.jpg,Monarch,1,0.99999976
708544055.jpg,Monarch,1,0.17259493
708544444.jpg,Monarch,1,0.31384274
708543994.jpg,Monarch,1,0.9999846
708543271.jpg,Monarch,1,0.99942964
708542361.jpg,Monarch,1,1.0
708537208.jpg,Monarch,1,1.0
708534945.jpg,Monarch,0,0.0006441717
708539360.jpg,Monarch,1,0.99998796
708539302.jpg,Monarch,1,0.99999905
708538565.jpg,Monarch,1,0.9807372
708536448.jpg,Monarch,1,0.994953
708533632.jpg,Monarch,1,1.0
708533628.jpg,Monarch,1,0.58846825
708533528.jpg,Monarch,1,1.0
708533503.jpg,Monarch,1,0.9364131
708533388.jpg,Monarch,1,1.0
708533609.jpg,Monarch,0,0.027250368
708533322.jpg,Monarch,1,0.16305496
708532972.jpg,Monarch,1,0.99997795
708532942.jpg,Monarch,1,0.99708647
708532871.jpg,Monarch,1,0.124917485
708534633.jpg,Monarch,0,0.024405934
708534352.jpg,Monarch,1,0.98024964
708534140.jpg,Monarch,1,0.9991441
708533978.jpg,Monarch,1,1.0
708533052.jpg,Monarch,1,0.993109
708532812.jpg,Monarch,1,0.46269262
708532229.jpg,Monarch,1,0.9999659
708531296.jpg,Monarch,1,0.99917847
708530846.jpg,Monarch,1,0.99922097
708530658.jpg,Monarch,0,0.06825367
708530442.jpg,Monarch,0,0.013722183
708529669.jpg,Monarch,1,0.3965864
708528170.jpg,Monarch,1,0.9999851
708527985.jpg,Monarch,0,6.8960367e-06
708527217.jpg,Monarch,1,0.11176456
708527408.jpg,Monarch,1,0.9999727
708527246.jpg,Monarch,1,0.9999025
708526505.jpg,Monarch,1,0.94764495
708523688.jpg,Monarch,1,0.83163464
708521969.jpg,Monarch,0,0.0032020283
708521114.jpg,Monarch,1,0.99990046
708513054.jpg,Monarch,1,0.9993032
708518440.jpg,Monarch,1,0.9999808
708517827.jpg,Monarch,1,0.9999876
708797858.jpg,Monarch,1,1.0
708515161.jpg,Monarch,1,0.999215
708507001.jpg,Monarch,0,0.0038932576
708506938.jpg,Monarch,0,0.0035846753
708509644.jpg,Monarch,1,0.9736674
708509033.jpg,Monarch,0,0.09575701
708508488.jpg,Monarch,1,0.9999784
708503663.jpg,Monarch,1,0.83436424
708508280.jpg,Monarch,1,0.9892881
708507475.jpg,Monarch,0,0.0085974345
708507454.jpg,Monarch,0,0.07183558
708617765.jpg,Monarch,1,0.9988986
708506624.jpg,Monarch,1,0.93492895
708506100.jpg,Monarch,1,0.9998491
708505717.jpg,Monarch,0,0.009034569
708504008.jpg,Monarch,1,0.9294723
708491838.jpg,Monarch,1,0.99999154
708497596.jpg,Monarch,1,0.82988566
708497487.jpg,Monarch,0,0.03984131
708502472.jpg,Monarch,1,0.9999311
708500321.jpg,Monarch,0,0.0017751151
708499363.jpg,Monarch,0,0.04050074
708498152.jpg,Monarch,1,1.0
708497952.jpg,Monarch,0,0.028053215
708497781.jpg,Monarch,1,0.107186705
708497711.jpg,Monarch,1,0.9898842
708495632.jpg,Monarch,1,0.7315749
708495199.jpg,Monarch,1,0.53940856
708495201.jpg,Monarch,1,0.11990383
708494085.jpg,Monarch,1,1.0
708493573.jpg,Monarch,0,0.00316498
708492450.jpg,Monarch,1,0.99999785
708492446.jpg,Monarch,1,1.0
708489059.jpg,Monarch,1,0.7705825
708488038.jpg,Monarch,1,0.9857296
708487677.jpg,Monarch,1,0.9989882
708487440.jpg,Monarch,1,0.68433094
708487493.jpg,Monarch,1,0.11811457
708487324.jpg,Monarch,1,0.9999937
708486986.jpg,Monarch,1,1.0
708485737.jpg,Monarch,1,0.97067374
708484652.jpg,Monarch,1,0.41756278
708484473.jpg,Monarch,0,0.012137573
708484525.jpg,Monarch,1,0.9982028
708483423.jpg,Monarch,1,0.92566127
708483735.jpg,Monarch,1,0.9891465
708483426.jpg,Monarch,1,0.98281974
708481148.jpg,Monarch,1,0.9980724
708480400.jpg,Monarch,1,1.0
708477291.jpg,Monarch,1,0.9999918
708477287.jpg,Monarch,1,0.99749786
708476344.jpg,Monarch,1,0.5232355
708475445.jpg,Monarch,1,0.94944555
708473289.jpg,Monarch,1,0.9999325
708473040.jpg,Monarch,0,0.028166633
708492290.jpg,Monarch,1,0.9866558
708470168.jpg,Monarch,1,0.9997111
708468313.jpg,Monarch,1,1.0
708468049.jpg,Monarch,1,0.99982524
708467991.jpg,Monarch,1,0.80696756
708468259.jpg,Monarch,1,0.99999464
708474931.jpg,Monarch,1,0.9950749
708467168.jpg,Monarch,1,1.0
708466869.jpg,Monarch,0,0.054349743
708456247.jpg,Monarch,1,0.14027117
708465482.jpg,Monarch,1,0.28361595
708463946.jpg,Monarch,1,0.99983346
708463545.jpg,Monarch,1,0.9999443
709044092.jpg,Monarch,1,0.9999999
708462786.jpg,Monarch,0,0.0649589
708462532.jpg,Monarch,0,0.053352203
708462471.jpg,Monarch,1,0.99879324
708461186.jpg,Monarch,0,0.0027754663
708460929.jpg,Monarch,1,0.99980927
708459965.jpg,Monarch,1,0.7732755
708459532.jpg,Monarch,1,0.4247008
708459036.jpg,Monarch,1,0.973712
708458756.jpg,Monarch,1,0.9999794
708458420.jpg,Monarch,0,0.0021237442
708457532.jpg,Monarch,1,0.983197
709105053.jpg,Monarch,1,1.0
708455954.jpg,Monarch,1,0.11489518
708455377.jpg,Monarch,1,0.5783848
708454300.jpg,Monarch,1,1.0
708454000.jpg,Monarch,1,0.99986804
708452516.jpg,Monarch,1,0.8004079
708451707.jpg,Monarch,0,0.00034865845
708451091.jpg,Monarch,1,0.9999739
708451015.jpg,Monarch,1,0.9999939
708450945.jpg,Monarch,1,0.99999857
708442802.jpg,Monarch,1,0.81341124
708450790.jpg,Monarch,1,0.85898846
708448744.jpg,Monarch,1,0.9988715
708448603.jpg,Monarch,1,0.9999999
708448390.jpg,Monarch,1,0.9999572
708447782.jpg,Monarch,1,0.83347034
708447329.jpg,Monarch,1,0.99886405
708446606.jpg,Monarch,1,0.9997296
708441513.jpg,Monarch,0,0.057154108
708441411.jpg,Monarch,1,0.8837067
708443345.jpg,Monarch,1,0.9015241
708438932.jpg,Monarch,1,0.9007139
708442814.jpg,Monarch,1,0.99997354
708441821.jpg,Monarch,1,0.8909874
708442090.jpg,Monarch,1,0.99461216
708441222.jpg,Monarch,1,1.0
708441166.jpg,Monarch,1,0.99997187
708439340.jpg,Monarch,1,0.12688586
708439984.jpg,Monarch,1,0.9729295
708439877.jpg,Monarch,1,0.99995077
708438940.jpg,Monarch,1,0.999964
708439563.jpg,Monarch,1,0.9999964
708439184.jpg,Monarch,0,0.006944305
708438513.jpg,Monarch,1,0.99911386
708436885.jpg,Monarch,1,0.1712319
708436352.jpg,Monarch,1,0.9949862
708435733.jpg,Monarch,1,0.78023505
708389957.jpg,Monarch,0,0.010756422
708434405.jpg,Monarch,1,0.99998736
708434153.jpg,Monarch,0,0.0010400084
708432591.jpg,Monarch,1,0.6759616
708429910.jpg,Monarch,1,0.9993073
708427889.jpg,Monarch,1,0.9952003
708428856.jpg,Monarch,1,1.0
708423730.jpg,Monarch,1,0.9994516
708423443.jpg,Monarch,1,0.9999566
708423340.jpg,Monarch,1,0.9997012
708421742.jpg,Monarch,0,0.07659342
708421630.jpg,Monarch,0,0.00042663098
708421095.jpg,Monarch,1,0.9806402
712715882.jpg,Monarch,0,0.082786664
708419913.jpg,Monarch,1,1.0
708419428.jpg,Monarch,1,0.20025505
708416697.jpg,Monarch,1,0.6488586
708390021.jpg,Monarch,1,0.75624895
708415716.jpg,Monarch,1,1.0
708415763.jpg,Monarch,1,1.0
708416183.jpg,Monarch,0,0.079668134
708415773.jpg,Monarch,1,1.0
708415565.jpg,Monarch,1,1.0
708415080.jpg,Monarch,0,0.033437677
708589958.jpg,Monarch,1,1.0
708414231.jpg,Monarch,1,0.956464
708413987.jpg,Monarch,1,1.0
708412144.jpg,Monarch,1,0.9726002
708411500.jpg,Monarch,0,0.022771426
708410023.jpg,Monarch,0,0.054148335
708409867.jpg,Monarch,1,0.10223228
708409561.jpg,Monarch,1,0.9999356
708408542.jpg,Monarch,1,0.3316388
708407758.jpg,Monarch,1,0.3066995
708407132.jpg,Monarch,1,0.9901722
708406411.jpg,Monarch,1,0.9929404
708405718.jpg,Monarch,1,0.9999864
708403849.jpg,Monarch,1,0.7764455
708403975.jpg,Monarch,1,0.99998665
708393337.jpg,Monarch,0,0.02860139
708400969.jpg,Monarch,1,0.9998559
708400982.jpg,Monarch,0,0.04468581
708404922.jpg,Monarch,1,0.9995916
708374032.jpg,Monarch,1,0.20190437
708400643.jpg,Monarch,1,0.9859673
708396312.jpg,Monarch,1,0.86055183
708395348.jpg,Monarch,1,0.8831057
708392321.jpg,Monarch,1,0.99999344
708392024.jpg,Monarch,1,0.9839644
708390050.jpg,Monarch,0,0.0054296874
708393035.jpg,Monarch,1,0.9009194
708386832.jpg,Monarch,1,0.7652864
708384987.jpg,Monarch,1,1.0
708383916.jpg,Monarch,1,0.99999547
708383739.jpg,Monarch,1,0.9982722
708383029.jpg,Monarch,1,0.995814
708382723.jpg,Monarch,1,0.99999833
708486236.jpg,Monarch,1,0.9966664
708382224.jpg,Monarch,1,0.9999846
708382215.jpg,Monarch,1,0.9999907
708380752.jpg,Monarch,1,0.999998
708380673.jpg,Monarch,1,0.52536166
708380364.jpg,Monarch,0,7.392918e-05
708380094.jpg,Monarch,1,0.9996789
708380034.jpg,Monarch,0,0.0121913655
708379946.jpg,Monarch,1,0.999984
708379696.jpg,Monarch,1,0.9996339
708379554.jpg,Monarch,1,0.9861341
708379233.jpg,Monarch,1,0.999931
708378964.jpg,Monarch,0,0.08141032
708379026.jpg,Monarch,1,1.0
708376064.jpg,Monarch,1,0.82241154
708374033.jpg,Monarch,1,0.82241154
708373684.jpg,Monarch,1,0.99998736
708372928.jpg,Monarch,1,0.98953164
708372592.jpg,Monarch,1,0.99983895
708371790.jpg,Monarch,1,0.9372365
708371499.jpg,Monarch,0,0.031219192
708371543.jpg,Monarch,0,0.01755275
708370093.jpg,Monarch,1,0.84201133
708369474.jpg,Monarch,1,0.9860042
708369075.jpg,Monarch,1,0.9999975
708368130.jpg,Monarch,1,0.1125845
708367350.jpg,Monarch,1,0.99991155
708365384.jpg,Monarch,0,0.011351553
708362847.jpg,Monarch,0,0.012842415
708362551.jpg,Monarch,0,1.2362025e-05
708363530.jpg,Monarch,1,0.999215
708362516.jpg,Monarch,1,1.0
708362458.jpg,Monarch,1,0.9999999
708362175.jpg,Monarch,0,0.0016961398
708359290.jpg,Monarch,1,0.9999627
708359283.jpg,Monarch,1,1.0
708359261.jpg,Monarch,1,1.0
708359253.jpg,Monarch,1,0.99999833
708359209.jpg,Monarch,0,0.0006114878
708360112.jpg,Monarch,1,0.9972499
708358469.jpg,Monarch,1,0.9487156
708353113.jpg,Monarch,1,0.9999945
708352659.jpg,Monarch,1,0.15260956
708352487.jpg,Monarch,1,0.50163543
708352226.jpg,Monarch,0,0.006175737
708351236.jpg,Monarch,1,0.99996173
708351098.jpg,Monarch,0,0.012001181
708351036.jpg,Monarch,0,0.0006254549
708350780.jpg,Monarch,1,0.12808654
708347498.jpg,Monarch,1,0.2824845
708347248.jpg,Monarch,1,0.99641216
708346368.jpg,Monarch,1,0.42296377
708346204.jpg,Monarch,1,0.34599805
708345026.jpg,Monarch,1,0.9997422
708342894.jpg,Monarch,1,0.95916945
708341683.jpg,Monarch,0,0.051718887
708340587.jpg,Monarch,0,0.09986123
708339413.jpg,Monarch,1,0.64250004
708335670.jpg,Monarch,1,0.9999999
708335614.jpg,Monarch,1,0.9999999
708335505.jpg,Monarch,1,0.3055987
708335548.jpg,Monarch,1,0.9999949
708334433.jpg,Monarch,0,7.0033843e-06
708334375.jpg,Monarch,0,2.2545595e-05
708331939.jpg,Monarch,1,0.6544965
708330750.jpg,Monarch,1,0.99997246
708329857.jpg,Monarch,0,0.00062487007
708329498.jpg,Monarch,1,0.9966042
708329394.jpg,Monarch,1,0.9981634
708328249.jpg,Monarch,1,0.9977756
710011028.jpg,Monarch,1,1.0
708314056.jpg,Monarch,1,0.73491126
708313805.jpg,Monarch,1,0.99999976
708309348.jpg,Monarch,1,0.9995003
708309047.jpg,Monarch,1,0.98327166
708304194.jpg,Monarch,1,0.8109819
708304179.jpg,Monarch,1,0.99999785
708304187.jpg,Monarch,1,0.99995685
708304140.jpg,Monarch,1,0.9999995
708288693.jpg,Monarch,1,0.9144362
708282684.jpg,Monarch,1,0.7643347
708282193.jpg,Monarch,1,0.99999976
708240536.jpg,Monarch,1,0.9999982
708235800.jpg,Monarch,1,0.99998903
708233820.jpg,Monarch,1,0.3436062
708227188.jpg,Monarch,1,0.99999225
708225655.jpg,Monarch,1,0.99801624
708212382.jpg,Monarch,1,0.9958419
708209256.jpg,Monarch,1,0.9998934
708202746.jpg,Monarch,1,0.98783195
708208249.jpg,Monarch,1,0.99353194
708202971.jpg,Monarch,1,0.99980927
708198144.jpg,Monarch,0,0.00053776416
708201969.jpg,Monarch,1,1.0
708201798.jpg,Monarch,1,0.37319133
708199327.jpg,Monarch,1,1.0
708198489.jpg,Monarch,1,0.99999964
708197684.jpg,Monarch,1,0.99996626
708197065.jpg,Monarch,1,1.0
708196428.jpg,Monarch,0,0.07918197
708193681.jpg,Monarch,1,0.8783251
708180840.jpg,Monarch,0,0.0006476374
708192263.jpg,Monarch,1,0.9998045
708190852.jpg,Monarch,1,0.999964
708189531.jpg,Monarch,1,0.9898142
708189361.jpg,Monarch,1,1.0
708189011.jpg,Monarch,1,0.99999964
708183230.jpg,Monarch,0,0.000107912616
708179377.jpg,Monarch,1,1.0
708175768.jpg,Monarch,1,0.6127208
708175619.jpg,Monarch,1,0.15835561
708175009.jpg,Monarch,0,0.007943561
708174295.jpg,Monarch,1,0.988628
708173904.jpg,Monarch,0,8.893589e-07
708173301.jpg,Monarch,0,0.0016046116
708171945.jpg,Monarch,0,0.008242772
708171226.jpg,Monarch,1,0.9985222
708170234.jpg,Monarch,1,0.9998903
708166183.jpg,Monarch,1,0.1842587
708166122.jpg,Monarch,0,0.00016796491
708165987.jpg,Monarch,0,0.0062059257
708165911.jpg,Monarch,1,0.3012693
708165235.jpg,Monarch,1,0.9433522
708165488.jpg,Monarch,1,1.0
708163358.jpg,Monarch,1,0.74391365
708163302.jpg,Monarch,1,0.80168927
708163270.jpg,Monarch,1,0.90468115
708163174.jpg,Monarch,1,0.86123276
708164385.jpg,Monarch,1,0.99999976
708141254.jpg,Monarch,1,0.99994373
708153466.jpg,Monarch,1,0.12605162
708153341.jpg,Monarch,1,0.91082203
708153331.jpg,Monarch,0,0.003523708
708152930.jpg,Monarch,1,0.7197874
708152765.jpg,Monarch,0,0.0003839594
708154318.jpg,Monarch,1,0.9957022
708153635.jpg,Monarch,1,0.99999976
708151398.jpg,Monarch,0,0.015144777
708151397.jpg,Monarch,0,0.0028541447
708152427.jpg,Monarch,1,0.7530628
708152081.jpg,Monarch,1,0.85714024
708150442.jpg,Monarch,1,0.9943544
708150038.jpg,Monarch,1,0.9965579
708149371.jpg,Monarch,1,1.0
708149308.jpg,Monarch,1,0.99986446
708148771.jpg,Monarch,1,0.9975737
708146887.jpg,Monarch,1,0.9991035
708146608.jpg,Monarch,1,0.99906635
708145812.jpg,Monarch,0,0.0030531047
708143916.jpg,Monarch,1,0.9962237
708143844.jpg,Monarch,0,0.0073857987
708143839.jpg,Monarch,1,0.5193183
708143766.jpg,Monarch,0,0.04754809
708144430.jpg,Monarch,1,0.98114866
708143846.jpg,Monarch,0,0.026788488
708140469.jpg,Monarch,0,0.016464107
708139826.jpg,Monarch,0,0.020470748
708137206.jpg,Monarch,1,0.99718165
708136619.jpg,Monarch,1,0.9998715
708135891.jpg,Monarch,1,0.9998392
708136730.jpg,Monarch,1,0.24285617
708137497.jpg,Monarch,0,0.006047685
708135737.jpg,Monarch,1,0.9998746
708117082.jpg,Monarch,0,1.4125068e-05
708130156.jpg,Monarch,1,0.9919584
708133746.jpg,Monarch,1,0.9984993
708133021.jpg,Monarch,0,0.011262239
708132737.jpg,Monarch,1,0.9999981
708133356.jpg,Monarch,0,0.030859644
708132177.jpg,Monarch,1,1.0
708131822.jpg,Monarch,1,0.9999925
708129001.jpg,Monarch,0,0.030426499
708130098.jpg,Monarch,1,0.96989477
708129435.jpg,Monarch,0,0.07505342
708129262.jpg,Monarch,1,0.99767154
708128452.jpg,Monarch,1,0.99994004
708126798.jpg,Monarch,1,0.9312081
708126535.jpg,Monarch,1,1.0
708125940.jpg,Monarch,1,0.25851625
708125682.jpg,Monarch,0,0.00031224798
708126176.jpg,Monarch,0,0.08194514
708124891.jpg,Monarch,0,0.00078384695
708124757.jpg,Monarch,1,0.99999547
708124421.jpg,Monarch,1,0.809198
708123807.jpg,Monarch,1,0.9999999
708122181.jpg,Monarch,0,0.0014294371
708555417.jpg,Monarch,0,0.005282291
708120419.jpg,Monarch,1,0.12233382
708121055.jpg,Monarch,1,0.9993567
708120055.jpg,Monarch,1,0.99994934
708118174.jpg,Monarch,1,0.99786997
708117847.jpg,Monarch,1,0.9398981
708115536.jpg,Monarch,0,0.01569757
708115515.jpg,Monarch,0,0.0067438423
708113723.jpg,Monarch,0,0.00040252897
708113145.jpg,Monarch,1,0.99999714
708112028.jpg,Monarch,0,0.00010534716
708112018.jpg,Monarch,1,0.99999356
708111739.jpg,Monarch,1,0.41967112
708110992.jpg,Monarch,1,0.9999639
708110652.jpg,Monarch,1,0.9653751
708110231.jpg,Monarch,1,0.7482298
708110012.jpg,Monarch,1,0.99840844
708109679.jpg,Monarch,0,0.0008576739
708109636.jpg,Monarch,1,0.99995565
709003702.jpg,Monarch,1,0.9444477
708108288.jpg,Monarch,1,0.98755366
708107864.jpg,Monarch,1,0.9999218
708107280.jpg,Monarch,1,0.3332029
708106098.jpg,Monarch,1,0.9989348
708105874.jpg,Monarch,1,0.47332668
708105702.jpg,Monarch,1,0.4783546
708105412.jpg,Monarch,1,0.9999734
708103257.jpg,Monarch,0,0.0045698537
708103616.jpg,Monarch,1,0.9999614
708102352.jpg,Monarch,1,1.0
708100390.jpg,Monarch,1,0.95484304
708101463.jpg,Monarch,1,0.8238193
708099998.jpg,Monarch,0,0.000206837
708098742.jpg,Monarch,0,0.0028572567
708095751.jpg,Monarch,1,0.9364654
708098591.jpg,Monarch,1,1.0
708096025.jpg,Monarch,0,0.00025185634
708097312.jpg,Monarch,1,0.56042886
708102032.jpg,Monarch,1,0.59019923
708096011.jpg,Monarch,1,0.9845904
708095309.jpg,Monarch,0,0.0031362532
708095332.jpg,Monarch,0,0.059694003
708094037.jpg,Monarch,1,0.9999999
708092096.jpg,Monarch,1,0.9999968
708091893.jpg,Monarch,1,0.99995506
708089752.jpg,Monarch,1,0.9902629
708089261.jpg,Monarch,1,0.99596846
708089172.jpg,Monarch,1,1.0
708086831.jpg,Monarch,0,0.0042656106
708086741.jpg,Monarch,1,0.9983804
708086717.jpg,Monarch,1,0.99998665
708086287.jpg,Monarch,0,0.015656563
708086096.jpg,Monarch,1,0.9811308
708086042.jpg,Monarch,1,0.9962314
708071906.jpg,Monarch,1,0.9971656
708084542.jpg,Monarch,1,0.99999964
708084419.jpg,Monarch,1,0.9789636
708083309.jpg,Monarch,1,0.59861076
708083023.jpg,Monarch,0,0.014406562
708082459.jpg,Monarch,1,0.99998224
708078982.jpg,Monarch,0,0.009574911
708081614.jpg,Monarch,1,0.9999608
708081631.jpg,Monarch,1,0.9999647
708080815.jpg,Monarch,0,0.004671728
708079245.jpg,Monarch,1,0.9763099
708078922.jpg,Monarch,1,0.23538357
708078381.jpg,Monarch,0,0.013072274
708078220.jpg,Monarch,1,0.9998541
708077990.jpg,Monarch,1,0.91378886
708077809.jpg,Monarch,1,0.99819994
708076854.jpg,Monarch,1,0.9987195
708075845.jpg,Monarch,1,0.9999883
708075342.jpg,Monarch,1,0.87027866
708075385.jpg,Monarch,1,0.999997
708072692.jpg,Monarch,0,0.0017543705
708071707.jpg,Monarch,1,0.9999845
708052052.jpg,Monarch,1,0.9988226
708068847.jpg,Monarch,1,0.5929447
708068798.jpg,Monarch,1,0.9999987
708068468.jpg,Monarch,1,0.9999918
708067596.jpg,Monarch,1,0.99999857
708067029.jpg,Monarch,1,0.17263113
708064339.jpg,Monarch,0,0.029617762
708064213.jpg,Monarch,0,3.996772e-05
708062859.jpg,Monarch,1,0.96832037
708060890.jpg,Monarch,0,3.9021248e-05
708060989.jpg,Monarch,0,1.6102017e-06
708059775.jpg,Monarch,1,0.9999864
708056292.jpg,Monarch,0,0.010287166
708055527.jpg,Monarch,1,0.9999974
708054685.jpg,Monarch,1,0.3778395
708054530.jpg,Monarch,1,0.9999982
708053483.jpg,Monarch,1,0.8910922
708052183.jpg,Monarch,1,0.99440515
708049995.jpg,Monarch,1,0.9740026
708049060.jpg,Monarch,1,0.88561416
708048300.jpg,Monarch,0,0.007902856
708048092.jpg,Monarch,1,0.9967848
708047742.jpg,Monarch,1,0.55286276
708046248.jpg,Monarch,1,0.9563957
708044227.jpg,Monarch,1,0.9999927
708043718.jpg,Monarch,1,0.6593794
708043531.jpg,Monarch,1,0.9999721
708040472.jpg,Monarch,0,0.06973039
708035869.jpg,Monarch,1,0.99999857
708034595.jpg,Monarch,1,0.9995268
708034234.jpg,Monarch,1,0.9999981
708033452.jpg,Monarch,1,0.9999999
708032010.jpg,Monarch,1,0.9999995
708031971.jpg,Monarch,1,0.92291915
708031343.jpg,Monarch,0,0.0008990099
708030640.jpg,Monarch,1,0.98219866
708030606.jpg,Monarch,1,0.99956816
708030598.jpg,Monarch,1,0.99771994
708029828.jpg,Monarch,1,1.0
708029735.jpg,Monarch,1,1.0
708029623.jpg,Monarch,1,1.0
708028397.jpg,Monarch,1,0.9522539
708026583.jpg,Monarch,1,0.9999982
708026125.jpg,Monarch,1,0.9560357
708025986.jpg,Monarch,1,0.6387992
708025970.jpg,Monarch,1,0.638411
708023332.jpg,Monarch,0,0.06440903
708022743.jpg,Monarch,1,0.997837
708022698.jpg,Monarch,0,0.0017951423
708022861.jpg,Monarch,1,0.99766386
708022412.jpg,Monarch,1,0.97650754
708022150.jpg,Monarch,1,0.999765
708021727.jpg,Monarch,1,0.9998914
708020560.jpg,Monarch,1,0.9207598
708021536.jpg,Monarch,1,0.49055374
708021315.jpg,Monarch,1,0.99959433
708021212.jpg,Monarch,1,0.9992869
708021149.jpg,Monarch,1,0.95870674
708020705.jpg,Monarch,0,0.0004535189
708019939.jpg,Monarch,0,0.009250167
708019973.jpg,Monarch,1,0.8806398
708019426.jpg,Monarch,1,0.99979734
708018182.jpg,Monarch,1,0.91351587
707872148.jpg,Monarch,0,0.061709125
708017775.jpg,Monarch,1,0.999902
708017733.jpg,Monarch,1,0.20215088
708017415.jpg,Monarch,1,0.9754571
708016521.jpg,Monarch,1,0.9999896
708016020.jpg,Monarch,0,0.018622082
708015433.jpg,Monarch,1,0.5233813
708014753.jpg,Monarch,0,0.003536286
708014102.jpg,Monarch,1,0.9999943
708013970.jpg,Monarch,1,0.9999999
708013783.jpg,Monarch,1,0.9999901
708009734.jpg,Monarch,0,0.09021423
708007328.jpg,Monarch,0,1.0753572e-05
708013598.jpg,Monarch,1,0.99996614
708011708.jpg,Monarch,0,0.013237632
708010927.jpg,Monarch,1,1.0
708010388.jpg,Monarch,0,0.006851162
708010387.jpg,Monarch,1,0.9241453
708010340.jpg,Monarch,1,0.9999658
708010063.jpg,Monarch,0,0.047727063
708009144.jpg,Monarch,1,0.31226146
708009106.jpg,Monarch,0,0.018159078
708008231.jpg,Monarch,1,0.10768387
708007082.jpg,Monarch,0,0.035405662
708006765.jpg,Monarch,1,0.25106716
708006633.jpg,Monarch,1,0.94466686
708004504.jpg,Monarch,1,0.99999964
708003225.jpg,Monarch,1,1.0
708002293.jpg,Monarch,1,0.27067786
708002184.jpg,Monarch,1,0.9671816
708001986.jpg,Monarch,1,0.98021287
708000518.jpg,Monarch,0,1.1679407e-05
708000308.jpg,Monarch,1,0.99999785
707997085.jpg,Monarch,1,0.99802977
707996616.jpg,Monarch,1,0.9999747
707993715.jpg,Monarch,0,2.5550074e-07
707993479.jpg,Monarch,1,0.9317356
707995791.jpg,Monarch,1,0.13863946
707992025.jpg,Monarch,0,0.0024343866
707995132.jpg,Monarch,1,0.9911293
707985570.jpg,Monarch,0,5.383301e-05
707992680.jpg,Monarch,0,0.002648647
707991076.jpg,Monarch,1,1.0
707990788.jpg,Monarch,1,1.0
707989341.jpg,Monarch,1,0.95095986
707988733.jpg,Monarch,1,1.0
707986193.jpg,Monarch,1,0.9998796
707986091.jpg,Monarch,1,0.99993
707988382.jpg,Monarch,1,0.98542583
707985837.jpg,Monarch,1,0.94470656
707981104.jpg,Monarch,0,0.023779482
707978207.jpg,Monarch,0,0.060918104
707973771.jpg,Monarch,1,0.6195315
707978026.jpg,Monarch,1,0.9999999
707973528.jpg,Monarch,1,0.98693603
707973116.jpg,Monarch,1,1.0
707972734.jpg,Monarch,0,0.0046030986
707972429.jpg,Monarch,1,0.99999714
707972242.jpg,Monarch,1,0.9999938
707970815.jpg,Monarch,1,0.9996756
707967807.jpg,Monarch,1,0.23655328
707969092.jpg,Monarch,0,0.0027701315
707966983.jpg,Monarch,1,0.9508248
707966743.jpg,Monarch,0,0.017004924
707966378.jpg,Monarch,1,0.99822444
707965048.jpg,Monarch,1,0.99923456
707964880.jpg,Monarch,1,0.999995
707964806.jpg,Monarch,1,0.9999914
707964612.jpg,Monarch,1,0.9995059
707964436.jpg,Monarch,1,0.99999046
707963938.jpg,Monarch,1,0.99602014
707963700.jpg,Monarch,0,0.04862002
709936578.jpg,Monarch,1,0.9972941
707962366.jpg,Monarch,1,0.4391357
707962303.jpg,Monarch,1,0.99595153
707961698.jpg,Monarch,0,0.03547965
707949914.jpg,Monarch,0,0.003716615
707957123.jpg,Monarch,1,0.7854211
707957100.jpg,Monarch,1,0.9765371
707957107.jpg,Monarch,0,0.0038492044
707957031.jpg,Monarch,1,0.6169957
707957023.jpg,Monarch,0,0.0217921
707960786.jpg,Monarch,1,0.82267517
707960382.jpg,Monarch,1,0.99996746
707960093.jpg,Monarch,1,1.0
707956375.jpg,Monarch,1,0.9355451
707958555.jpg,Monarch,1,0.99961007
707957765.jpg,Monarch,1,0.999263
707957743.jpg,Monarch,1,1.0
707955727.jpg,Monarch,1,0.99655706
707955734.jpg,Monarch,1,0.9985648
707953422.jpg,Monarch,1,0.99980545
707953233.jpg,Monarch,0,0.00022495752
707953246.jpg,Monarch,1,0.65350366
707951918.jpg,Monarch,1,0.5657655
707951676.jpg,Monarch,1,0.69619447
707950593.jpg,Monarch,0,0.010710014
707950056.jpg,Monarch,1,0.95924205
707952452.jpg,Monarch,1,0.999998
707947765.jpg,Monarch,1,1.0
707945184.jpg,Monarch,1,0.9999863
707940571.jpg,Monarch,1,0.9895627
707942717.jpg,Monarch,1,0.9966504
707942801.jpg,Monarch,1,0.99782604
707942312.jpg,Monarch,0,0.009362313
707941578.jpg,Monarch,0,0.0006473468
707940921.jpg,Monarch,0,0.045620676
707938133.jpg,Monarch,1,0.8931916
707937937.jpg,Monarch,1,0.998754
707937905.jpg,Monarch,0,0.00060683786
707930741.jpg,Monarch,0,0.0019276226
707934670.jpg,Monarch,1,0.99984133
707934699.jpg,Monarch,0,0.057827104
707934309.jpg,Monarch,1,0.9865116
707934043.jpg,Monarch,1,0.9999604
707933636.jpg,Monarch,1,0.88152134
707932948.jpg,Monarch,1,1.0
707929563.jpg,Monarch,1,0.28911084
707928727.jpg,Monarch,1,0.9772764
707928247.jpg,Monarch,1,0.81668985
707928117.jpg,Monarch,1,0.6816309
707927718.jpg,Monarch,1,0.99307173
707923853.jpg,Monarch,1,0.78831416
707926920.jpg,Monarch,0,0.0013622585
707925943.jpg,Monarch,0,4.4644315e-05
707925702.jpg,Monarch,1,0.361799
707923770.jpg,Monarch,1,0.99956757
707923679.jpg,Monarch,0,0.0049407766
707921703.jpg,Monarch,1,0.98909163
707921453.jpg,Monarch,1,1.0
707920706.jpg,Monarch,0,0.0011351164
707917450.jpg,Monarch,1,0.9999962
707917109.jpg,Monarch,0,0.03833758
707915833.jpg,Monarch,1,0.24284369
707909303.jpg,Monarch,1,0.15857837
707913375.jpg,Monarch,1,0.9997804
707912845.jpg,Monarch,0,0.0034785909
707912790.jpg,Monarch,1,0.99999976
707912635.jpg,Monarch,1,0.9575796
707912599.jpg,Monarch,1,0.9921482
707910735.jpg,Monarch,1,0.99986315
707910412.jpg,Monarch,0,0.00016816331
707909988.jpg,Monarch,1,0.9993999
707909076.jpg,Monarch,1,0.9361288
707907518.jpg,Monarch,1,1.0
707906461.jpg,Monarch,0,0.015999842
707906305.jpg,Monarch,0,0.0012242665
707905843.jpg,Monarch,0,0.095681526
707905817.jpg,Monarch,1,0.9999131
707905521.jpg,Monarch,1,0.9998195
707904626.jpg,Monarch,0,0.00025044548
707904374.jpg,Monarch,1,0.9200998
707902641.jpg,Monarch,0,0.074411385
707900745.jpg,Monarch,1,0.2965565
707899555.jpg,Monarch,0,9.479387e-06
707899210.jpg,Monarch,1,1.0
707896225.jpg,Monarch,0,0.00045281133
707895328.jpg,Monarch,1,0.99994063
707893873.jpg,Monarch,1,0.99990225
707900259.jpg,Monarch,1,0.9969771
707892000.jpg,Monarch,1,0.91761875
707890929.jpg,Monarch,1,0.9622685
707888960.jpg,Monarch,1,0.99981296
707888877.jpg,Monarch,1,0.9999472
707886840.jpg,Monarch,1,0.9999652
707888032.jpg,Monarch,0,0.0042613675
707886747.jpg,Monarch,1,0.9999212
707885594.jpg,Monarch,1,0.99969465
707885512.jpg,Monarch,0,0.0042617624
707884175.jpg,Monarch,1,0.9986266
707883022.jpg,Monarch,1,1.0
707881433.jpg,Monarch,1,0.987679
707881927.jpg,Monarch,1,0.9999951
707877941.jpg,Monarch,1,0.99869174
707877774.jpg,Monarch,0,0.0014068318
707875708.jpg,Monarch,1,0.96025866
707872412.jpg,Monarch,1,0.9982747
707871716.jpg,Monarch,1,1.0
707871084.jpg,Monarch,1,0.9994787
707870419.jpg,Monarch,1,0.988644
707870418.jpg,Monarch,1,0.99999905
707858788.jpg,Monarch,0,0.031873412
707869637.jpg,Monarch,1,0.99998367
707869065.jpg,Monarch,1,1.0
707866766.jpg,Monarch,0,0.00077784655
707865362.jpg,Monarch,1,0.48967484
707863318.jpg,Monarch,1,0.99995303
707862774.jpg,Monarch,1,0.99998236
707862648.jpg,Monarch,1,0.24891338
707861659.jpg,Monarch,1,0.9998703
707861198.jpg,Monarch,1,0.2991624
707860969.jpg,Monarch,1,0.99994016
707860087.jpg,Monarch,1,0.9956859
707859594.jpg,Monarch,1,0.9999633
707857453.jpg,Monarch,1,0.20546724
707857526.jpg,Monarch,1,0.9998777
707855891.jpg,Monarch,1,0.98790574
707855659.jpg,Monarch,0,0.07657487
707853127.jpg,Monarch,1,0.9975383
707852267.jpg,Monarch,1,0.4782311
707852145.jpg,Monarch,1,0.99999976
712623011.jpg,Monarch,1,0.9938665
707849426.jpg,Monarch,1,0.9999989
707843750.jpg,Monarch,1,0.27291167
707842940.jpg,Monarch,1,0.99971014
707842750.jpg,Monarch,1,0.9771014
707832292.jpg,Monarch,1,0.9998095
707831647.jpg,Monarch,1,0.99995303
707829832.jpg,Monarch,1,0.3651204
707827827.jpg,Monarch,1,0.7251563
707826631.jpg,Monarch,1,0.7877042
707826094.jpg,Monarch,1,0.17621061
707825804.jpg,Monarch,1,0.9997619
707823733.jpg,Monarch,1,1.0
707822676.jpg,Monarch,1,0.49086776
707822225.jpg,Monarch,1,0.98126125
707822099.jpg,Monarch,1,0.9999994
707817760.jpg,Monarch,1,0.99842584
709664148.jpg,Monarch,1,1.0
707815867.jpg,Monarch,1,1.0
707814202.jpg,Monarch,1,0.9995392
707809584.jpg,Monarch,1,0.99999976
707810753.jpg,Monarch,1,0.98904467
707801543.jpg,Monarch,1,0.97984374
707809594.jpg,Monarch,1,0.9956521
707806249.jpg,Monarch,1,0.999998
707783264.jpg,Monarch,0,1.4310756e-05
707803428.jpg,Monarch,1,0.9924851
707800584.jpg,Monarch,1,0.99950016
707800348.jpg,Monarch,1,0.9911657
707878085.jpg,Monarch,1,0.17533779
707797312.jpg,Monarch,1,0.9936887
707796952.jpg,Monarch,1,0.98235613
707796928.jpg,Monarch,1,0.99999964
707794214.jpg,Monarch,1,0.99979794
707794015.jpg,Monarch,1,0.9981693
707792323.jpg,Monarch,1,0.99836355
707793858.jpg,Monarch,1,1.0
707793617.jpg,Monarch,1,1.0
707793528.jpg,Monarch,1,0.16020851
707791376.jpg,Monarch,1,0.9996831
707789859.jpg,Monarch,1,0.9999999
707789723.jpg,Monarch,1,0.12669201
712257243.jpg,Monarch,0,0.004750096
707788862.jpg,Monarch,0,0.016502796
707788843.jpg,Monarch,1,0.9805165
707788117.jpg,Monarch,1,0.9999573
707785595.jpg,Monarch,1,0.99999523
707784187.jpg,Monarch,1,0.78319734
707784992.jpg,Monarch,1,1.0
707784902.jpg,Monarch,0,0.05586315
707779177.jpg,Monarch,1,0.28787574
707783379.jpg,Monarch,1,0.99999905
707780884.jpg,Monarch,1,0.99997365
707780515.jpg,Monarch,1,0.43589312
707776399.jpg,Monarch,1,0.19997178
707776848.jpg,Monarch,0,0.07445376
707773872.jpg,Monarch,1,1.0
707769941.jpg,Monarch,1,0.99999595
707766844.jpg,Monarch,1,0.99660313
707766593.jpg,Monarch,1,0.9995882
707762952.jpg,Monarch,1,0.7057532
707763725.jpg,Monarch,1,0.13753133
707762358.jpg,Monarch,1,1.0
707761086.jpg,Monarch,1,1.0
707760790.jpg,Monarch,1,0.99906826
707760107.jpg,Monarch,1,0.9994524
707759997.jpg,Monarch,0,6.30846e-05
707761141.jpg,Monarch,1,0.9996115
707758726.jpg,Monarch,0,0.014672186
707758602.jpg,Monarch,1,0.9999882
707756812.jpg,Monarch,1,0.8184546
707753827.jpg,Monarch,1,0.58826756
707753767.jpg,Monarch,1,0.99737203
707752596.jpg,Monarch,1,0.9999994
707752593.jpg,Monarch,1,0.9977585
707754685.jpg,Monarch,0,0.00021760353
707749681.jpg,Monarch,1,0.94550425
707746110.jpg,Monarch,1,0.9999827
707746025.jpg,Monarch,1,1.0
707744129.jpg,Monarch,1,0.988218
707742203.jpg,Monarch,1,0.12391475
707742147.jpg,Monarch,0,0.014855797
707740462.jpg,Monarch,0,0.0004580954
707733017.jpg,Monarch,1,0.2702033
707725372.jpg,Monarch,1,0.99960756
707716159.jpg,Monarch,1,0.85339314
707715804.jpg,Monarch,1,0.9999325
707705067.jpg,Monarch,1,0.9951337
707699598.jpg,Monarch,1,1.0
707677328.jpg,Monarch,0,0.045304224
707676783.jpg,Monarch,1,0.6593304
707652918.jpg,Monarch,0,0.017095476
707654119.jpg,Monarch,1,0.9999187
707649094.jpg,Monarch,1,0.99999964
707648041.jpg,Monarch,1,0.9663635
707645117.jpg,Monarch,1,0.99979377
707643440.jpg,Monarch,1,1.0
707641047.jpg,Monarch,1,1.0
707640239.jpg,Monarch,0,0.0013784163
707628301.jpg,Monarch,1,1.0
707626674.jpg,Monarch,1,0.1782901
707621564.jpg,Monarch,1,0.17773779
707619985.jpg,Monarch,0,0.0009100196
707609964.jpg,Monarch,1,0.9347099
707605793.jpg,Monarch,1,0.9994543
707601751.jpg,Monarch,1,0.9999783
707599848.jpg,Monarch,1,1.0
707598985.jpg,Monarch,1,0.85443544
707597169.jpg,Monarch,1,0.53560126
707596335.jpg,Monarch,1,0.99988735
707594620.jpg,Monarch,1,0.986355
707594304.jpg,Monarch,0,0.0072062085
707593030.jpg,Monarch,0,0.021945488
707570217.jpg,Monarch,0,0.004291709
707570174.jpg,Monarch,1,0.94103265
707570179.jpg,Monarch,1,0.51386654
707591857.jpg,Monarch,0,0.0061877803
707587491.jpg,Monarch,1,1.0
707585674.jpg,Monarch,0,0.09640969
707584936.jpg,Monarch,1,0.390349
707581637.jpg,Monarch,0,0.011094357
707579094.jpg,Monarch,1,0.196843
707582999.jpg,Monarch,1,0.4078439
707580617.jpg,Monarch,1,0.9995437
707579871.jpg,Monarch,1,0.9999863
707578735.jpg,Monarch,1,0.99995434
707578587.jpg,Monarch,1,0.99999857
707578000.jpg,Monarch,1,0.93727297
707577150.jpg,Monarch,1,0.14129919
707574151.jpg,Monarch,0,0.07809703
707577631.jpg,Monarch,1,0.9764242
707577422.jpg,Monarch,0,0.004015538
707577235.jpg,Monarch,1,0.88035405
707575103.jpg,Monarch,1,0.47413582
707565972.jpg,Monarch,0,0.05654865
707565922.jpg,Monarch,0,7.0161122e-06
707574350.jpg,Monarch,0,0.0104517415
707573425.jpg,Monarch,1,0.9895325
707573413.jpg,Monarch,1,0.90762156
707572986.jpg,Monarch,1,0.99933845
707571903.jpg,Monarch,1,0.99886537
707570960.jpg,Monarch,1,0.21178181
707565828.jpg,Monarch,1,0.9442666
707570168.jpg,Monarch,1,0.99816704
707570166.jpg,Monarch,1,0.99461985
707568647.jpg,Monarch,1,0.7098742
707567901.jpg,Monarch,1,0.99997556
707566252.jpg,Monarch,1,1.0
707566239.jpg,Monarch,1,1.0
707566028.jpg,Monarch,1,0.9930025
707563163.jpg,Monarch,1,0.8587997
707561412.jpg,Monarch,0,0.002505673
707560621.jpg,Monarch,0,0.00470934
707558291.jpg,Monarch,1,1.0
707558018.jpg,Monarch,0,0.0007380497
707557440.jpg,Monarch,0,0.008092968
707555572.jpg,Monarch,0,0.06549961
707550397.jpg,Monarch,0,0.004349269
707555953.jpg,Monarch,1,0.9855084
707555565.jpg,Monarch,0,0.040043227
707555010.jpg,Monarch,0,0.039765034
707551951.jpg,Monarch,1,0.65612257
707551826.jpg,Monarch,1,0.99992454
707551831.jpg,Monarch,1,0.18921083
707551786.jpg,Monarch,1,0.9836507
707551776.jpg,Monarch,0,0.08175896
707551723.jpg,Monarch,1,0.99997914
707551665.jpg,Monarch,1,0.9992353
707551512.jpg,Monarch,1,0.16879706
707551479.jpg,Monarch,1,0.9827111
707551614.jpg,Monarch,1,0.19209287
707551549.jpg,Monarch,0,0.002392794
707550877.jpg,Monarch,0,5.099032e-06
707549700.jpg,Monarch,1,0.9999218
707549421.jpg,Monarch,1,0.8315649
707549034.jpg,Monarch,1,0.15964966
707548778.jpg,Monarch,1,0.99997246
707548636.jpg,Monarch,1,0.9975625
707548638.jpg,Monarch,1,0.8337942
707548379.jpg,Monarch,1,0.99991405
707548193.jpg,Monarch,1,0.99999297
707547996.jpg,Monarch,1,0.99947524
707546300.jpg,Monarch,0,0.008339894
707543417.jpg,Monarch,0,0.00040584375
707541129.jpg,Monarch,1,0.9601183
707540418.jpg,Monarch,1,0.9999857
707540144.jpg,Monarch,1,0.95184404
707536197.jpg,Monarch,1,0.9999045
707538627.jpg,Monarch,1,0.99999464
707537663.jpg,Monarch,1,0.9992986
707535136.jpg,Monarch,1,0.9993123
707535022.jpg,Monarch,1,0.9992421
707532824.jpg,Monarch,1,0.9998759
707527911.jpg,Monarch,0,0.004425795
709267112.jpg,Monarch,0,0.00011711417
707528330.jpg,Monarch,0,0.029608171
707527890.jpg,Monarch,1,0.9999045
707526793.jpg,Monarch,1,0.99291754
707526223.jpg,Monarch,0,0.006981099
707524551.jpg,Monarch,0,1.3653985e-05
707510269.jpg,Monarch,1,0.9999845
707521995.jpg,Monarch,0,0.0046528107
707518185.jpg,Monarch,1,0.29433364
707516692.jpg,Monarch,0,2.0473357e-05
707516238.jpg,Monarch,0,0.00063124107
707516190.jpg,Monarch,0,0.012601113
707513640.jpg,Monarch,0,0.032475136
707513596.jpg,Monarch,0,0.008049874
707514371.jpg,Monarch,1,0.9995789
707514120.jpg,Monarch,0,0.041418057
707513874.jpg,Monarch,1,0.999894
707512399.jpg,Monarch,1,0.99391854
707509629.jpg,Monarch,0,0.09316412
707509617.jpg,Monarch,1,0.31467137
707507908.jpg,Monarch,1,0.73113024
707507907.jpg,Monarch,1,0.85102344
707508519.jpg,Monarch,1,0.999998
707509379.jpg,Monarch,0,0.0007770801
707501075.jpg,Monarch,0,0.038711213
707508133.jpg,Monarch,1,0.99311596
707507779.jpg,Monarch,0,0.00054457545
707507660.jpg,Monarch,1,0.6887558
707507621.jpg,Monarch,0,0.00020804847
707506822.jpg,Monarch,0,0.0041878917
707506937.jpg,Monarch,1,0.14796163
707503654.jpg,Monarch,1,0.66299826
707491581.jpg,Monarch,1,0.27388027
707504807.jpg,Monarch,1,1.0
707491227.jpg,Monarch,1,0.8026661
707504406.jpg,Monarch,1,0.9999999
707506245.jpg,Monarch,1,0.99091035
707502694.jpg,Monarch,1,0.99997294
707501824.jpg,Monarch,1,0.99992716
707501145.jpg,Monarch,1,0.9998944
707500818.jpg,Monarch,1,0.9999869
707475866.jpg,Monarch,1,0.98284245
707475585.jpg,Monarch,1,0.9981839
707499645.jpg,Monarch,1,0.34118143
707498317.jpg,Monarch,1,0.99897194
707495975.jpg,Monarch,0,4.8668055e-05
707494961.jpg,Monarch,1,0.9999994
707494700.jpg,Monarch,1,0.998365
707474088.jpg,Monarch,1,0.80662966
707492947.jpg,Monarch,1,0.9994481
707492814.jpg,Monarch,1,1.0
707492038.jpg,Monarch,1,0.4323782
707491645.jpg,Monarch,1,0.95278496
707491518.jpg,Monarch,1,0.8528152
707491443.jpg,Monarch,0,0.0065709073
707491221.jpg,Monarch,0,0.06280862
707489884.jpg,Monarch,0,0.00054902583
707489913.jpg,Monarch,1,0.9995234
707489599.jpg,Monarch,1,0.992023
707489464.jpg,Monarch,1,0.99999714
707488292.jpg,Monarch,1,0.9491627
707487945.jpg,Monarch,1,0.99999976
707487837.jpg,Monarch,1,1.0
707485889.jpg,Monarch,0,0.014021995
707484934.jpg,Monarch,1,1.0
707483395.jpg,Monarch,1,0.8327659
707483148.jpg,Monarch,1,0.99935
707478361.jpg,Monarch,0,0.034205753
707477841.jpg,Monarch,1,0.34872222
707482316.jpg,Monarch,1,0.91767085
707481915.jpg,Monarch,1,0.9999937
707480568.jpg,Monarch,1,0.97279567
707479539.jpg,Monarch,1,0.9999708
707478882.jpg,Monarch,1,0.9999999
707477630.jpg,Monarch,1,1.0
707477019.jpg,Monarch,0,0.07698599
707476416.jpg,Monarch,1,0.95653343
707476247.jpg,Monarch,1,1.0
707475762.jpg,Monarch,0,0.053683672
707474169.jpg,Monarch,1,0.99999475
707472293.jpg,Monarch,1,0.9999472
707471685.jpg,Monarch,1,0.9999479
707471228.jpg,Monarch,0,0.00040760206
707470289.jpg,Monarch,1,0.9883712
707453632.jpg,Monarch,1,0.22005332
707469240.jpg,Monarch,1,0.77816314
707467389.jpg,Monarch,1,0.9997885
707466095.jpg,Monarch,1,0.9141293
707465126.jpg,Monarch,1,0.96966076
707461084.jpg,Monarch,1,0.99963915
707461077.jpg,Monarch,1,0.9999411
707461016.jpg,Monarch,1,0.5879154
707461015.jpg,Monarch,0,0.0113508515
707462438.jpg,Monarch,1,0.37606952
707458280.jpg,Monarch,0,0.00080567895
707464195.jpg,Monarch,1,0.9983822
707463863.jpg,Monarch,1,0.92824566
707462318.jpg,Monarch,1,0.99901617
707461299.jpg,Monarch,0,0.0044958135
707451272.jpg,Monarch,0,7.5215714e-05
707458927.jpg,Monarch,1,0.6659303
707458951.jpg,Monarch,0,0.0075631477
707458270.jpg,Monarch,0,0.0069904663
707458199.jpg,Monarch,1,0.9999982
707458046.jpg,Monarch,1,0.9999987
707456944.jpg,Monarch,1,1.0
707456739.jpg,Monarch,1,1.0
707456703.jpg,Monarch,0,0.0008887791
707456018.jpg,Monarch,1,1.0
707447478.jpg,Monarch,0,0.0062897834
707454990.jpg,Monarch,1,0.9793016
707454100.jpg,Monarch,1,0.99813604
707453295.jpg,Monarch,1,0.9395344
707449988.jpg,Monarch,1,0.50096095
707448823.jpg,Monarch,1,0.17595871
707447232.jpg,Monarch,0,0.002389793
707444441.jpg,Monarch,1,0.9999728
707444066.jpg,Monarch,1,0.9995059
707443610.jpg,Monarch,1,0.9904949
707442722.jpg,Monarch,1,0.9990546
707441442.jpg,Monarch,1,0.35215944
707441062.jpg,Monarch,0,2.153954e-05
707441055.jpg,Monarch,1,0.99999225
707440969.jpg,Monarch,1,0.90623075
707438848.jpg,Monarch,1,0.98711115
707420474.jpg,Monarch,1,0.55325586
707436933.jpg,Monarch,1,0.9964125
707437924.jpg,Monarch,1,0.9020435
707437137.jpg,Monarch,1,0.758107
707436862.jpg,Monarch,1,0.99999976
707863785.jpg,Monarch,1,1.0
707436476.jpg,Monarch,1,0.99736637
707436371.jpg,Monarch,1,0.36016992
707436133.jpg,Monarch,1,0.999781
707435960.jpg,Monarch,1,0.3811856
707434362.jpg,Monarch,1,0.999997
707433942.jpg,Monarch,0,0.00018469138
707433062.jpg,Monarch,1,1.0
707433046.jpg,Monarch,1,0.9999999
707432862.jpg,Monarch,1,0.96916324
707432513.jpg,Monarch,1,0.9160069
707431975.jpg,Monarch,1,0.8667401
707430924.jpg,Monarch,1,0.7654539
707430589.jpg,Monarch,1,0.9996499
707430367.jpg,Monarch,1,0.23368418
707430146.jpg,Monarch,1,0.999907
707430134.jpg,Monarch,0,0.0020253295
707429734.jpg,Monarch,1,0.9355839
707430041.jpg,Monarch,1,0.999995
707427018.jpg,Monarch,0,0.012595809
707426552.jpg,Monarch,1,0.996366
707423487.jpg,Monarch,1,0.34859845
707423646.jpg,Monarch,1,1.0
707418730.jpg,Monarch,1,0.99950206
707417308.jpg,Monarch,0,0.0022803175
707415271.jpg,Monarch,1,0.99983275
707414093.jpg,Monarch,1,1.0
707412530.jpg,Monarch,1,1.0
707411882.jpg,Monarch,1,0.6569169
707410511.jpg,Monarch,1,0.9994947
707409185.jpg,Monarch,0,0.03201819
707406660.jpg,Monarch,1,0.41189843
707406426.jpg,Monarch,1,0.9952832
707405964.jpg,Monarch,1,0.9999188
707404660.jpg,Monarch,1,0.64191294
707404559.jpg,Monarch,1,1.0
707404024.jpg,Monarch,1,0.9670893
707403783.jpg,Monarch,1,0.9999057
707401894.jpg,Monarch,1,0.87926716
707401748.jpg,Monarch,1,1.0
707401402.jpg,Monarch,1,0.6521006
707399619.jpg,Monarch,1,0.9964413
707395433.jpg,Monarch,1,0.66141546
707395277.jpg,Monarch,1,0.9999995
707395106.jpg,Monarch,1,0.9999995
707392196.jpg,Monarch,1,0.45553076
707393377.jpg,Monarch,0,0.05997613
707392914.jpg,Monarch,1,0.97192925
707392800.jpg,Monarch,1,0.99967796
707389442.jpg,Monarch,1,0.9999045
707391006.jpg,Monarch,0,0.029386977
707387481.jpg,Monarch,1,0.9998239
707386482.jpg,Monarch,1,0.9973507
707386523.jpg,Monarch,1,0.7831028
707386441.jpg,Monarch,1,0.9999924
707386088.jpg,Monarch,1,0.99989676
707384690.jpg,Monarch,1,0.99944776
707383308.jpg,Monarch,0,0.023045406
707382305.jpg,Monarch,1,0.999998
707381511.jpg,Monarch,1,0.102297336
707379226.jpg,Monarch,1,0.99998546
707376949.jpg,Monarch,1,0.99975246
707374970.jpg,Monarch,1,0.99922585
707372498.jpg,Monarch,1,0.99996793
707371586.jpg,Monarch,1,0.99833965
707371164.jpg,Monarch,1,0.21217181
707371112.jpg,Monarch,1,0.99999726
707370700.jpg,Monarch,1,0.99999154
707361173.jpg,Monarch,0,4.9221147e-05
707366853.jpg,Monarch,1,0.99999523
707366604.jpg,Monarch,0,0.020299027
707366123.jpg,Monarch,1,0.99999964
707365404.jpg,Monarch,1,0.99999523
707363653.jpg,Monarch,0,0.09390653
707364393.jpg,Monarch,1,0.99998665
708061357.jpg,Monarch,1,0.99999344
707362948.jpg,Monarch,1,0.37180406
707359073.jpg,Monarch,1,0.30969515
707358990.jpg,Monarch,1,0.90337586
707359878.jpg,Monarch,1,0.99616265
707356447.jpg,Monarch,1,0.9997884
707352999.jpg,Monarch,1,0.9999938
707352413.jpg,Monarch,1,0.99937665
707351174.jpg,Monarch,0,4.5228047e-05
707350642.jpg,Monarch,1,1.0
707346378.jpg,Monarch,0,0.0018327195
707349853.jpg,Monarch,1,0.19828416
707347994.jpg,Monarch,1,0.9999739
707347712.jpg,Monarch,1,0.14559613
707776481.jpg,Monarch,1,1.0
707346348.jpg,Monarch,1,0.9959793
707346131.jpg,Monarch,1,0.9955989
707345317.jpg,Monarch,1,0.8068894
707345221.jpg,Monarch,1,0.8163716
707344466.jpg,Monarch,0,0.015099566
707344103.jpg,Monarch,1,0.99999976
707344175.jpg,Monarch,1,0.1870346
707342052.jpg,Monarch,1,0.95919204
707341341.jpg,Monarch,1,0.99960744
707340553.jpg,Monarch,1,1.0
707340077.jpg,Monarch,1,0.7137252
707335377.jpg,Monarch,0,6.016383e-05
707339569.jpg,Monarch,1,0.99997663
707339190.jpg,Monarch,0,1.9550405e-06
707338981.jpg,Monarch,1,0.5771094
707338921.jpg,Monarch,1,0.99927
707338647.jpg,Monarch,1,0.9999974
707337558.jpg,Monarch,1,0.99985707
707336659.jpg,Monarch,1,0.9321858
707336596.jpg,Monarch,1,0.9111957
707335384.jpg,Monarch,1,0.999933
709695183.jpg,Monarch,1,0.99978065
707332859.jpg,Monarch,0,0.0017261255
707332764.jpg,Monarch,1,0.9999914
707332590.jpg,Monarch,1,0.9874894
707331915.jpg,Monarch,0,0.052997243
707330435.jpg,Monarch,0,0.00034112588
707330745.jpg,Monarch,1,0.9978071
707326412.jpg,Monarch,1,1.0
707323857.jpg,Monarch,1,0.9967631
707324188.jpg,Monarch,1,0.9956476
707323603.jpg,Monarch,1,0.785344
707322456.jpg,Monarch,0,0.014411247
707322754.jpg,Monarch,1,0.9977241
707303219.jpg,Monarch,0,0.024925815
707302166.jpg,Monarch,1,0.9860554
707319982.jpg,Monarch,1,0.99997354
707324697.jpg,Monarch,1,0.9998858
707319400.jpg,Monarch,1,0.97673994
707319282.jpg,Monarch,1,0.99995434
707317379.jpg,Monarch,1,0.999825
707316471.jpg,Monarch,1,0.99940896
707315105.jpg,Monarch,1,0.97729045
707313637.jpg,Monarch,1,0.9991711
707309382.jpg,Monarch,0,2.4900366e-05
707309161.jpg,Monarch,1,0.30356842
707307802.jpg,Monarch,1,1.0
707305677.jpg,Monarch,0,0.0057769096
707305616.jpg,Monarch,1,0.9529996
707305460.jpg,Monarch,1,1.0
707305375.jpg,Monarch,1,0.9993818
707304607.jpg,Monarch,1,0.9886988
707303819.jpg,Monarch,0,0.00018406974
707303816.jpg,Monarch,1,0.995968
707303196.jpg,Monarch,1,0.990039
707299050.jpg,Monarch,1,0.7907643
707301647.jpg,Monarch,1,0.96758974
707301216.jpg,Monarch,0,0.016400764
707300232.jpg,Monarch,1,0.23790224
707299356.jpg,Monarch,1,0.97104925
707299175.jpg,Monarch,0,0.0029771153
707296168.jpg,Monarch,0,0.0008950518
707297839.jpg,Monarch,1,0.999858
707295330.jpg,Monarch,1,0.43844065
707295022.jpg,Monarch,1,0.99493897
707294554.jpg,Monarch,1,0.9999999
707294103.jpg,Monarch,1,0.9841235
707293744.jpg,Monarch,1,0.99109966
707294044.jpg,Monarch,0,0.0008766581
707293026.jpg,Monarch,1,0.13665117
707292499.jpg,Monarch,1,0.9999925
707291695.jpg,Monarch,1,0.9972371
707290096.jpg,Monarch,1,0.99999905
707286168.jpg,Monarch,1,0.4348487
707289253.jpg,Monarch,1,0.8827093
707288697.jpg,Monarch,1,0.9999765
707288091.jpg,Monarch,1,0.99999976
707287762.jpg,Monarch,0,0.000119339864
707286971.jpg,Monarch,1,0.9998944
707285764.jpg,Monarch,1,0.99999464
707284170.jpg,Monarch,0,0.027142357
707282658.jpg,Monarch,1,0.9987287
707281780.jpg,Monarch,1,0.9999007
707279824.jpg,Monarch,1,0.16173877
707270271.jpg,Monarch,0,0.022713432
707276401.jpg,Monarch,0,6.232883e-06
707266471.jpg,Monarch,0,0.04087843
707270589.jpg,Monarch,0,9.231015e-05
707269317.jpg,Monarch,0,0.00092212966
708180463.jpg,Monarch,1,0.49453026
707265330.jpg,Monarch,0,0.00013520209
707264234.jpg,Monarch,1,0.99714166
707264053.jpg,Monarch,1,0.9999963
708509357.jpg,Monarch,1,0.99985814
707258628.jpg,Monarch,1,0.99992454
707853707.jpg,Monarch,1,0.9991497
707250347.jpg,Monarch,1,0.3141784
707252970.jpg,Monarch,0,0.047836185
707251813.jpg,Monarch,1,0.27348897
707251284.jpg,Monarch,1,0.99994135
707250243.jpg,Monarch,1,0.474966
707249194.jpg,Monarch,1,0.99383974
707247330.jpg,Monarch,0,0.009711517
707247154.jpg,Monarch,1,0.9779783
707246937.jpg,Monarch,1,0.99999964
707246120.jpg,Monarch,0,7.63478e-05
707247010.jpg,Monarch,1,0.43160295
707245775.jpg,Monarch,1,1.0
707245322.jpg,Monarch,1,0.99991035
707244385.jpg,Monarch,0,0.0061871056
707244146.jpg,Monarch,1,0.9643541
707244089.jpg,Monarch,0,0.023072584
707244083.jpg,Monarch,1,0.9864886
707243432.jpg,Monarch,1,0.9999999
707242707.jpg,Monarch,0,0.00014685217
707243934.jpg,Monarch,1,0.99989295
707242051.jpg,Monarch,1,0.9999107
707239337.jpg,Monarch,1,0.90769297
707237357.jpg,Monarch,1,0.9999397
707235091.jpg,Monarch,1,0.99999976
707233801.jpg,Monarch,0,0.0034712497
707232863.jpg,Monarch,1,0.12847984
707232316.jpg,Monarch,1,0.9712056
707232081.jpg,Monarch,1,0.994929
707231898.jpg,Monarch,0,6.3133455e-05
707229001.jpg,Monarch,0,0.0005059509
707228423.jpg,Monarch,1,0.97566223
707227197.jpg,Monarch,1,0.85419303
707226526.jpg,Monarch,0,0.0047703437
707225522.jpg,Monarch,1,0.3255455
707225015.jpg,Monarch,1,0.99977183
707223750.jpg,Monarch,0,0.00079082587
707189821.jpg,Monarch,1,0.9565735
707223618.jpg,Monarch,1,0.9999964
707222039.jpg,Monarch,1,1.0
707221951.jpg,Monarch,1,0.98487383
707221408.jpg,Monarch,1,0.9996455
707220656.jpg,Monarch,1,0.99999857
707220337.jpg,Monarch,1,1.0
707218749.jpg,Monarch,0,0.0024005496
707218212.jpg,Monarch,1,1.0
707217703.jpg,Monarch,1,0.99241245
707216242.jpg,Monarch,0,0.0006559182
707210644.jpg,Monarch,1,0.876134
707209817.jpg,Monarch,0,0.0088888975
707208946.jpg,Monarch,0,0.009346328
707209206.jpg,Monarch,1,0.99507064
707204928.jpg,Monarch,0,5.4404613e-06
707202892.jpg,Monarch,1,0.9047421
707202032.jpg,Monarch,0,0.03801539
707201604.jpg,Monarch,1,0.9999982
707200796.jpg,Monarch,0,0.0021992864
707198921.jpg,Monarch,0,0.049375765
707199523.jpg,Monarch,1,0.99997663
707194844.jpg,Monarch,1,0.99984217
707191109.jpg,Monarch,0,0.00033338522
707190096.jpg,Monarch,1,0.99977815
707188680.jpg,Monarch,1,0.34268478
707188666.jpg,Monarch,1,0.9981815
707187872.jpg,Monarch,1,0.9999727
707185919.jpg,Monarch,1,0.9999987
707185370.jpg,Monarch,0,0.0030412106
707184771.jpg,Monarch,0,0.00010219172
707184219.jpg,Monarch,1,0.98020476
707181503.jpg,Monarch,1,0.85545194
707178072.jpg,Monarch,1,0.16200069
707176923.jpg,Monarch,0,0.02061011
707483704.jpg,Monarch,0,0.022512259
707151543.jpg,Monarch,1,0.40406993
707151541.jpg,Monarch,1,0.9997211
707151507.jpg,Monarch,1,0.28702548
707149348.jpg,Monarch,0,0.010289798
707149309.jpg,Monarch,0,0.002046456
707149212.jpg,Monarch,0,0.006029443
707149076.jpg,Monarch,1,0.15470807
707149033.jpg,Monarch,1,0.9961122
707157790.jpg,Monarch,1,0.9660565
707153523.jpg,Monarch,1,0.99759656
707153515.jpg,Monarch,0,0.06889346
707153353.jpg,Monarch,1,0.66270286
707152967.jpg,Monarch,0,0.0043558693
707146000.jpg,Monarch,1,0.9999993
707143306.jpg,Monarch,1,0.99830556
707142094.jpg,Monarch,1,0.29388794
707141227.jpg,Monarch,1,0.25448012
707132934.jpg,Monarch,0,0.058422282
707105982.jpg,Monarch,1,0.20807585
707105972.jpg,Monarch,0,0.09576491
707105952.jpg,Monarch,1,0.6439852
707105857.jpg,Monarch,0,3.1566567e-05
707105783.jpg,Monarch,1,0.9852512
707100691.jpg,Monarch,1,0.62007076
707092201.jpg,Monarch,1,0.80965996
707088493.jpg,Monarch,1,0.9999758
707087217.jpg,Monarch,1,0.34658188
707087013.jpg,Monarch,1,0.99167776
707084919.jpg,Monarch,1,0.9071223
707078724.jpg,Monarch,1,0.84697014
707070626.jpg,Monarch,1,0.9999995
707070929.jpg,Monarch,1,0.75486493
707069324.jpg,Monarch,1,0.9623009
707068542.jpg,Monarch,1,0.9917786
707068034.jpg,Monarch,1,0.2771183
707065673.jpg,Monarch,1,0.91053116
707065671.jpg,Monarch,0,0.0128567135
707065662.jpg,Monarch,1,0.7258536
707065626.jpg,Monarch,0,0.025663437
707064476.jpg,Monarch,0,0.003334621
707060709.jpg,Monarch,1,0.6073356
707062062.jpg,Monarch,1,0.904819
707061728.jpg,Monarch,1,0.99118924
707061530.jpg,Monarch,1,0.9979202
707060844.jpg,Monarch,1,0.99890673
707059867.jpg,Monarch,1,0.9988826
707050235.jpg,Monarch,1,0.30628538
707042667.jpg,Monarch,0,0.0070106965
707045648.jpg,Monarch,0,0.008911939
707047356.jpg,Monarch,0,0.00014057847
707044438.jpg,Monarch,0,0.0015314799
707040141.jpg,Monarch,1,0.8184112
707039246.jpg,Monarch,1,0.37815416
707031832.jpg,Monarch,1,0.23545171
707031754.jpg,Monarch,1,0.6957963
707041899.jpg,Monarch,1,0.9973265
707023125.jpg,Monarch,0,0.013177293
707023091.jpg,Monarch,0,0.0012953843
707039245.jpg,Monarch,1,0.1315751
707034947.jpg,Monarch,0,0.025317522
707034054.jpg,Monarch,0,0.0015318439
707033612.jpg,Monarch,1,0.9964753
707031820.jpg,Monarch,0,0.00023133213
707028779.jpg,Monarch,1,0.3745858
707025941.jpg,Monarch,1,0.6834452
707025197.jpg,Monarch,1,0.98628676
707021617.jpg,Monarch,1,0.99366504
707021440.jpg,Monarch,1,0.96536946
707021293.jpg,Monarch,1,0.51374173
707012823.jpg,Monarch,1,0.23483099
707012345.jpg,Monarch,1,0.97266734
707016032.jpg,Monarch,1,0.97817594
707005256.jpg,Monarch,1,0.6189852
707009477.jpg,Monarch,1,0.9999999
707005816.jpg,Monarch,1,0.99913836
707007085.jpg,Monarch,1,0.9989874
707005140.jpg,Monarch,0,0.091352634
707003745.jpg,Monarch,0,0.04505102
706996923.jpg,Monarch,1,0.92656
707000306.jpg,Monarch,1,0.99559194
706998160.jpg,Monarch,1,1.0
706993561.jpg,Monarch,1,0.9933704
706993448.jpg,Monarch,1,0.99833506
706993035.jpg,Monarch,1,0.23174228
706990360.jpg,Monarch,1,0.99994695
706989604.jpg,Monarch,1,0.9982577
706989171.jpg,Monarch,1,0.99966574
706985512.jpg,Monarch,0,0.007686469
706985096.jpg,Monarch,1,0.99993074
706984419.jpg,Monarch,1,0.99998224
706984279.jpg,Monarch,1,0.98913926
706984113.jpg,Monarch,1,0.9914621
706984041.jpg,Monarch,1,1.0
706983948.jpg,Monarch,1,0.9999422
706981492.jpg,Monarch,0,0.0006950903
706973192.jpg,Monarch,0,1.2890999e-05
706980352.jpg,Monarch,1,0.20998865
706976704.jpg,Monarch,1,0.2754483
706976409.jpg,Monarch,0,0.045172457
706976421.jpg,Monarch,1,0.9999912
706977149.jpg,Monarch,1,0.99915683
706977360.jpg,Monarch,1,0.99997437
706974657.jpg,Monarch,1,0.9864255
706973949.jpg,Monarch,1,0.9999639
706973320.jpg,Monarch,0,0.0044855643
706972907.jpg,Monarch,1,0.34439555
706971799.jpg,Monarch,1,1.0
706971845.jpg,Monarch,1,0.9996182
706971685.jpg,Monarch,1,0.9485135
706971482.jpg,Monarch,1,0.8572542
706970920.jpg,Monarch,1,0.27127093
706970503.jpg,Monarch,1,0.16849777
706970109.jpg,Monarch,0,0.015313499
706969631.jpg,Monarch,1,0.8852413
706969431.jpg,Monarch,1,0.9998702
706969144.jpg,Monarch,1,0.9933013
706967950.jpg,Monarch,1,0.825308
706966902.jpg,Monarch,0,0.012745777
706966928.jpg,Monarch,1,0.3212928
706966655.jpg,Monarch,1,0.99947464
706961710.jpg,Monarch,1,0.999876
706961331.jpg,Monarch,1,0.9999869
707221911.jpg,Monarch,1,0.9999938
706956276.jpg,Monarch,1,0.96043265
706956231.jpg,Monarch,1,0.99990714
706956161.jpg,Monarch,1,0.99404645
706956160.jpg,Monarch,1,0.99999976
706956751.jpg,Monarch,1,0.6843979
708065403.jpg,Monarch,0,0.0019086184
706955841.jpg,Monarch,0,0.0233949
706955848.jpg,Monarch,1,0.7194515
706955005.jpg,Monarch,0,0.0011364223
706953497.jpg,Monarch,1,0.9987452
706947438.jpg,Monarch,0,0.00022267332
706951389.jpg,Monarch,1,0.99999976
706950663.jpg,Monarch,1,0.99874413
710289658.jpg,Monarch,1,0.99995756
706949254.jpg,Monarch,1,0.28031844
706948631.jpg,Monarch,1,0.75168437
706948274.jpg,Monarch,1,0.99893326
712029858.jpg,Monarch,0,0.008460671
706942108.jpg,Monarch,1,0.9999058
706943503.jpg,Monarch,1,0.99974304
706940090.jpg,Monarch,1,1.0
706939735.jpg,Monarch,1,0.99920195
706939043.jpg,Monarch,1,0.9986424
706938707.jpg,Monarch,1,0.13552666
706937893.jpg,Monarch,1,0.9885768
706937002.jpg,Monarch,1,0.95034057
706933896.jpg,Monarch,1,0.66477746
706932851.jpg,Monarch,1,0.99601406
706933449.jpg,Monarch,1,0.9998418
706933904.jpg,Monarch,0,0.00027864715
706934131.jpg,Monarch,1,0.9167103
706933056.jpg,Monarch,1,0.9989423
706932261.jpg,Monarch,0,0.0045263576
706932119.jpg,Monarch,1,0.9999989
706930259.jpg,Monarch,1,0.99947786
706930072.jpg,Monarch,1,0.99999213
706929916.jpg,Monarch,0,0.0241418
706929687.jpg,Monarch,1,0.22947522
706929345.jpg,Monarch,1,0.93135434
706928366.jpg,Monarch,1,0.9999999
706928168.jpg,Monarch,1,0.99972767
706928115.jpg,Monarch,1,0.9999243
706927901.jpg,Monarch,1,1.0
706915601.jpg,Monarch,0,0.009280676
706926896.jpg,Monarch,0,0.04862848
706926831.jpg,Monarch,1,0.81924504
706926692.jpg,Monarch,0,0.05997613
706927093.jpg,Monarch,1,0.9941168
706925690.jpg,Monarch,0,0.00029496697
706925441.jpg,Monarch,0,0.0037382944
706924764.jpg,Monarch,1,0.29906964
706924489.jpg,Monarch,0,0.08899392
706923439.jpg,Monarch,1,0.99981964
706922738.jpg,Monarch,1,0.99486274
706922211.jpg,Monarch,1,0.35128438
706922097.jpg,Monarch,1,0.9988594
706922024.jpg,Monarch,1,0.9959973
706919294.jpg,Monarch,1,1.0
706918559.jpg,Monarch,1,0.9995493
706917347.jpg,Monarch,1,0.99407035
706917135.jpg,Monarch,1,1.0
706915863.jpg,Monarch,1,0.9999999
706915461.jpg,Monarch,1,0.9999629
706942750.jpg,Monarch,1,0.9718264
706910779.jpg,Monarch,1,0.4568247
706910744.jpg,Monarch,0,0.0010894263
706910721.jpg,Monarch,0,0.09301344
706910405.jpg,Monarch,0,0.08997847
706910300.jpg,Monarch,1,0.80051607
706910247.jpg,Monarch,1,0.97840637
706910217.jpg,Monarch,1,0.9860891
706910214.jpg,Monarch,0,0.0777897
706910170.jpg,Monarch,1,0.7353233
706910127.jpg,Monarch,0,0.0068721985
706910095.jpg,Monarch,1,0.39212695
706909901.jpg,Monarch,1,0.3682807
706909887.jpg,Monarch,0,1.3770787e-05
706912588.jpg,Monarch,1,0.9997885
706912066.jpg,Monarch,1,0.9999676
706911591.jpg,Monarch,1,0.9991656
706911498.jpg,Monarch,1,0.29617864
706911377.jpg,Monarch,1,0.8373813
706910754.jpg,Monarch,1,0.99999094
706909629.jpg,Monarch,1,1.0
706908820.jpg,Monarch,1,0.988912
706908664.jpg,Monarch,1,1.0
706907854.jpg,Monarch,1,0.99881476
706894850.jpg,Monarch,0,0.002672391
706903937.jpg,Monarch,1,0.5584635
706907057.jpg,Monarch,1,0.9999957
706905088.jpg,Monarch,0,0.096015036
706904477.jpg,Monarch,0,0.012779987
706904142.jpg,Monarch,1,0.22326778
706903078.jpg,Monarch,0,0.05267516
706899446.jpg,Monarch,1,0.97496504
706902881.jpg,Monarch,1,0.9999999
706902620.jpg,Monarch,1,0.9936194
706901536.jpg,Monarch,0,0.046755455
706901539.jpg,Monarch,1,0.9999962
706900471.jpg,Monarch,1,0.9975199
706901141.jpg,Monarch,1,0.99903107
706901007.jpg,Monarch,1,0.84818155
706900661.jpg,Monarch,0,0.014529392
706900096.jpg,Monarch,1,1.0
706899289.jpg,Monarch,1,0.9999887
706897346.jpg,Monarch,1,0.99289286
706896483.jpg,Monarch,0,0.0031871204
706883562.jpg,Monarch,1,0.84779686
706892853.jpg,Monarch,1,0.99984705
706892069.jpg,Monarch,1,0.9999125
706891752.jpg,Monarch,1,0.9980515
706889978.jpg,Monarch,0,0.008326812
706888578.jpg,Monarch,0,0.028843626
706888809.jpg,Monarch,1,0.9437069
706886811.jpg,Monarch,0,0.012064982
706887270.jpg,Monarch,1,0.9999709
706887223.jpg,Monarch,1,0.9999325
706887201.jpg,Monarch,1,0.99816704
706887142.jpg,Monarch,1,1.0
706887129.jpg,Monarch,0,0.07891802
706886218.jpg,Monarch,0,0.00048422258
706885879.jpg,Monarch,1,0.99963737
706885770.jpg,Monarch,1,0.99542445
706882512.jpg,Monarch,1,1.0
706881802.jpg,Monarch,1,0.9998019
706880628.jpg,Monarch,1,0.9999999
706876544.jpg,Monarch,0,0.056629356
706878967.jpg,Monarch,1,0.99126583
706878922.jpg,Monarch,1,0.9999999
706878833.jpg,Monarch,1,1.0
706878652.jpg,Monarch,1,0.99603015
706878168.jpg,Monarch,0,0.0020282008
706878117.jpg,Monarch,1,1.0
706878082.jpg,Monarch,1,1.0
706877997.jpg,Monarch,1,0.9999273
706877269.jpg,Monarch,1,0.99795854
706876955.jpg,Monarch,1,0.802318
706875832.jpg,Monarch,1,0.106884256
706875801.jpg,Monarch,1,0.99497896
706875348.jpg,Monarch,1,0.7497893
706875203.jpg,Monarch,0,0.0009749268
706875195.jpg,Monarch,1,1.0
706874625.jpg,Monarch,1,0.418425
706827660.jpg,Monarch,1,0.9999999
706871435.jpg,Monarch,0,0.062060297
706869647.jpg,Monarch,0,0.007371856
706868175.jpg,Monarch,1,0.7837871
706867714.jpg,Monarch,1,1.0
706867047.jpg,Monarch,1,0.99999976
706866232.jpg,Monarch,1,0.55946237
706866180.jpg,Monarch,1,0.9973948
706866146.jpg,Monarch,1,0.99996257
706861735.jpg,Monarch,1,0.98906124
706862504.jpg,Monarch,1,0.99107015
706860943.jpg,Monarch,1,1.0
706860558.jpg,Monarch,1,0.99539405
706860602.jpg,Monarch,1,0.6334505
706857476.jpg,Monarch,1,0.99863726
706859316.jpg,Monarch,1,1.0
706859072.jpg,Monarch,1,0.24364297
706859058.jpg,Monarch,1,0.999841
708579688.jpg,Monarch,1,0.9996656
706871659.jpg,Monarch,1,1.0
706854965.jpg,Monarch,1,0.19927572
706854058.jpg,Monarch,1,0.9999727
706853311.jpg,Monarch,1,0.975231
706851898.jpg,Monarch,1,1.0
706851728.jpg,Monarch,1,0.99909544
706850954.jpg,Monarch,1,0.50210524
706850694.jpg,Monarch,1,0.99997985
706850598.jpg,Monarch,1,0.13159482
706850645.jpg,Monarch,1,0.99994123
706850494.jpg,Monarch,1,1.0
706850425.jpg,Monarch,1,0.5130752
706845426.jpg,Monarch,1,0.9975266
706850365.jpg,Monarch,1,0.99981415
706850312.jpg,Monarch,1,1.0
706849723.jpg,Monarch,1,0.30071756
706848052.jpg,Monarch,1,0.9966428
706846678.jpg,Monarch,1,1.0
706844454.jpg,Monarch,1,0.6192077
706844151.jpg,Monarch,1,0.808226
706843915.jpg,Monarch,1,0.9829319
706844315.jpg,Monarch,1,0.65870374
706842615.jpg,Monarch,1,0.99909765
706841348.jpg,Monarch,1,0.3816032
706840585.jpg,Monarch,1,0.99997175
706839774.jpg,Monarch,0,0.0005695775
706838902.jpg,Monarch,1,0.34565055
706836495.jpg,Monarch,1,0.9999442
706835986.jpg,Monarch,1,0.9999968
706834316.jpg,Monarch,0,0.005069612
706831830.jpg,Monarch,0,0.00019317743
706833254.jpg,Monarch,1,1.0
706831657.jpg,Monarch,1,0.9995172
706830723.jpg,Monarch,1,1.0
707027612.jpg,Monarch,1,0.9989857
706830230.jpg,Monarch,1,0.9917197
706829869.jpg,Monarch,1,0.9999335
706826171.jpg,Monarch,1,0.9999634
706824128.jpg,Monarch,0,0.00036390044
706823734.jpg,Monarch,0,0.009945702
706823045.jpg,Monarch,1,1.0
706822145.jpg,Monarch,0,0.053108584
706821859.jpg,Monarch,0,0.00016821381
706818796.jpg,Monarch,1,0.99745744
706817099.jpg,Monarch,0,0.04804074
706816098.jpg,Monarch,1,0.5783699
706815819.jpg,Monarch,0,0.043349914
706814787.jpg,Monarch,1,1.0
706813720.jpg,Monarch,0,0.074112065
706813670.jpg,Monarch,1,0.9999999
706813355.jpg,Monarch,0,0.006557362
706811455.jpg,Monarch,1,0.40001863
706810148.jpg,Monarch,1,0.5299015
706809247.jpg,Monarch,0,0.00035414504
706807503.jpg,Monarch,1,0.99947345
706807455.jpg,Monarch,1,0.9999945
706807068.jpg,Monarch,1,0.6499381
706806731.jpg,Monarch,1,0.104562685
706805459.jpg,Monarch,1,0.9875886
706805160.jpg,Monarch,1,1.0
706802301.jpg,Monarch,1,0.10797519
706799365.jpg,Monarch,0,0.0025247447
706801130.jpg,Monarch,1,1.0
706800982.jpg,Monarch,0,0.074739516
706800623.jpg,Monarch,1,0.53037
706799912.jpg,Monarch,1,0.99059606
706798402.jpg,Monarch,1,0.99599624
706798039.jpg,Monarch,1,0.9999995
706797529.jpg,Monarch,0,0.06437941
706797505.jpg,Monarch,0,0.00814158
706797472.jpg,Monarch,1,0.41375887
706796884.jpg,Monarch,1,0.99343574
707162066.jpg,Monarch,1,0.9999776
706796730.jpg,Monarch,1,0.5811216
706795367.jpg,Monarch,1,0.9960121
706794314.jpg,Monarch,1,0.53139055
706877590.jpg,Monarch,1,0.579268
706794168.jpg,Monarch,1,0.9972178
706792963.jpg,Monarch,1,0.9947017
706792352.jpg,Monarch,1,0.9949314
706791415.jpg,Monarch,1,0.9381134
706791045.jpg,Monarch,1,0.9996247
706788873.jpg,Monarch,1,0.9956248
706786083.jpg,Monarch,0,0.0014540462
706784509.jpg,Monarch,1,1.0
706783868.jpg,Monarch,1,0.9999974
706784170.jpg,Monarch,1,0.41575536
706782179.jpg,Monarch,1,0.9999987
706780414.jpg,Monarch,1,0.9968836
706779946.jpg,Monarch,1,0.98833746
706779060.jpg,Monarch,1,0.999985
706771443.jpg,Monarch,0,0.00037936014
706777390.jpg,Monarch,1,0.46809813
706776652.jpg,Monarch,1,0.11572721
706757174.jpg,Monarch,1,0.9999999
706776551.jpg,Monarch,1,0.99911207
706775539.jpg,Monarch,0,0.0049949987
706774810.jpg,Monarch,1,0.94207925
706774521.jpg,Monarch,1,0.9976668
706773353.jpg,Monarch,1,0.9280101
706769889.jpg,Monarch,0,0.034321364
706771143.jpg,Monarch,1,0.99999607
706771175.jpg,Monarch,1,0.9975278
706769103.jpg,Monarch,1,0.9004319
706764713.jpg,Monarch,0,0.001994487
706765177.jpg,Monarch,1,0.7210659
706764880.jpg,Monarch,1,0.7684003
706764446.jpg,Monarch,1,0.46957594
706764152.jpg,Monarch,1,0.79072577
706763369.jpg,Monarch,1,0.9999963
706762065.jpg,Monarch,1,0.9985045
706761212.jpg,Monarch,1,1.0
706759864.jpg,Monarch,1,0.99270695
706759466.jpg,Monarch,1,1.0
706753770.jpg,Monarch,0,0.009136958
706758762.jpg,Monarch,1,0.97907305
706758210.jpg,Monarch,1,0.13117017
706891896.jpg,Monarch,1,1.0
706757010.jpg,Monarch,1,0.9993135
706755626.jpg,Monarch,0,0.002661377
706755814.jpg,Monarch,1,0.99999964
706755335.jpg,Monarch,1,0.9999999
706755117.jpg,Monarch,1,0.98208773
706754198.jpg,Monarch,1,0.9999049
706753947.jpg,Monarch,1,1.0
706751706.jpg,Monarch,0,0.041738745
706754930.jpg,Monarch,1,0.94011176
706749358.jpg,Monarch,1,0.22293246
706747535.jpg,Monarch,1,0.9995923
706747435.jpg,Monarch,1,0.99999964
706747299.jpg,Monarch,1,0.6383141
706744915.jpg,Monarch,1,0.99999964
706736880.jpg,Monarch,1,0.4662494
706760044.jpg,Monarch,0,0.0023087075
706742466.jpg,Monarch,1,0.9930542
706740975.jpg,Monarch,1,0.9999999
706739747.jpg,Monarch,1,0.9999831
706739438.jpg,Monarch,1,0.98910755
706738651.jpg,Monarch,0,0.024920588
706738696.jpg,Monarch,1,0.99911207
706735189.jpg,Monarch,0,0.03917203
706798230.jpg,Monarch,1,0.9999877
706736803.jpg,Monarch,1,0.99457854
706734899.jpg,Monarch,1,0.12627332
706734547.jpg,Monarch,1,0.9040097
706733779.jpg,Monarch,1,0.75652856
706732657.jpg,Monarch,0,0.071092196
706730631.jpg,Monarch,1,0.9999999
706730319.jpg,Monarch,0,0.037102297
706728358.jpg,Monarch,1,0.8283948
706728254.jpg,Monarch,1,0.57177246
706730020.jpg,Monarch,1,0.99997056
706729859.jpg,Monarch,0,0.00035313983
706729788.jpg,Monarch,1,0.6011803
706714953.jpg,Monarch,0,0.00017158085
706725101.jpg,Monarch,1,0.39057082
706723677.jpg,Monarch,1,0.10756741
706724183.jpg,Monarch,0,0.004408031
706723862.jpg,Monarch,1,0.24695563
706722102.jpg,Monarch,1,0.73595047
706720412.jpg,Monarch,1,0.8811051
706719354.jpg,Monarch,1,0.9999131
706718174.jpg,Monarch,0,4.214439e-07
706717886.jpg,Monarch,1,0.9545226
706717030.jpg,Monarch,1,0.99994123
706691637.jpg,Monarch,1,0.98975873
706716069.jpg,Monarch,1,0.9960001
706715827.jpg,Monarch,1,0.98889416
706713642.jpg,Monarch,1,0.9351598
706734467.jpg,Monarch,1,0.72263116
706711135.jpg,Monarch,1,0.6807031
706711186.jpg,Monarch,0,0.047400977
706711053.jpg,Monarch,1,0.9996129
706701529.jpg,Monarch,1,0.98354626
706708538.jpg,Monarch,1,1.0
706708161.jpg,Monarch,1,0.998176
706706601.jpg,Monarch,1,0.99802387
706704400.jpg,Monarch,1,0.99999285
706698756.jpg,Monarch,0,0.00023235363
706701730.jpg,Monarch,1,0.9988876
706699673.jpg,Monarch,1,0.1706429
706693985.jpg,Monarch,1,0.9973533
706693974.jpg,Monarch,1,0.9985757
706690268.jpg,Monarch,0,0.00013093637
706691601.jpg,Monarch,0,0.00836501
706691471.jpg,Monarch,1,0.999997
706691302.jpg,Monarch,1,1.0
706689032.jpg,Monarch,1,0.88821566
706689688.jpg,Monarch,1,0.15191197
706689587.jpg,Monarch,0,6.790345e-05
706690111.jpg,Monarch,0,0.09885437
706686980.jpg,Monarch,1,0.9345743
706685674.jpg,Monarch,1,0.99852896
706685145.jpg,Monarch,1,0.9984083
706985625.jpg,Monarch,1,0.9883786
706682870.jpg,Monarch,1,0.9928421
706681332.jpg,Monarch,1,1.0
706681057.jpg,Monarch,0,0.0045062704
706680052.jpg,Monarch,1,0.99989617
706679181.jpg,Monarch,0,0.0023150402
706677938.jpg,Monarch,1,0.9999951
706677041.jpg,Monarch,1,0.86540663
706676012.jpg,Monarch,1,0.999961
706675706.jpg,Monarch,0,0.02917815
706674309.jpg,Monarch,1,0.9958162
706672259.jpg,Monarch,0,4.913758e-05
706673158.jpg,Monarch,1,0.5823768
706671191.jpg,Monarch,1,0.98154235
706667753.jpg,Monarch,1,0.91287947
706667011.jpg,Monarch,1,0.5859561
706666923.jpg,Monarch,1,0.43579334
706666128.jpg,Monarch,1,0.9990746
706665733.jpg,Monarch,1,0.9998834
706665146.jpg,Monarch,1,0.93489176
706663054.jpg,Monarch,1,1.0
706666976.jpg,Monarch,1,0.9400863
706660991.jpg,Monarch,1,0.9991253
706659034.jpg,Monarch,1,0.99997365
706658663.jpg,Monarch,1,0.99659246
706658334.jpg,Monarch,1,0.99994624
706656503.jpg,Monarch,1,0.977763
706656282.jpg,Monarch,1,0.997168
706655368.jpg,Monarch,1,0.98164135
706650878.jpg,Monarch,1,0.99999046
706646721.jpg,Monarch,0,0.00043625597
706646694.jpg,Monarch,1,0.9194887
706646551.jpg,Monarch,1,0.96061546
706640068.jpg,Monarch,0,0.00262521
706643478.jpg,Monarch,1,0.100213386
706642720.jpg,Monarch,1,0.38966534
706640505.jpg,Monarch,1,0.9999989
706640447.jpg,Monarch,1,0.9837844
706640150.jpg,Monarch,0,0.0038406223
706639267.jpg,Monarch,1,0.998359
706639252.jpg,Monarch,1,0.99763465
706637942.jpg,Monarch,1,1.0
706634955.jpg,Monarch,1,0.9997859
706634648.jpg,Monarch,1,0.444805
706633696.jpg,Monarch,1,0.9446834
706632713.jpg,Monarch,1,0.56727624
706632706.jpg,Monarch,1,0.99983
706632150.jpg,Monarch,1,0.99993575
706627688.jpg,Monarch,1,0.9649002
706629165.jpg,Monarch,1,0.9999995
706625782.jpg,Monarch,0,0.047416337
706625480.jpg,Monarch,0,0.0043459786
706624461.jpg,Monarch,1,0.99930656
706619763.jpg,Monarch,1,1.0
706619726.jpg,Monarch,1,0.9999863
706619480.jpg,Monarch,0,0.00063543255
706619305.jpg,Monarch,1,0.9789356
706618977.jpg,Monarch,1,0.18094383
706618849.jpg,Monarch,1,0.8113174
706614902.jpg,Monarch,1,0.91766995
706614552.jpg,Monarch,1,0.9784883
706611181.jpg,Monarch,1,0.9999763
706610039.jpg,Monarch,0,0.061240535
706601090.jpg,Monarch,1,0.33573547
706600127.jpg,Monarch,1,0.99997973
706600160.jpg,Monarch,1,0.9372171
706596645.jpg,Monarch,1,0.9999424
706596362.jpg,Monarch,1,0.9939461
706596215.jpg,Monarch,1,0.9999523
706594345.jpg,Monarch,1,0.9999995
706593439.jpg,Monarch,1,0.985185
706593185.jpg,Monarch,0,0.049651675
706591054.jpg,Monarch,1,0.9723345
706588404.jpg,Monarch,1,0.14229766
706588638.jpg,Monarch,0,0.017334038
706586047.jpg,Monarch,1,0.99989533
706580870.jpg,Monarch,1,0.99598026
706584870.jpg,Monarch,0,7.014856e-08
706584806.jpg,Monarch,1,0.9999982
706582291.jpg,Monarch,1,0.900151
706582261.jpg,Monarch,1,0.9988978
706581104.jpg,Monarch,1,0.9999894
706579078.jpg,Monarch,0,0.05265863
706579909.jpg,Monarch,1,0.93276703
706579875.jpg,Monarch,1,0.99997354
706579053.jpg,Monarch,1,0.7207316
706577584.jpg,Monarch,0,0.00033124987
706577051.jpg,Monarch,1,0.9999999
706573763.jpg,Monarch,0,0.02520428
706571984.jpg,Monarch,1,0.98519254
706570314.jpg,Monarch,0,0.05530683
706569231.jpg,Monarch,1,0.59232587
706567233.jpg,Monarch,1,0.99919254
706564055.jpg,Monarch,1,0.9999993
706562729.jpg,Monarch,1,1.0
706560438.jpg,Monarch,1,1.0
706559448.jpg,Monarch,1,0.99999964
706557435.jpg,Monarch,1,0.1753447
706554610.jpg,Monarch,1,0.9997816
706551320.jpg,Monarch,1,0.9971758
706547165.jpg,Monarch,1,0.23265444
706544659.jpg,Monarch,1,0.9962065
706543995.jpg,Monarch,1,0.86731625
706543966.jpg,Monarch,1,1.0
706539309.jpg,Monarch,1,0.700048
706539283.jpg,Monarch,1,0.9254609
706539281.jpg,Monarch,1,0.9999951
706539278.jpg,Monarch,1,0.18562491
706539218.jpg,Monarch,1,0.99999857
706539212.jpg,Monarch,1,0.27069527
706539214.jpg,Monarch,1,0.9877588
706538172.jpg,Monarch,1,0.95834947
706510780.jpg,Monarch,0,1.4175903e-05
706485308.jpg,Monarch,1,0.9998075
706485071.jpg,Monarch,1,0.99999917
706466216.jpg,Monarch,1,0.9667225
706461994.jpg,Monarch,1,0.9398169
706459140.jpg,Monarch,1,0.99999976
706456536.jpg,Monarch,1,1.0
706448742.jpg,Monarch,1,0.9999995
706449816.jpg,Monarch,1,0.53083736
706447231.jpg,Monarch,1,0.794038
706445696.jpg,Monarch,1,0.9630485
706442705.jpg,Monarch,1,0.99829787
706438338.jpg,Monarch,1,0.7963708
706439044.jpg,Monarch,1,0.9950646
706438312.jpg,Monarch,0,0.0068975408
706437903.jpg,Monarch,1,0.9764267
706432608.jpg,Monarch,1,0.7200172
706431877.jpg,Monarch,1,0.99999905
706431774.jpg,Monarch,1,0.99924153
706431534.jpg,Monarch,1,0.9964234
706429077.jpg,Monarch,1,0.70415
706428482.jpg,Monarch,1,0.99997294
706428147.jpg,Monarch,1,0.9960614
706417306.jpg,Monarch,1,0.99984765
706424216.jpg,Monarch,1,0.9522846
706423221.jpg,Monarch,1,0.3265126
706422099.jpg,Monarch,1,0.99991894
706419899.jpg,Monarch,0,0.003055162
706419423.jpg,Monarch,0,0.017795812
706419294.jpg,Monarch,1,0.9993942
706416927.jpg,Monarch,1,0.9978896
706416665.jpg,Monarch,1,1.0
706414942.jpg,Monarch,1,0.99999535
706413205.jpg,Monarch,0,0.0075602643
706409992.jpg,Monarch,0,0.0017151753
706409564.jpg,Monarch,1,0.9889425
706409472.jpg,Monarch,1,0.97924733
706408645.jpg,Monarch,1,0.99547607
706407469.jpg,Monarch,1,0.5336701
706407752.jpg,Monarch,1,0.5050046
708940866.jpg,Monarch,1,0.99105644
706394004.jpg,Monarch,1,0.1059127
706406199.jpg,Monarch,1,0.91442776
706404697.jpg,Monarch,1,0.9992831
706404581.jpg,Monarch,1,0.8393531
706404221.jpg,Monarch,1,0.9999925
706404016.jpg,Monarch,1,1.0
706402781.jpg,Monarch,1,0.9999473
706403105.jpg,Monarch,1,0.9902406
706401826.jpg,Monarch,1,0.9998934
706401226.jpg,Monarch,1,0.9999168
706412734.jpg,Monarch,1,1.0
706399311.jpg,Monarch,1,0.999936
706398694.jpg,Monarch,1,0.9999999
706392340.jpg,Monarch,1,0.34427202
706392339.jpg,Monarch,1,0.6940535
706398123.jpg,Monarch,1,0.9999777
706395272.jpg,Monarch,1,0.12117112
706396355.jpg,Monarch,1,0.9978033
706390884.jpg,Monarch,1,0.9957198
706389283.jpg,Monarch,1,0.7180551
706385499.jpg,Monarch,1,0.92770857
706385020.jpg,Monarch,1,0.99419594
706383830.jpg,Monarch,1,0.36620125
706379548.jpg,Monarch,0,0.028996728
706380866.jpg,Monarch,1,0.998938
706380682.jpg,Monarch,1,0.999982
706380084.jpg,Monarch,0,2.2707232e-05
706379488.jpg,Monarch,1,0.14278422
706379437.jpg,Monarch,0,0.0019122917
706379792.jpg,Monarch,1,0.9867087
706378867.jpg,Monarch,1,0.99899465
706378447.jpg,Monarch,1,0.9998741
706378325.jpg,Monarch,1,0.9993349
706375786.jpg,Monarch,1,0.9999405
706373699.jpg,Monarch,1,0.8466528
706372444.jpg,Monarch,0,0.06952211
706370806.jpg,Monarch,1,1.0
706363493.jpg,Monarch,0,4.316005e-06
706369667.jpg,Monarch,0,0.0660314
706367713.jpg,Monarch,1,0.99982226
706367476.jpg,Monarch,1,1.0
706366812.jpg,Monarch,0,3.9074067e-07
706365608.jpg,Monarch,1,0.60817367
706365906.jpg,Monarch,1,0.33689848
706363340.jpg,Monarch,0,0.030469729
706362620.jpg,Monarch,0,0.0911974
706360322.jpg,Monarch,1,0.9965928
706358345.jpg,Monarch,1,1.0
706356976.jpg,Monarch,1,0.9992663
706353095.jpg,Monarch,0,0.09825595
706352941.jpg,Monarch,0,0.014643881
706352896.jpg,Monarch,1,0.11702447
706352871.jpg,Monarch,1,0.9999821
706355016.jpg,Monarch,0,0.011015093
706353259.jpg,Monarch,1,0.9999571
706352682.jpg,Monarch,1,0.941572
706347378.jpg,Monarch,1,0.37848017
706351423.jpg,Monarch,1,0.7053047
706348238.jpg,Monarch,1,0.96740985
706348074.jpg,Monarch,0,0.02591886
706343060.jpg,Monarch,1,1.0
706349762.jpg,Monarch,1,0.99999976
706349081.jpg,Monarch,1,0.9810152
706349051.jpg,Monarch,1,1.0
706349029.jpg,Monarch,1,1.0
706348828.jpg,Monarch,1,0.9878264
706347438.jpg,Monarch,0,0.06946226
706346460.jpg,Monarch,0,0.0013590113
706346370.jpg,Monarch,0,2.557299e-06
706346327.jpg,Monarch,0,0.0016980908
706346134.jpg,Monarch,0,5.7834797e-05
706345154.jpg,Monarch,1,0.32266536
706344900.jpg,Monarch,1,0.9999908
706343964.jpg,Monarch,1,0.7917067
706343707.jpg,Monarch,1,0.9964898
706342147.jpg,Monarch,1,0.9999939
706341815.jpg,Monarch,1,0.99989164
706341659.jpg,Monarch,1,0.9999924
706341249.jpg,Monarch,1,0.9867627
706341201.jpg,Monarch,1,0.99982953
706341084.jpg,Monarch,1,0.96209264
706340965.jpg,Monarch,1,0.9983524
706340478.jpg,Monarch,1,0.99613434
706338972.jpg,Monarch,1,0.9999924
706338617.jpg,Monarch,1,0.99999464
706337716.jpg,Monarch,1,0.99995136
706335469.jpg,Monarch,0,0.0010346608
706335459.jpg,Monarch,1,0.7642246
706333363.jpg,Monarch,0,0.028155807
706333235.jpg,Monarch,1,1.0
706332167.jpg,Monarch,1,0.9959751
706332688.jpg,Monarch,0,0.0519489
706332765.jpg,Monarch,1,1.0
706332373.jpg,Monarch,1,1.0
706332103.jpg,Monarch,1,0.9936779
706331564.jpg,Monarch,1,1.0
706331298.jpg,Monarch,1,1.0
706329745.jpg,Monarch,0,0.006799199
706329253.jpg,Monarch,1,0.9998852
706329008.jpg,Monarch,1,0.9929725
706328279.jpg,Monarch,1,0.9949549
706327539.jpg,Monarch,1,0.9988096
706327314.jpg,Monarch,1,0.997724
706325555.jpg,Monarch,1,0.5995976
706327033.jpg,Monarch,1,0.66899574
706326380.jpg,Monarch,0,0.004721232
706325159.jpg,Monarch,1,0.1076591
706324923.jpg,Monarch,1,0.9986753
706320756.jpg,Monarch,0,0.033824418
706324463.jpg,Monarch,1,0.4442697
706324336.jpg,Monarch,1,0.9896741
706324032.jpg,Monarch,0,0.0021181058
706324021.jpg,Monarch,1,0.99951196
706323927.jpg,Monarch,1,0.99897146
706323676.jpg,Monarch,1,0.9316081
706323140.jpg,Monarch,1,1.0
706329060.jpg,Monarch,1,0.3529347
706322738.jpg,Monarch,1,0.8632679
706320874.jpg,Monarch,0,0.05413039
706320746.jpg,Monarch,0,0.00016272973
706320552.jpg,Monarch,1,0.14663558
706320012.jpg,Monarch,1,0.9999893
706319785.jpg,Monarch,1,0.936195
706319567.jpg,Monarch,1,0.7393246
706318097.jpg,Monarch,0,9.647713e-05
706318048.jpg,Monarch,0,0.013281033
706318455.jpg,Monarch,1,1.0
706315213.jpg,Monarch,1,0.9981445
706318050.jpg,Monarch,1,0.14346622
706316305.jpg,Monarch,0,0.017334973
706314348.jpg,Monarch,1,1.0
706312141.jpg,Monarch,1,0.16097346
706311524.jpg,Monarch,0,0.0005741718
706311583.jpg,Monarch,1,0.9998877
706309643.jpg,Monarch,1,0.99982643
706309511.jpg,Monarch,1,0.9999274
706307026.jpg,Monarch,1,0.26602885
706306634.jpg,Monarch,1,1.0
706305298.jpg,Monarch,1,0.9928558
706303963.jpg,Monarch,1,0.9110875
706296213.jpg,Monarch,0,0.0005323851
706303385.jpg,Monarch,1,0.9840799
706302953.jpg,Monarch,1,0.34642977
706302538.jpg,Monarch,1,0.14113897
706302716.jpg,Monarch,0,0.042508654
706301048.jpg,Monarch,1,0.99990106
706295448.jpg,Monarch,1,0.10280872
706295934.jpg,Monarch,0,0.034190025
706291628.jpg,Monarch,1,0.9998996
706291551.jpg,Monarch,1,0.9999999
706291554.jpg,Monarch,0,0.07823907
706293973.jpg,Monarch,1,0.7478196
706293518.jpg,Monarch,0,0.036129847
706293351.jpg,Monarch,1,0.9999944
706287693.jpg,Monarch,0,0.002356401
706287620.jpg,Monarch,1,0.5746792
706289057.jpg,Monarch,1,0.91074944
706287477.jpg,Monarch,1,0.9921858
706288150.jpg,Monarch,1,0.9999429
706277646.jpg,Monarch,0,0.019300843
706286890.jpg,Monarch,0,0.00032366105
706274741.jpg,Monarch,1,0.78645307
706344790.jpg,Monarch,1,0.9997106
706283722.jpg,Monarch,0,0.09987018
706282681.jpg,Monarch,1,0.9999666
706282048.jpg,Monarch,1,0.23116383
706279138.jpg,Monarch,1,0.9857238
706278694.jpg,Monarch,1,0.9998838
706277169.jpg,Monarch,1,1.0
706275251.jpg,Monarch,1,0.99999964
706274791.jpg,Monarch,1,0.9968665
706274045.jpg,Monarch,1,0.93278134
706273726.jpg,Monarch,1,0.93340266
706272510.jpg,Monarch,0,0.041841187
706272127.jpg,Monarch,1,0.8309864
706271117.jpg,Monarch,0,0.025983796
706270927.jpg,Monarch,1,0.6693657
706262577.jpg,Monarch,0,0.0002696629
706258558.jpg,Monarch,1,0.99999404
706268269.jpg,Monarch,1,0.39072427
706268073.jpg,Monarch,1,0.973437
706266226.jpg,Monarch,0,0.00044425437
706265284.jpg,Monarch,0,0.0061487015
706264836.jpg,Monarch,0,0.013061709
706263686.jpg,Monarch,1,0.9925545
706262509.jpg,Monarch,0,0.007157412
706261905.jpg,Monarch,1,0.98773533
706260465.jpg,Monarch,1,0.9999608
706260458.jpg,Monarch,1,0.9993119
706260302.jpg,Monarch,1,0.80786777
706550231.jpg,Monarch,1,0.9998523
706259075.jpg,Monarch,1,0.9999753
706258316.jpg,Monarch,1,0.993787
706256122.jpg,Monarch,0,0.00060181186
706254899.jpg,Monarch,1,0.8417035
706254594.jpg,Monarch,1,0.9999703
706254215.jpg,Monarch,1,0.988912
706247764.jpg,Monarch,1,0.9520693
706253537.jpg,Monarch,1,0.8810979
706253550.jpg,Monarch,1,0.99447715
706245446.jpg,Monarch,0,0.0033987747
706252553.jpg,Monarch,1,0.21607943
706251109.jpg,Monarch,1,0.9558726
706250767.jpg,Monarch,1,0.67811567
706250930.jpg,Monarch,1,0.9994695
706249247.jpg,Monarch,1,0.9703608
706248592.jpg,Monarch,1,0.99999905
706248256.jpg,Monarch,1,1.0
706247837.jpg,Monarch,1,0.11683931
706247767.jpg,Monarch,1,0.726025
706243992.jpg,Monarch,1,0.9990656
706243092.jpg,Monarch,0,0.006415036
706242261.jpg,Monarch,1,0.997839
706240603.jpg,Monarch,1,1.0
706240258.jpg,Monarch,1,0.9999995
706240063.jpg,Monarch,0,0.086970635
706238088.jpg,Monarch,0,6.829445e-05
706237831.jpg,Monarch,0,3.4056154e-07
706926992.jpg,Monarch,0,0.016535558
706221237.jpg,Monarch,1,0.12463972
706235310.jpg,Monarch,1,0.999951
706231007.jpg,Monarch,0,0.00023923433
706233692.jpg,Monarch,1,0.9594528
706233490.jpg,Monarch,1,0.96976817
706233394.jpg,Monarch,1,0.7261171
706233193.jpg,Monarch,1,0.99999905
706232724.jpg,Monarch,1,0.7785397
706232376.jpg,Monarch,1,0.9999794
706232480.jpg,Monarch,1,0.99895537
706227694.jpg,Monarch,1,0.5330743
706230769.jpg,Monarch,1,0.99333066
706229701.jpg,Monarch,1,1.0
706229312.jpg,Monarch,1,0.99856263
706228838.jpg,Monarch,1,0.95166004
706228213.jpg,Monarch,1,0.83063763
706228113.jpg,Monarch,0,0.025287265
706227567.jpg,Monarch,1,0.9999157
706227400.jpg,Monarch,1,0.9999999
706227349.jpg,Monarch,0,0.006541597
706226548.jpg,Monarch,1,0.9999995
706226281.jpg,Monarch,1,0.23512322
706225597.jpg,Monarch,0,0.070399106
706225634.jpg,Monarch,0,0.03205097
706223852.jpg,Monarch,0,0.027099932
706213244.jpg,Monarch,1,0.9999683
706223213.jpg,Monarch,1,0.99820113
706222530.jpg,Monarch,1,1.0
706222344.jpg,Monarch,1,0.9999441
706322848.jpg,Monarch,1,0.2975175
706221457.jpg,Monarch,1,1.0
706219222.jpg,Monarch,0,0.008578734
706219429.jpg,Monarch,1,0.9989303
706217956.jpg,Monarch,0,0.034188055
706217886.jpg,Monarch,0,0.04594985
706217700.jpg,Monarch,1,1.0
706217297.jpg,Monarch,1,0.99999833
706216970.jpg,Monarch,1,0.94247115
706215090.jpg,Monarch,1,1.0
706215689.jpg,Monarch,1,0.18600753
706215230.jpg,Monarch,0,0.0858758
706214817.jpg,Monarch,1,0.99975103
706214640.jpg,Monarch,1,0.8868912
706214424.jpg,Monarch,1,0.9999515
706212375.jpg,Monarch,0,0.0026570193
706208527.jpg,Monarch,1,0.9914421
706211597.jpg,Monarch,1,0.99895144
706210644.jpg,Monarch,1,0.9802058
706209701.jpg,Monarch,1,0.9995959
706209604.jpg,Monarch,1,1.0
706208475.jpg,Monarch,1,0.402638
706207471.jpg,Monarch,1,0.2208502
706207461.jpg,Monarch,1,0.10223974
706206714.jpg,Monarch,1,0.99996245
708086892.jpg,Monarch,1,0.9995734
706205563.jpg,Monarch,0,0.066594124
706205071.jpg,Monarch,1,0.74373436
706204822.jpg,Monarch,1,0.8076093
706204695.jpg,Monarch,1,0.9920357
706203253.jpg,Monarch,1,0.99927926
706201686.jpg,Monarch,1,0.5436837
706201383.jpg,Monarch,1,0.6660096
706199193.jpg,Monarch,0,0.0049665323
706198456.jpg,Monarch,1,0.9965103
706196772.jpg,Monarch,0,0.002434933
706197104.jpg,Monarch,1,0.9999989
706196099.jpg,Monarch,1,0.9650311
706195505.jpg,Monarch,0,0.0013744378
706195418.jpg,Monarch,1,0.821165
706194231.jpg,Monarch,1,0.9990606
706193768.jpg,Monarch,1,0.99975747
706190965.jpg,Monarch,0,0.07348591
706193054.jpg,Monarch,1,0.6370642
706192888.jpg,Monarch,1,0.95238847
706191285.jpg,Monarch,1,0.99751234
706191257.jpg,Monarch,1,0.98049015
706190249.jpg,Monarch,1,0.9955586
706189703.jpg,Monarch,1,0.9994516
706189599.jpg,Monarch,0,0.0015739355
706189221.jpg,Monarch,1,0.48802212
706188588.jpg,Monarch,1,0.99999774
706184573.jpg,Monarch,1,0.7493264
706184515.jpg,Monarch,0,0.027617335
706183905.jpg,Monarch,0,0.027430547
706183863.jpg,Monarch,0,0.0019545557
706183872.jpg,Monarch,0,0.008607398
706183658.jpg,Monarch,0,0.015755001
706186470.jpg,Monarch,0,0.052698437
706182840.jpg,Monarch,1,0.18462828
706182709.jpg,Monarch,1,0.97354317
706182461.jpg,Monarch,1,0.9821775
706186473.jpg,Monarch,1,0.99895823
706186341.jpg,Monarch,1,0.999984
706185741.jpg,Monarch,1,0.6660096
706185045.jpg,Monarch,1,1.0
706180573.jpg,Monarch,1,0.6385841
706180630.jpg,Monarch,1,0.9999999
706179795.jpg,Monarch,1,0.78994167
706178410.jpg,Monarch,1,1.0
706176607.jpg,Monarch,1,1.0
706182412.jpg,Monarch,1,0.9999839
706174857.jpg,Monarch,1,0.95219755
706173805.jpg,Monarch,1,0.99998176
706172688.jpg,Monarch,1,0.99963653
706171100.jpg,Monarch,1,0.9995304
706170852.jpg,Monarch,0,6.360681e-05
706168732.jpg,Monarch,1,0.99998176
706167620.jpg,Monarch,1,0.9885405
706167371.jpg,Monarch,1,0.99989057
706167361.jpg,Monarch,1,1.0
706154667.jpg,Monarch,0,0.00015289964
706166851.jpg,Monarch,1,0.9961604
706166157.jpg,Monarch,1,0.99915874
706165969.jpg,Monarch,1,0.99999964
706165890.jpg,Monarch,1,0.9929201
706164342.jpg,Monarch,1,0.99998546
706334953.jpg,Monarch,0,0.01122183
706163370.jpg,Monarch,1,0.9996709
706162584.jpg,Monarch,0,0.00057765056
706162156.jpg,Monarch,1,0.9999981
706161434.jpg,Monarch,0,0.0026634713
706161121.jpg,Monarch,1,0.99998224
706159030.jpg,Monarch,1,0.13064122
706160231.jpg,Monarch,1,0.99999416
706160210.jpg,Monarch,1,0.3256098
706159927.jpg,Monarch,1,0.98796993
706159851.jpg,Monarch,1,0.9999896
706159426.jpg,Monarch,1,0.99868304
706158981.jpg,Monarch,1,0.9999995
706157613.jpg,Monarch,1,0.9975405
706155733.jpg,Monarch,1,0.99373496
706155115.jpg,Monarch,1,0.9999994
708612219.jpg,Monarch,1,0.91823405
706151077.jpg,Monarch,1,0.9999299
706149289.jpg,Monarch,1,0.91866666
706147844.jpg,Monarch,1,0.41753936
706147709.jpg,Monarch,0,0.06746803
706147493.jpg,Monarch,1,0.9972034
706147411.jpg,Monarch,1,0.9999405
706146850.jpg,Monarch,1,0.9108567
706146397.jpg,Monarch,1,0.9961643
706145366.jpg,Monarch,1,0.6977971
706143264.jpg,Monarch,1,0.148471
706144048.jpg,Monarch,1,0.9999505
706143236.jpg,Monarch,1,1.0
706139809.jpg,Monarch,0,9.926607e-05
706163478.jpg,Monarch,1,0.99862766
706138918.jpg,Monarch,1,0.8683508
706138667.jpg,Monarch,1,0.905358
706138330.jpg,Monarch,0,0.018533558
706136743.jpg,Monarch,1,0.9999702
706136291.jpg,Monarch,0,0.027716352
706135606.jpg,Monarch,1,0.99974877
706131585.jpg,Monarch,1,0.5943346
706132709.jpg,Monarch,1,0.75125945
706129586.jpg,Monarch,0,0.010553407
706129002.jpg,Monarch,1,0.1338366
706128355.jpg,Monarch,1,0.99999523
706126629.jpg,Monarch,1,0.73870784
706124385.jpg,Monarch,1,0.96625006
706123773.jpg,Monarch,0,0.024532724
706122899.jpg,Monarch,1,0.9999999
706122850.jpg,Monarch,1,0.99921024
706117192.jpg,Monarch,1,0.9999933
706113650.jpg,Monarch,0,0.0013286764
706114284.jpg,Monarch,0,0.00083014584
706114985.jpg,Monarch,1,0.3049934
706114657.jpg,Monarch,1,0.17621453
706113823.jpg,Monarch,1,0.9571737
706112909.jpg,Monarch,1,0.99160916
706112061.jpg,Monarch,1,0.62885624
706111609.jpg,Monarch,1,0.9726972
706111226.jpg,Monarch,1,0.75151926
706110972.jpg,Monarch,1,0.9998964
706109720.jpg,Monarch,0,0.05239649
706108684.jpg,Monarch,1,0.40204182
706106212.jpg,Monarch,0,0.06503043
706106200.jpg,Monarch,1,0.10876832
706104790.jpg,Monarch,1,0.96293473
706102493.jpg,Monarch,0,0.039621226
706101669.jpg,Monarch,0,0.025852324
706101654.jpg,Monarch,1,0.9325716
706101180.jpg,Monarch,1,0.85483634
706099343.jpg,Monarch,1,0.99992204
706097872.jpg,Monarch,0,0.009399065
706097425.jpg,Monarch,0,0.0031237497
706075793.jpg,Monarch,0,0.008925595
706075570.jpg,Monarch,0,0.00010167452
706093342.jpg,Monarch,1,1.0
706093250.jpg,Monarch,1,1.0
706093121.jpg,Monarch,1,0.9993776
706093037.jpg,Monarch,1,0.9999256
706092778.jpg,Monarch,1,0.9998852
706092146.jpg,Monarch,1,0.99409944
706090540.jpg,Monarch,1,0.1917678
706088143.jpg,Monarch,1,0.98559034
706089946.jpg,Monarch,1,0.999044
706083738.jpg,Monarch,1,0.99713385
706083041.jpg,Monarch,0,0.07399737
706081495.jpg,Monarch,1,0.9987155
706080486.jpg,Monarch,1,0.9798451
706079197.jpg,Monarch,1,0.7276303
706078121.jpg,Monarch,0,0.00039562344
706076320.jpg,Monarch,1,0.96925396
706075923.jpg,Monarch,1,0.9996108
706054878.jpg,Monarch,0,0.023523223
706072828.jpg,Monarch,1,0.62432164
706075418.jpg,Monarch,1,1.0
706075246.jpg,Monarch,1,0.99999774
706077389.jpg,Monarch,1,1.0
706075849.jpg,Monarch,0,0.018491663
706074000.jpg,Monarch,1,0.9999995
706071890.jpg,Monarch,0,0.013390492
706070745.jpg,Monarch,1,0.99257696
706067535.jpg,Monarch,1,0.633944
706067395.jpg,Monarch,1,0.17646827
706067272.jpg,Monarch,1,0.9998354
706066072.jpg,Monarch,0,0.006438426
706065789.jpg,Monarch,1,1.0
706063405.jpg,Monarch,1,0.9999536
706063234.jpg,Monarch,1,0.21744056
706063300.jpg,Monarch,1,0.24081472
706056921.jpg,Monarch,0,0.06395976
706062289.jpg,Monarch,1,0.99996126
706060811.jpg,Monarch,0,0.008063112
706061750.jpg,Monarch,1,1.0
706061569.jpg,Monarch,1,0.9999491
706060048.jpg,Monarch,1,0.99809474
706058943.jpg,Monarch,0,0.0015950167
708974192.jpg,Monarch,1,0.4102561
706055222.jpg,Monarch,1,0.99969834
706054452.jpg,Monarch,1,0.74575853
706054423.jpg,Monarch,1,0.9991503
706053691.jpg,Monarch,1,0.999861
706053385.jpg,Monarch,0,0.0011718197
706053328.jpg,Monarch,1,0.9996782
706049648.jpg,Monarch,1,0.92965114
706049475.jpg,Monarch,1,1.0
706045530.jpg,Monarch,1,0.43104684
706045188.jpg,Monarch,1,0.9997466
706041837.jpg,Monarch,1,1.0
706041954.jpg,Monarch,1,0.9998853
706039961.jpg,Monarch,1,0.9479223
706028557.jpg,Monarch,0,0.015986575
706038996.jpg,Monarch,1,0.9999659
706038920.jpg,Monarch,1,0.99733454
706038249.jpg,Monarch,1,0.99674296
706036754.jpg,Monarch,1,0.9985089
706036481.jpg,Monarch,1,0.2325275
706035933.jpg,Monarch,0,0.0012912835
706035449.jpg,Monarch,1,0.9999999
706035080.jpg,Monarch,1,0.27272466
706034984.jpg,Monarch,1,0.99999833
706035005.jpg,Monarch,1,0.9898482
706033954.jpg,Monarch,1,0.2117219
706033422.jpg,Monarch,1,0.99912256
706032035.jpg,Monarch,1,0.1652898
706030762.jpg,Monarch,1,0.9942175
706027161.jpg,Monarch,1,0.17358889
706028593.jpg,Monarch,1,1.0
706026507.jpg,Monarch,0,0.03837646
706023577.jpg,Monarch,1,0.48636907
706023405.jpg,Monarch,1,1.0
706023262.jpg,Monarch,1,0.9977069
706020724.jpg,Monarch,0,0.012761902
706038750.jpg,Monarch,1,0.2507982
706020420.jpg,Monarch,1,1.0
706124233.jpg,Monarch,0,3.3941433e-05
706018900.jpg,Monarch,1,0.99999607
706018589.jpg,Monarch,1,0.6893053
706018553.jpg,Monarch,1,0.990207
706016840.jpg,Monarch,1,0.99977255
706016843.jpg,Monarch,1,0.98668295
706016669.jpg,Monarch,1,0.2511049
706015616.jpg,Monarch,1,0.99990463
706015306.jpg,Monarch,0,0.09998805
706015781.jpg,Monarch,1,1.0
706012634.jpg,Monarch,1,0.99960446
706009615.jpg,Monarch,1,0.9994749
706009203.jpg,Monarch,1,0.46066386
706008831.jpg,Monarch,1,0.8346273
706006547.jpg,Monarch,1,0.9999807
706005099.jpg,Monarch,1,0.5005831
706005022.jpg,Monarch,1,0.9999089
706003470.jpg,Monarch,1,0.99997187
706003169.jpg,Monarch,1,0.9999982
705998696.jpg,Monarch,1,0.99138767
706000857.jpg,Monarch,0,0.018803144
706000573.jpg,Monarch,1,0.9999902
706000460.jpg,Monarch,1,0.99999464
705998986.jpg,Monarch,1,0.42234743
705998457.jpg,Monarch,1,0.9977563
705996882.jpg,Monarch,1,0.9949873
705994409.jpg,Monarch,1,0.60853237
705994400.jpg,Monarch,0,0.013819584
705988725.jpg,Monarch,1,0.59109926
705991653.jpg,Monarch,1,0.8464174
705991264.jpg,Monarch,1,0.99999774
705991174.jpg,Monarch,1,0.99999654
705989758.jpg,Monarch,1,0.99279636
706046741.jpg,Monarch,1,0.5276948
705986959.jpg,Monarch,1,0.9983563
705986807.jpg,Monarch,0,0.06899559
705986799.jpg,Monarch,1,0.9415383
705986047.jpg,Monarch,1,0.98889613
705983483.jpg,Monarch,1,0.9905529
705982807.jpg,Monarch,1,1.0
705981070.jpg,Monarch,0,0.007160713
705981067.jpg,Monarch,1,0.9998964
705980843.jpg,Monarch,1,0.99728996
705980670.jpg,Monarch,1,0.9735642
705980498.jpg,Monarch,1,0.9999958
705980317.jpg,Monarch,1,0.9999316
705979778.jpg,Monarch,1,0.9999999
705978666.jpg,Monarch,1,1.0
706393225.jpg,Monarch,1,0.9999988
705975992.jpg,Monarch,0,0.0008282997
705975032.jpg,Monarch,1,0.9999999
705968889.jpg,Monarch,1,0.9847543
705967439.jpg,Monarch,1,0.9999995
705967293.jpg,Monarch,1,0.99994016
705965823.jpg,Monarch,0,0.029569123
705964500.jpg,Monarch,1,0.4071615
705964100.jpg,Monarch,0,7.645916e-06
705958403.jpg,Monarch,1,0.41527113
705958198.jpg,Monarch,1,0.99999905
705957291.jpg,Monarch,1,0.99048036
705956486.jpg,Monarch,1,0.693369
705956477.jpg,Monarch,1,0.9999974
705956309.jpg,Monarch,1,0.71740204
705955977.jpg,Monarch,1,0.11172152
705955539.jpg,Monarch,1,0.9998802
705952809.jpg,Monarch,0,0.013196839
705949136.jpg,Monarch,1,0.99946696
705947839.jpg,Monarch,1,0.9999906
705944053.jpg,Monarch,0,0.022292677
705943170.jpg,Monarch,1,0.83268493
705920177.jpg,Monarch,1,0.42231897
705919653.jpg,Monarch,1,0.99998367
705889397.jpg,Monarch,0,0.03022804
705889389.jpg,Monarch,0,0.028159559
705889348.jpg,Monarch,1,0.99999964
705889379.jpg,Monarch,0,0.06831235
705877234.jpg,Monarch,1,0.9999881
705866129.jpg,Monarch,1,0.5761007
705849808.jpg,Monarch,0,0.009870643
705815866.jpg,Monarch,1,0.50037
705836774.jpg,Monarch,1,0.9999125
705833364.jpg,Monarch,1,1.0
705816511.jpg,Monarch,0,0.043671798
705813500.jpg,Monarch,0,0.011692652
705813051.jpg,Monarch,0,0.0077690072
705810613.jpg,Monarch,1,0.9803145
705805176.jpg,Monarch,1,0.99999905
705800760.jpg,Monarch,1,0.4988385
705803747.jpg,Monarch,1,0.9999999
705803690.jpg,Monarch,1,0.37957588
705803148.jpg,Monarch,1,0.9996202
705802697.jpg,Monarch,1,0.9068364
705798437.jpg,Monarch,1,0.9866897
705799094.jpg,Monarch,1,0.88623035
705798041.jpg,Monarch,1,0.99745005
705795140.jpg,Monarch,1,0.99999774
705794644.jpg,Monarch,0,0.008957523
705794622.jpg,Monarch,1,0.14040639
705788118.jpg,Monarch,0,0.035639945
705792592.jpg,Monarch,0,0.0007714528
705791108.jpg,Monarch,1,0.9995897
705790651.jpg,Monarch,1,0.99950695
705790340.jpg,Monarch,1,1.0
705790258.jpg,Monarch,1,1.0
705787446.jpg,Monarch,1,0.63339955
705783964.jpg,Monarch,1,0.9999976
705783722.jpg,Monarch,1,0.9999995
705786143.jpg,Monarch,1,0.83755887
705783533.jpg,Monarch,1,0.4967952
705783449.jpg,Monarch,1,0.9978866
705782637.jpg,Monarch,1,0.85159177
705779247.jpg,Monarch,1,0.20172015
705777896.jpg,Monarch,0,0.08296626
705777669.jpg,Monarch,0,0.0005731939
705776792.jpg,Monarch,1,0.9665512
705774430.jpg,Monarch,1,0.2115962
705775510.jpg,Monarch,0,4.9950242e-05
705775147.jpg,Monarch,0,1.4829526e-05
705774370.jpg,Monarch,1,0.9999999
705774363.jpg,Monarch,1,0.9668164
705773108.jpg,Monarch,1,0.99999225
705770811.jpg,Monarch,1,0.9995227
705769761.jpg,Monarch,0,0.015860017
705768357.jpg,Monarch,1,0.9214433
705767904.jpg,Monarch,1,0.84148014
705766532.jpg,Monarch,0,0.00912828
705755974.jpg,Monarch,1,0.98043525
705763362.jpg,Monarch,1,0.7898007
705752858.jpg,Monarch,0,0.023899412
705761328.jpg,Monarch,0,0.00064574834
705747794.jpg,Monarch,0,0.00978749
705762318.jpg,Monarch,1,0.9984268
705758298.jpg,Monarch,1,0.99999976
705756674.jpg,Monarch,1,0.69941896
705756462.jpg,Monarch,0,0.019732917
705755973.jpg,Monarch,0,0.012403809
705754678.jpg,Monarch,1,0.7070762
705754436.jpg,Monarch,1,0.89571285
705752759.jpg,Monarch,0,0.03061526
705752564.jpg,Monarch,1,0.94141096
705748930.jpg,Monarch,0,0.00013664008
705740242.jpg,Monarch,0,0.0006191293
705739881.jpg,Monarch,0,0.0002032641
705727852.jpg,Monarch,1,0.9804314
705742762.jpg,Monarch,1,1.0
705742726.jpg,Monarch,1,0.939523
705742706.jpg,Monarch,0,0.00016014156
705742666.jpg,Monarch,1,0.8327885
705742667.jpg,Monarch,1,0.1639072
705742655.jpg,Monarch,1,0.9999974
705742586.jpg,Monarch,1,0.99952316
705742581.jpg,Monarch,1,0.99972945
705742583.jpg,Monarch,0,0.019413115
705742526.jpg,Monarch,0,0.014920149
705742523.jpg,Monarch,0,0.023371201
705742524.jpg,Monarch,1,0.8012558
705747498.jpg,Monarch,1,0.6620465
705746574.jpg,Monarch,1,0.9999989
705746431.jpg,Monarch,0,0.076194294
705746327.jpg,Monarch,1,1.0
705745488.jpg,Monarch,1,0.6919832
705745182.jpg,Monarch,1,0.9999995
705745069.jpg,Monarch,0,0.013353903
705744301.jpg,Monarch,1,0.9998596
705743374.jpg,Monarch,1,0.22694942
705743361.jpg,Monarch,1,1.0
705738218.jpg,Monarch,0,0.053795166
705740959.jpg,Monarch,1,0.94141096
705740498.jpg,Monarch,1,0.9999826
705739910.jpg,Monarch,1,0.74166214
706034386.jpg,Monarch,1,0.99999964
705738589.jpg,Monarch,1,0.93637925
705738538.jpg,Monarch,0,7.832416e-06
705738112.jpg,Monarch,1,0.9734041
705738152.jpg,Monarch,1,0.18718803
705736603.jpg,Monarch,1,0.99983597
705736503.jpg,Monarch,1,0.891511
705734238.jpg,Monarch,0,0.0015995001
705731940.jpg,Monarch,0,0.004214317
705730404.jpg,Monarch,1,0.5377326
705726459.jpg,Monarch,1,0.99937177
705729958.jpg,Monarch,1,0.7698423
705728055.jpg,Monarch,1,0.99910444
705728321.jpg,Monarch,0,0.00012099827
705724174.jpg,Monarch,1,0.9999981
705723706.jpg,Monarch,1,1.0
705723162.jpg,Monarch,1,0.99999964
705719080.jpg,Monarch,0,4.002898e-05
705718512.jpg,Monarch,0,0.003672596
705718479.jpg,Monarch,0,0.00025219083
705721761.jpg,Monarch,1,1.0
705720342.jpg,Monarch,1,0.9682569
705715866.jpg,Monarch,0,0.022550302
705720411.jpg,Monarch,1,0.99491805
705718229.jpg,Monarch,0,1.8525425e-05
705718115.jpg,Monarch,0,2.9858406e-06
705717510.jpg,Monarch,1,0.45997903
705716747.jpg,Monarch,0,0.004677909
705716571.jpg,Monarch,1,0.9999994
705714947.jpg,Monarch,0,0.076111786
705667641.jpg,Monarch,1,0.9084278
705713076.jpg,Monarch,1,0.18084319
705712738.jpg,Monarch,1,0.99918956
705711910.jpg,Monarch,1,0.99967617
705711599.jpg,Monarch,0,0.000114364775
705709243.jpg,Monarch,1,0.99909896
705709143.jpg,Monarch,0,0.007903941
705708952.jpg,Monarch,1,0.39427412
705708765.jpg,Monarch,1,0.9998797
705708504.jpg,Monarch,0,0.0020894015
705704636.jpg,Monarch,0,0.026247105
705706555.jpg,Monarch,0,0.095178805
705687532.jpg,Monarch,0,0.0020127036
705706040.jpg,Monarch,1,1.0
705705426.jpg,Monarch,1,0.96661115
705689046.jpg,Monarch,1,0.62652564
705688816.jpg,Monarch,1,0.5345547
705688223.jpg,Monarch,0,0.044266846
705687909.jpg,Monarch,1,0.36649144
705699340.jpg,Monarch,1,0.99996877
705702923.jpg,Monarch,1,0.9961624
705702312.jpg,Monarch,1,0.9999956
705701641.jpg,Monarch,1,0.98383087
705701523.jpg,Monarch,1,0.37222582
705701541.jpg,Monarch,0,0.014717836
705700977.jpg,Monarch,1,0.8644104
705696036.jpg,Monarch,0,0.013077091
705695715.jpg,Monarch,0,0.000266758
705695674.jpg,Monarch,0,0.005797665
705695640.jpg,Monarch,1,0.9094165
705695173.jpg,Monarch,1,0.99950933
705700104.jpg,Monarch,1,0.9999628
705699387.jpg,Monarch,1,0.9697546
705699336.jpg,Monarch,1,0.9999263
705698389.jpg,Monarch,1,0.999902
705698917.jpg,Monarch,0,0.0014834355
705697945.jpg,Monarch,1,0.99324363
705696824.jpg,Monarch,0,0.04186653
705696320.jpg,Monarch,1,0.19970109
705696025.jpg,Monarch,1,0.62536514
705695085.jpg,Monarch,1,0.9999459
705694161.jpg,Monarch,0,0.00026993325
705689848.jpg,Monarch,1,0.40507418
705693862.jpg,Monarch,0,0.08762114
705692782.jpg,Monarch,1,0.10428954
705692751.jpg,Monarch,0,0.07462442
705692501.jpg,Monarch,1,0.84360826
705692420.jpg,Monarch,0,0.008425382
705690784.jpg,Monarch,0,0.016904814
705684181.jpg,Monarch,1,0.1837516
705687759.jpg,Monarch,0,0.0031065797
705686874.jpg,Monarch,1,0.17381302
705687387.jpg,Monarch,1,0.9997427
706389024.jpg,Monarch,1,0.9993087
705684446.jpg,Monarch,1,0.27215528
705684589.jpg,Monarch,1,0.9634459
705680853.jpg,Monarch,1,0.7286133
705676956.jpg,Monarch,1,0.9359479
705681308.jpg,Monarch,0,0.00028860752
705680604.jpg,Monarch,1,0.9994196
705680221.jpg,Monarch,1,0.4396984
705678683.jpg,Monarch,1,0.27710888
705677005.jpg,Monarch,1,0.97458637
705677725.jpg,Monarch,1,0.41521424
705677576.jpg,Monarch,1,0.9980849
705676869.jpg,Monarch,1,0.98659885
705672525.jpg,Monarch,1,1.0
705676218.jpg,Monarch,1,0.93611866
705674101.jpg,Monarch,0,0.052952666
705674023.jpg,Monarch,1,0.99618995
705672820.jpg,Monarch,0,0.0045323223
705672080.jpg,Monarch,1,0.9999763
705671524.jpg,Monarch,1,0.9998027
705671141.jpg,Monarch,1,0.9986987
705671369.jpg,Monarch,0,0.0766058
705655915.jpg,Monarch,0,3.0716663e-05
705668604.jpg,Monarch,1,0.99959934
705653569.jpg,Monarch,1,0.8625756
705653243.jpg,Monarch,1,0.96792006
705667675.jpg,Monarch,1,0.17880952
705665226.jpg,Monarch,0,0.004512452
705665149.jpg,Monarch,1,0.9999186
705665067.jpg,Monarch,1,0.99995375
705663562.jpg,Monarch,1,0.24268126
705663320.jpg,Monarch,1,0.20271665
705662663.jpg,Monarch,1,0.99996746
705661220.jpg,Monarch,1,0.9999949
705659837.jpg,Monarch,1,0.99999833
705659479.jpg,Monarch,1,0.7203415
705659155.jpg,Monarch,1,0.45237333
705658555.jpg,Monarch,1,0.124941014
705658549.jpg,Monarch,1,0.99681586
705657422.jpg,Monarch,1,1.0
705655605.jpg,Monarch,1,0.87154347
705655168.jpg,Monarch,1,0.12476429
705653752.jpg,Monarch,0,0.0013763976
705655150.jpg,Monarch,1,0.9911158
705654418.jpg,Monarch,1,0.9952024
705654110.jpg,Monarch,1,0.98121303
705651698.jpg,Monarch,1,0.9938155
705651770.jpg,Monarch,1,0.24071385
705648178.jpg,Monarch,1,0.1050256
705647429.jpg,Monarch,1,0.87082124
705650279.jpg,Monarch,0,0.00071961904
705649048.jpg,Monarch,1,0.45478898
705648678.jpg,Monarch,0,0.00845807
705648710.jpg,Monarch,1,0.5002304
705647586.jpg,Monarch,1,0.99999785
705647528.jpg,Monarch,1,0.9322196
705646651.jpg,Monarch,0,0.018917445
705646567.jpg,Monarch,1,0.99999964
705645885.jpg,Monarch,1,0.9996756
705645134.jpg,Monarch,1,0.32196757
705644927.jpg,Monarch,1,0.77753836
705644633.jpg,Monarch,1,0.99999833
705644164.jpg,Monarch,1,0.4231137
705643912.jpg,Monarch,1,0.99999964
705643006.jpg,Monarch,0,0.021043584
705641905.jpg,Monarch,0,0.005217814
705641880.jpg,Monarch,1,0.13950944
705637723.jpg,Monarch,0,0.00547061
705637737.jpg,Monarch,0,0.0075687915
705586841.jpg,Monarch,0,0.02004775
705639002.jpg,Monarch,1,0.9988067
705638863.jpg,Monarch,1,0.99892765
705637062.jpg,Monarch,0,0.0070154215
705636889.jpg,Monarch,1,1.0
705636549.jpg,Monarch,1,0.99999475
705635984.jpg,Monarch,0,0.0044760313
705629872.jpg,Monarch,1,0.97190666
705634365.jpg,Monarch,0,3.732755e-05
705633317.jpg,Monarch,1,0.44286186
705632748.jpg,Monarch,1,1.0
705632125.jpg,Monarch,1,0.33974114
705628441.jpg,Monarch,1,0.9959656
705627971.jpg,Monarch,1,0.984829
705627329.jpg,Monarch,1,0.9880227
705626177.jpg,Monarch,1,0.9999989
705626023.jpg,Monarch,1,1.0
705625238.jpg,Monarch,1,0.9993893
705624570.jpg,Monarch,1,0.90112096
705624384.jpg,Monarch,0,0.039677378
705624311.jpg,Monarch,1,0.9989442
705621586.jpg,Monarch,1,0.94236326
705623242.jpg,Monarch,1,0.99953645
705620295.jpg,Monarch,1,0.9998306
705603567.jpg,Monarch,1,0.1964348
705621554.jpg,Monarch,1,0.99701923
705619982.jpg,Monarch,1,0.9999521
705608081.jpg,Monarch,0,0.00012567501
705618144.jpg,Monarch,0,0.053676136
705617281.jpg,Monarch,1,1.0
705617193.jpg,Monarch,1,0.9976415
705616491.jpg,Monarch,1,0.11282344
705615827.jpg,Monarch,0,0.027934466
705552837.jpg,Monarch,0,0.00062921323
705611999.jpg,Monarch,1,0.99999905
705611316.jpg,Monarch,0,0.01391046
705610097.jpg,Monarch,0,0.09185056
705609879.jpg,Monarch,0,0.024619516
705607807.jpg,Monarch,0,0.01873174
705607614.jpg,Monarch,1,0.5576969
705605606.jpg,Monarch,1,1.0
705601185.jpg,Monarch,0,0.00029947783
706002245.jpg,Monarch,1,0.99883896
705600999.jpg,Monarch,1,0.9997865
705598481.jpg,Monarch,0,0.0724386
705597808.jpg,Monarch,0,0.0004984185
705597553.jpg,Monarch,1,0.36160198
705597228.jpg,Monarch,1,0.5179157
705597235.jpg,Monarch,1,0.99902797
705587316.jpg,Monarch,1,0.39465854
705595508.jpg,Monarch,1,1.0
705594594.jpg,Monarch,1,0.99974686
705593945.jpg,Monarch,1,0.9989968
705588520.jpg,Monarch,0,0.0018013322
705588501.jpg,Monarch,0,0.01023614
705589013.jpg,Monarch,1,0.9992755
705588867.jpg,Monarch,1,0.7960121
705588508.jpg,Monarch,1,0.4237342
705588110.jpg,Monarch,1,0.994955
705585937.jpg,Monarch,1,0.9244289
705585626.jpg,Monarch,1,1.0
705585062.jpg,Monarch,1,0.9189909
705579920.jpg,Monarch,0,0.012188919
705584720.jpg,Monarch,1,0.97252536
705584660.jpg,Monarch,1,0.121849604
705584195.jpg,Monarch,1,0.83523595
705583971.jpg,Monarch,1,0.76607805
705583392.jpg,Monarch,1,0.10088139
705583274.jpg,Monarch,1,0.7009322
705582668.jpg,Monarch,1,0.9987167
705581901.jpg,Monarch,1,0.83939314
705580945.jpg,Monarch,1,1.0
705580733.jpg,Monarch,0,0.06583549
705585904.jpg,Monarch,1,0.9999956
705579878.jpg,Monarch,1,0.9887445
705578372.jpg,Monarch,1,0.9999962
705575352.jpg,Monarch,0,0.007344679
705575351.jpg,Monarch,1,0.9999976
705574790.jpg,Monarch,1,0.9998691
705573825.jpg,Monarch,1,0.99986327
705572119.jpg,Monarch,1,0.96424204
705571157.jpg,Monarch,1,0.9418735
705571097.jpg,Monarch,1,0.99819475
705567391.jpg,Monarch,1,0.13159029
705567304.jpg,Monarch,1,0.96158504
705568759.jpg,Monarch,1,0.91626304
705568151.jpg,Monarch,0,0.09299227
705567686.jpg,Monarch,0,0.0007420343
705565831.jpg,Monarch,1,0.9999999
705564960.jpg,Monarch,1,0.99128425
705559109.jpg,Monarch,1,0.98429376
705553182.jpg,Monarch,0,0.004865115
705561079.jpg,Monarch,0,0.013478797
705561860.jpg,Monarch,1,0.9994182
705553807.jpg,Monarch,0,0.0004981875
705553543.jpg,Monarch,0,0.060459524
705553198.jpg,Monarch,1,0.113082536
705551465.jpg,Monarch,0,0.012377103
705549944.jpg,Monarch,1,0.9992366
705552639.jpg,Monarch,1,0.9999201
705550981.jpg,Monarch,1,0.9999999
705558821.jpg,Monarch,1,0.99914145
705550486.jpg,Monarch,1,0.89064664
705550536.jpg,Monarch,1,0.9999453
705552194.jpg,Monarch,1,0.9183897
705548644.jpg,Monarch,1,0.99999607
705548133.jpg,Monarch,1,0.41264203
705546072.jpg,Monarch,0,0.0021954568
705546076.jpg,Monarch,1,0.99999774
705545943.jpg,Monarch,0,0.0014061246
705545623.jpg,Monarch,1,0.5639961
705545061.jpg,Monarch,1,0.9535707
705543122.jpg,Monarch,1,0.9984951
705542997.jpg,Monarch,1,0.99958616
705539804.jpg,Monarch,0,0.027253352
705074461.jpg,Monarch,1,0.9999999
705539331.jpg,Monarch,1,0.78469753
705538626.jpg,Monarch,1,0.9964529
705538060.jpg,Monarch,0,0.087871626
705538065.jpg,Monarch,1,0.9703635
705534940.jpg,Monarch,0,0.00020902176
705536323.jpg,Monarch,0,0.05078402
706067549.jpg,Monarch,1,0.24573079
705534689.jpg,Monarch,1,0.99670744
705532385.jpg,Monarch,1,0.8132611
705531981.jpg,Monarch,1,0.95972383
705531234.jpg,Monarch,1,0.99826545
705527895.jpg,Monarch,1,0.9471068
705527298.jpg,Monarch,0,0.060689066
705527316.jpg,Monarch,1,0.9974124
705526674.jpg,Monarch,1,1.0
705526552.jpg,Monarch,1,0.99637574
705526337.jpg,Monarch,1,0.9254935
705523981.jpg,Monarch,1,1.0
705523595.jpg,Monarch,0,0.0026595464
705523635.jpg,Monarch,1,0.9999162
705520844.jpg,Monarch,1,0.99277145
705515980.jpg,Monarch,1,0.9995954
705514037.jpg,Monarch,1,0.99904054
705513915.jpg,Monarch,0,0.08951224
705513557.jpg,Monarch,1,0.999913
705512475.jpg,Monarch,1,0.7737099
705512295.jpg,Monarch,1,0.98107225
705512135.jpg,Monarch,1,0.9969772
705512092.jpg,Monarch,1,0.10316192
705511246.jpg,Monarch,0,1.990522e-05
705510885.jpg,Monarch,1,1.0
705430355.jpg,Monarch,0,0.037948597
705509957.jpg,Monarch,1,0.9998069
705507334.jpg,Monarch,1,0.9998207
705507248.jpg,Monarch,0,0.005524594
705507766.jpg,Monarch,0,7.130912e-08
705507376.jpg,Monarch,1,0.9987832
705507251.jpg,Monarch,1,1.0
705505779.jpg,Monarch,1,0.9998293
705505789.jpg,Monarch,1,0.58882755
705504755.jpg,Monarch,1,0.9997634
705503833.jpg,Monarch,1,0.99999034
705500584.jpg,Monarch,1,0.8477661
705500034.jpg,Monarch,0,0.0062562623
705496278.jpg,Monarch,1,0.9608
705496043.jpg,Monarch,0,0.0015359159
705495502.jpg,Monarch,0,3.9333304e-06
705492744.jpg,Monarch,1,0.99937654
705491301.jpg,Monarch,1,0.23106435
705490601.jpg,Monarch,0,0.000715499
705489517.jpg,Monarch,0,0.017004635
705489210.jpg,Monarch,0,0.015314923
705488853.jpg,Monarch,1,0.9985934
705488540.jpg,Monarch,1,0.9998754
705486266.jpg,Monarch,1,1.0
705486268.jpg,Monarch,1,0.9933651
705486285.jpg,Monarch,1,0.99998796
705485961.jpg,Monarch,1,0.9999913
705479266.jpg,Monarch,1,0.99100506
705476689.jpg,Monarch,1,0.99993026
705476675.jpg,Monarch,1,0.9999994
705472338.jpg,Monarch,1,0.999972
705471247.jpg,Monarch,1,0.99341595
705470362.jpg,Monarch,0,0.053226337
705470092.jpg,Monarch,1,1.0
705528713.jpg,Monarch,0,0.0052983146
705469007.jpg,Monarch,1,0.102091484
705466101.jpg,Monarch,0,0.00080661994
705464608.jpg,Monarch,0,0.00028148873
705462641.jpg,Monarch,1,0.9999976
705462287.jpg,Monarch,1,0.9999871
705462096.jpg,Monarch,1,0.51165074
705461834.jpg,Monarch,1,0.97370625
705459711.jpg,Monarch,0,0.0040370263
705459482.jpg,Monarch,1,1.0
705459292.jpg,Monarch,1,0.99998236
705458218.jpg,Monarch,0,0.0007653769
705457790.jpg,Monarch,1,0.9999926
705457858.jpg,Monarch,1,0.9988425
705456901.jpg,Monarch,1,0.8012988
705456807.jpg,Monarch,1,0.9999988
705456254.jpg,Monarch,1,1.0
705455998.jpg,Monarch,1,0.9999436
705455105.jpg,Monarch,1,0.26458222
705454867.jpg,Monarch,0,1.9932445e-06
705454652.jpg,Monarch,1,0.9978352
705452450.jpg,Monarch,0,0.00839148
705452231.jpg,Monarch,1,0.99952114
705451070.jpg,Monarch,1,0.99962425
705458096.jpg,Monarch,1,1.0
705449214.jpg,Monarch,1,0.9226097
705448277.jpg,Monarch,1,0.99999905
705445060.jpg,Monarch,1,0.9999684
705444130.jpg,Monarch,1,1.0
705443117.jpg,Monarch,1,0.651734
705442983.jpg,Monarch,0,0.002059451
705442715.jpg,Monarch,0,0.010893539
705442590.jpg,Monarch,1,0.99987066
705442515.jpg,Monarch,1,0.9999727
705439340.jpg,Monarch,0,0.00014837088
705441037.jpg,Monarch,1,1.0
705440770.jpg,Monarch,1,0.99916583
707857111.jpg,Monarch,1,0.99999595
705437921.jpg,Monarch,0,0.04227402
705436046.jpg,Monarch,0,0.00026362034
705438898.jpg,Monarch,1,0.9996427
705508649.jpg,Monarch,1,0.353324
705438143.jpg,Monarch,1,0.59507704
705437854.jpg,Monarch,0,0.053215202
705437867.jpg,Monarch,1,0.9999012
705437507.jpg,Monarch,1,1.0
705436682.jpg,Monarch,1,0.9981761
705435617.jpg,Monarch,1,0.6078549
705435350.jpg,Monarch,1,0.8926345
705433528.jpg,Monarch,1,0.99943787
705427685.jpg,Monarch,0,0.00011153242
705429308.jpg,Monarch,1,0.14514017
705428676.jpg,Monarch,1,0.99245095
705427020.jpg,Monarch,0,2.6460446e-05
705426295.jpg,Monarch,0,0.001052349
705425394.jpg,Monarch,1,0.9999548
705424265.jpg,Monarch,1,0.31970462
705423928.jpg,Monarch,1,0.9999106
705424175.jpg,Monarch,0,8.209638e-06
705423495.jpg,Monarch,1,0.2014494
705422152.jpg,Monarch,1,0.71463203
705422297.jpg,Monarch,1,0.9999995
705421726.jpg,Monarch,1,0.9999999
705421223.jpg,Monarch,1,0.22702809
705421075.jpg,Monarch,1,0.9999975
705415181.jpg,Monarch,0,0.011926782
705415191.jpg,Monarch,1,0.9960259
705412530.jpg,Monarch,1,0.99993825
705411460.jpg,Monarch,1,0.9999982
705410208.jpg,Monarch,1,1.0
705410549.jpg,Monarch,1,0.99999785
705405726.jpg,Monarch,1,0.99723154
705405682.jpg,Monarch,1,0.25644556
705406301.jpg,Monarch,0,0.047246527
705406329.jpg,Monarch,1,0.9998839
705401113.jpg,Monarch,1,0.9999963
705400197.jpg,Monarch,1,0.9997583
705398911.jpg,Monarch,0,0.03524919
705397434.jpg,Monarch,1,0.96318156
705395842.jpg,Monarch,1,0.999997
705395591.jpg,Monarch,1,0.6955428
705394499.jpg,Monarch,1,0.9999999
705394126.jpg,Monarch,1,0.99987745
705389444.jpg,Monarch,1,0.9996228
705519769.jpg,Monarch,1,0.99999964
705387753.jpg,Monarch,1,0.55222785
705604907.jpg,Monarch,1,0.9999981
705385739.jpg,Monarch,1,0.99386626
705385448.jpg,Monarch,0,0.04352962
705377593.jpg,Monarch,0,0.0050348137
705376180.jpg,Monarch,0,0.012773562
705384518.jpg,Monarch,1,0.9999645
705375995.jpg,Monarch,0,0.0015805155
705383894.jpg,Monarch,1,0.9939951
705374422.jpg,Monarch,0,0.081998825
705381693.jpg,Monarch,1,0.8751194
705380758.jpg,Monarch,1,0.9936741
705378304.jpg,Monarch,1,0.19975877
705377520.jpg,Monarch,1,0.9979145
705374892.jpg,Monarch,0,0.020390434
705373197.jpg,Monarch,0,0.0042917156
705373075.jpg,Monarch,1,0.99991333
705372744.jpg,Monarch,1,0.9881098
705370714.jpg,Monarch,1,0.98900855
705368399.jpg,Monarch,1,0.9191876
705367576.jpg,Monarch,0,0.0025094154
705367627.jpg,Monarch,1,0.99595886
705367467.jpg,Monarch,1,1.0
706682321.jpg,Monarch,1,0.9417232
705366679.jpg,Monarch,0,0.0057465862
705365657.jpg,Monarch,1,0.99999
705365149.jpg,Monarch,1,0.9999547
705363774.jpg,Monarch,0,0.00081732473
705361218.jpg,Monarch,1,0.9984251
705359279.jpg,Monarch,1,0.99833053
706119009.jpg,Monarch,1,0.9999777
705343368.jpg,Monarch,0,0.0017173028
705351699.jpg,Monarch,1,0.12478594
705339408.jpg,Monarch,0,0.0002922648
705350653.jpg,Monarch,1,0.99999475
705350339.jpg,Monarch,1,0.9999473
705349876.jpg,Monarch,1,0.9999927
705349746.jpg,Monarch,1,0.9998653
705349190.jpg,Monarch,1,0.9902301
705348997.jpg,Monarch,1,0.7745316
705347296.jpg,Monarch,1,0.8061714
705346195.jpg,Monarch,1,0.917217
705345923.jpg,Monarch,1,0.41758794
705345287.jpg,Monarch,0,0.010413074
705345175.jpg,Monarch,0,6.38836e-10
705344807.jpg,Monarch,1,0.9996468
705344715.jpg,Monarch,0,0.003393218
705343016.jpg,Monarch,1,0.99924135
705342858.jpg,Monarch,1,0.81554663
705342681.jpg,Monarch,1,0.99937403
705342088.jpg,Monarch,1,0.157045
705341662.jpg,Monarch,0,0.001985698
705341333.jpg,Monarch,0,0.00033513026
705344767.jpg,Monarch,1,0.9991066
705338338.jpg,Monarch,1,0.99733824
705329918.jpg,Monarch,0,0.0016544879
705329893.jpg,Monarch,1,0.61269695
705336727.jpg,Monarch,1,0.9550489
705336447.jpg,Monarch,1,0.99837124
705343984.jpg,Monarch,1,0.99993
705335528.jpg,Monarch,1,0.9950763
705334174.jpg,Monarch,1,0.9997496
705331954.jpg,Monarch,0,0.0015521167
705333175.jpg,Monarch,1,0.99936014
705332707.jpg,Monarch,1,1.0
705331124.jpg,Monarch,1,0.15189828
705331046.jpg,Monarch,1,0.9999833
705330991.jpg,Monarch,1,0.96896744
705330132.jpg,Monarch,1,0.5299771
705329810.jpg,Monarch,1,0.9999999
705329729.jpg,Monarch,1,0.99744105
705329484.jpg,Monarch,0,0.01203646
705328979.jpg,Monarch,1,0.97551507
705327428.jpg,Monarch,0,0.006758439
705327432.jpg,Monarch,1,0.99804735
705327075.jpg,Monarch,0,0.039511163
705321549.jpg,Monarch,0,0.020040086
705318042.jpg,Monarch,0,0.0015647255
705317649.jpg,Monarch,0,0.09704701
705316567.jpg,Monarch,1,0.99999034
705315667.jpg,Monarch,1,0.2057657
705314805.jpg,Monarch,0,0.008101007
705313017.jpg,Monarch,1,0.80865955
706051906.jpg,Monarch,1,0.9914457
705312094.jpg,Monarch,1,0.99996877
705309395.jpg,Monarch,1,0.99994767
705306748.jpg,Monarch,1,0.99581295
705305988.jpg,Monarch,0,0.03600201
705304443.jpg,Monarch,1,0.9873837
705303582.jpg,Monarch,1,0.9763856
705303596.jpg,Monarch,1,0.99970967
705303500.jpg,Monarch,1,0.9998133
705301156.jpg,Monarch,0,0.08987957
705608194.jpg,Monarch,1,0.70200396
705298415.jpg,Monarch,1,0.99998045
705297304.jpg,Monarch,1,0.9999238
705296029.jpg,Monarch,0,0.01493458
705295649.jpg,Monarch,1,0.19632623
705294910.jpg,Monarch,1,0.9998982
705294131.jpg,Monarch,1,0.28324172
705292911.jpg,Monarch,1,0.98830193
705292853.jpg,Monarch,1,0.99968773
705292702.jpg,Monarch,1,0.99840754
705291532.jpg,Monarch,1,0.99447423
705291161.jpg,Monarch,1,0.99952525
705289935.jpg,Monarch,1,0.24219024
705290007.jpg,Monarch,1,0.99489516
705288310.jpg,Monarch,1,0.7779242
705285578.jpg,Monarch,0,0.050425313
705285524.jpg,Monarch,0,0.025414646
705285373.jpg,Monarch,0,0.00034828272
705285297.jpg,Monarch,1,0.75122976
705285183.jpg,Monarch,1,0.99922943
705285096.jpg,Monarch,0,0.0059982915
705284034.jpg,Monarch,1,0.35664353
705281516.jpg,Monarch,1,1.0
705281476.jpg,Monarch,0,0.03625375
705280476.jpg,Monarch,1,0.9994898
705280340.jpg,Monarch,1,0.99991894
705279638.jpg,Monarch,1,0.71564853
705279102.jpg,Monarch,1,0.9696946
705278560.jpg,Monarch,1,1.0
705278412.jpg,Monarch,1,0.9911752
705278113.jpg,Monarch,1,0.9981194
705275895.jpg,Monarch,1,0.6541138
705272207.jpg,Monarch,1,0.9002281
705270998.jpg,Monarch,1,0.9020542
705269650.jpg,Monarch,1,0.9691799
705269517.jpg,Monarch,1,0.3218241
705269018.jpg,Monarch,1,0.9999938
705267437.jpg,Monarch,1,0.56505877
705267550.jpg,Monarch,1,0.9999244
705266953.jpg,Monarch,1,0.58309996
705265770.jpg,Monarch,1,0.1889007
705265400.jpg,Monarch,1,0.11708711
705264826.jpg,Monarch,1,0.8262321
705263474.jpg,Monarch,1,0.9974868
705262496.jpg,Monarch,1,0.99938536
705262437.jpg,Monarch,1,1.0
705261253.jpg,Monarch,0,0.010148851
705259252.jpg,Monarch,1,0.99999607
705258704.jpg,Monarch,1,0.9930478
705257488.jpg,Monarch,1,1.0
705256258.jpg,Monarch,1,0.99999917
705253357.jpg,Monarch,1,0.99761647
705252909.jpg,Monarch,1,0.89823955
705252195.jpg,Monarch,1,0.44122285
705250268.jpg,Monarch,1,0.9999989
705249985.jpg,Monarch,1,0.99999964
705246955.jpg,Monarch,1,0.99995863
705246875.jpg,Monarch,1,1.0
705238503.jpg,Monarch,1,0.99992526
705234732.jpg,Monarch,1,0.99999666
705234704.jpg,Monarch,1,0.9900002
705227596.jpg,Monarch,1,0.99973565
705227548.jpg,Monarch,0,0.03302182
705221622.jpg,Monarch,0,0.0023459205
705217756.jpg,Monarch,1,0.56275177
705216143.jpg,Monarch,1,0.612262
705212171.jpg,Monarch,0,0.007685262
705212170.jpg,Monarch,1,0.42768428
705208205.jpg,Monarch,1,0.9999757
705204830.jpg,Monarch,1,0.9340784
705199696.jpg,Monarch,0,0.08983484
705198803.jpg,Monarch,1,1.0
705198769.jpg,Monarch,1,1.0
705198736.jpg,Monarch,1,0.97852474
705198699.jpg,Monarch,1,0.99997663
705198655.jpg,Monarch,1,1.0
705195185.jpg,Monarch,0,0.0024966185
705188169.jpg,Monarch,1,0.2538937
705187538.jpg,Monarch,0,0.00037481438
705159802.jpg,Monarch,1,0.99983656
705155040.jpg,Monarch,0,2.023872e-05
705129656.jpg,Monarch,0,0.00013197036
705121136.jpg,Monarch,0,0.029663496
705116130.jpg,Monarch,1,0.9876853
705041147.jpg,Monarch,1,0.7640477
705105496.jpg,Monarch,1,0.9812773
705103486.jpg,Monarch,1,0.22761814
705102518.jpg,Monarch,1,0.99999964
705101955.jpg,Monarch,1,0.99218726
705101051.jpg,Monarch,1,0.96979487
705099947.jpg,Monarch,1,0.9997872
705096459.jpg,Monarch,1,0.99014544
705095152.jpg,Monarch,1,0.99821055
705091357.jpg,Monarch,0,0.08387908
705089684.jpg,Monarch,1,0.9999949
705088144.jpg,Monarch,1,0.99997497
705085408.jpg,Monarch,1,0.7758298
705076569.jpg,Monarch,1,0.9999906
705074096.jpg,Monarch,0,0.007547488
705072197.jpg,Monarch,1,0.8748151
705072086.jpg,Monarch,1,1.0
705072075.jpg,Monarch,1,1.0
705072046.jpg,Monarch,1,0.9999999
705072041.jpg,Monarch,1,0.9997803
705071776.jpg,Monarch,1,1.0
705069745.jpg,Monarch,0,0.014260081
705070417.jpg,Monarch,1,0.95859367
705068309.jpg,Monarch,1,1.0
705068272.jpg,Monarch,1,0.9999174
705067400.jpg,Monarch,1,0.99999833
705066050.jpg,Monarch,1,0.9128904
705066760.jpg,Monarch,1,0.14806168
705062740.jpg,Monarch,0,0.010455955
705061989.jpg,Monarch,0,0.004093857
705057582.jpg,Monarch,1,0.99926215
705049217.jpg,Monarch,1,0.1425177
705009507.jpg,Monarch,1,0.9999976
705041079.jpg,Monarch,0,0.0029017958
705047177.jpg,Monarch,1,0.99594325
705045922.jpg,Monarch,1,0.9999933
705038038.jpg,Monarch,1,1.0
705037642.jpg,Monarch,1,0.990758
705038710.jpg,Monarch,1,0.9998356
705036419.jpg,Monarch,0,0.05051233
705028167.jpg,Monarch,1,0.5418001
705031733.jpg,Monarch,0,0.0003507528
705005324.jpg,Monarch,1,0.98699605
705029998.jpg,Monarch,1,0.99944645
705028046.jpg,Monarch,1,0.99999845
705027463.jpg,Monarch,1,0.999964
705025424.jpg,Monarch,0,0.09720814
705025353.jpg,Monarch,1,0.17540069
705024594.jpg,Monarch,0,0.030985227
705025542.jpg,Monarch,0,0.002499822
705022365.jpg,Monarch,1,0.99198323
705019968.jpg,Monarch,0,0.0016545916
705019889.jpg,Monarch,0,2.9934358e-06
705019752.jpg,Monarch,0,3.9680614e-07
705017469.jpg,Monarch,0,7.354517e-06
705016419.jpg,Monarch,1,0.91731036
705015613.jpg,Monarch,0,0.004749945
705014253.jpg,Monarch,0,0.02627405
705014156.jpg,Monarch,0,0.030225145
705010654.jpg,Monarch,0,1.3109343e-05
705012139.jpg,Monarch,1,0.9873527
705011954.jpg,Monarch,1,0.99996126
705011834.jpg,Monarch,1,0.47413382
705009392.jpg,Monarch,1,0.9998815
705008526.jpg,Monarch,0,0.00514316
705008831.jpg,Monarch,1,0.99999785
705007630.jpg,Monarch,1,1.0
705005527.jpg,Monarch,0,0.013317401
705006402.jpg,Monarch,1,0.9999919
705333820.jpg,Monarch,1,0.96085984
705371999.jpg,Monarch,1,0.9771597
705005666.jpg,Monarch,1,1.0
705005668.jpg,Monarch,1,0.9999999
705004400.jpg,Monarch,1,1.0
705003909.jpg,Monarch,1,0.9999995
705002475.jpg,Monarch,1,0.48761666
705001024.jpg,Monarch,1,0.9972867
705001059.jpg,Monarch,1,1.0
705000340.jpg,Monarch,1,0.99995494
705000213.jpg,Monarch,1,0.43711558
704998995.jpg,Monarch,1,0.9866082
704998609.jpg,Monarch,1,0.9999708
704997157.jpg,Monarch,1,0.785852
704997061.jpg,Monarch,1,0.99671066
704996002.jpg,Monarch,1,1.0
704992999.jpg,Monarch,1,0.6684012
704992214.jpg,Monarch,1,0.99619657
704992207.jpg,Monarch,1,1.0
704991712.jpg,Monarch,1,0.9996425
704991456.jpg,Monarch,1,0.9996319
704991002.jpg,Monarch,0,0.020378547
704989290.jpg,Monarch,0,0.0025797384
704989236.jpg,Monarch,0,1.9954046e-05
704989767.jpg,Monarch,1,0.48790932
704989637.jpg,Monarch,0,1.2402847e-05
704986058.jpg,Monarch,1,0.830734
704989461.jpg,Monarch,0,0.027190255
704989185.jpg,Monarch,0,0.050045058
704988088.jpg,Monarch,1,0.9999999
704987806.jpg,Monarch,1,0.9751567
704985880.jpg,Monarch,1,0.24836232
704985339.jpg,Monarch,1,0.7776954
704985648.jpg,Monarch,0,0.014534048
704984979.jpg,Monarch,0,0.01028668
704983450.jpg,Monarch,0,0.012359094
704984208.jpg,Monarch,1,0.9729129
704980112.jpg,Monarch,0,0.028118754
704982736.jpg,Monarch,1,0.99998915
704980473.jpg,Monarch,0,0.0045548896
704980202.jpg,Monarch,0,0.01872574
704979657.jpg,Monarch,1,0.71345055
704979129.jpg,Monarch,1,0.9999981
704978454.jpg,Monarch,0,0.0016546407
704978468.jpg,Monarch,0,0.00029406004
704978903.jpg,Monarch,1,0.9999809
704978667.jpg,Monarch,1,0.72800577
704977873.jpg,Monarch,1,0.95568717
704975094.jpg,Monarch,1,0.6803008
704976034.jpg,Monarch,1,0.99999976
704974435.jpg,Monarch,0,0.007929561
704974254.jpg,Monarch,0,0.017315846
704972901.jpg,Monarch,1,0.9976399
704971418.jpg,Monarch,1,0.99450946
704971367.jpg,Monarch,0,0.09894584
704966768.jpg,Monarch,1,0.998995
704982430.jpg,Monarch,1,0.99990106
704970194.jpg,Monarch,1,0.2885111
704969007.jpg,Monarch,1,0.99999845
704967874.jpg,Monarch,1,0.39716083
704968534.jpg,Monarch,1,0.98547167
704932963.jpg,Monarch,0,0.009481843
704968156.jpg,Monarch,1,0.99968773
704968029.jpg,Monarch,1,0.9999989
704967793.jpg,Monarch,1,0.8423295
704967724.jpg,Monarch,0,0.0028234504
704967660.jpg,Monarch,0,0.04646401
704966565.jpg,Monarch,1,0.10440265
704963158.jpg,Monarch,0,0.07506778
704963718.jpg,Monarch,1,0.99788827
704962568.jpg,Monarch,1,0.99991906
704962522.jpg,Monarch,1,0.9996765
704962282.jpg,Monarch,1,0.9999937
704962234.jpg,Monarch,1,0.9999994
704958918.jpg,Monarch,1,1.0
704952548.jpg,Monarch,1,0.10645274
704957352.jpg,Monarch,1,0.9970806
704957225.jpg,Monarch,0,2.0465353e-05
704952655.jpg,Monarch,1,0.19952908
704952596.jpg,Monarch,0,0.0053634513
704952311.jpg,Monarch,1,1.0
704946426.jpg,Monarch,0,0.08144672
704951267.jpg,Monarch,0,0.0007955506
704951115.jpg,Monarch,1,0.9609818
704950978.jpg,Monarch,0,0.053812385
704950415.jpg,Monarch,1,0.9999751
704950229.jpg,Monarch,1,0.9958312
704950250.jpg,Monarch,1,1.0
704949381.jpg,Monarch,1,1.0
704948900.jpg,Monarch,1,0.990922
704948882.jpg,Monarch,1,1.0
704947389.jpg,Monarch,1,0.99999857
704944367.jpg,Monarch,1,0.99728906
704944445.jpg,Monarch,1,0.4886449
704943660.jpg,Monarch,1,0.11330851
704943488.jpg,Monarch,1,0.38915354
704943020.jpg,Monarch,0,0.0002959413
704942623.jpg,Monarch,1,0.999992
704941473.jpg,Monarch,1,0.98651505
704940987.jpg,Monarch,1,0.11396453
704940582.jpg,Monarch,0,6.0460836e-05
704898654.jpg,Monarch,1,0.99999976
704939241.jpg,Monarch,0,0.000574635
704935128.jpg,Monarch,1,0.65312946
704931626.jpg,Monarch,1,0.21516405
704934615.jpg,Monarch,1,0.9999982
704931345.jpg,Monarch,0,0.0013062541
704933121.jpg,Monarch,1,0.98512787
704926357.jpg,Monarch,1,0.99610525
704930260.jpg,Monarch,1,0.99995184
704928450.jpg,Monarch,1,0.82518226
704928334.jpg,Monarch,0,0.00011912793
704928110.jpg,Monarch,0,0.032140613
704927258.jpg,Monarch,0,0.0036900435
704927163.jpg,Monarch,1,0.8986195
704926951.jpg,Monarch,1,0.99774134
704925843.jpg,Monarch,1,0.5730497
704921561.jpg,Monarch,0,0.015422278
704909260.jpg,Monarch,1,0.9919661
704881435.jpg,Monarch,0,8.0461956e-05
704920870.jpg,Monarch,1,1.0
704919055.jpg,Monarch,1,1.0
704916594.jpg,Monarch,1,0.99997854
704916304.jpg,Monarch,1,0.9881721
704915545.jpg,Monarch,1,1.0
704914328.jpg,Monarch,0,8.3557214e-05
704913789.jpg,Monarch,1,0.5777537
704914139.jpg,Monarch,1,0.25178802
704913487.jpg,Monarch,1,1.0
704911489.jpg,Monarch,0,0.08199694
704908625.jpg,Monarch,0,0.0016695043
704912098.jpg,Monarch,1,0.9833858
704912349.jpg,Monarch,0,0.00043406076
704911176.jpg,Monarch,1,0.3947932
704910342.jpg,Monarch,1,0.99059266
704906510.jpg,Monarch,0,0.019015452
704904528.jpg,Monarch,1,0.9996605
704902071.jpg,Monarch,1,0.666155
704900889.jpg,Monarch,1,0.93892
704900923.jpg,Monarch,0,0.009569924
704899748.jpg,Monarch,1,1.0
704898606.jpg,Monarch,1,0.119500704
704897338.jpg,Monarch,1,0.9999988
704894948.jpg,Monarch,1,0.50800395
704894822.jpg,Monarch,1,0.90796924
704894719.jpg,Monarch,1,1.0
704894160.jpg,Monarch,1,0.16233458
704894077.jpg,Monarch,1,0.91232246
704865346.jpg,Monarch,0,0.0017395274
704892960.jpg,Monarch,1,0.9842672
704890548.jpg,Monarch,1,0.7971994
704885173.jpg,Monarch,0,0.001362533
704887080.jpg,Monarch,0,0.0028772713
704885845.jpg,Monarch,1,1.0
704884529.jpg,Monarch,1,0.999987
704877745.jpg,Monarch,0,0.04769997
704881821.jpg,Monarch,1,0.96015894
704881170.jpg,Monarch,1,0.9991867
704880883.jpg,Monarch,1,0.6260579
704880728.jpg,Monarch,0,0.0017757762
704880166.jpg,Monarch,1,0.9999995
704879647.jpg,Monarch,1,0.8996041
704875196.jpg,Monarch,1,0.8943184
704875206.jpg,Monarch,1,0.9984877
704874489.jpg,Monarch,1,0.8933648
704874613.jpg,Monarch,1,0.99999964
704873668.jpg,Monarch,1,0.19235852
704873309.jpg,Monarch,1,1.0
704873261.jpg,Monarch,1,0.999997
704872405.jpg,Monarch,1,0.97073144
704872065.jpg,Monarch,0,0.00047434692
704871700.jpg,Monarch,1,0.9999968
704871270.jpg,Monarch,1,0.9987941
704868486.jpg,Monarch,1,0.9999945
704865729.jpg,Monarch,1,0.99999976
704863276.jpg,Monarch,1,0.99953943
704862939.jpg,Monarch,1,0.9996906
704862552.jpg,Monarch,1,0.9874142
704862338.jpg,Monarch,1,0.9689238
704862008.jpg,Monarch,1,1.0
704879550.jpg,Monarch,0,0.04226702
704859937.jpg,Monarch,0,0.00044034445
704859733.jpg,Monarch,1,0.99999976
704858903.jpg,Monarch,1,0.99426347
704858799.jpg,Monarch,1,0.99992216
704856412.jpg,Monarch,1,0.3875823
704857609.jpg,Monarch,1,0.47027746
704849567.jpg,Monarch,0,0.00497796
704853712.jpg,Monarch,0,0.005044165
704853389.jpg,Monarch,1,1.0
704849418.jpg,Monarch,1,0.99998975
704849009.jpg,Monarch,1,0.8569649
704851298.jpg,Monarch,1,0.99988306
704851377.jpg,Monarch,1,0.9999999
704850394.jpg,Monarch,1,0.1125934
704848795.jpg,Monarch,1,0.9790286
704849909.jpg,Monarch,1,0.9962644
704849690.jpg,Monarch,1,0.9999887
704848403.jpg,Monarch,1,0.97024035
704848385.jpg,Monarch,1,0.9999914
704848122.jpg,Monarch,0,1.3635796e-06
704848168.jpg,Monarch,1,0.999637
704847339.jpg,Monarch,0,0.09806474
704847357.jpg,Monarch,1,0.9958459
704843953.jpg,Monarch,1,0.99999774
704845445.jpg,Monarch,1,0.99971515
704845887.jpg,Monarch,1,1.0
704845953.jpg,Monarch,0,9.5721494e-05
704845231.jpg,Monarch,0,0.08390558
704843449.jpg,Monarch,0,0.0043367017
704843441.jpg,Monarch,1,1.0
704842737.jpg,Monarch,1,1.0
704840626.jpg,Monarch,1,0.99931407
704840017.jpg,Monarch,1,0.10910322
704839721.jpg,Monarch,1,0.2321148
704839749.jpg,Monarch,1,0.9999728
704812982.jpg,Monarch,1,0.3750554
704812610.jpg,Monarch,0,0.0019429659
704812608.jpg,Monarch,0,0.041455556
704837495.jpg,Monarch,0,0.001861986
704837463.jpg,Monarch,1,0.9843535
704837205.jpg,Monarch,1,0.99209994
704836852.jpg,Monarch,1,0.99999857
704835320.jpg,Monarch,1,0.9999398
704833298.jpg,Monarch,1,0.9996794
704832620.jpg,Monarch,1,0.99898046
704831612.jpg,Monarch,1,0.9995967
704831103.jpg,Monarch,1,0.940763
704829749.jpg,Monarch,1,0.9755998
704829354.jpg,Monarch,1,0.818552
704828991.jpg,Monarch,1,0.9999217
704828574.jpg,Monarch,0,0.011260111
704828522.jpg,Monarch,1,0.9989223
704825728.jpg,Monarch,1,0.556065
704823531.jpg,Monarch,1,0.99991727
704823498.jpg,Monarch,0,0.000984732
704823315.jpg,Monarch,1,0.9997559
704821981.jpg,Monarch,1,0.101983786
704789690.jpg,Monarch,0,0.00017437199
704821685.jpg,Monarch,1,1.0
704820125.jpg,Monarch,1,0.7850391
704819226.jpg,Monarch,1,1.0
704818047.jpg,Monarch,0,0.00032538094
704806111.jpg,Monarch,0,0.036637705
704814348.jpg,Monarch,1,0.9442207
704813465.jpg,Monarch,0,0.015216321
704812301.jpg,Monarch,1,0.99974936
704811442.jpg,Monarch,1,0.101443075
704812699.jpg,Monarch,1,0.92036337
704810399.jpg,Monarch,1,0.9999969
704808447.jpg,Monarch,0,0.085822254
704808428.jpg,Monarch,1,0.23280048
704808402.jpg,Monarch,0,0.00023185261
704810031.jpg,Monarch,1,0.99999106
704809598.jpg,Monarch,1,0.6518135
704808811.jpg,Monarch,1,0.16953541
704808240.jpg,Monarch,1,0.29697755
704807320.jpg,Monarch,1,0.9932068
704805472.jpg,Monarch,1,0.9999008
704805383.jpg,Monarch,1,0.99969715
704804296.jpg,Monarch,1,0.6739632
704800146.jpg,Monarch,1,0.99999976
704796161.jpg,Monarch,1,0.99710006
704793907.jpg,Monarch,1,0.9999993
704790828.jpg,Monarch,1,0.99721897
704789394.jpg,Monarch,1,1.0
704788125.jpg,Monarch,1,0.999185
704787732.jpg,Monarch,1,0.98735875
704783184.jpg,Monarch,0,0.04406982
704786446.jpg,Monarch,0,0.0021267487
704784558.jpg,Monarch,0,0.031924907
704783131.jpg,Monarch,1,0.24379635
704781241.jpg,Monarch,1,0.9997835
704798934.jpg,Monarch,0,0.0012287422
704777716.jpg,Monarch,1,0.9999503
704777363.jpg,Monarch,1,0.98308337
704776034.jpg,Monarch,0,0.00038399786
704774750.jpg,Monarch,0,0.0069463244
704772401.jpg,Monarch,0,1.6342226e-07
704767048.jpg,Monarch,0,0.00056885043
704766991.jpg,Monarch,1,0.76035655
704766944.jpg,Monarch,0,0.00034533814
704774410.jpg,Monarch,1,0.98779255
704772158.jpg,Monarch,1,0.9317286
704770768.jpg,Monarch,0,5.7903446e-05
704769522.jpg,Monarch,1,0.9996715
704769165.jpg,Monarch,1,0.9975956
704768804.jpg,Monarch,0,0.032921426
704767474.jpg,Monarch,1,1.0
704767345.jpg,Monarch,1,0.99635327
704767299.jpg,Monarch,1,0.5598406
704765898.jpg,Monarch,1,0.9999995
704764777.jpg,Monarch,1,0.99761754
704764616.jpg,Monarch,0,0.08331326
704763145.jpg,Monarch,1,0.995173
704761832.jpg,Monarch,1,0.18804696
704762200.jpg,Monarch,1,0.35798034
704757522.jpg,Monarch,0,0.00011168716
704757189.jpg,Monarch,0,0.0078039244
704757191.jpg,Monarch,0,0.020352803
704757123.jpg,Monarch,1,0.40260658
704757126.jpg,Monarch,0,0.00013362653
704757029.jpg,Monarch,0,0.0039588297
705010921.jpg,Monarch,0,0.080246694
704755682.jpg,Monarch,1,0.9302029
704756435.jpg,Monarch,1,1.0
704756213.jpg,Monarch,1,0.9999951
704755659.jpg,Monarch,1,0.9992144
704754598.jpg,Monarch,1,0.99998426
704753535.jpg,Monarch,1,0.99643624
704753031.jpg,Monarch,0,0.08653971
704750055.jpg,Monarch,1,0.9998814
704750014.jpg,Monarch,1,0.9999819
704749828.jpg,Monarch,1,1.0
704747948.jpg,Monarch,1,0.99999964
704747127.jpg,Monarch,0,0.007104658
704746914.jpg,Monarch,0,0.07746646
704746754.jpg,Monarch,0,3.944088e-06
704746301.jpg,Monarch,1,0.9490656
704745648.jpg,Monarch,1,0.99935955
704744591.jpg,Monarch,1,0.99883693
704744023.jpg,Monarch,1,0.9996684
704740014.jpg,Monarch,1,0.9999232
704733640.jpg,Monarch,0,0.00031637086
704735845.jpg,Monarch,1,0.76978827
704733915.jpg,Monarch,1,1.0
704733740.jpg,Monarch,0,0.09798322
704733667.jpg,Monarch,0,0.011697837
704733478.jpg,Monarch,1,1.0
704732427.jpg,Monarch,1,0.99844486
704729278.jpg,Monarch,0,0.0003854379
704731606.jpg,Monarch,1,0.3252949
704730710.jpg,Monarch,1,0.9460252
704729248.jpg,Monarch,1,0.9745721
704729907.jpg,Monarch,1,0.61496973
704729382.jpg,Monarch,1,0.6548255
704728536.jpg,Monarch,1,1.0
704726619.jpg,Monarch,1,0.61744314
704726461.jpg,Monarch,1,0.8845605
704724135.jpg,Monarch,1,0.9624923
704722783.jpg,Monarch,1,0.99819815
704722251.jpg,Monarch,1,0.99999285
704721753.jpg,Monarch,1,0.3378598
704719447.jpg,Monarch,1,0.95963854
704718593.jpg,Monarch,1,0.9800837
704714921.jpg,Monarch,1,0.92138624
704717400.jpg,Monarch,1,0.9999584
704717017.jpg,Monarch,1,0.99378645
704714590.jpg,Monarch,1,1.0
704713585.jpg,Monarch,1,0.18337524
704712735.jpg,Monarch,1,0.61966574
704712218.jpg,Monarch,1,0.54746044
704707780.jpg,Monarch,1,1.0
704707735.jpg,Monarch,1,0.11646219
704707700.jpg,Monarch,1,1.0
704706622.jpg,Monarch,0,0.00018246452
704700731.jpg,Monarch,1,0.5059989
704700813.jpg,Monarch,1,0.63172966
704700630.jpg,Monarch,1,0.66695935
704700658.jpg,Monarch,0,0.0013149619
704705390.jpg,Monarch,1,0.9839311
704704742.jpg,Monarch,0,0.036716122
704704567.jpg,Monarch,1,0.99994934
704704490.jpg,Monarch,1,0.99873203
704704390.jpg,Monarch,0,0.015533712
704702851.jpg,Monarch,1,0.99817705
704704283.jpg,Monarch,1,1.0
704702539.jpg,Monarch,1,0.999902
704701967.jpg,Monarch,0,0.08158006
704701379.jpg,Monarch,1,0.99471045
704700228.jpg,Monarch,1,0.9999716
704698826.jpg,Monarch,0,0.0076606567
704698735.jpg,Monarch,1,1.0
704695565.jpg,Monarch,0,0.005771985
704697455.jpg,Monarch,1,0.9999895
704697234.jpg,Monarch,1,0.50660056
704691076.jpg,Monarch,0,0.0053029736
704695479.jpg,Monarch,1,0.83724064
704694865.jpg,Monarch,1,0.99999976
704693975.jpg,Monarch,0,0.0064540803
704693840.jpg,Monarch,1,0.73240656
704692736.jpg,Monarch,1,0.99973625
708649466.jpg,Monarch,1,0.9883635
704740612.jpg,Monarch,1,0.9999845
704691261.jpg,Monarch,1,1.0
704690759.jpg,Monarch,1,0.998575
704688126.jpg,Monarch,1,0.9999943
704687867.jpg,Monarch,0,0.00053615804
704681411.jpg,Monarch,0,0.0063663
704681379.jpg,Monarch,1,0.9919373
704681371.jpg,Monarch,1,0.82350314
704681360.jpg,Monarch,1,0.9396004
704681357.jpg,Monarch,1,0.99708205
704681347.jpg,Monarch,1,0.9808054
704681241.jpg,Monarch,1,0.99013585
704681203.jpg,Monarch,1,0.9999863
704686773.jpg,Monarch,1,0.99987185
704686714.jpg,Monarch,1,0.2165179
704686582.jpg,Monarch,1,0.9420659
704684421.jpg,Monarch,1,0.99999833
704684264.jpg,Monarch,1,0.9998623
704683801.jpg,Monarch,1,0.9756614
704668201.jpg,Monarch,1,0.74247116
704667261.jpg,Monarch,0,0.029856618
704667234.jpg,Monarch,0,3.3796023e-05
704667006.jpg,Monarch,0,0.03632819
704666832.jpg,Monarch,0,0.0005882658
704682487.jpg,Monarch,1,0.9831693
706420103.jpg,Monarch,1,0.9989557
704779974.jpg,Monarch,0,0.08927174
704848274.jpg,Monarch,1,0.98864055
704679633.jpg,Monarch,1,0.9989085
704680759.jpg,Monarch,1,0.9999776
704670878.jpg,Monarch,1,0.29150605
704680550.jpg,Monarch,1,0.9999881
705493181.jpg,Monarch,1,0.8612516
704679512.jpg,Monarch,1,0.99969155
704679350.jpg,Monarch,1,1.0
704676305.jpg,Monarch,1,0.99995315
704674964.jpg,Monarch,1,0.9575475
704675001.jpg,Monarch,0,0.00015572927
704674601.jpg,Monarch,1,0.6561119
704673843.jpg,Monarch,1,0.9996744
704672392.jpg,Monarch,0,0.00024444572
704662988.jpg,Monarch,1,0.22055319
704671289.jpg,Monarch,1,0.99999714
704668498.jpg,Monarch,1,0.45799744
704667069.jpg,Monarch,1,0.9999964
704667049.jpg,Monarch,1,0.9999975
704666765.jpg,Monarch,0,0.00395608
704666013.jpg,Monarch,1,1.0
704665712.jpg,Monarch,1,0.9999999
704664948.jpg,Monarch,1,0.9791254
704664639.jpg,Monarch,1,1.0
704663577.jpg,Monarch,0,0.012250994
704662720.jpg,Monarch,1,0.8627358
704660548.jpg,Monarch,1,0.9999962
704659984.jpg,Monarch,1,0.99629825
704659018.jpg,Monarch,1,0.9345594
704658434.jpg,Monarch,0,0.0021237521
704658289.jpg,Monarch,0,0.002161574
704656528.jpg,Monarch,0,0.08674432
704657781.jpg,Monarch,1,0.17330539
704658204.jpg,Monarch,0,4.848693e-05
704656197.jpg,Monarch,1,0.6760766
704653217.jpg,Monarch,1,0.9947324
704652817.jpg,Monarch,1,0.12562652
704647267.jpg,Monarch,1,0.842862
704650105.jpg,Monarch,0,0.028083326
704649227.jpg,Monarch,1,1.0
704646967.jpg,Monarch,0,0.0015927388
704646690.jpg,Monarch,1,0.9999809
704646796.jpg,Monarch,0,0.00010810005
704646302.jpg,Monarch,1,0.15268059
704646345.jpg,Monarch,1,0.796144
704646287.jpg,Monarch,1,0.13444458
704663292.jpg,Monarch,1,0.99971634
704643339.jpg,Monarch,1,0.9999989
704642733.jpg,Monarch,1,0.10929849
704641232.jpg,Monarch,1,0.99977934
704641289.jpg,Monarch,1,0.9985866
704641134.jpg,Monarch,1,0.99967974
704641001.jpg,Monarch,0,0.0048696212
704640880.jpg,Monarch,0,0.00013745815
704640832.jpg,Monarch,0,0.0387413
704640773.jpg,Monarch,1,0.99984205
704640672.jpg,Monarch,1,0.3130016
704640514.jpg,Monarch,0,0.031784758
704640335.jpg,Monarch,0,0.025801366
704639598.jpg,Monarch,1,0.56230795
704636586.jpg,Monarch,0,0.00011817067
704635895.jpg,Monarch,1,0.99970907
704635481.jpg,Monarch,1,0.8267509
704635037.jpg,Monarch,1,0.9999993
704633507.jpg,Monarch,1,0.9936073
704628555.jpg,Monarch,1,0.97898185
704628499.jpg,Monarch,1,0.9817143
704628111.jpg,Monarch,1,0.99939513
704628091.jpg,Monarch,1,0.99998236
704625507.jpg,Monarch,1,0.9262154
704625683.jpg,Monarch,1,0.9984799
704625432.jpg,Monarch,1,0.4440413
704623515.jpg,Monarch,1,0.9370734
704623346.jpg,Monarch,1,0.92887324
704622064.jpg,Monarch,1,0.99927515
704621589.jpg,Monarch,0,0.0015014774
704621253.jpg,Monarch,1,0.9999764
706604661.jpg,Monarch,1,0.86528033
704614258.jpg,Monarch,0,0.0030850498
704614215.jpg,Monarch,0,0.0010735461
704614024.jpg,Monarch,1,0.99173355
704613525.jpg,Monarch,1,0.9604719
704612764.jpg,Monarch,0,0.085677356
704609860.jpg,Monarch,1,0.9907534
704610323.jpg,Monarch,1,0.9997959
704608950.jpg,Monarch,1,0.8902158
704607209.jpg,Monarch,1,0.9998832
704606601.jpg,Monarch,1,0.99969405
704606077.jpg,Monarch,1,0.99924487
704605752.jpg,Monarch,1,0.5755564
704605112.jpg,Monarch,1,0.9998586
704604680.jpg,Monarch,1,0.9945273
704604176.jpg,Monarch,1,1.0
704602101.jpg,Monarch,1,0.19767396
704599578.jpg,Monarch,0,0.001416945
704598207.jpg,Monarch,1,0.5825111
704596768.jpg,Monarch,1,0.99976164
704596515.jpg,Monarch,1,0.9910134
704595071.jpg,Monarch,0,0.0847711
704595429.jpg,Monarch,1,0.9791086
704595058.jpg,Monarch,1,0.9937577
704594425.jpg,Monarch,1,0.17949826
704594152.jpg,Monarch,1,0.999992
704593833.jpg,Monarch,1,0.99999964
704593644.jpg,Monarch,1,0.99972755
704592725.jpg,Monarch,1,0.952941
704592518.jpg,Monarch,1,0.99989724
704592070.jpg,Monarch,1,0.9995664
704591808.jpg,Monarch,1,0.99443424
704590797.jpg,Monarch,1,0.9761416
704590687.jpg,Monarch,1,0.99999976
704589257.jpg,Monarch,1,0.9999163
704589184.jpg,Monarch,1,0.9999614
704588786.jpg,Monarch,1,0.98196286
704747158.jpg,Monarch,1,1.0
704587157.jpg,Monarch,0,0.09933638
704583703.jpg,Monarch,1,0.99761236
704581514.jpg,Monarch,1,0.9653287
704580581.jpg,Monarch,1,0.9990113
704579231.jpg,Monarch,0,0.024999978
704574789.jpg,Monarch,1,0.99999917
704573205.jpg,Monarch,1,0.99957234
704571059.jpg,Monarch,1,0.9998599
704570945.jpg,Monarch,1,0.9998499
704570288.jpg,Monarch,1,0.9999174
704567299.jpg,Monarch,1,0.99999404
704566940.jpg,Monarch,1,0.8177209
704566520.jpg,Monarch,1,0.99999857
704565928.jpg,Monarch,1,0.9999999
704565397.jpg,Monarch,1,0.99875283
704563970.jpg,Monarch,1,0.9946301
704560488.jpg,Monarch,1,0.99772304
704558932.jpg,Monarch,1,1.0
704558095.jpg,Monarch,1,0.31083363
704558191.jpg,Monarch,1,0.530153
704558089.jpg,Monarch,1,0.9929629
704557974.jpg,Monarch,1,0.9999628
704556930.jpg,Monarch,1,0.9999124
704556555.jpg,Monarch,1,0.9576457
704555936.jpg,Monarch,1,0.74707836
704554393.jpg,Monarch,1,0.71490365
704554279.jpg,Monarch,1,0.99578315
704553917.jpg,Monarch,1,0.9983993
704591112.jpg,Monarch,0,0.000119807686
704552107.jpg,Monarch,1,0.99505544
704551750.jpg,Monarch,1,0.9938127
704551227.jpg,Monarch,1,0.99998236
704548911.jpg,Monarch,0,0.0023809625
704548912.jpg,Monarch,1,0.9953955
704548803.jpg,Monarch,1,0.9997044
704548312.jpg,Monarch,0,0.03973187
704547429.jpg,Monarch,0,0.03459326
704545416.jpg,Monarch,1,0.9999124
704540929.jpg,Monarch,1,0.99998784
704540741.jpg,Monarch,1,0.9999416
704540313.jpg,Monarch,1,0.99867046
704539573.jpg,Monarch,1,0.99645126
704538320.jpg,Monarch,1,0.5545767
704534182.jpg,Monarch,0,0.00044662305
704533006.jpg,Monarch,1,0.93311846
704531011.jpg,Monarch,1,1.0
704525815.jpg,Monarch,0,0.0002022515
704525630.jpg,Monarch,0,0.0004280044
704522084.jpg,Monarch,0,0.063193254
704523106.jpg,Monarch,1,0.66024923
704524533.jpg,Monarch,1,1.0
704523003.jpg,Monarch,1,1.0
704522933.jpg,Monarch,0,0.009902766
704521818.jpg,Monarch,0,0.004596913
704514247.jpg,Monarch,1,0.42343518
704504102.jpg,Monarch,0,0.035942126
704498547.jpg,Monarch,1,0.37709972
704497119.jpg,Monarch,1,0.9987399
704495921.jpg,Monarch,0,0.0049302755
704466921.jpg,Monarch,1,0.72860545
704442408.jpg,Monarch,1,0.99803346
704437493.jpg,Monarch,1,0.9965513
704430025.jpg,Monarch,0,0.08947801
704428618.jpg,Monarch,1,1.0
704417488.jpg,Monarch,1,0.7189448
704408242.jpg,Monarch,1,1.0
704397121.jpg,Monarch,1,0.17956845
704404429.jpg,Monarch,1,0.57813
704403658.jpg,Monarch,1,0.9992912
704398483.jpg,Monarch,1,0.9604426
704396385.jpg,Monarch,0,0.04045757
704389923.jpg,Monarch,1,0.9999987
704387462.jpg,Monarch,1,0.98747146
704380554.jpg,Monarch,1,0.101993605
704378890.jpg,Monarch,1,0.9982303
704378334.jpg,Monarch,1,0.9976088
704376679.jpg,Monarch,0,0.024418551
704370620.jpg,Monarch,1,0.56569546
704371069.jpg,Monarch,1,0.9999664
704362380.jpg,Monarch,0,0.0002939437
704366224.jpg,Monarch,1,0.7734792
704365241.jpg,Monarch,0,0.03030141
704364868.jpg,Monarch,1,0.9997068
704360848.jpg,Monarch,1,0.52011925
704351897.jpg,Monarch,0,6.4089334e-05
704359503.jpg,Monarch,1,0.9999913
704358101.jpg,Monarch,0,0.022798063
704356014.jpg,Monarch,0,0.037398405
704356853.jpg,Monarch,0,0.0030696327
704350892.jpg,Monarch,1,0.97302115
704353703.jpg,Monarch,1,0.998009
704349664.jpg,Monarch,0,0.072694205
704351188.jpg,Monarch,1,0.99676895
704351115.jpg,Monarch,1,0.78678066
704350593.jpg,Monarch,1,0.9956468
704350376.jpg,Monarch,0,0.01480772
704347979.jpg,Monarch,0,0.07668377
704347684.jpg,Monarch,0,0.00025790188
704347455.jpg,Monarch,1,0.7070128
704345704.jpg,Monarch,1,0.9753069
704344268.jpg,Monarch,0,0.0017908487
704339267.jpg,Monarch,0,0.0066339127
704337936.jpg,Monarch,0,0.0489331
704336463.jpg,Monarch,1,0.3110611
704331580.jpg,Monarch,0,0.0018713207
704327478.jpg,Monarch,1,0.6725903
704327463.jpg,Monarch,1,0.81380296
704328894.jpg,Monarch,1,0.1970796
704330223.jpg,Monarch,1,0.99996996
704329963.jpg,Monarch,1,0.9669453
704329456.jpg,Monarch,0,0.021331076
704328320.jpg,Monarch,1,1.0
704328117.jpg,Monarch,1,0.1341992
704328056.jpg,Monarch,1,1.0
704327998.jpg,Monarch,1,0.9999285
704330410.jpg,Monarch,1,0.9948984
704326426.jpg,Monarch,1,0.9999919
704326591.jpg,Monarch,1,0.99991584
704326321.jpg,Monarch,1,0.31844684
704325297.jpg,Monarch,1,0.8164746
704325067.jpg,Monarch,1,0.24924581
704324939.jpg,Monarch,1,0.97299945
704310087.jpg,Monarch,0,0.00016516463
704324525.jpg,Monarch,1,0.74617916
704321706.jpg,Monarch,0,0.00026659935
704322812.jpg,Monarch,1,0.9305912
704322625.jpg,Monarch,1,0.97442067
704321876.jpg,Monarch,0,0.042412426
704321770.jpg,Monarch,1,0.9999999
704321059.jpg,Monarch,1,0.99999166
704317447.jpg,Monarch,1,0.9972414
704317351.jpg,Monarch,1,0.9998666
704315148.jpg,Monarch,1,0.9928106
704313035.jpg,Monarch,1,0.9978244
704312980.jpg,Monarch,1,0.99999917
704312440.jpg,Monarch,1,0.99330515
704312433.jpg,Monarch,1,0.99986243
704312032.jpg,Monarch,1,1.0
704311992.jpg,Monarch,1,1.0
704310898.jpg,Monarch,1,1.0
704301529.jpg,Monarch,1,0.16213259
704310161.jpg,Monarch,1,0.9999993
704302705.jpg,Monarch,1,0.21071729
704302698.jpg,Monarch,0,0.00047485746
704305647.jpg,Monarch,0,0.019714339
704305053.jpg,Monarch,1,0.99341136
704304933.jpg,Monarch,0,0.008244749
704304928.jpg,Monarch,1,0.7851874
704304893.jpg,Monarch,0,0.07090987
704304882.jpg,Monarch,1,0.99857163
704308885.jpg,Monarch,1,0.98433685
704308195.jpg,Monarch,1,0.9999424
704287453.jpg,Monarch,0,0.03674015
704307936.jpg,Monarch,1,1.0
704307867.jpg,Monarch,1,0.9998386
704307806.jpg,Monarch,0,0.00044646172
704307717.jpg,Monarch,1,0.34012496
704307758.jpg,Monarch,1,0.98571855
704303466.jpg,Monarch,0,0.00010193392
704303444.jpg,Monarch,0,0.004788329
704306084.jpg,Monarch,0,9.2570364e-05
704306998.jpg,Monarch,1,0.8632271
704305612.jpg,Monarch,0,0.04207144
704305268.jpg,Monarch,1,0.9999703
704305223.jpg,Monarch,1,1.0
704303954.jpg,Monarch,1,1.0
704302779.jpg,Monarch,0,0.024193559
704301936.jpg,Monarch,1,0.9999968
704300525.jpg,Monarch,0,0.0016570092
704300737.jpg,Monarch,0,0.022927837
704300386.jpg,Monarch,1,0.98751825
704300389.jpg,Monarch,0,0.012725517
704297849.jpg,Monarch,1,0.9999062
704297611.jpg,Monarch,1,1.0
704297426.jpg,Monarch,1,0.99999785
704295642.jpg,Monarch,1,0.9858844
704295568.jpg,Monarch,1,0.9940071
704295191.jpg,Monarch,1,0.9998362
704295013.jpg,Monarch,0,0.035903286
704293415.jpg,Monarch,1,0.6587245
704293324.jpg,Monarch,1,1.0
704293090.jpg,Monarch,1,0.9932888
704292741.jpg,Monarch,1,0.99987936
704291657.jpg,Monarch,1,0.9913197
704291537.jpg,Monarch,1,0.7363135
704291522.jpg,Monarch,1,0.9990509
704291541.jpg,Monarch,1,0.3335519
704291334.jpg,Monarch,1,0.99998844
704291021.jpg,Monarch,1,0.31247306
704290308.jpg,Monarch,1,1.0
704289582.jpg,Monarch,1,0.99985385
704288475.jpg,Monarch,1,0.96548367
704288245.jpg,Monarch,1,0.94182223
704287785.jpg,Monarch,1,0.9999976
704285332.jpg,Monarch,1,0.9825461
704285192.jpg,Monarch,0,0.03151275
704284270.jpg,Monarch,0,0.051674474
704283633.jpg,Monarch,1,0.9999964
704281082.jpg,Monarch,0,0.004456056
704279694.jpg,Monarch,1,0.15808456
704280521.jpg,Monarch,1,1.0
704363287.jpg,Monarch,1,1.0
704279401.jpg,Monarch,0,3.2766544e-05
704278916.jpg,Monarch,0,0.012342283
704277434.jpg,Monarch,0,0.08863563
704276722.jpg,Monarch,1,0.9999999
704276290.jpg,Monarch,0,0.005637408
704275281.jpg,Monarch,1,0.9999993
705004788.jpg,Monarch,1,0.9998925
704272622.jpg,Monarch,1,0.349196
704272577.jpg,Monarch,0,0.044727392
704269324.jpg,Monarch,1,0.15820932
704271244.jpg,Monarch,1,0.99572194
704271248.jpg,Monarch,1,1.0
704954449.jpg,Monarch,1,0.98793876
704268195.jpg,Monarch,1,0.9995827
704268142.jpg,Monarch,0,3.8265566e-10
704266814.jpg,Monarch,0,0.043243337
704267203.jpg,Monarch,1,0.86464316
704261659.jpg,Monarch,0,0.062221933
704264426.jpg,Monarch,0,0.0006901178
704264266.jpg,Monarch,1,0.9999671
704263717.jpg,Monarch,1,0.9999999
704263070.jpg,Monarch,1,0.28972098
704260830.jpg,Monarch,1,0.9998734
704260766.jpg,Monarch,1,0.9989742
704257904.jpg,Monarch,1,0.113436826
704258024.jpg,Monarch,1,0.99793977
704257280.jpg,Monarch,1,1.0
704254557.jpg,Monarch,1,0.97877914
704252280.jpg,Monarch,1,0.96519065
704251745.jpg,Monarch,1,1.0
704251213.jpg,Monarch,1,0.99998295
704250178.jpg,Monarch,1,0.99999607
704250064.jpg,Monarch,1,0.85584646
704246505.jpg,Monarch,0,0.01326111
704249365.jpg,Monarch,1,0.43472403
704245851.jpg,Monarch,1,0.99129176
704245607.jpg,Monarch,1,0.6029578
704238504.jpg,Monarch,1,0.8713915
704244120.jpg,Monarch,1,0.49047986
704242886.jpg,Monarch,0,0.0046583326
704242645.jpg,Monarch,1,0.9999666
704240216.jpg,Monarch,1,0.9999273
704239837.jpg,Monarch,1,0.15761468
704239304.jpg,Monarch,1,0.6190876
704239261.jpg,Monarch,0,0.048597593
704237939.jpg,Monarch,0,1.1339434e-05
704236999.jpg,Monarch,1,0.9990902
704227689.jpg,Monarch,1,0.99999917
704227679.jpg,Monarch,1,0.9918671
704227657.jpg,Monarch,1,1.0
704236268.jpg,Monarch,1,0.8927487
704230769.jpg,Monarch,1,0.9999366
704233399.jpg,Monarch,1,0.45409763
704233137.jpg,Monarch,1,0.26586032
704231978.jpg,Monarch,1,0.100842066
704230957.jpg,Monarch,1,0.99532783
704229020.jpg,Monarch,1,0.92515564
704228188.jpg,Monarch,1,0.99111336
704228056.jpg,Monarch,1,1.0
704227791.jpg,Monarch,0,0.0028418421
704226343.jpg,Monarch,1,0.9914819
704224587.jpg,Monarch,1,0.8819625
704226126.jpg,Monarch,1,0.9300737
704225017.jpg,Monarch,0,0.0027819513
704223981.jpg,Monarch,1,0.8972347
704223833.jpg,Monarch,1,0.92806655
704220516.jpg,Monarch,0,0.00014061198
704222990.jpg,Monarch,1,0.9962709
704222981.jpg,Monarch,0,0.08145549
704222595.jpg,Monarch,0,0.016402649
704222554.jpg,Monarch,0,0.09467331
704222419.jpg,Monarch,1,0.14235649
704222192.jpg,Monarch,1,0.9995311
704221886.jpg,Monarch,1,0.5283427
704220685.jpg,Monarch,0,0.0058964635
704219831.jpg,Monarch,1,0.9999304
704219072.jpg,Monarch,1,0.9994181
704218786.jpg,Monarch,1,0.41925472
704215046.jpg,Monarch,1,0.9999907
704214734.jpg,Monarch,1,0.99963284
704218535.jpg,Monarch,1,1.0
704219460.jpg,Monarch,1,0.9593172
704218098.jpg,Monarch,1,1.0
704217528.jpg,Monarch,1,0.9999988
704214593.jpg,Monarch,1,0.935697
704214203.jpg,Monarch,1,0.97825545
704212734.jpg,Monarch,1,0.99745613
704210574.jpg,Monarch,1,0.95261395
704209253.jpg,Monarch,1,0.9939347
704209584.jpg,Monarch,1,0.9999989
704209125.jpg,Monarch,1,0.99949884
704187295.jpg,Monarch,1,0.115842484
704208439.jpg,Monarch,1,0.99999905
704208271.jpg,Monarch,1,0.99826694
704204667.jpg,Monarch,1,0.9999049
704204139.jpg,Monarch,1,0.23618524
704226375.jpg,Monarch,1,0.99998915
704200311.jpg,Monarch,1,0.9940918
704195510.jpg,Monarch,0,0.0010572376
704196587.jpg,Monarch,0,0.014015047
704196488.jpg,Monarch,1,0.99938476
704195039.jpg,Monarch,1,0.9993689
704193888.jpg,Monarch,0,1.6717484e-05
704193734.jpg,Monarch,1,0.99999785
704192290.jpg,Monarch,0,0.00013411682
704191979.jpg,Monarch,1,1.0
704187673.jpg,Monarch,1,0.1289895
704186325.jpg,Monarch,0,0.04245349
704185999.jpg,Monarch,1,0.93940663
704185384.jpg,Monarch,1,0.73793393
704184559.jpg,Monarch,1,0.9999893
704198150.jpg,Monarch,1,0.81886166
704183314.jpg,Monarch,1,0.5429623
704181572.jpg,Monarch,1,0.9807787
704180095.jpg,Monarch,1,0.99996424
704179480.jpg,Monarch,1,0.9958572
704178515.jpg,Monarch,1,0.9999945
704176652.jpg,Monarch,1,0.8623552
704176415.jpg,Monarch,1,0.8530771
704176281.jpg,Monarch,1,0.34617105
704168661.jpg,Monarch,1,0.38348013
704171294.jpg,Monarch,1,0.99999964
704170104.jpg,Monarch,1,0.9999659
704169006.jpg,Monarch,1,0.96886927
704167785.jpg,Monarch,1,0.8853197
704165615.jpg,Monarch,0,0.045704946
704162701.jpg,Monarch,1,0.99963593
704164857.jpg,Monarch,1,0.99527794
704163368.jpg,Monarch,1,0.9992162
704163032.jpg,Monarch,1,1.0
704162075.jpg,Monarch,1,0.9999349
704161878.jpg,Monarch,1,0.9955051
704160218.jpg,Monarch,0,0.0125991665
704161170.jpg,Monarch,1,0.999974
704159486.jpg,Monarch,1,0.5781638
704155055.jpg,Monarch,1,0.99995434
704154338.jpg,Monarch,1,0.9254616
704152632.jpg,Monarch,1,0.9999529
704152168.jpg,Monarch,1,0.68016213
704151880.jpg,Monarch,1,0.81762177
704151408.jpg,Monarch,0,0.0002611871
704150683.jpg,Monarch,1,0.9999732
704681230.jpg,Monarch,1,0.7672777
704149905.jpg,Monarch,1,0.988629
704148890.jpg,Monarch,1,0.99981844
704148688.jpg,Monarch,1,0.9796132
704148080.jpg,Monarch,1,1.0
704147802.jpg,Monarch,1,1.0
704147704.jpg,Monarch,1,0.17451116
704144787.jpg,Monarch,0,0.0554931
704145231.jpg,Monarch,1,0.9986817
704227291.jpg,Monarch,1,0.72069603
704140148.jpg,Monarch,0,0.0142389415
704139814.jpg,Monarch,0,0.010793936
704144187.jpg,Monarch,1,0.9780421
704143819.jpg,Monarch,1,0.9999714
704143306.jpg,Monarch,1,0.9999808
704142209.jpg,Monarch,1,0.97931105
704142153.jpg,Monarch,0,0.04240872
704141710.jpg,Monarch,1,0.9991792
704141051.jpg,Monarch,1,0.9996812
704140890.jpg,Monarch,1,0.99999535
704139619.jpg,Monarch,1,0.99998176
704140628.jpg,Monarch,0,0.018153073
704140208.jpg,Monarch,1,0.96825063
704140015.jpg,Monarch,1,0.9999701
704138602.jpg,Monarch,1,1.0
704138538.jpg,Monarch,0,0.048808243
704137870.jpg,Monarch,1,0.48730135
704137018.jpg,Monarch,0,0.004690634
707787060.jpg,Monarch,1,0.10046662
704135171.jpg,Monarch,1,0.9951454
704134403.jpg,Monarch,1,0.99957305
704128963.jpg,Monarch,0,0.0060739457
704128895.jpg,Monarch,0,0.0016092391
704128448.jpg,Monarch,1,1.0
704125942.jpg,Monarch,0,0.00016328588
704127340.jpg,Monarch,0,2.7211605e-05
704126063.jpg,Monarch,0,0.00024156929
704124644.jpg,Monarch,0,0.056364678
704122715.jpg,Monarch,1,0.44199196
704125500.jpg,Monarch,1,0.86351997
704125128.jpg,Monarch,1,0.9975555
704124745.jpg,Monarch,1,0.9999902
704122459.jpg,Monarch,0,0.00064667704
704215990.jpg,Monarch,1,0.5109771
704119132.jpg,Monarch,1,0.9852771
704120251.jpg,Monarch,1,0.9920804
704119509.jpg,Monarch,1,0.87934166
704119043.jpg,Monarch,1,0.271042
704118688.jpg,Monarch,0,0.00048706072
704118638.jpg,Monarch,1,0.99744344
704118412.jpg,Monarch,0,0.00934073
704117954.jpg,Monarch,1,0.99980235
704117711.jpg,Monarch,1,0.98734295
704117010.jpg,Monarch,1,0.16058478
704115376.jpg,Monarch,1,0.9999999
704115309.jpg,Monarch,1,1.0
704112706.jpg,Monarch,1,0.12575334
704112434.jpg,Monarch,1,0.9999995
704110784.jpg,Monarch,1,0.26875603
704109869.jpg,Monarch,0,0.0011705
704107863.jpg,Monarch,1,0.99985194
704107273.jpg,Monarch,1,0.99981976
704106872.jpg,Monarch,1,0.99999976
704105597.jpg,Monarch,0,0.011644858
704105881.jpg,Monarch,1,0.3572496
704104695.jpg,Monarch,1,0.9655803
704104337.jpg,Monarch,1,0.9999995
704102910.jpg,Monarch,0,0.026857426
704102787.jpg,Monarch,1,0.6347107
704102707.jpg,Monarch,0,0.017108789
704102532.jpg,Monarch,1,0.5460661
704098308.jpg,Monarch,0,0.0014288484
704101917.jpg,Monarch,0,0.09571289
704100730.jpg,Monarch,1,0.9991571
704098967.jpg,Monarch,1,0.937145
704093102.jpg,Monarch,1,0.11947994
704092573.jpg,Monarch,0,0.00042948633
704092418.jpg,Monarch,0,0.028192213
704091957.jpg,Monarch,0,5.1561174e-06
704091506.jpg,Monarch,0,0.03790708
704091157.jpg,Monarch,0,0.00021250464
704090229.jpg,Monarch,0,0.00063100713
704098306.jpg,Monarch,1,0.7745792
704096435.jpg,Monarch,1,1.0
704096058.jpg,Monarch,1,0.99999547
704093296.jpg,Monarch,1,0.9831061
704092693.jpg,Monarch,1,0.99057955
704092167.jpg,Monarch,1,0.7671604
704092042.jpg,Monarch,1,0.9978945
704090648.jpg,Monarch,0,3.3393637e-05
704089787.jpg,Monarch,1,0.9999989
704088150.jpg,Monarch,1,0.9999968
704086967.jpg,Monarch,1,0.68627053
704086618.jpg,Monarch,1,0.4824584
704086095.jpg,Monarch,1,1.0
704085905.jpg,Monarch,1,1.0
704085648.jpg,Monarch,1,0.99999964
704085146.jpg,Monarch,0,0.057484012
704082791.jpg,Monarch,1,0.100445025
704079953.jpg,Monarch,1,0.6043432
704079505.jpg,Monarch,1,1.0
704079134.jpg,Monarch,1,0.999998
704078836.jpg,Monarch,1,0.9999628
704078601.jpg,Monarch,0,0.00041916352
704078367.jpg,Monarch,0,0.00036792946
704078114.jpg,Monarch,1,0.25965548
704077695.jpg,Monarch,1,0.38649395
704077040.jpg,Monarch,1,0.9835426
704075673.jpg,Monarch,1,0.33356604
704073217.jpg,Monarch,1,0.59541
704084379.jpg,Monarch,1,0.20622581
704082122.jpg,Monarch,1,0.6065748
704081529.jpg,Monarch,1,1.0
704080979.jpg,Monarch,1,0.5675742
706773324.jpg,Monarch,1,1.0
704080505.jpg,Monarch,1,1.0
704080388.jpg,Monarch,1,0.9971181
704080188.jpg,Monarch,0,7.3271303e-06
704077226.jpg,Monarch,0,0.0054857223
704079787.jpg,Monarch,1,0.8976232
704074750.jpg,Monarch,1,0.64255565
704077723.jpg,Monarch,1,0.1827125
704077198.jpg,Monarch,0,8.914097e-06
704077160.jpg,Monarch,1,0.99989676
704076979.jpg,Monarch,1,0.99999964
704076737.jpg,Monarch,1,0.5288922
704075846.jpg,Monarch,1,0.99731535
704075462.jpg,Monarch,1,0.9992224
704808349.jpg,Monarch,1,1.0
704075183.jpg,Monarch,1,0.2613382
704073877.jpg,Monarch,0,0.09513873
704073939.jpg,Monarch,1,0.988315
704073178.jpg,Monarch,1,0.99991024
704070867.jpg,Monarch,0,5.703401e-05
704071219.jpg,Monarch,1,0.9999893
704731772.jpg,Monarch,1,0.9999058
704068906.jpg,Monarch,1,1.0
704068174.jpg,Monarch,0,0.00016239879
704068252.jpg,Monarch,1,0.9999993
704067621.jpg,Monarch,0,0.018893665
704067259.jpg,Monarch,1,0.99950826
704066891.jpg,Monarch,1,0.41131344
704066460.jpg,Monarch,1,0.9518989
704102543.jpg,Monarch,1,0.9998809
704066090.jpg,Monarch,1,0.63860065
704065998.jpg,Monarch,1,0.9999999
704064903.jpg,Monarch,1,0.9994838
704062904.jpg,Monarch,1,0.9996906
704061778.jpg,Monarch,1,0.99992263
704061448.jpg,Monarch,1,1.0
704061208.jpg,Monarch,1,0.87023395
704060584.jpg,Monarch,0,5.170556e-08
704060530.jpg,Monarch,1,1.0
704058181.jpg,Monarch,1,0.30812213
704057818.jpg,Monarch,1,0.95113885
704057757.jpg,Monarch,1,0.9999733
704057695.jpg,Monarch,1,0.98164326
704057691.jpg,Monarch,1,0.99999654
704057094.jpg,Monarch,1,0.9849305
704056914.jpg,Monarch,1,0.21141024
704056599.jpg,Monarch,1,0.9993919
704056552.jpg,Monarch,0,0.01978907
704055840.jpg,Monarch,1,0.93888867
704055317.jpg,Monarch,1,0.38719466
704054548.jpg,Monarch,1,0.9974128
704054396.jpg,Monarch,1,0.4000687
704054299.jpg,Monarch,1,0.9999571
704048873.jpg,Monarch,0,0.010425892
704053917.jpg,Monarch,1,1.0
704053368.jpg,Monarch,1,0.8412601
704052968.jpg,Monarch,1,0.9985795
704052153.jpg,Monarch,0,0.04444296
704052048.jpg,Monarch,1,0.9982528
704049341.jpg,Monarch,1,0.8677967
704049166.jpg,Monarch,1,0.9645108
704047438.jpg,Monarch,1,0.99999046
704046096.jpg,Monarch,1,0.999998
704054819.jpg,Monarch,1,0.99999976
704039115.jpg,Monarch,1,0.9984946
704034342.jpg,Monarch,0,0.019377712
704037406.jpg,Monarch,1,0.9998853
704036266.jpg,Monarch,1,0.99956506
704035496.jpg,Monarch,1,0.9627827
704035188.jpg,Monarch,1,0.9999136
704034215.jpg,Monarch,1,0.9999753
704033888.jpg,Monarch,1,1.0
704031816.jpg,Monarch,1,0.98587793
704031965.jpg,Monarch,1,0.9989838
704030910.jpg,Monarch,1,1.0
704030965.jpg,Monarch,1,0.5342877
704030721.jpg,Monarch,1,0.13571937
704030483.jpg,Monarch,1,0.17137048
704029773.jpg,Monarch,1,0.7970603
704029650.jpg,Monarch,1,0.9999943
704029068.jpg,Monarch,1,0.794301
704029062.jpg,Monarch,1,0.99988973
704028840.jpg,Monarch,1,1.0
704028708.jpg,Monarch,1,0.99998295
704028065.jpg,Monarch,1,0.9999857
704026921.jpg,Monarch,0,0.035657793
707418505.jpg,Monarch,1,0.99999845
704026907.jpg,Monarch,1,0.999974
704026082.jpg,Monarch,1,0.6486308
704024937.jpg,Monarch,1,1.0
704024849.jpg,Monarch,0,3.627327e-06
704024426.jpg,Monarch,1,0.99998605
704023923.jpg,Monarch,1,0.9999993
704022825.jpg,Monarch,1,1.0
704022719.jpg,Monarch,1,0.18090217
704022035.jpg,Monarch,1,0.99999964
704013960.jpg,Monarch,0,1.5650994e-05
704019469.jpg,Monarch,1,0.19635384
704017402.jpg,Monarch,1,0.9999995
704016210.jpg,Monarch,0,0.000826582
704015602.jpg,Monarch,0,0.06951827
704014145.jpg,Monarch,1,1.0
704011696.jpg,Monarch,1,0.99996364
704009281.jpg,Monarch,1,0.99999535
704010371.jpg,Monarch,1,0.9988356
704622488.jpg,Monarch,1,1.0
704010211.jpg,Monarch,1,0.9997285
704008804.jpg,Monarch,0,0.0017684947
704008457.jpg,Monarch,1,0.9979857
704007109.jpg,Monarch,1,0.99391574
704007029.jpg,Monarch,1,0.98829985
704006137.jpg,Monarch,1,0.9997559
704003899.jpg,Monarch,1,0.99989104
704004777.jpg,Monarch,1,0.99218917
704002696.jpg,Monarch,1,0.99956065
704000612.jpg,Monarch,1,0.99999774
703999442.jpg,Monarch,1,0.99991274
703995055.jpg,Monarch,1,1.0
703993678.jpg,Monarch,1,0.89282864
703991804.jpg,Monarch,1,1.0
703990938.jpg,Monarch,1,0.9998343
703990803.jpg,Monarch,1,0.28496268
703988719.jpg,Monarch,1,0.8401766
703987877.jpg,Monarch,1,0.77181864
703985114.jpg,Monarch,1,0.9478397
703984541.jpg,Monarch,1,0.80218256
703984513.jpg,Monarch,0,0.005690632
703984384.jpg,Monarch,1,0.9967507
703984253.jpg,Monarch,0,0.026546558
703983979.jpg,Monarch,1,0.9773013
703983105.jpg,Monarch,1,0.9995851
703983116.jpg,Monarch,1,0.9990427
703980001.jpg,Monarch,1,0.9837066
703977695.jpg,Monarch,1,0.9999393
703977516.jpg,Monarch,1,0.9190156
703977203.jpg,Monarch,1,0.98830706
703976147.jpg,Monarch,1,0.7757084
703973849.jpg,Monarch,1,0.9803977
703973095.jpg,Monarch,1,0.6709396
703972540.jpg,Monarch,1,0.9305097
703971277.jpg,Monarch,0,0.03908532
703970539.jpg,Monarch,1,0.85109997
703969865.jpg,Monarch,1,0.5141571
703969809.jpg,Monarch,1,0.483111
703969573.jpg,Monarch,1,1.0
703969555.jpg,Monarch,1,0.96686524
703969011.jpg,Monarch,1,0.8274643
703968851.jpg,Monarch,1,1.0
703967445.jpg,Monarch,1,0.96175665
703966216.jpg,Monarch,1,0.9999999
703966116.jpg,Monarch,1,0.99999917
703965767.jpg,Monarch,0,6.35965e-05
703961064.jpg,Monarch,0,1.1928053e-07
703963134.jpg,Monarch,1,0.99978745
703961102.jpg,Monarch,1,0.9994762
703960134.jpg,Monarch,1,0.99999416
704652964.jpg,Monarch,1,0.99994624
704029741.jpg,Monarch,1,1.0
703956171.jpg,Monarch,1,0.99994445
703955708.jpg,Monarch,1,1.0
703955598.jpg,Monarch,1,1.0
703948265.jpg,Monarch,0,0.0036057674
705061455.jpg,Monarch,1,0.99764186
703954198.jpg,Monarch,0,0.0029278356
703953979.jpg,Monarch,1,0.99514157
704024893.jpg,Monarch,1,0.9998888
703951380.jpg,Monarch,1,1.0
703951120.jpg,Monarch,1,1.0
703950924.jpg,Monarch,1,1.0
703950389.jpg,Monarch,1,0.94971377
705540521.jpg,Monarch,0,0.00027074933
703947524.jpg,Monarch,0,5.2355368e-05
703947102.jpg,Monarch,1,0.999525
703940611.jpg,Monarch,1,0.99475724
703946122.jpg,Monarch,1,0.43117455
703945584.jpg,Monarch,1,0.9997603
703943687.jpg,Monarch,0,0.0003927265
703943269.jpg,Monarch,1,0.98920166
703942756.jpg,Monarch,1,0.44678414
703941295.jpg,Monarch,0,0.04617953
703934310.jpg,Monarch,1,1.0
703932323.jpg,Monarch,1,0.99847335
703931920.jpg,Monarch,1,1.0
703928013.jpg,Monarch,0,0.011994154
703926167.jpg,Monarch,1,1.0
703922336.jpg,Monarch,1,1.0
703974354.jpg,Monarch,1,0.9986386
703919821.jpg,Monarch,0,0.00073995785
703919447.jpg,Monarch,1,0.9999255
703991358.jpg,Monarch,1,0.9999994
703917047.jpg,Monarch,1,0.38083988
703916438.jpg,Monarch,1,1.0
703914352.jpg,Monarch,1,0.99994767
703922181.jpg,Monarch,1,0.999995
703911080.jpg,Monarch,1,0.5622393
703910882.jpg,Monarch,0,0.0027653778
703909987.jpg,Monarch,1,0.999863
703903161.jpg,Monarch,1,0.99999917
703904618.jpg,Monarch,0,0.01291128
703902315.jpg,Monarch,1,0.7788849
703900734.jpg,Monarch,1,0.7881758
703895997.jpg,Monarch,0,0.0011659286
703896002.jpg,Monarch,1,0.9884753
703892961.jpg,Monarch,1,0.99887794
703883457.jpg,Monarch,1,1.0
703883429.jpg,Monarch,0,0.0009570979
703883395.jpg,Monarch,1,0.9999726
703883346.jpg,Monarch,1,0.9898085
703875538.jpg,Monarch,1,0.10233404
703874355.jpg,Monarch,1,0.15829356
703865118.jpg,Monarch,0,0.09067496
703853771.jpg,Monarch,1,0.98803675
703817205.jpg,Monarch,1,0.95951766
703815445.jpg,Monarch,1,0.95622206
703797792.jpg,Monarch,0,0.00086551363
703790227.jpg,Monarch,1,0.9999218
703789636.jpg,Monarch,1,0.99999976
703788459.jpg,Monarch,1,0.99968714
703788337.jpg,Monarch,1,0.9955519
703786634.jpg,Monarch,1,0.99941593
703785337.jpg,Monarch,0,3.1869314e-07
703783896.jpg,Monarch,1,0.9999999
703782542.jpg,Monarch,1,0.27734357
703779105.jpg,Monarch,1,0.9998617
703778784.jpg,Monarch,1,0.9995067
703777491.jpg,Monarch,1,0.9999826
703775325.jpg,Monarch,1,0.9999839
703771687.jpg,Monarch,1,0.9998543
703770003.jpg,Monarch,0,0.00044920752
703769326.jpg,Monarch,1,0.14992994
703763844.jpg,Monarch,0,0.00019413761
703766181.jpg,Monarch,1,1.0
703765823.jpg,Monarch,1,0.991033
703765721.jpg,Monarch,1,1.0
703765584.jpg,Monarch,1,0.93036056
703765087.jpg,Monarch,1,0.28977653
703764298.jpg,Monarch,0,0.030410629
703761845.jpg,Monarch,1,0.9999839
703759689.jpg,Monarch,1,0.99213624
703756878.jpg,Monarch,0,0.0036904782
703755958.jpg,Monarch,1,0.9999976
703755550.jpg,Monarch,1,0.99999297
703755125.jpg,Monarch,1,0.2332515
703755274.jpg,Monarch,1,0.99931574
703753136.jpg,Monarch,0,0.0094987415
703752693.jpg,Monarch,1,0.9999864
703751909.jpg,Monarch,1,0.99999917
703751690.jpg,Monarch,1,0.19933781
703751666.jpg,Monarch,0,0.020291556
703750173.jpg,Monarch,1,1.0
703747619.jpg,Monarch,0,0.034898404
703743442.jpg,Monarch,1,0.9814897
703736174.jpg,Monarch,0,0.00012975128
703744062.jpg,Monarch,1,0.39116728
703742550.jpg,Monarch,1,0.10307367
703741829.jpg,Monarch,1,0.2780756
703735593.jpg,Monarch,0,0.0039609214
703735489.jpg,Monarch,0,0.00091445685
703735195.jpg,Monarch,1,0.51611704
703738284.jpg,Monarch,1,0.9999993
703738069.jpg,Monarch,1,0.23633958
703734362.jpg,Monarch,1,0.9999987
703729892.jpg,Monarch,1,0.989665
703729890.jpg,Monarch,1,0.787271
703733127.jpg,Monarch,1,0.9999291
703731957.jpg,Monarch,1,0.9999994
703731233.jpg,Monarch,1,0.16433541
703730474.jpg,Monarch,0,0.00043139106
703730257.jpg,Monarch,1,0.9999989
703729941.jpg,Monarch,1,0.7832829
703729489.jpg,Monarch,1,1.0
703729061.jpg,Monarch,1,0.9633081
703728151.jpg,Monarch,1,0.96446425
703725863.jpg,Monarch,1,0.99626607
703725801.jpg,Monarch,1,0.9999993
703725726.jpg,Monarch,1,0.8256262
703723414.jpg,Monarch,0,0.033668328
703722869.jpg,Monarch,0,2.5887616e-06
703722315.jpg,Monarch,0,0.043798726
703721489.jpg,Monarch,0,0.048243634
703719594.jpg,Monarch,1,1.0
703717889.jpg,Monarch,1,0.7378784
703717045.jpg,Monarch,1,0.9561405
703693004.jpg,Monarch,0,0.000801062
703714323.jpg,Monarch,0,0.0040553776
703714290.jpg,Monarch,0,0.024871761
703713786.jpg,Monarch,1,0.97287875
703713329.jpg,Monarch,1,0.9925315
703712145.jpg,Monarch,0,0.014268717
703711975.jpg,Monarch,1,0.12575877
703711843.jpg,Monarch,1,1.0
703711689.jpg,Monarch,1,0.85984427
703711636.jpg,Monarch,1,0.99405354
703710657.jpg,Monarch,0,7.1895985e-05
703710131.jpg,Monarch,1,0.9999912
703709188.jpg,Monarch,1,0.8648522
703709576.jpg,Monarch,1,0.999997
703704820.jpg,Monarch,1,0.8119471
703704786.jpg,Monarch,1,0.45018926
703704717.jpg,Monarch,0,0.03266336
703704707.jpg,Monarch,1,0.18472855
703704679.jpg,Monarch,1,0.85327345
703704656.jpg,Monarch,1,0.99794513
703704618.jpg,Monarch,0,0.01710639
703704613.jpg,Monarch,1,0.2734212
703704594.jpg,Monarch,0,0.055443965
703704578.jpg,Monarch,1,0.99670625
703704533.jpg,Monarch,1,0.11906461
703704530.jpg,Monarch,0,0.002139749
703704504.jpg,Monarch,1,0.44175512
703704505.jpg,Monarch,1,0.14374311
703704411.jpg,Monarch,1,0.71084964
703956112.jpg,Monarch,1,1.0
703708103.jpg,Monarch,0,0.0140335355
703707305.jpg,Monarch,0,0.0019694054
703707281.jpg,Monarch,1,0.9999745
703706587.jpg,Monarch,1,0.9952849
703706516.jpg,Monarch,1,1.0
703703966.jpg,Monarch,1,0.9824752
703703394.jpg,Monarch,0,0.025531935
703702507.jpg,Monarch,1,0.999308
703703170.jpg,Monarch,1,0.9465485
703693666.jpg,Monarch,0,0.02068762
703702758.jpg,Monarch,1,0.9996289
703702279.jpg,Monarch,1,0.6137681
703701306.jpg,Monarch,1,0.997839
703700538.jpg,Monarch,1,0.9995466
703699860.jpg,Monarch,1,0.9999987
703699503.jpg,Monarch,0,0.0021965937
703698000.jpg,Monarch,1,1.0
703697059.jpg,Monarch,1,0.94528675
703696935.jpg,Monarch,1,0.99958724
703696424.jpg,Monarch,1,0.42564744
703695808.jpg,Monarch,1,1.0
703694945.jpg,Monarch,1,0.19654971
703694874.jpg,Monarch,1,0.88173854
703696981.jpg,Monarch,1,0.99516827
703693556.jpg,Monarch,1,0.99392736
703692818.jpg,Monarch,1,0.98111653
703686499.jpg,Monarch,1,0.9847297
703691925.jpg,Monarch,1,0.97678226
703691705.jpg,Monarch,1,0.996055
703691486.jpg,Monarch,1,0.9995249
703690941.jpg,Monarch,1,0.17344423
703689363.jpg,Monarch,1,0.9988009
703688263.jpg,Monarch,0,0.028907513
703687467.jpg,Monarch,1,0.94052666
703687466.jpg,Monarch,1,1.0
703686906.jpg,Monarch,1,0.99988806
703686708.jpg,Monarch,1,0.99989676
703686606.jpg,Monarch,1,0.1471841
703685622.jpg,Monarch,1,0.99987686
703685539.jpg,Monarch,0,0.0045711165
703659499.jpg,Monarch,0,0.001818137
703684261.jpg,Monarch,1,0.98535234
703683492.jpg,Monarch,1,0.99997544
703682874.jpg,Monarch,1,0.9999999
703682505.jpg,Monarch,1,0.9813415
703682478.jpg,Monarch,1,0.8787345
703682264.jpg,Monarch,0,0.008316046
703682072.jpg,Monarch,1,0.88808167
703678988.jpg,Monarch,0,0.0009586192
703678983.jpg,Monarch,1,0.53342515
703678973.jpg,Monarch,0,0.0037162884
703678911.jpg,Monarch,1,0.96769845
703678910.jpg,Monarch,1,0.9999995
703678915.jpg,Monarch,1,0.6203148
703678088.jpg,Monarch,0,0.0016772273
703677687.jpg,Monarch,1,0.9999938
703673087.jpg,Monarch,0,0.00032098297
703676187.jpg,Monarch,1,0.99997187
703675874.jpg,Monarch,1,1.0
703675827.jpg,Monarch,1,0.9531842
703674839.jpg,Monarch,1,0.9845389
703674869.jpg,Monarch,0,0.0006976404
703673482.jpg,Monarch,1,0.8187311
703657452.jpg,Monarch,1,0.96631926
703656882.jpg,Monarch,1,0.75641125
703672362.jpg,Monarch,0,0.047602084
703670845.jpg,Monarch,1,0.99999976
706912210.jpg,Monarch,0,0.00091444206
703670741.jpg,Monarch,0,0.053580564
703669741.jpg,Monarch,1,0.52606386
703669261.jpg,Monarch,1,0.8170924
703669106.jpg,Monarch,1,0.9999893
703668668.jpg,Monarch,1,0.93921804
703668515.jpg,Monarch,1,0.9999999
703668285.jpg,Monarch,1,0.9999931
703667741.jpg,Monarch,1,0.99937844
703667074.jpg,Monarch,1,0.99282247
703665911.jpg,Monarch,1,0.99239844
703665134.jpg,Monarch,1,1.0
704128682.jpg,Monarch,1,0.8986325
703663226.jpg,Monarch,1,0.22629488
703663168.jpg,Monarch,1,0.39107805
703662876.jpg,Monarch,1,0.9800587
703663804.jpg,Monarch,1,0.5132435
703661975.jpg,Monarch,1,0.99999475
703660895.jpg,Monarch,0,0.05279749
703660399.jpg,Monarch,1,0.87366956
703660084.jpg,Monarch,0,0.00023431136
703659802.jpg,Monarch,0,0.007720663
703659154.jpg,Monarch,0,0.019932294
703659044.jpg,Monarch,1,0.8958011
703659004.jpg,Monarch,1,1.0
703657455.jpg,Monarch,0,0.0012058589
703656512.jpg,Monarch,0,0.01660733
703656356.jpg,Monarch,1,0.9999963
703657312.jpg,Monarch,1,0.8054244
703655652.jpg,Monarch,0,0.050845962
703655524.jpg,Monarch,0,0.07788168
703655328.jpg,Monarch,1,0.4946812
703654552.jpg,Monarch,0,0.007503032
703654276.jpg,Monarch,1,0.9992279
703649263.jpg,Monarch,1,0.98920316
703653651.jpg,Monarch,1,0.93209356
703652837.jpg,Monarch,1,0.9677531
703652622.jpg,Monarch,1,0.9997453
703652440.jpg,Monarch,1,1.0
703651507.jpg,Monarch,1,0.8132969
703651069.jpg,Monarch,1,0.9999993
703652652.jpg,Monarch,1,0.24948667
703650547.jpg,Monarch,1,0.95311725
703652269.jpg,Monarch,1,0.9999924
703647708.jpg,Monarch,1,0.1275013
703647040.jpg,Monarch,0,0.008009023
703646527.jpg,Monarch,1,0.9992076
703645702.jpg,Monarch,1,1.0
703642409.jpg,Monarch,0,0.0010870193
703644277.jpg,Monarch,0,0.00027929983
703643719.jpg,Monarch,1,0.9999999
703642966.jpg,Monarch,1,0.94229096
703638387.jpg,Monarch,1,0.21558502
703638139.jpg,Monarch,0,0.02410924
703642279.jpg,Monarch,1,0.90262824
703642579.jpg,Monarch,1,0.99980056
703641939.jpg,Monarch,1,0.99248415
703640495.jpg,Monarch,1,1.0
703639986.jpg,Monarch,1,0.8617942
703638801.jpg,Monarch,0,0.0010181576
703639231.jpg,Monarch,1,0.9999709
703638465.jpg,Monarch,1,0.7043878
703637918.jpg,Monarch,1,0.7239252
703630253.jpg,Monarch,0,0.041864417
703636116.jpg,Monarch,1,0.24153303
703635588.jpg,Monarch,1,0.21445549
703633763.jpg,Monarch,1,0.24839216
703633706.jpg,Monarch,1,0.9997634
703632950.jpg,Monarch,1,1.0
703632302.jpg,Monarch,1,1.0
703628173.jpg,Monarch,1,0.77754897
703628151.jpg,Monarch,0,0.080329195
703630026.jpg,Monarch,1,0.99813086
703628926.jpg,Monarch,1,0.9420178
703625875.jpg,Monarch,1,0.99998987
703625799.jpg,Monarch,1,0.9951599
703627593.jpg,Monarch,0,0.007494976
703626450.jpg,Monarch,1,0.63702434
703621343.jpg,Monarch,1,0.6835268
703621197.jpg,Monarch,0,0.07979341
703624986.jpg,Monarch,1,0.7220592
703622776.jpg,Monarch,1,0.42295966
703622506.jpg,Monarch,1,0.668229
703622063.jpg,Monarch,0,0.03607587
703621716.jpg,Monarch,1,0.331586
703621095.jpg,Monarch,1,0.99276406
703620093.jpg,Monarch,1,0.99999833
703986677.jpg,Monarch,1,0.9844318
703618217.jpg,Monarch,1,0.99637705
703618024.jpg,Monarch,1,0.89199257
703617272.jpg,Monarch,1,0.9998956
703615043.jpg,Monarch,1,0.28901955
703614043.jpg,Monarch,0,0.00021398505
703613409.jpg,Monarch,0,0.0027761196
703613209.jpg,Monarch,1,0.3671172
703612334.jpg,Monarch,1,0.25398043
703611787.jpg,Monarch,1,0.99993384
703611712.jpg,Monarch,1,0.999587
703611670.jpg,Monarch,0,3.2163305e-05
703611639.jpg,Monarch,1,0.8001263
703611573.jpg,Monarch,1,0.9999987
703611246.jpg,Monarch,1,0.107900344
703609953.jpg,Monarch,0,0.09551039
703609730.jpg,Monarch,0,0.002371295
703607865.jpg,Monarch,0,1.2618355e-06
703630564.jpg,Monarch,1,0.99996626
703608364.jpg,Monarch,1,0.9984493
703607114.jpg,Monarch,1,0.99950707
703606721.jpg,Monarch,1,0.3486716
703605041.jpg,Monarch,1,0.99966705
703605071.jpg,Monarch,1,0.9999696
703604469.jpg,Monarch,1,1.0
703604415.jpg,Monarch,1,1.0
703603716.jpg,Monarch,1,0.98923326
703603661.jpg,Monarch,1,1.0
703602637.jpg,Monarch,0,0.011299393
703600104.jpg,Monarch,1,1.0
703601272.jpg,Monarch,1,0.61851764
703600890.jpg,Monarch,1,0.98969406
703599992.jpg,Monarch,1,0.9934991
703596264.jpg,Monarch,1,0.9907778
703595856.jpg,Monarch,1,1.0
703595684.jpg,Monarch,1,0.9999292
703594089.jpg,Monarch,1,0.9999201
703593548.jpg,Monarch,1,0.9966718
703592913.jpg,Monarch,1,1.0
703592427.jpg,Monarch,1,0.99998057
703592202.jpg,Monarch,1,0.99993396
703591624.jpg,Monarch,0,0.027338108
703591533.jpg,Monarch,1,0.9351045
703590501.jpg,Monarch,1,1.0
703589084.jpg,Monarch,1,0.81818813
703588309.jpg,Monarch,0,0.03255506
703588135.jpg,Monarch,1,0.90117294
703587663.jpg,Monarch,1,0.9168173
703586545.jpg,Monarch,0,0.034047406
703587382.jpg,Monarch,0,0.00044545636
703586853.jpg,Monarch,0,0.079431586
703586708.jpg,Monarch,1,0.3453726
703584631.jpg,Monarch,1,0.9297529
703584898.jpg,Monarch,1,0.1199878
703584678.jpg,Monarch,0,0.034860417
703584529.jpg,Monarch,0,0.0025522427
703583090.jpg,Monarch,1,1.0
703582977.jpg,Monarch,1,0.9997104
703580360.jpg,Monarch,1,1.0
703578001.jpg,Monarch,1,0.4738822
703580743.jpg,Monarch,1,0.99948204
703580711.jpg,Monarch,0,0.0056223394
703577089.jpg,Monarch,1,0.241117
703578621.jpg,Monarch,1,0.994535
703571916.jpg,Monarch,0,0.0006078642
703577596.jpg,Monarch,0,0.07159802
703576212.jpg,Monarch,1,0.99999607
703575300.jpg,Monarch,0,0.07493632
703574495.jpg,Monarch,0,0.0018213444
703573574.jpg,Monarch,1,0.98309493
703572341.jpg,Monarch,1,0.9936353
703571989.jpg,Monarch,1,0.99999964
703571835.jpg,Monarch,1,0.63422704
703570990.jpg,Monarch,1,0.7747994
703570596.jpg,Monarch,1,0.9999912
703569556.jpg,Monarch,1,0.9999546
703568167.jpg,Monarch,0,0.047929123
703567502.jpg,Monarch,1,0.18587397
703475384.jpg,Monarch,1,0.94561964
703566980.jpg,Monarch,1,0.5156838
703566044.jpg,Monarch,0,7.66102e-05
703565892.jpg,Monarch,1,0.99909705
703565931.jpg,Monarch,0,0.09286519
703565715.jpg,Monarch,1,0.99611056
703563895.jpg,Monarch,0,6.029676e-06
703561774.jpg,Monarch,1,0.9813051
703561989.jpg,Monarch,1,0.99999905
703561651.jpg,Monarch,1,0.9989229
703558673.jpg,Monarch,0,0.005344835
703557735.jpg,Monarch,1,0.93400997
703555055.jpg,Monarch,1,0.1283602
703554796.jpg,Monarch,0,0.027164461
703554262.jpg,Monarch,1,0.9999999
703552042.jpg,Monarch,0,0.045451358
703551562.jpg,Monarch,1,0.12106207
703549884.jpg,Monarch,0,0.0040747556
703549327.jpg,Monarch,1,0.9999715
703546194.jpg,Monarch,1,0.75652844
703545944.jpg,Monarch,1,0.9998628
703541867.jpg,Monarch,1,0.8365497
703544360.jpg,Monarch,0,0.0068511157
703544002.jpg,Monarch,1,0.76470095
703541184.jpg,Monarch,0,0.062102757
703539017.jpg,Monarch,1,0.9997639
703538544.jpg,Monarch,1,0.9992875
703538212.jpg,Monarch,0,0.022818979
703538107.jpg,Monarch,1,0.73575395
703537937.jpg,Monarch,1,0.3268112
703536984.jpg,Monarch,1,0.694342
703536687.jpg,Monarch,1,0.995399
703536350.jpg,Monarch,1,0.9999943
703535730.jpg,Monarch,1,0.99999976
703535148.jpg,Monarch,1,0.7148426
703533521.jpg,Monarch,1,0.39304864
703533343.jpg,Monarch,1,0.19111958
703532145.jpg,Monarch,1,0.76226485
703532061.jpg,Monarch,1,0.99999964
703531454.jpg,Monarch,0,0.013759504
703520656.jpg,Monarch,0,0.03323302
703531467.jpg,Monarch,1,0.708504
703531147.jpg,Monarch,0,0.0037891206
703529826.jpg,Monarch,1,1.0
703529267.jpg,Monarch,1,0.9999782
703528495.jpg,Monarch,1,0.99964607
703528264.jpg,Monarch,1,0.9914806
703527236.jpg,Monarch,1,0.9858541
703526944.jpg,Monarch,1,0.6023967
704037069.jpg,Monarch,1,0.99990845
703524933.jpg,Monarch,1,1.0
703523703.jpg,Monarch,1,0.9999764
703521380.jpg,Monarch,0,0.01091133
703522837.jpg,Monarch,1,0.10466706
703521012.jpg,Monarch,0,0.0029928247
703519273.jpg,Monarch,1,0.9817842
703518968.jpg,Monarch,1,0.9999459
703518044.jpg,Monarch,0,0.0031970034
703517423.jpg,Monarch,1,0.34548825
703517414.jpg,Monarch,1,0.9824202
703517375.jpg,Monarch,1,0.7833092
703516846.jpg,Monarch,1,0.99588317
703516750.jpg,Monarch,0,0.012133297
703516528.jpg,Monarch,1,0.9999993
703516322.jpg,Monarch,0,0.010461689
703516284.jpg,Monarch,1,0.8795089
703516221.jpg,Monarch,1,0.86866254
703514215.jpg,Monarch,0,0.0006744023
703514883.jpg,Monarch,1,0.99989426
703514139.jpg,Monarch,1,0.5972289
703512599.jpg,Monarch,1,0.7691182
703512109.jpg,Monarch,0,0.00021753239
703510834.jpg,Monarch,1,0.9998876
703511076.jpg,Monarch,1,0.9178791
703510592.jpg,Monarch,1,0.99999857
703510003.jpg,Monarch,1,0.54790264
703509831.jpg,Monarch,0,0.082309976
703509302.jpg,Monarch,1,1.0
703509357.jpg,Monarch,1,0.99735403
703508975.jpg,Monarch,1,0.9998224
703508544.jpg,Monarch,1,1.0
703508377.jpg,Monarch,1,0.964372
703508243.jpg,Monarch,1,0.9943812
703507745.jpg,Monarch,1,0.88533056
703505383.jpg,Monarch,1,0.9934754
703505411.jpg,Monarch,1,0.9999989
703505211.jpg,Monarch,1,1.0
703504917.jpg,Monarch,1,0.96257955
703504825.jpg,Monarch,1,0.37757826
703504658.jpg,Monarch,1,0.9990692
703504586.jpg,Monarch,1,0.9999999
703503812.jpg,Monarch,1,0.999987
703503497.jpg,Monarch,0,0.025940707
703502715.jpg,Monarch,0,0.00011380637
703500004.jpg,Monarch,1,0.9979693
703500750.jpg,Monarch,1,0.9982961
703501101.jpg,Monarch,1,0.99492383
703497115.jpg,Monarch,1,0.15017216
703496987.jpg,Monarch,1,1.0
703493265.jpg,Monarch,0,0.047149096
703495772.jpg,Monarch,1,0.13282676
703494173.jpg,Monarch,1,0.99994445
703496463.jpg,Monarch,1,0.92000365
703482334.jpg,Monarch,0,0.06131188
703492537.jpg,Monarch,1,0.99974924
703492329.jpg,Monarch,1,0.9997658
703491334.jpg,Monarch,1,0.9999995
703491046.jpg,Monarch,1,0.9431765
703485679.jpg,Monarch,1,1.0
703485129.jpg,Monarch,0,0.00039887795
703484152.jpg,Monarch,1,0.9995838
703483545.jpg,Monarch,1,0.99811727
703482606.jpg,Monarch,1,0.99990785
703482342.jpg,Monarch,1,0.99982023
703481575.jpg,Monarch,1,0.99403644
703481032.jpg,Monarch,1,0.9999937
703480225.jpg,Monarch,1,0.99837697
703477914.jpg,Monarch,1,0.99997616
703477291.jpg,Monarch,1,0.92748815
703475117.jpg,Monarch,1,0.9527224
703460979.jpg,Monarch,0,0.00017394073
703472618.jpg,Monarch,1,0.99999917
703471340.jpg,Monarch,1,1.0
703461137.jpg,Monarch,1,0.29502827
703467177.jpg,Monarch,1,0.9996327
703467104.jpg,Monarch,1,1.0
703464650.jpg,Monarch,0,0.00076192745
703464772.jpg,Monarch,0,0.0015298919
703463872.jpg,Monarch,0,0.0001285583
703463501.jpg,Monarch,1,0.13555388
703463333.jpg,Monarch,0,0.0056204735
703462929.jpg,Monarch,1,0.99872583
703461989.jpg,Monarch,1,0.99997973
703461456.jpg,Monarch,0,0.013724172
703460915.jpg,Monarch,1,0.23905058
703460423.jpg,Monarch,1,0.99999523
703459695.jpg,Monarch,1,1.0
703457875.jpg,Monarch,1,0.998525
703457855.jpg,Monarch,1,0.997598
703457689.jpg,Monarch,1,0.27385014
703374910.jpg,Monarch,1,0.9999248
703456502.jpg,Monarch,0,0.006449936
703456396.jpg,Monarch,0,0.00045458082
703456568.jpg,Monarch,1,0.929288
703455476.jpg,Monarch,1,0.97242785
703455110.jpg,Monarch,1,0.9999989
703454201.jpg,Monarch,1,0.4026551
703454095.jpg,Monarch,0,0.0055836337
703453041.jpg,Monarch,1,0.9990219
703452580.jpg,Monarch,1,0.99999857
703451887.jpg,Monarch,1,0.9999999
703451783.jpg,Monarch,1,1.0
703447704.jpg,Monarch,1,0.7209719
703446038.jpg,Monarch,0,0.0050768084
703445986.jpg,Monarch,1,0.9999999
703444757.jpg,Monarch,1,0.99990726
703443308.jpg,Monarch,1,0.99999785
703443299.jpg,Monarch,1,0.9999994
703442718.jpg,Monarch,1,0.15468535
703441001.jpg,Monarch,1,0.9687904
703440826.jpg,Monarch,0,0.00097453076
703440749.jpg,Monarch,1,0.35663643
703440701.jpg,Monarch,1,0.99183816
703440625.jpg,Monarch,1,0.27544072
703440554.jpg,Monarch,0,0.0014561969
703440443.jpg,Monarch,1,0.6296897
703436454.jpg,Monarch,1,0.99999845
703438490.jpg,Monarch,1,0.9979419
703436409.jpg,Monarch,1,0.988441
703436104.jpg,Monarch,1,0.99999976
703435741.jpg,Monarch,1,0.9996377
703435516.jpg,Monarch,0,0.0060898107
703435255.jpg,Monarch,1,0.9999243
704667135.jpg,Monarch,1,0.99646354
703432178.jpg,Monarch,1,0.16136026
703432146.jpg,Monarch,1,0.9927983
703429855.jpg,Monarch,0,0.08053043
703429400.jpg,Monarch,1,0.8696807
703427844.jpg,Monarch,1,0.9999993
703427398.jpg,Monarch,1,0.9995809
703426869.jpg,Monarch,1,0.9999831
703431054.jpg,Monarch,1,0.99994123
703424868.jpg,Monarch,1,0.9969416
703422689.jpg,Monarch,1,1.0
703411650.jpg,Monarch,0,0.091688395
703420934.jpg,Monarch,1,0.9999982
703419842.jpg,Monarch,1,0.7961224
703416787.jpg,Monarch,1,0.99991524
703416055.jpg,Monarch,1,0.6638187
703415786.jpg,Monarch,1,0.9903937
703415256.jpg,Monarch,0,0.008684676
703414343.jpg,Monarch,1,1.0
703413965.jpg,Monarch,1,0.9977863
703412546.jpg,Monarch,1,0.9882607
703408357.jpg,Monarch,0,0.001039125
703405654.jpg,Monarch,1,0.9596573
703404651.jpg,Monarch,1,1.0
703404358.jpg,Monarch,1,0.9999845
703403881.jpg,Monarch,1,0.9999386
703403378.jpg,Monarch,0,0.009947031
703400218.jpg,Monarch,0,6.864423e-05
703400051.jpg,Monarch,1,0.103758365
703401688.jpg,Monarch,1,0.9993106
703397646.jpg,Monarch,1,0.35735017
703403825.jpg,Monarch,1,0.97850966
703396712.jpg,Monarch,1,0.8920541
703396665.jpg,Monarch,1,0.68686
703396688.jpg,Monarch,0,0.005966813
703388910.jpg,Monarch,1,0.3729555
703396340.jpg,Monarch,1,1.0
703394975.jpg,Monarch,0,0.0024891484
703390940.jpg,Monarch,0,0.0011634838
703390382.jpg,Monarch,1,0.9661837
703388698.jpg,Monarch,0,0.0016375203
703387902.jpg,Monarch,1,1.0
703387092.jpg,Monarch,1,0.9989372
703386818.jpg,Monarch,1,0.992245
703386657.jpg,Monarch,1,0.99303025
703386882.jpg,Monarch,1,0.99999964
703385517.jpg,Monarch,1,0.99999523
703383345.jpg,Monarch,0,0.006985335
703382486.jpg,Monarch,1,0.9996727
703380815.jpg,Monarch,1,0.99074626
703380261.jpg,Monarch,1,0.99568284
703378817.jpg,Monarch,0,0.0722561
703382031.jpg,Monarch,1,0.6828497
703375977.jpg,Monarch,1,0.3211911
703375941.jpg,Monarch,0,0.080377765
703375053.jpg,Monarch,1,0.5536565
703373886.jpg,Monarch,1,0.5838926
703374086.jpg,Monarch,1,0.9496045
703373915.jpg,Monarch,1,0.99977046
703373830.jpg,Monarch,1,0.9985201
703371249.jpg,Monarch,0,0.092700385
703371823.jpg,Monarch,0,0.009787217
703368407.jpg,Monarch,1,0.9990071
703367381.jpg,Monarch,0,0.027794603
703367806.jpg,Monarch,1,0.9168128
703365990.jpg,Monarch,0,0.0032776464
703364592.jpg,Monarch,1,0.9889783
703362998.jpg,Monarch,1,0.2970707
703360666.jpg,Monarch,0,0.07650022
703359402.jpg,Monarch,1,0.3292785
703358024.jpg,Monarch,1,0.9998561
703357482.jpg,Monarch,1,0.9646619
703369675.jpg,Monarch,0,0.008881196
703356595.jpg,Monarch,0,0.0008816406
703353282.jpg,Monarch,1,1.0
703352290.jpg,Monarch,1,1.0
703352166.jpg,Monarch,0,7.56095e-05
703351008.jpg,Monarch,1,0.9855896
703348944.jpg,Monarch,1,0.9995733
703346927.jpg,Monarch,1,0.9985475
703344534.jpg,Monarch,1,0.99951494
703344362.jpg,Monarch,0,0.002975911
703343223.jpg,Monarch,1,0.99901736
703342257.jpg,Monarch,1,0.89031804
703342026.jpg,Monarch,1,0.9999728
703338708.jpg,Monarch,1,0.9691486
703337644.jpg,Monarch,1,0.9999999
703334877.jpg,Monarch,1,0.9999999
703334638.jpg,Monarch,1,0.7880358
703331704.jpg,Monarch,1,0.99187124
703331352.jpg,Monarch,1,0.9576444
703330723.jpg,Monarch,1,1.0
703328909.jpg,Monarch,1,0.9983923
703326616.jpg,Monarch,0,0.09375311
703326247.jpg,Monarch,1,0.18502241
703324867.jpg,Monarch,1,0.97680014
703325238.jpg,Monarch,1,0.9991694
703323787.jpg,Monarch,1,1.0
703318849.jpg,Monarch,1,1.0
703316970.jpg,Monarch,1,1.0
703301690.jpg,Monarch,0,0.040266063
703313951.jpg,Monarch,0,0.07535894
703313361.jpg,Monarch,1,0.99948883
703313258.jpg,Monarch,1,1.0
703312699.jpg,Monarch,1,1.0
703312673.jpg,Monarch,1,0.99990237
703312336.jpg,Monarch,1,0.99996924
703312147.jpg,Monarch,1,0.9825942
703312145.jpg,Monarch,1,0.99995005
703311908.jpg,Monarch,1,0.9998338
703311898.jpg,Monarch,1,0.9843962
703308968.jpg,Monarch,0,0.0060235644
703308175.jpg,Monarch,1,0.9345651
703305800.jpg,Monarch,0,0.0007120564
703304805.jpg,Monarch,1,0.9995869
703304568.jpg,Monarch,1,0.9998895
703303235.jpg,Monarch,1,0.977842
703297959.jpg,Monarch,1,1.0
703296590.jpg,Monarch,0,0.0046255584
703292733.jpg,Monarch,1,0.9996184
703288647.jpg,Monarch,0,0.005078803
703287932.jpg,Monarch,1,0.99958414
703287520.jpg,Monarch,1,0.99257165
703284088.jpg,Monarch,1,0.98947525
703281577.jpg,Monarch,1,0.9913481
703272241.jpg,Monarch,1,0.9806536
703208760.jpg,Monarch,1,0.9986909
703206975.jpg,Monarch,0,0.00014277548
703206754.jpg,Monarch,1,0.9999951
703183702.jpg,Monarch,1,0.99999714
703179481.jpg,Monarch,1,0.999997
703179013.jpg,Monarch,1,0.9993611
703170947.jpg,Monarch,0,0.01891189
703165484.jpg,Monarch,1,0.9999285
703168078.jpg,Monarch,1,0.9139275
703159662.jpg,Monarch,1,1.0
703163808.jpg,Monarch,1,0.7234676
703163531.jpg,Monarch,1,0.9803146
703157301.jpg,Monarch,1,0.9999989
703156913.jpg,Monarch,0,0.053097222
703156661.jpg,Monarch,0,0.042025033
703156009.jpg,Monarch,1,1.0
703154763.jpg,Monarch,0,0.029956501
703153525.jpg,Monarch,1,0.9999809
703151995.jpg,Monarch,1,1.0
703146920.jpg,Monarch,1,0.99999046
703151115.jpg,Monarch,1,0.9999105
703150803.jpg,Monarch,1,0.9979448
703150795.jpg,Monarch,1,0.9262589
703144849.jpg,Monarch,0,0.01700298
703145640.jpg,Monarch,1,0.95198464
704644889.jpg,Monarch,1,0.9921192
703140742.jpg,Monarch,1,0.9992205
703138104.jpg,Monarch,1,0.7631744
703135923.jpg,Monarch,1,0.99998486
703133337.jpg,Monarch,1,0.96937376
703132298.jpg,Monarch,0,0.054035373
703129383.jpg,Monarch,0,8.931585e-05
703127085.jpg,Monarch,1,0.99910253
703118084.jpg,Monarch,0,0.0003692408
703124841.jpg,Monarch,1,0.9864276
703123127.jpg,Monarch,1,0.9922248
703122638.jpg,Monarch,1,0.9981937
703121347.jpg,Monarch,1,0.7329231
703113743.jpg,Monarch,0,0.0027099238
703119966.jpg,Monarch,1,0.98493713
703115443.jpg,Monarch,0,0.0032365264
703114066.jpg,Monarch,0,0.00060099387
703106493.jpg,Monarch,1,0.47456852
703113671.jpg,Monarch,1,0.9467578
703113238.jpg,Monarch,0,0.018863937
703110841.jpg,Monarch,1,1.0
703109160.jpg,Monarch,1,0.9999993
703107903.jpg,Monarch,1,0.99994314
703107900.jpg,Monarch,1,0.88424164
703107388.jpg,Monarch,1,0.8996099
703107378.jpg,Monarch,1,0.9996518
703105252.jpg,Monarch,1,0.9891195
703105248.jpg,Monarch,1,0.97914034
703105198.jpg,Monarch,1,1.0
703105201.jpg,Monarch,1,0.99933404
703106014.jpg,Monarch,0,0.0007156211
703105865.jpg,Monarch,1,0.16453233
703104919.jpg,Monarch,1,0.15952624
703101387.jpg,Monarch,1,0.9999521
703101154.jpg,Monarch,0,0.0030753843
703100943.jpg,Monarch,1,0.27360198
703099547.jpg,Monarch,1,0.9996951
703103400.jpg,Monarch,1,0.9989988
703097928.jpg,Monarch,0,0.015696067
703087871.jpg,Monarch,0,0.0012545628
703087860.jpg,Monarch,0,0.051086564
703095286.jpg,Monarch,1,0.9998089
703095212.jpg,Monarch,1,0.9986285
703095130.jpg,Monarch,0,0.048357602
703092158.jpg,Monarch,0,0.02798356
703091560.jpg,Monarch,1,0.9072367
703091481.jpg,Monarch,0,0.015012259
703090529.jpg,Monarch,1,0.99938166
703089228.jpg,Monarch,1,0.46006075
703089639.jpg,Monarch,1,0.9972794
703089285.jpg,Monarch,1,0.57454604
703085439.jpg,Monarch,0,0.005031287
703086071.jpg,Monarch,1,0.99998224
703085431.jpg,Monarch,1,1.0
703084805.jpg,Monarch,1,0.113820784
703083351.jpg,Monarch,1,0.93742347
703099224.jpg,Monarch,1,0.97168756
703083383.jpg,Monarch,1,0.9883122
703083238.jpg,Monarch,1,0.8590216
703080998.jpg,Monarch,1,0.27247757
703081063.jpg,Monarch,0,0.006494494
703080531.jpg,Monarch,1,0.9990402
703080146.jpg,Monarch,1,1.0
703079311.jpg,Monarch,1,0.9933663
703077836.jpg,Monarch,1,0.9999889
703076593.jpg,Monarch,0,0.014284989
703071576.jpg,Monarch,1,0.9122224
703076303.jpg,Monarch,1,0.9977906
703075965.jpg,Monarch,1,0.9969663
703067743.jpg,Monarch,0,0.07140573
703074495.jpg,Monarch,1,0.99998593
703074565.jpg,Monarch,0,0.06809564
703073295.jpg,Monarch,1,0.99976593
703073030.jpg,Monarch,0,1.9921286e-05
703069158.jpg,Monarch,0,0.001628724
703072461.jpg,Monarch,1,0.9999943
703070084.jpg,Monarch,1,1.0
703069610.jpg,Monarch,0,0.0015047604
703067774.jpg,Monarch,1,0.9999989
703067587.jpg,Monarch,1,1.0
703066633.jpg,Monarch,1,0.99970526
703064565.jpg,Monarch,0,0.01085521
703061881.jpg,Monarch,0,0.00038316922
703058601.jpg,Monarch,1,0.99999964
703057810.jpg,Monarch,1,0.9999995
703056213.jpg,Monarch,1,0.99896765
703056861.jpg,Monarch,1,0.9599358
703055947.jpg,Monarch,1,0.9999995
703054133.jpg,Monarch,1,0.9670274
703051771.jpg,Monarch,0,0.006949739
703051692.jpg,Monarch,1,0.92083085
703051455.jpg,Monarch,1,0.99720013
703050528.jpg,Monarch,1,0.99999917
703050005.jpg,Monarch,1,0.9999994
703049104.jpg,Monarch,0,0.015728936
703048887.jpg,Monarch,1,1.0
703048653.jpg,Monarch,0,0.010218754
703047919.jpg,Monarch,1,0.48387757
703045695.jpg,Monarch,1,0.9834716
703045222.jpg,Monarch,1,0.9999925
703028714.jpg,Monarch,1,0.98912126
703036436.jpg,Monarch,0,0.0046663824
703043621.jpg,Monarch,1,0.21999258
703043575.jpg,Monarch,1,0.78276855
703042637.jpg,Monarch,1,0.5564193
703042463.jpg,Monarch,1,0.9996932
703044915.jpg,Monarch,1,0.1229908
703041501.jpg,Monarch,0,4.699641e-07
703039869.jpg,Monarch,1,0.99988437
703039717.jpg,Monarch,0,0.008190962
703036187.jpg,Monarch,1,0.9999963
703036017.jpg,Monarch,1,0.9999943
703028565.jpg,Monarch,0,0.08868582
703027141.jpg,Monarch,1,0.14596882
703035779.jpg,Monarch,1,0.99996424
703031209.jpg,Monarch,1,1.0
703022290.jpg,Monarch,1,0.9419004
703030493.jpg,Monarch,0,0.00313122
703029854.jpg,Monarch,1,0.16597067
703029503.jpg,Monarch,1,1.0
703029031.jpg,Monarch,1,0.999398
703024843.jpg,Monarch,0,0.00842496
703025344.jpg,Monarch,1,1.0
703025235.jpg,Monarch,1,0.99999964
703025080.jpg,Monarch,1,0.9562993
703023466.jpg,Monarch,1,0.20447847
703022700.jpg,Monarch,0,0.00021352037
703019315.jpg,Monarch,1,0.28023425
703016865.jpg,Monarch,0,0.049163222
703016816.jpg,Monarch,1,0.9999993
703042207.jpg,Monarch,1,1.0
703015943.jpg,Monarch,1,0.99578804
703015510.jpg,Monarch,1,0.9999788
703015356.jpg,Monarch,1,0.9940099
703014933.jpg,Monarch,1,0.9814872
703012467.jpg,Monarch,1,0.81606054
703011023.jpg,Monarch,1,0.9996606
703008967.jpg,Monarch,0,0.002513856
703080648.jpg,Monarch,1,0.95892143
703008644.jpg,Monarch,1,0.114466235
703006041.jpg,Monarch,0,0.005539886
703082037.jpg,Monarch,1,0.9999728
703005594.jpg,Monarch,1,0.9967433
703004473.jpg,Monarch,1,0.9999989
702999360.jpg,Monarch,0,0.01004184
702999081.jpg,Monarch,0,0.040765114
703001436.jpg,Monarch,0,0.0027264978
703001025.jpg,Monarch,1,0.9984524
703000893.jpg,Monarch,0,0.003329457
703000669.jpg,Monarch,1,0.9999969
703000490.jpg,Monarch,1,0.4020735
702999398.jpg,Monarch,1,0.99912983
702998264.jpg,Monarch,0,0.0090152
702998961.jpg,Monarch,0,5.7523474e-05
702998443.jpg,Monarch,1,0.96932817
702998023.jpg,Monarch,1,0.9993092
702996634.jpg,Monarch,1,0.99953383
702995272.jpg,Monarch,0,0.00016632734
703010971.jpg,Monarch,0,0.000601383
702992554.jpg,Monarch,1,0.9652272
702993961.jpg,Monarch,0,0.010746958
702993364.jpg,Monarch,0,4.5609282e-05
702992593.jpg,Monarch,1,0.99943084
702992290.jpg,Monarch,0,0.0003844592
702988792.jpg,Monarch,1,0.9999982
702988412.jpg,Monarch,1,0.999215
702987208.jpg,Monarch,1,0.5328941
702986912.jpg,Monarch,1,0.19229513
702986024.jpg,Monarch,1,0.10430713
702985374.jpg,Monarch,0,0.00044538776
702984952.jpg,Monarch,0,0.009732014
702985161.jpg,Monarch,1,0.99744695
702984820.jpg,Monarch,1,0.9851379
702984803.jpg,Monarch,1,0.9965699
702983683.jpg,Monarch,0,0.097885594
702983464.jpg,Monarch,1,0.97750276
702980670.jpg,Monarch,1,0.9999908
702982559.jpg,Monarch,1,0.24333607
702980322.jpg,Monarch,1,1.0
702979920.jpg,Monarch,1,1.0
702978450.jpg,Monarch,1,0.5661043
702978950.jpg,Monarch,1,0.99877006
702978302.jpg,Monarch,1,0.6411159
702977605.jpg,Monarch,1,0.9251145
702977252.jpg,Monarch,1,0.9999993
702976012.jpg,Monarch,1,0.1039457
702975216.jpg,Monarch,1,0.999962
702974790.jpg,Monarch,1,0.9999751
702973776.jpg,Monarch,1,0.33137217
702973556.jpg,Monarch,1,0.99942213
702972535.jpg,Monarch,1,0.9829134
702971692.jpg,Monarch,1,0.9999559
702970386.jpg,Monarch,0,0.0038325528
702967231.jpg,Monarch,1,0.80205834
702967179.jpg,Monarch,1,0.99645966
702965949.jpg,Monarch,1,0.99922276
702965546.jpg,Monarch,1,0.9999949
702965161.jpg,Monarch,1,0.9999583
702964638.jpg,Monarch,0,0.0013554371
702964668.jpg,Monarch,1,0.9582277
702964477.jpg,Monarch,1,0.9999646
702964179.jpg,Monarch,1,0.99998724
702962840.jpg,Monarch,1,0.99982536
702962815.jpg,Monarch,1,0.6376815
702962227.jpg,Monarch,1,0.9848204
702961735.jpg,Monarch,1,0.30032006
702961912.jpg,Monarch,1,1.0
702961771.jpg,Monarch,1,0.63758874
702961954.jpg,Monarch,0,0.0002537133
702960939.jpg,Monarch,0,4.0099618e-05
702960436.jpg,Monarch,0,9.9961195e-05
702957221.jpg,Monarch,0,2.1282163e-05
702955993.jpg,Monarch,1,0.98703194
702955186.jpg,Monarch,1,0.5767309
702954162.jpg,Monarch,1,0.99997663
702954296.jpg,Monarch,1,0.99994075
702954289.jpg,Monarch,1,0.9358917
702952638.jpg,Monarch,1,0.24081415
702952324.jpg,Monarch,0,0.030365402
702949218.jpg,Monarch,1,0.99998045
702946927.jpg,Monarch,1,0.86159104
702945559.jpg,Monarch,1,0.99879694
702943417.jpg,Monarch,1,0.13793495
702942999.jpg,Monarch,1,0.9999999
702942574.jpg,Monarch,1,0.9999999
702942353.jpg,Monarch,1,0.9999999
702941016.jpg,Monarch,1,1.0
702940606.jpg,Monarch,1,1.0
702940141.jpg,Monarch,1,0.9999989
702938168.jpg,Monarch,1,0.20772941
702937972.jpg,Monarch,1,0.99998987
702937987.jpg,Monarch,1,0.9831773
702937502.jpg,Monarch,0,0.017274408
702934876.jpg,Monarch,0,4.871635e-05
702934053.jpg,Monarch,0,0.004166648
702932765.jpg,Monarch,1,0.90815836
702931717.jpg,Monarch,1,1.0
702931498.jpg,Monarch,1,0.30663145
702929406.jpg,Monarch,1,0.9987692
702928907.jpg,Monarch,0,0.018430611
702930078.jpg,Monarch,1,1.0
702928946.jpg,Monarch,1,1.0
702928882.jpg,Monarch,1,0.99946904
702927491.jpg,Monarch,1,0.94424367
702925989.jpg,Monarch,0,0.040616684
702925786.jpg,Monarch,0,0.013106972
703034152.jpg,Monarch,0,0.02409768
702923576.jpg,Monarch,1,0.4006994
702921326.jpg,Monarch,0,0.02332514
702921331.jpg,Monarch,0,0.036797386
702918208.jpg,Monarch,1,0.2941182
702912862.jpg,Monarch,1,0.9987612
702916236.jpg,Monarch,1,1.0
702915683.jpg,Monarch,1,0.99819237
702915204.jpg,Monarch,1,0.99999964
702895037.jpg,Monarch,0,0.0016198271
702914014.jpg,Monarch,1,0.9923765
702913750.jpg,Monarch,1,0.31273654
702913642.jpg,Monarch,1,0.99847656
702912156.jpg,Monarch,1,0.897906
702911879.jpg,Monarch,1,0.36784464
702910609.jpg,Monarch,1,0.12713192
702910025.jpg,Monarch,1,0.9547901
702909717.jpg,Monarch,0,0.0005670868
702909679.jpg,Monarch,0,0.06924373
702907875.jpg,Monarch,1,0.99478954
702907726.jpg,Monarch,1,0.999998
702907132.jpg,Monarch,0,0.07050073
702906264.jpg,Monarch,0,0.011119292
702905723.jpg,Monarch,1,0.13817903
702901992.jpg,Monarch,1,0.94604176
702899806.jpg,Monarch,1,0.97040737
702898964.jpg,Monarch,1,1.0
702901002.jpg,Monarch,1,0.9999927
702897962.jpg,Monarch,1,0.99582785
702900947.jpg,Monarch,1,0.5583444
702896186.jpg,Monarch,1,0.733975
702896135.jpg,Monarch,1,0.9966204
702894259.jpg,Monarch,1,0.8521316
702893261.jpg,Monarch,1,0.83137643
702888220.jpg,Monarch,1,0.99859554
702890558.jpg,Monarch,0,0.087810494
702895844.jpg,Monarch,1,0.9999995
702889556.jpg,Monarch,1,0.99986255
702888597.jpg,Monarch,1,0.14847107
702888219.jpg,Monarch,1,0.9997615
702888011.jpg,Monarch,1,0.9939977
702887296.jpg,Monarch,1,0.99981356
702886564.jpg,Monarch,0,0.043160066
702885377.jpg,Monarch,1,0.9999838
702884899.jpg,Monarch,1,0.77217364
702884760.jpg,Monarch,1,0.9845942
702883927.jpg,Monarch,1,0.98258525
702883140.jpg,Monarch,1,0.96694463
702882995.jpg,Monarch,1,0.9981937
702880664.jpg,Monarch,1,1.0
702880144.jpg,Monarch,1,0.9982791
702878238.jpg,Monarch,0,0.0032520075
702877694.jpg,Monarch,1,0.11729915
702874934.jpg,Monarch,1,0.9994979
702873580.jpg,Monarch,0,0.000664008
702873643.jpg,Monarch,1,0.9999881
702871730.jpg,Monarch,1,0.26698464
702871396.jpg,Monarch,0,0.008837593
702863942.jpg,Monarch,1,0.40517327
702869044.jpg,Monarch,1,0.57960355
702868365.jpg,Monarch,1,0.31645915
702867822.jpg,Monarch,1,0.8432843
702862416.jpg,Monarch,0,1.666982e-05
702867043.jpg,Monarch,1,0.9314739
702866908.jpg,Monarch,1,0.11482745
702866895.jpg,Monarch,1,0.31645915
702866506.jpg,Monarch,1,0.9998864
702866174.jpg,Monarch,1,0.9999572
702864982.jpg,Monarch,1,0.99943
702864629.jpg,Monarch,1,0.9375275
702864542.jpg,Monarch,1,0.9999294
702858472.jpg,Monarch,1,0.98964125
702862439.jpg,Monarch,1,0.10939522
703297165.jpg,Monarch,0,0.06965415
702861376.jpg,Monarch,0,0.002896621
702860867.jpg,Monarch,1,0.9699403
702860325.jpg,Monarch,1,0.75965106
702859863.jpg,Monarch,1,0.119960494
702858111.jpg,Monarch,1,0.999995
702858042.jpg,Monarch,1,0.99980867
702857658.jpg,Monarch,1,1.0
702857306.jpg,Monarch,0,0.011122018
702856267.jpg,Monarch,0,0.08343837
702856121.jpg,Monarch,1,0.9995647
702856065.jpg,Monarch,1,0.97550243
702852616.jpg,Monarch,1,0.87329334
702852966.jpg,Monarch,0,0.073711194
702851912.jpg,Monarch,1,0.99971956
702850578.jpg,Monarch,1,0.99996614
702847206.jpg,Monarch,1,0.9999943
702846493.jpg,Monarch,1,0.9868537
702844815.jpg,Monarch,1,1.0
702843587.jpg,Monarch,0,4.513541e-05
702839456.jpg,Monarch,0,0.0006652606
702838945.jpg,Monarch,0,0.029760264
702838283.jpg,Monarch,1,0.99999964
702837395.jpg,Monarch,1,0.97312456
702835325.jpg,Monarch,1,0.6556829
702834939.jpg,Monarch,1,0.8297459
702834412.jpg,Monarch,1,0.67353415
702833784.jpg,Monarch,0,0.01010408
702831160.jpg,Monarch,1,1.0
702831061.jpg,Monarch,0,0.0018726393
702830529.jpg,Monarch,1,0.11003355
702829739.jpg,Monarch,0,0.015979294
702829655.jpg,Monarch,1,0.6750092
702829442.jpg,Monarch,1,0.933732
705693978.jpg,Monarch,0,0.0031783825
702827995.jpg,Monarch,1,0.709977
702827027.jpg,Monarch,1,0.9958975
702826724.jpg,Monarch,0,8.779554e-05
702825115.jpg,Monarch,1,0.9999993
702821234.jpg,Monarch,1,0.9891495
702810425.jpg,Monarch,1,0.98267764
702820218.jpg,Monarch,1,0.9999995
702816843.jpg,Monarch,1,0.9869761
702816836.jpg,Monarch,0,0.017024646
702819898.jpg,Monarch,1,1.0
702818832.jpg,Monarch,1,1.0
702818571.jpg,Monarch,1,0.9999912
702818227.jpg,Monarch,1,0.2602214
702817748.jpg,Monarch,1,0.9999826
702817635.jpg,Monarch,1,0.99992394
702817469.jpg,Monarch,1,0.9998282
702817393.jpg,Monarch,1,0.9753837
702817319.jpg,Monarch,0,0.0133982105
702817260.jpg,Monarch,1,0.9898211
702817259.jpg,Monarch,1,0.9999846
702815692.jpg,Monarch,1,0.26834375
702815486.jpg,Monarch,0,3.5823392e-05
702812619.jpg,Monarch,1,0.4382293
702812135.jpg,Monarch,1,0.83403456
702809196.jpg,Monarch,1,1.0
702808863.jpg,Monarch,1,0.9837961
702806857.jpg,Monarch,1,0.99360174
702805242.jpg,Monarch,1,0.99999905
702804962.jpg,Monarch,1,0.99998176
702803972.jpg,Monarch,0,0.0017755572
702803628.jpg,Monarch,0,6.724602e-07
702802105.jpg,Monarch,1,1.0
702802086.jpg,Monarch,0,0.00035206618
702799111.jpg,Monarch,0,0.021304088
702798063.jpg,Monarch,0,0.0056250403
702796591.jpg,Monarch,1,0.5345289
702796090.jpg,Monarch,1,1.0
702788796.jpg,Monarch,1,0.99994755
702793751.jpg,Monarch,1,0.15961456
702793339.jpg,Monarch,1,0.995018
702792459.jpg,Monarch,1,0.9980502
702789854.jpg,Monarch,1,0.9999906
702788253.jpg,Monarch,1,0.9622725
702788201.jpg,Monarch,1,0.8504954
702787337.jpg,Monarch,1,1.0
702784330.jpg,Monarch,1,0.9999869
702783294.jpg,Monarch,1,0.42118847
702782810.jpg,Monarch,1,0.99996257
702781792.jpg,Monarch,0,0.0023571665
702780684.jpg,Monarch,1,0.8308995
702780478.jpg,Monarch,0,0.029827312
702779203.jpg,Monarch,1,0.82619464
702770280.jpg,Monarch,1,0.10945917
702774026.jpg,Monarch,1,0.99951065
702773231.jpg,Monarch,1,0.9970874
703595770.jpg,Monarch,1,0.999997
702771174.jpg,Monarch,1,0.11756904
702770994.jpg,Monarch,1,0.97878367
702770125.jpg,Monarch,1,0.68125844
702770526.jpg,Monarch,1,0.6111888
702769105.jpg,Monarch,1,0.9999776
702765670.jpg,Monarch,1,0.99999857
702761028.jpg,Monarch,1,0.59335285
702761098.jpg,Monarch,1,0.9999919
702758802.jpg,Monarch,1,0.20993409
702755432.jpg,Monarch,1,0.99999475
702750993.jpg,Monarch,1,0.9874166
702750018.jpg,Monarch,1,0.9999285
702749948.jpg,Monarch,1,0.99996424
702748230.jpg,Monarch,0,0.008461839
702745734.jpg,Monarch,1,0.98581594
702745479.jpg,Monarch,0,6.073097e-06
702744507.jpg,Monarch,1,0.7768713
702743812.jpg,Monarch,1,0.9999769
702736724.jpg,Monarch,0,4.1821497e-09
702733413.jpg,Monarch,0,0.004454871
702734892.jpg,Monarch,1,0.9862336
702730618.jpg,Monarch,1,1.0
702723199.jpg,Monarch,1,0.22894715
702722663.jpg,Monarch,1,0.99863666
702720683.jpg,Monarch,1,0.9999862
702719459.jpg,Monarch,1,0.34976143
702718109.jpg,Monarch,1,1.0
702715150.jpg,Monarch,1,0.94230694
702706262.jpg,Monarch,1,0.9999894
702709998.jpg,Monarch,1,0.97304374
702707009.jpg,Monarch,1,0.9954549
702706185.jpg,Monarch,1,0.44129604
702699703.jpg,Monarch,1,0.9999229
702694643.jpg,Monarch,1,1.0
702686329.jpg,Monarch,1,0.56428725
702684490.jpg,Monarch,1,0.99915147
702681341.jpg,Monarch,1,0.6914561
702706221.jpg,Monarch,1,0.9999943
702676542.jpg,Monarch,0,0.00045565589
702676384.jpg,Monarch,1,0.999804
702672893.jpg,Monarch,1,0.18454416
702664550.jpg,Monarch,1,0.9513115
702664523.jpg,Monarch,0,0.0025986703
702664484.jpg,Monarch,0,0.0038138744
702664342.jpg,Monarch,1,0.5552777
702663837.jpg,Monarch,1,0.8456151
702663817.jpg,Monarch,1,0.95723104
702660102.jpg,Monarch,0,0.028853036
702650474.jpg,Monarch,0,1.0233099e-05
702648383.jpg,Monarch,0,0.0003629712
702612420.jpg,Monarch,1,0.18149856
702614778.jpg,Monarch,1,0.9546808
702613185.jpg,Monarch,1,1.0
702603869.jpg,Monarch,1,0.9922962
702603632.jpg,Monarch,1,0.901735
702603513.jpg,Monarch,1,0.99999976
702602522.jpg,Monarch,0,0.05310209
702602339.jpg,Monarch,1,0.9985543
702598830.jpg,Monarch,1,1.0
702588709.jpg,Monarch,1,0.20291759
702588702.jpg,Monarch,0,2.029984e-05
702587138.jpg,Monarch,1,0.23884627
702585517.jpg,Monarch,1,0.9880498
702584078.jpg,Monarch,0,0.00407547
702582389.jpg,Monarch,1,1.0
702582344.jpg,Monarch,1,0.99999964
702576252.jpg,Monarch,1,0.9548279
702575245.jpg,Monarch,0,0.010667578
702575913.jpg,Monarch,0,0.00010129903
702574518.jpg,Monarch,1,0.8520624
702576300.jpg,Monarch,1,0.99999905
702572257.jpg,Monarch,0,0.03914762
702566085.jpg,Monarch,1,0.48973453
702558330.jpg,Monarch,1,0.99980354
702555056.jpg,Monarch,1,0.9203623
702559757.jpg,Monarch,1,0.9999628
702559167.jpg,Monarch,1,0.123943426
702555787.jpg,Monarch,1,0.8041051
702553848.jpg,Monarch,1,0.9751361
702549747.jpg,Monarch,0,0.087654665
702549153.jpg,Monarch,1,0.9880667
702547223.jpg,Monarch,1,0.38033235
702544885.jpg,Monarch,1,0.9997755
702543141.jpg,Monarch,0,0.00036772186
702542881.jpg,Monarch,1,0.9991068
702542389.jpg,Monarch,1,0.99997294
703136610.jpg,Monarch,1,0.9769458
702539639.jpg,Monarch,0,0.0009297866
702529880.jpg,Monarch,1,0.37670645
702528829.jpg,Monarch,1,0.7126482
702526661.jpg,Monarch,1,0.99999905
702520464.jpg,Monarch,1,0.392133
702516206.jpg,Monarch,0,0.0052552754
702515171.jpg,Monarch,1,0.99995744
702508950.jpg,Monarch,0,0.03141048
702512683.jpg,Monarch,0,0.0010334133
702512680.jpg,Monarch,1,0.99998736
702511963.jpg,Monarch,1,0.9999999
702511182.jpg,Monarch,1,0.9817405
702509507.jpg,Monarch,1,0.70153916
702510511.jpg,Monarch,0,8.418512e-05
702509357.jpg,Monarch,1,0.98605156
702509283.jpg,Monarch,1,0.97316754
702507689.jpg,Monarch,1,0.99394315
703006262.jpg,Monarch,1,0.999997
702501832.jpg,Monarch,1,0.67478764
702501196.jpg,Monarch,0,0.0004065948
702499575.jpg,Monarch,0,0.0011142689
702497999.jpg,Monarch,1,0.1728974
702504350.jpg,Monarch,1,0.9995623
702503888.jpg,Monarch,1,0.783349
702502097.jpg,Monarch,0,0.03201509
702502749.jpg,Monarch,1,0.99999714
702502617.jpg,Monarch,1,0.9720504
702501546.jpg,Monarch,1,0.6609916
702498298.jpg,Monarch,1,0.9999958
702493258.jpg,Monarch,1,0.7689116
702492532.jpg,Monarch,1,0.65730214
702491917.jpg,Monarch,1,0.99810696
702490756.jpg,Monarch,1,0.18685879
702491497.jpg,Monarch,1,0.9135606
702490609.jpg,Monarch,0,0.00346614
702490570.jpg,Monarch,1,0.9799913
702488484.jpg,Monarch,0,5.1106287e-08
702487980.jpg,Monarch,0,0.08381281
702486151.jpg,Monarch,1,0.8277182
702486170.jpg,Monarch,0,0.009737373
702484299.jpg,Monarch,1,0.9999881
702483152.jpg,Monarch,0,0.0065856026
702482415.jpg,Monarch,0,0.0020756875
702481614.jpg,Monarch,0,0.041847017
702481650.jpg,Monarch,1,0.18729737
702464653.jpg,Monarch,0,0.08517698
702464647.jpg,Monarch,1,0.9999976
702476427.jpg,Monarch,0,0.0003782308
702442852.jpg,Monarch,1,0.98649764
702476069.jpg,Monarch,1,0.9999181
702474763.jpg,Monarch,1,0.34414884
702474428.jpg,Monarch,0,0.0003926335
702473964.jpg,Monarch,1,0.8040371
702472329.jpg,Monarch,1,0.8126289
702471341.jpg,Monarch,1,0.9999869
702469668.jpg,Monarch,0,1.46110115e-05
702468822.jpg,Monarch,1,0.99983346
702468752.jpg,Monarch,1,0.13795984
702467300.jpg,Monarch,1,0.9947024
702438608.jpg,Monarch,1,0.4958444
702465781.jpg,Monarch,1,0.9999225
702464815.jpg,Monarch,1,0.9999145
702464808.jpg,Monarch,1,0.93931013
702463800.jpg,Monarch,0,0.00033093547
702462008.jpg,Monarch,0,0.008458351
702461563.jpg,Monarch,1,0.9999455
702457830.jpg,Monarch,1,0.99994206
702455430.jpg,Monarch,1,0.9955082
702455399.jpg,Monarch,1,0.98530185
702455053.jpg,Monarch,1,0.99999845
702454759.jpg,Monarch,1,0.99991655
702453467.jpg,Monarch,1,0.9990987
702452331.jpg,Monarch,1,0.9999912
702452302.jpg,Monarch,1,0.9999995
702451888.jpg,Monarch,1,0.9946395
702451381.jpg,Monarch,1,1.0
702446124.jpg,Monarch,0,0.00408558
702441730.jpg,Monarch,1,0.12562083
702443410.jpg,Monarch,0,0.03764563
702442887.jpg,Monarch,1,1.0
702441613.jpg,Monarch,1,1.0
702439305.jpg,Monarch,1,0.99999917
702438600.jpg,Monarch,1,1.0
702436449.jpg,Monarch,1,0.9904548
702435807.jpg,Monarch,1,0.83520097
702435390.jpg,Monarch,1,0.99149513
702435256.jpg,Monarch,0,0.02337105
702435205.jpg,Monarch,1,0.9952477
702435137.jpg,Monarch,1,0.99983954
702431551.jpg,Monarch,0,0.0064260503
702429043.jpg,Monarch,1,0.99999917
702428645.jpg,Monarch,1,0.99999523
702426544.jpg,Monarch,1,0.9999734
702425208.jpg,Monarch,1,0.99977446
702424543.jpg,Monarch,0,0.087748505
702424938.jpg,Monarch,1,0.9999908
702419900.jpg,Monarch,0,0.04046464
702492199.jpg,Monarch,0,0.043680653
702422376.jpg,Monarch,0,0.014651685
702421866.jpg,Monarch,1,0.9993899
702421739.jpg,Monarch,1,0.99999964
702417408.jpg,Monarch,1,0.6194213
702421538.jpg,Monarch,1,0.9961413
702418049.jpg,Monarch,0,0.0007341572
702419139.jpg,Monarch,1,0.8307906
702418273.jpg,Monarch,0,0.0068702525
702416494.jpg,Monarch,1,0.43755335
702415475.jpg,Monarch,1,0.5845057
702415444.jpg,Monarch,1,0.99723923
702407873.jpg,Monarch,1,0.9988111
702412740.jpg,Monarch,1,0.99987113
702407812.jpg,Monarch,1,0.2172209
702404699.jpg,Monarch,1,0.9999995
702404663.jpg,Monarch,1,1.0
702404550.jpg,Monarch,1,0.99998784
702403804.jpg,Monarch,0,0.0076331673
702402418.jpg,Monarch,0,0.097444035
702402308.jpg,Monarch,1,0.9954063
702402008.jpg,Monarch,0,2.7996175e-05
702377184.jpg,Monarch,1,0.4820424
702401954.jpg,Monarch,1,0.9999918
702401847.jpg,Monarch,1,0.9998145
702401782.jpg,Monarch,1,0.97117245
702401185.jpg,Monarch,0,0.00041040423
702400665.jpg,Monarch,1,0.9999999
702400282.jpg,Monarch,1,0.99971396
702399327.jpg,Monarch,1,1.0
702399071.jpg,Monarch,1,0.16730954
702398819.jpg,Monarch,1,0.9999844
702398248.jpg,Monarch,1,0.9991984
702397606.jpg,Monarch,0,0.00024083682
702397514.jpg,Monarch,1,0.16955416
702397368.jpg,Monarch,0,0.0015197276
704226711.jpg,Monarch,1,0.46462113
702396716.jpg,Monarch,1,0.12089957
702396513.jpg,Monarch,0,8.6750515e-07
702396858.jpg,Monarch,1,0.98088706
702396144.jpg,Monarch,1,0.69027
702395504.jpg,Monarch,1,0.99992025
702393682.jpg,Monarch,1,0.9973789
702391738.jpg,Monarch,1,1.0
702390312.jpg,Monarch,1,0.9981536
702388965.jpg,Monarch,0,0.013229393
702387792.jpg,Monarch,1,0.99993956
702387199.jpg,Monarch,1,1.0
702386089.jpg,Monarch,1,0.9700013
702359246.jpg,Monarch,1,0.9307244
702375080.jpg,Monarch,0,0.001964022
702385163.jpg,Monarch,0,0.0026620226
702383567.jpg,Monarch,0,0.000100262296
702381228.jpg,Monarch,1,0.9999436
702380570.jpg,Monarch,1,0.91085905
702376045.jpg,Monarch,1,0.979618
702374147.jpg,Monarch,1,0.9925793
702375770.jpg,Monarch,1,0.99754614
702372913.jpg,Monarch,0,0.0016249794
702371212.jpg,Monarch,1,0.10023583
702372188.jpg,Monarch,0,0.023214072
702371946.jpg,Monarch,0,0.060726926
702370285.jpg,Monarch,1,0.99998426
702367677.jpg,Monarch,0,0.033427123
702358627.jpg,Monarch,1,0.9997265
702356448.jpg,Monarch,0,0.0030449561
702354818.jpg,Monarch,0,0.0061370544
702353489.jpg,Monarch,1,0.99999964
702344120.jpg,Monarch,0,0.023106668
702344015.jpg,Monarch,1,0.18744764
702353344.jpg,Monarch,1,1.0
702353194.jpg,Monarch,1,1.0
702352975.jpg,Monarch,1,0.9999894
702348583.jpg,Monarch,0,1.4760381e-07
702352656.jpg,Monarch,1,0.99982965
702348487.jpg,Monarch,0,0.00092979684
702348235.jpg,Monarch,1,0.9101376
702351384.jpg,Monarch,0,0.0010412858
702351129.jpg,Monarch,1,0.3228097
702348132.jpg,Monarch,1,0.9992801
702345472.jpg,Monarch,1,1.0
702345820.jpg,Monarch,0,0.0033431386
702345356.jpg,Monarch,0,0.047936913
702340042.jpg,Monarch,1,0.6216814
702341918.jpg,Monarch,1,0.10128881
702339320.jpg,Monarch,1,0.9978288
702338854.jpg,Monarch,1,0.9999982
702336585.jpg,Monarch,1,0.9996695
702334058.jpg,Monarch,0,0.06871034
702333386.jpg,Monarch,1,0.9999999
702332808.jpg,Monarch,1,0.98365366
702332781.jpg,Monarch,1,0.9872514
702330855.jpg,Monarch,1,0.99377126
702327917.jpg,Monarch,0,0.0032419579
702328461.jpg,Monarch,1,0.9858763
702328037.jpg,Monarch,1,0.6592985
702327476.jpg,Monarch,1,1.0
702322941.jpg,Monarch,0,2.0161142e-05
702324675.jpg,Monarch,1,0.90456164
702322053.jpg,Monarch,1,0.99724257
702320425.jpg,Monarch,1,0.99971193
702319555.jpg,Monarch,1,0.9627491
702318969.jpg,Monarch,1,0.99997425
702318240.jpg,Monarch,1,0.999997
702316718.jpg,Monarch,1,0.9245726
702312389.jpg,Monarch,0,9.956905e-05
702313186.jpg,Monarch,0,0.0028044134
702312607.jpg,Monarch,1,0.9949726
702311308.jpg,Monarch,1,0.78046453
702382291.jpg,Monarch,1,0.97646654
702309839.jpg,Monarch,1,0.999998
702308625.jpg,Monarch,1,0.9726752
702306038.jpg,Monarch,1,0.5087554
702304890.jpg,Monarch,1,0.98368883
702304824.jpg,Monarch,1,0.99709105
702300680.jpg,Monarch,0,0.021075632
702300979.jpg,Monarch,1,0.99999404
702298704.jpg,Monarch,1,0.9998679
702296558.jpg,Monarch,1,0.9958399
702292088.jpg,Monarch,1,0.9997501
702294215.jpg,Monarch,1,0.99985456
702293364.jpg,Monarch,1,0.16117162
702293205.jpg,Monarch,1,0.9999696
702292676.jpg,Monarch,1,0.64175767
702289743.jpg,Monarch,1,0.9742242
702289993.jpg,Monarch,1,0.16186328
702290498.jpg,Monarch,1,0.25069663
702290388.jpg,Monarch,0,0.0012646574
702289362.jpg,Monarch,1,0.9999894
702289301.jpg,Monarch,1,0.99981666
702287935.jpg,Monarch,1,0.99994874
702272324.jpg,Monarch,1,0.5402736
702272107.jpg,Monarch,1,0.4476496
702272096.jpg,Monarch,1,0.9746261
702286053.jpg,Monarch,1,0.99977136
702279892.jpg,Monarch,1,0.9976668
702280249.jpg,Monarch,0,2.7758822e-05
702279489.jpg,Monarch,1,0.9894789
702279044.jpg,Monarch,1,1.0
702278942.jpg,Monarch,1,0.74527645
702277668.jpg,Monarch,1,0.9895126
702277402.jpg,Monarch,0,0.029656572
702274809.jpg,Monarch,1,0.9999999
702274444.jpg,Monarch,1,0.99390745
702274086.jpg,Monarch,1,0.19476011
702269898.jpg,Monarch,1,0.9698146
702268266.jpg,Monarch,1,0.9996252
702265703.jpg,Monarch,1,1.0
702264738.jpg,Monarch,1,1.0
702264682.jpg,Monarch,1,0.9999994
702264525.jpg,Monarch,0,0.08768682
702263408.jpg,Monarch,0,0.0005867086
702261077.jpg,Monarch,1,0.99980414
702260078.jpg,Monarch,0,0.002945531
702257357.jpg,Monarch,1,0.99955136
702257071.jpg,Monarch,1,0.9958541
702256506.jpg,Monarch,0,0.00089406304
702255793.jpg,Monarch,1,0.99877185
702254366.jpg,Monarch,1,0.9999801
702253757.jpg,Monarch,1,0.9999994
702249299.jpg,Monarch,0,0.0045366115
702248887.jpg,Monarch,1,0.76017034
702246934.jpg,Monarch,0,0.029669115
702246906.jpg,Monarch,1,0.9689265
702244495.jpg,Monarch,1,0.9999461
702242809.jpg,Monarch,1,0.99948347
709098669.jpg,Monarch,1,1.0
702241747.jpg,Monarch,0,0.015515291
702240350.jpg,Monarch,1,0.9999994
702240078.jpg,Monarch,1,0.32402316
702239713.jpg,Monarch,1,1.0
702237732.jpg,Monarch,1,0.9999014
702237592.jpg,Monarch,1,0.9927655
703104089.jpg,Monarch,1,0.99999464
702237286.jpg,Monarch,1,0.8675481
702236960.jpg,Monarch,1,0.9929981
702229727.jpg,Monarch,1,0.72877604
702229370.jpg,Monarch,1,0.9692199
702229205.jpg,Monarch,1,0.99937785
702222560.jpg,Monarch,0,0.011940277
702222562.jpg,Monarch,0,0.00087688107
702223807.jpg,Monarch,0,0.095092475
702223540.jpg,Monarch,1,0.6195313
702220151.jpg,Monarch,1,0.17113577
702216827.jpg,Monarch,1,0.93183315
702217918.jpg,Monarch,1,0.99998903
702217850.jpg,Monarch,1,0.9825736
702217721.jpg,Monarch,1,0.9999974
702212499.jpg,Monarch,0,0.00084029866
702208462.jpg,Monarch,1,0.9999589
702208253.jpg,Monarch,1,1.0
702207979.jpg,Monarch,1,0.9999999
702207829.jpg,Monarch,1,0.9999999
702206627.jpg,Monarch,1,1.0
702206423.jpg,Monarch,1,0.20991813
702205807.jpg,Monarch,1,0.75280404
702205684.jpg,Monarch,1,0.95264846
702205297.jpg,Monarch,1,0.9956845
702203436.jpg,Monarch,1,0.99999976
702202046.jpg,Monarch,1,0.9999999
702197161.jpg,Monarch,0,0.00081887876
702195176.jpg,Monarch,1,0.9999958
702092713.jpg,Monarch,0,0.0011282467
702186544.jpg,Monarch,0,0.00088646985
702190100.jpg,Monarch,1,0.9924682
702188649.jpg,Monarch,1,1.0
702185700.jpg,Monarch,1,0.9992821
702163962.jpg,Monarch,0,0.031062579
702181515.jpg,Monarch,0,0.0256893
702181398.jpg,Monarch,1,0.99870694
702180877.jpg,Monarch,1,0.9999651
702180219.jpg,Monarch,1,0.9838902
702176617.jpg,Monarch,1,0.99999976
702172517.jpg,Monarch,1,0.9999933
702171834.jpg,Monarch,1,0.9615321
702172078.jpg,Monarch,1,0.9998814
702170004.jpg,Monarch,1,0.9999993
702168353.jpg,Monarch,1,0.7995514
702168009.jpg,Monarch,1,0.9966312
702167257.jpg,Monarch,1,0.26155508
702164478.jpg,Monarch,1,0.98114866
702163051.jpg,Monarch,1,0.9999951
702162197.jpg,Monarch,1,0.99988866
702159244.jpg,Monarch,0,0.0730976
702156202.jpg,Monarch,1,0.99834466
702154297.jpg,Monarch,0,0.016333262
702154553.jpg,Monarch,1,0.9994749
702153652.jpg,Monarch,1,0.9999733
702150007.jpg,Monarch,1,0.98371387
702145884.jpg,Monarch,1,0.9991522
702144482.jpg,Monarch,1,0.99999964
702142733.jpg,Monarch,0,1.5121791e-05
702142635.jpg,Monarch,0,3.0584106e-05
702142597.jpg,Monarch,0,0.008469043
702141186.jpg,Monarch,1,0.9960349
702140522.jpg,Monarch,1,0.9169103
702138033.jpg,Monarch,1,0.9974113
702137257.jpg,Monarch,1,0.98698956
702135458.jpg,Monarch,1,0.99999976
702128910.jpg,Monarch,0,0.0020708898
702132221.jpg,Monarch,1,0.99999595
702132046.jpg,Monarch,1,1.0
702131800.jpg,Monarch,1,0.9999999
702130408.jpg,Monarch,1,0.9965316
702129500.jpg,Monarch,1,0.41020337
702127976.jpg,Monarch,1,1.0
702127376.jpg,Monarch,1,0.99999917
702126810.jpg,Monarch,1,0.99998176
702126340.jpg,Monarch,1,0.8740447
702124900.jpg,Monarch,1,0.9997185
702124505.jpg,Monarch,1,0.86989814
702119408.jpg,Monarch,1,0.999997
702118022.jpg,Monarch,1,1.0
702117379.jpg,Monarch,0,0.0012308512
702117375.jpg,Monarch,1,0.9834041
702115808.jpg,Monarch,0,0.009071971
702112979.jpg,Monarch,1,1.0
702105934.jpg,Monarch,0,0.0008503736
702105329.jpg,Monarch,1,0.9999982
702103323.jpg,Monarch,1,1.0
702102194.jpg,Monarch,1,0.5691472
702101561.jpg,Monarch,1,0.99984205
702099815.jpg,Monarch,1,1.0
702099413.jpg,Monarch,1,0.85368896
702094771.jpg,Monarch,1,0.99392146
702094384.jpg,Monarch,1,0.9855003
702092630.jpg,Monarch,1,0.30353585
702090323.jpg,Monarch,1,0.9625406
702085488.jpg,Monarch,1,0.9849636
702084037.jpg,Monarch,1,0.9997073
702082826.jpg,Monarch,1,0.92470187
702083933.jpg,Monarch,1,0.2671207
702079982.jpg,Monarch,1,0.41823643
702079504.jpg,Monarch,1,0.37683463
702079210.jpg,Monarch,1,0.99999833
702079044.jpg,Monarch,1,0.8296988
702078464.jpg,Monarch,1,0.9999002
702079009.jpg,Monarch,0,0.035648517
702076230.jpg,Monarch,0,0.0041320347
702074922.jpg,Monarch,1,0.7401826
702069881.jpg,Monarch,1,0.10721438
702679749.jpg,Monarch,1,0.99999976
702068929.jpg,Monarch,1,0.99997365
702063760.jpg,Monarch,1,0.31899536
702066921.jpg,Monarch,1,0.9989918
702062274.jpg,Monarch,1,0.98144996
702061888.jpg,Monarch,1,0.9997722
702051032.jpg,Monarch,1,0.25024578
702051027.jpg,Monarch,1,0.99999917
702045448.jpg,Monarch,0,0.06574518
702022165.jpg,Monarch,1,0.99622804
702006334.jpg,Monarch,1,0.9401497
701989862.jpg,Monarch,1,0.99997103
701983049.jpg,Monarch,1,0.9999912
701983014.jpg,Monarch,1,1.0
701982735.jpg,Monarch,1,0.99987555
701981948.jpg,Monarch,0,0.0031251104
701981089.jpg,Monarch,1,0.9967091
701968964.jpg,Monarch,1,0.9999274
701968214.jpg,Monarch,0,0.02049258
701968140.jpg,Monarch,1,0.9994473
701966406.jpg,Monarch,0,0.0027100039
701965890.jpg,Monarch,0,3.0073775e-07
701965039.jpg,Monarch,1,0.9599702
701963334.jpg,Monarch,1,0.40593344
701962294.jpg,Monarch,1,0.99999833
701956215.jpg,Monarch,1,0.98519725
701928771.jpg,Monarch,1,1.0
701953213.jpg,Monarch,1,0.14485808
701952440.jpg,Monarch,1,0.99999225
701942235.jpg,Monarch,1,0.2957192
701949660.jpg,Monarch,1,0.8486391
701949618.jpg,Monarch,1,0.99999905
701941760.jpg,Monarch,1,0.9991904
701940775.jpg,Monarch,1,0.9971406
701938899.jpg,Monarch,1,1.0
701937794.jpg,Monarch,1,0.99989796
701936760.jpg,Monarch,1,0.8550285
701936568.jpg,Monarch,1,0.995902
701931972.jpg,Monarch,1,0.9999988
701930617.jpg,Monarch,0,0.03620896
701918191.jpg,Monarch,1,0.72128594
701930282.jpg,Monarch,0,0.000812942
701928119.jpg,Monarch,0,0.01545134
701928442.jpg,Monarch,1,0.99999535
701927881.jpg,Monarch,1,1.0
701925889.jpg,Monarch,1,0.999582
701924937.jpg,Monarch,1,0.99996305
701923240.jpg,Monarch,0,0.0719338
701923941.jpg,Monarch,0,0.031452395
701923871.jpg,Monarch,1,0.9996307
701923551.jpg,Monarch,1,0.98421884
701922334.jpg,Monarch,1,1.0
701921764.jpg,Monarch,1,0.9995555
701922083.jpg,Monarch,1,0.30960023
701917110.jpg,Monarch,1,0.7873184
701915304.jpg,Monarch,0,0.00392832
701914875.jpg,Monarch,1,0.99997294
701897344.jpg,Monarch,1,0.73730254
701910537.jpg,Monarch,1,0.99999964
701906531.jpg,Monarch,1,0.58303267
701906484.jpg,Monarch,1,0.99594903
701904669.jpg,Monarch,1,0.98972464
701904416.jpg,Monarch,1,0.7415911
701903134.jpg,Monarch,1,0.3224874
701900085.jpg,Monarch,1,0.9999999
701899308.jpg,Monarch,1,1.0
701899282.jpg,Monarch,0,0.04907494
701893982.jpg,Monarch,1,0.9999223
701893356.jpg,Monarch,1,1.0
701891630.jpg,Monarch,1,0.9611399
701891078.jpg,Monarch,0,0.0013140512
701889332.jpg,Monarch,1,0.7515189
701886725.jpg,Monarch,1,0.65601385
701885239.jpg,Monarch,1,0.7464348
701883648.jpg,Monarch,1,0.9994648
701882695.jpg,Monarch,1,0.15518188
701882426.jpg,Monarch,1,0.9995628
701827906.jpg,Monarch,1,1.0
701881834.jpg,Monarch,1,0.9999695
701880920.jpg,Monarch,1,0.9988085
701879842.jpg,Monarch,1,0.7681841
701879760.jpg,Monarch,1,0.9999951
701879287.jpg,Monarch,1,0.9668756
701878419.jpg,Monarch,1,0.85113966
701878103.jpg,Monarch,1,0.9999963
701877280.jpg,Monarch,1,0.9885301
701874670.jpg,Monarch,1,0.99998045
701874038.jpg,Monarch,0,0.002719182
701873563.jpg,Monarch,1,0.9976966
701873155.jpg,Monarch,1,0.9999999
701872839.jpg,Monarch,1,0.99970406
701871653.jpg,Monarch,0,0.0029987493
701870973.jpg,Monarch,1,1.0
701865337.jpg,Monarch,0,0.007782332
701868015.jpg,Monarch,0,0.0009646625
701867821.jpg,Monarch,1,0.99999785
701867766.jpg,Monarch,1,1.0
701867148.jpg,Monarch,1,0.12594002
701866946.jpg,Monarch,1,0.8630011
701866913.jpg,Monarch,1,0.8163067
701866361.jpg,Monarch,1,0.4692222
701865372.jpg,Monarch,0,0.014283285
701865596.jpg,Monarch,1,0.51579833
701865470.jpg,Monarch,1,0.9999907
701865243.jpg,Monarch,1,0.99996793
701865158.jpg,Monarch,1,0.99999356
701864756.jpg,Monarch,1,0.99582666
701862257.jpg,Monarch,1,0.9081328
701863152.jpg,Monarch,1,1.0
701861732.jpg,Monarch,1,0.9999616
701861717.jpg,Monarch,1,1.0
701858637.jpg,Monarch,1,0.98902774
701858614.jpg,Monarch,1,1.0
701858606.jpg,Monarch,1,0.9991423
701858495.jpg,Monarch,1,0.578339
701858490.jpg,Monarch,1,0.9972766
701858491.jpg,Monarch,1,0.99991584
701861339.jpg,Monarch,0,0.008887877
701860815.jpg,Monarch,1,0.999997
701860643.jpg,Monarch,1,0.99999964
701860282.jpg,Monarch,0,0.008700676
701857904.jpg,Monarch,0,0.0071423356
701857841.jpg,Monarch,0,0.028165432
701857828.jpg,Monarch,0,0.0009758226
701857805.jpg,Monarch,1,0.9473688
701857775.jpg,Monarch,0,0.05474368
701857770.jpg,Monarch,1,0.6204896
701857635.jpg,Monarch,0,0.01945713
701857634.jpg,Monarch,1,0.91437584
701857620.jpg,Monarch,0,0.011886919
701857596.jpg,Monarch,0,0.0960633
701857588.jpg,Monarch,0,0.017033074
701857492.jpg,Monarch,1,0.10261214
701857363.jpg,Monarch,1,0.113577984
701859297.jpg,Monarch,1,0.9898236
703897805.jpg,Monarch,1,0.28731596
701856865.jpg,Monarch,1,0.9999995
701855400.jpg,Monarch,1,0.99999714
701853951.jpg,Monarch,0,2.6019193e-06
701853713.jpg,Monarch,1,0.9819993
701851493.jpg,Monarch,1,1.0
701850482.jpg,Monarch,1,0.93997306
701835061.jpg,Monarch,1,0.88839656
701835053.jpg,Monarch,1,0.9979784
701835042.jpg,Monarch,1,0.79217553
701834981.jpg,Monarch,1,0.89393973
701834943.jpg,Monarch,1,0.91072196
701834958.jpg,Monarch,1,0.9779417
701834960.jpg,Monarch,1,0.9983494
701848800.jpg,Monarch,1,0.15289122
701848742.jpg,Monarch,1,0.99999845
701847045.jpg,Monarch,0,0.0015343811
701844401.jpg,Monarch,0,0.0089561185
701840741.jpg,Monarch,1,0.9997007
701844516.jpg,Monarch,1,0.82961375
701844358.jpg,Monarch,0,0.055290025
701842657.jpg,Monarch,0,0.09443764
701841462.jpg,Monarch,0,0.08339704
701839072.jpg,Monarch,0,0.046066515
701839964.jpg,Monarch,1,0.93215257
701839399.jpg,Monarch,1,0.9999994
701837680.jpg,Monarch,1,0.99994886
701834109.jpg,Monarch,0,0.056808766
701832234.jpg,Monarch,1,0.99652594
701833678.jpg,Monarch,0,0.006357676
701833305.jpg,Monarch,1,0.99984324
701833323.jpg,Monarch,1,0.13692711
701831615.jpg,Monarch,1,0.970018
701829680.jpg,Monarch,1,0.99984384
701831434.jpg,Monarch,1,0.6906327
701828968.jpg,Monarch,1,0.93465334
701828309.jpg,Monarch,1,1.0
701827458.jpg,Monarch,1,0.45856437
701850915.jpg,Monarch,0,0.031185815
701827180.jpg,Monarch,1,0.99178
701825178.jpg,Monarch,1,0.22656018
701824940.jpg,Monarch,0,0.05279253
701825104.jpg,Monarch,1,0.99715626
701817705.jpg,Monarch,1,0.9995349
701817707.jpg,Monarch,0,0.03743747
701817703.jpg,Monarch,0,0.00020527135
701817669.jpg,Monarch,0,0.03191658
701817577.jpg,Monarch,0,0.0032500299
701824056.jpg,Monarch,0,0.015531059
701819889.jpg,Monarch,0,0.09147232
701818554.jpg,Monarch,1,0.96155
701820676.jpg,Monarch,1,0.5747259
701820154.jpg,Monarch,1,0.9989569
701818684.jpg,Monarch,1,0.9999999
701818641.jpg,Monarch,1,1.0
701820379.jpg,Monarch,1,0.94799674
701817776.jpg,Monarch,0,0.00019328964
701817770.jpg,Monarch,1,0.99999976
701815362.jpg,Monarch,1,0.1301505
701802085.jpg,Monarch,0,0.000757031
701810193.jpg,Monarch,0,0.0065115984
701810135.jpg,Monarch,1,0.14614174
701810089.jpg,Monarch,0,0.057351522
703501862.jpg,Monarch,1,0.99264437
701816328.jpg,Monarch,1,0.9003085
701815848.jpg,Monarch,1,1.0
701814405.jpg,Monarch,1,0.9935922
702235928.jpg,Monarch,1,1.0
701812384.jpg,Monarch,1,0.99999547
701812302.jpg,Monarch,1,0.9999969
701811539.jpg,Monarch,0,0.0034035277
701796252.jpg,Monarch,0,0.00081552647
701806392.jpg,Monarch,1,0.99979603
701805434.jpg,Monarch,0,0.0011508815
701804891.jpg,Monarch,0,0.057328638
701803242.jpg,Monarch,1,0.23364396
701799927.jpg,Monarch,1,1.0
701801211.jpg,Monarch,1,0.999998
701799860.jpg,Monarch,0,0.008863372
701799489.jpg,Monarch,1,0.9991283
701795306.jpg,Monarch,1,0.99839836
701794461.jpg,Monarch,1,0.99503183
701753794.jpg,Monarch,1,0.5469604
701794800.jpg,Monarch,1,0.9999151
701792783.jpg,Monarch,1,0.99746025
701792308.jpg,Monarch,1,0.99999464
701791251.jpg,Monarch,0,0.001878093
701790578.jpg,Monarch,0,0.0039625335
701787164.jpg,Monarch,1,0.9994609
701786405.jpg,Monarch,1,1.0
701783827.jpg,Monarch,1,0.99999654
701780911.jpg,Monarch,1,0.9997397
701780283.jpg,Monarch,1,0.9969562
701779766.jpg,Monarch,0,0.087215625
701779195.jpg,Monarch,0,0.002082277
701777751.jpg,Monarch,1,0.9998771
701776903.jpg,Monarch,1,0.9999999
701776786.jpg,Monarch,1,0.9931235
701774679.jpg,Monarch,1,0.99999917
701773615.jpg,Monarch,0,0.00028059594
701772393.jpg,Monarch,1,0.96667415
701771923.jpg,Monarch,0,0.041784007
701768660.jpg,Monarch,0,0.0018739731
701771630.jpg,Monarch,0,0.025654206
701770894.jpg,Monarch,0,0.0069549973
701769749.jpg,Monarch,1,0.9999968
701769088.jpg,Monarch,1,0.99879
701764543.jpg,Monarch,1,0.63040584
701764507.jpg,Monarch,1,0.9762874
701764506.jpg,Monarch,0,0.020094503
701764480.jpg,Monarch,1,0.96766293
701765657.jpg,Monarch,1,0.18838441
701765279.jpg,Monarch,1,0.13615687
701764189.jpg,Monarch,1,0.9885665
701763893.jpg,Monarch,1,0.9999974
701764715.jpg,Monarch,1,0.4836178
701763464.jpg,Monarch,1,0.912196
701763527.jpg,Monarch,1,0.99998164
701763127.jpg,Monarch,1,0.6088595
701762881.jpg,Monarch,1,0.40173888
701761174.jpg,Monarch,0,1.5854715e-05
701759338.jpg,Monarch,1,0.9361628
701756963.jpg,Monarch,1,0.9999839
701755815.jpg,Monarch,1,0.9974292
701755221.jpg,Monarch,1,0.98594344
701754704.jpg,Monarch,0,1.4737718e-05
701753963.jpg,Monarch,1,0.9998832
701753402.jpg,Monarch,1,1.0
701753139.jpg,Monarch,1,0.8070848
701752928.jpg,Monarch,1,1.0
701749906.jpg,Monarch,1,0.21763055
701727641.jpg,Monarch,0,0.0004209653
701748778.jpg,Monarch,1,0.9999999
701750274.jpg,Monarch,1,1.0
701746212.jpg,Monarch,1,0.8226729
701744858.jpg,Monarch,1,0.108204395
701743579.jpg,Monarch,1,0.99862504
701743497.jpg,Monarch,0,0.099421084
701743167.jpg,Monarch,1,0.7881872
701750271.jpg,Monarch,1,1.0
701742999.jpg,Monarch,1,0.99001235
701742699.jpg,Monarch,1,0.9960873
701742560.jpg,Monarch,1,1.0
701742391.jpg,Monarch,1,1.0
701741395.jpg,Monarch,0,0.04032485
701739792.jpg,Monarch,0,0.001715952
701740499.jpg,Monarch,1,0.99891376
701738939.jpg,Monarch,1,0.99991596
701738664.jpg,Monarch,1,0.9999994
701738541.jpg,Monarch,0,0.078516826
701738098.jpg,Monarch,1,0.83995855
701737604.jpg,Monarch,1,0.99999964
701737294.jpg,Monarch,1,1.0
21392396.jpg,Monarch,1,0.999997
701723316.jpg,Monarch,1,0.30345345
701734342.jpg,Monarch,1,1.0
701731606.jpg,Monarch,1,0.9999666
701728337.jpg,Monarch,1,1.0
701727206.jpg,Monarch,1,0.35343218
701726172.jpg,Monarch,1,0.9999999
701725259.jpg,Monarch,1,0.9994979
701724937.jpg,Monarch,0,0.0026452055
701724061.jpg,Monarch,1,0.2766751
701724048.jpg,Monarch,1,0.9916876
701723805.jpg,Monarch,1,1.0
701723595.jpg,Monarch,1,0.9109575
701722914.jpg,Monarch,1,0.99835336
701722596.jpg,Monarch,1,0.99995303
701720879.jpg,Monarch,1,0.9908413
701718948.jpg,Monarch,0,0.093884945
701718544.jpg,Monarch,0,0.0017506351
701716721.jpg,Monarch,1,0.9999987
701716145.jpg,Monarch,1,0.9997508
701715643.jpg,Monarch,0,0.0018452528
701710614.jpg,Monarch,1,0.99996364
701710613.jpg,Monarch,1,0.9974215
701713960.jpg,Monarch,1,0.97277665
701713931.jpg,Monarch,1,0.99857914
701713719.jpg,Monarch,0,1.7693676e-05
701713655.jpg,Monarch,1,1.0
701713642.jpg,Monarch,1,0.9998456
701713186.jpg,Monarch,1,0.9999908
701708502.jpg,Monarch,0,0.030580828
701708441.jpg,Monarch,1,0.9969447
701707933.jpg,Monarch,1,0.9615674
701707827.jpg,Monarch,1,0.9378264
701710684.jpg,Monarch,1,0.99479467
701710689.jpg,Monarch,1,0.99949026
701708351.jpg,Monarch,1,0.99999976
704360919.jpg,Monarch,1,0.95534223
701707650.jpg,Monarch,1,0.99685514
701707545.jpg,Monarch,1,0.8543617
701706655.jpg,Monarch,1,0.88382894
701704428.jpg,Monarch,1,0.9999728
701704304.jpg,Monarch,1,0.97170997
701702399.jpg,Monarch,1,0.99895144
701701331.jpg,Monarch,0,1.659391e-05
701699934.jpg,Monarch,1,0.9997736
701699178.jpg,Monarch,0,0.011415358
701697324.jpg,Monarch,1,1.0
701697248.jpg,Monarch,1,0.9995714
701693756.jpg,Monarch,1,0.999959
701694419.jpg,Monarch,1,0.8069113
701694113.jpg,Monarch,1,0.62530595
701694033.jpg,Monarch,1,0.21396796
701693412.jpg,Monarch,1,0.9938898
701693360.jpg,Monarch,1,0.94846946
701692969.jpg,Monarch,1,0.13732608
701691227.jpg,Monarch,0,0.004761959
701691533.jpg,Monarch,0,0.009525228
701690824.jpg,Monarch,1,0.9999839
701690381.jpg,Monarch,1,0.9385791
701689404.jpg,Monarch,1,0.88147324
701687271.jpg,Monarch,1,0.9996542
701687044.jpg,Monarch,1,0.7669555
701686019.jpg,Monarch,0,0.04453294
701684932.jpg,Monarch,1,0.99278706
701682998.jpg,Monarch,1,0.9819624
701682221.jpg,Monarch,1,0.93178904
701681599.jpg,Monarch,1,0.5495029
701681035.jpg,Monarch,1,0.98262596
701679334.jpg,Monarch,1,0.886917
701675597.jpg,Monarch,0,0.027976876
701673951.jpg,Monarch,1,0.31048685
701673879.jpg,Monarch,1,0.99997294
701673018.jpg,Monarch,1,0.9999689
701672472.jpg,Monarch,1,0.99993765
701671058.jpg,Monarch,1,0.9999907
701669711.jpg,Monarch,1,0.99999976
701669275.jpg,Monarch,0,0.04937756
701667510.jpg,Monarch,1,0.9984554
701666734.jpg,Monarch,1,0.9645504
701661649.jpg,Monarch,0,8.9552086e-05
701665224.jpg,Monarch,0,0.00025371453
701665012.jpg,Monarch,0,0.0316784
701664715.jpg,Monarch,0,0.009804242
701662562.jpg,Monarch,1,0.9999999
701660125.jpg,Monarch,1,0.9999999
701659830.jpg,Monarch,1,0.99999595
701659391.jpg,Monarch,0,0.00022360134
701653244.jpg,Monarch,0,0.008397375
701758906.jpg,Monarch,1,0.50179994
701657413.jpg,Monarch,1,0.8717669
701655915.jpg,Monarch,1,0.99960613
701655698.jpg,Monarch,1,0.9999831
701654642.jpg,Monarch,0,0.00095555076
701652292.jpg,Monarch,0,0.07683142
701652270.jpg,Monarch,1,0.4635999
701652084.jpg,Monarch,1,0.9999908
701651965.jpg,Monarch,1,0.9999999
701650685.jpg,Monarch,1,0.9999808
701650409.jpg,Monarch,1,0.99999976
701648662.jpg,Monarch,0,0.011950879
701648534.jpg,Monarch,1,0.918466
701648098.jpg,Monarch,1,0.94263035
701646256.jpg,Monarch,1,0.9998374
701646126.jpg,Monarch,1,1.0
701645559.jpg,Monarch,1,0.98190445
701644486.jpg,Monarch,1,0.947316
701644215.jpg,Monarch,1,0.9999012
701702272.jpg,Monarch,1,0.60966414
701642714.jpg,Monarch,1,0.9999994
701642164.jpg,Monarch,1,0.9789459
701641330.jpg,Monarch,0,0.0003276655
701641299.jpg,Monarch,0,0.018772231
701640713.jpg,Monarch,1,1.0
701640560.jpg,Monarch,1,0.9999939
701640262.jpg,Monarch,1,0.9999994
701641165.jpg,Monarch,1,1.0
701640454.jpg,Monarch,1,0.99783605
701639715.jpg,Monarch,1,0.99999976
701639566.jpg,Monarch,1,0.9877707
701639081.jpg,Monarch,1,0.8065624
701638809.jpg,Monarch,1,1.0
701638236.jpg,Monarch,1,0.99999964
701636022.jpg,Monarch,0,0.02922296
701636072.jpg,Monarch,1,0.54599726
701635803.jpg,Monarch,1,0.9274089
701630903.jpg,Monarch,0,0.0001536655
701635295.jpg,Monarch,1,0.99620336
701632890.jpg,Monarch,0,0.05782807
701632439.jpg,Monarch,0,0.035921354
701629866.jpg,Monarch,1,0.99999654
701491360.jpg,Monarch,0,0.014541099
701627052.jpg,Monarch,1,0.9999552
701624001.jpg,Monarch,0,0.0033806986
701623493.jpg,Monarch,1,0.94558877
701622446.jpg,Monarch,0,0.0023092236
701612074.jpg,Monarch,1,0.58542836
701621448.jpg,Monarch,1,0.9999678
701620955.jpg,Monarch,1,0.9999964
701620776.jpg,Monarch,0,0.0153218275
701620566.jpg,Monarch,1,0.9992675
701617197.jpg,Monarch,1,0.99860245
701616903.jpg,Monarch,1,0.9999441
701616406.jpg,Monarch,1,0.28783578
701616681.jpg,Monarch,1,0.9999995
701616490.jpg,Monarch,1,0.99999774
701616255.jpg,Monarch,1,0.9999995
701615858.jpg,Monarch,1,0.5506129
701615500.jpg,Monarch,1,0.8680671
701613552.jpg,Monarch,0,0.0035779965
701612520.jpg,Monarch,1,0.68904424
701612187.jpg,Monarch,1,1.0
701611446.jpg,Monarch,1,0.244753
701609573.jpg,Monarch,1,1.0
701619722.jpg,Monarch,1,0.9999982
701608256.jpg,Monarch,1,0.98807377
701607499.jpg,Monarch,1,0.99994683
701598588.jpg,Monarch,0,0.010876859
701606133.jpg,Monarch,1,1.0
701605650.jpg,Monarch,1,0.27802935
701603317.jpg,Monarch,1,0.63528126
701601210.jpg,Monarch,1,0.99794537
701601137.jpg,Monarch,0,0.0010196995
701600641.jpg,Monarch,1,0.6663906
701622939.jpg,Monarch,0,0.09722859
701598470.jpg,Monarch,1,0.8228164
701598479.jpg,Monarch,0,0.0136355385
701597729.jpg,Monarch,1,0.99949527
701595719.jpg,Monarch,1,0.79140806
701594453.jpg,Monarch,1,0.98847204
701593124.jpg,Monarch,1,0.93126214
701592319.jpg,Monarch,0,0.008990262
701589380.jpg,Monarch,0,0.00027723738
701588075.jpg,Monarch,1,0.99993813
701587546.jpg,Monarch,1,0.3312297
701583792.jpg,Monarch,0,0.0044947295
701584633.jpg,Monarch,1,0.9492723
701584643.jpg,Monarch,1,0.99984145
701585279.jpg,Monarch,1,0.9998398
701582460.jpg,Monarch,1,0.99999785
701582466.jpg,Monarch,1,0.9999907
701572096.jpg,Monarch,1,1.0
701579963.jpg,Monarch,1,0.9999994
701579038.jpg,Monarch,1,0.9999999
701579700.jpg,Monarch,1,1.0
701576865.jpg,Monarch,1,0.99906605
701576317.jpg,Monarch,1,0.9994224
701575539.jpg,Monarch,1,0.99986625
701575168.jpg,Monarch,1,0.82565284
701574969.jpg,Monarch,0,0.0024597615
701574881.jpg,Monarch,1,0.99994755
701575422.jpg,Monarch,1,0.99999344
701574059.jpg,Monarch,1,0.99999917
701570346.jpg,Monarch,1,0.38588277
701571904.jpg,Monarch,1,1.0
701575807.jpg,Monarch,1,0.99998856
701584678.jpg,Monarch,1,0.9999982
701571234.jpg,Monarch,0,0.047822587
701571279.jpg,Monarch,1,0.9263486
701571074.jpg,Monarch,1,1.0
701571035.jpg,Monarch,0,0.00035287195
701568667.jpg,Monarch,1,0.99995506
701568201.jpg,Monarch,1,0.9964992
701568139.jpg,Monarch,1,1.0
701567438.jpg,Monarch,1,1.0
701596871.jpg,Monarch,1,0.9165584
701564943.jpg,Monarch,0,0.009710365
701564001.jpg,Monarch,1,0.94152874
701562408.jpg,Monarch,1,1.0
701559550.jpg,Monarch,1,0.99328774
701559293.jpg,Monarch,1,0.99480045
701557845.jpg,Monarch,1,0.5341955
701556886.jpg,Monarch,1,0.9999981
701556463.jpg,Monarch,0,0.0001558288
701556306.jpg,Monarch,1,0.1969455
701555835.jpg,Monarch,1,0.99751234
701555394.jpg,Monarch,0,0.00482154
701555087.jpg,Monarch,0,0.0735083
701554591.jpg,Monarch,0,1.4440047e-05
706601859.jpg,Monarch,1,0.13308178
701550918.jpg,Monarch,0,0.06580276
701545640.jpg,Monarch,1,0.1855295
701549735.jpg,Monarch,1,0.2339528
701546728.jpg,Monarch,1,0.9914341
701545902.jpg,Monarch,1,0.9999932
701545797.jpg,Monarch,1,0.24337777
701545032.jpg,Monarch,0,0.009832358
701541941.jpg,Monarch,1,0.10900646
701540656.jpg,Monarch,1,0.9999931
701540063.jpg,Monarch,1,0.98565763
701575284.jpg,Monarch,1,0.9804566
701536772.jpg,Monarch,1,0.9836089
701535239.jpg,Monarch,1,0.9999995
701534765.jpg,Monarch,1,0.99990094
701534793.jpg,Monarch,0,0.023518974
701534791.jpg,Monarch,1,0.9853971
701533069.jpg,Monarch,1,0.48768336
701530458.jpg,Monarch,1,0.97500527
701530350.jpg,Monarch,1,0.66405433
701530216.jpg,Monarch,1,0.99725866
701529550.jpg,Monarch,0,0.007416235
701528415.jpg,Monarch,1,0.4569072
701528297.jpg,Monarch,1,0.9965488
701523253.jpg,Monarch,1,0.99997675
701534336.jpg,Monarch,1,0.9998394
701522518.jpg,Monarch,1,0.9346545
701519350.jpg,Monarch,1,0.99997497
701518983.jpg,Monarch,1,1.0
701518878.jpg,Monarch,1,1.0
701512693.jpg,Monarch,1,0.7633057
701515146.jpg,Monarch,1,0.9999995
701513426.jpg,Monarch,1,0.99423933
701506378.jpg,Monarch,0,7.868869e-06
701509974.jpg,Monarch,1,0.9295217
701509526.jpg,Monarch,1,0.99698
701551733.jpg,Monarch,1,0.3478359
701505638.jpg,Monarch,1,0.117720254
701505267.jpg,Monarch,0,8.2923525e-06
701499376.jpg,Monarch,1,0.57699925
701499157.jpg,Monarch,1,1.0
701497935.jpg,Monarch,1,0.9999969
701495469.jpg,Monarch,1,0.99999964
701492800.jpg,Monarch,1,0.99947345
701490177.jpg,Monarch,0,0.007299519
701490047.jpg,Monarch,1,0.99889094
701482747.jpg,Monarch,0,0.00451224
701488003.jpg,Monarch,1,0.9999988
701487198.jpg,Monarch,1,1.0
701477127.jpg,Monarch,0,0.05218766
701482460.jpg,Monarch,1,1.0
701476810.jpg,Monarch,1,0.73707604
701566062.jpg,Monarch,1,0.99721885
701473171.jpg,Monarch,1,0.9999629
701468860.jpg,Monarch,0,0.002700019
701465568.jpg,Monarch,1,0.9595913
701466968.jpg,Monarch,1,0.7762076
701466229.jpg,Monarch,1,0.97377497
701463337.jpg,Monarch,1,0.9999993
701458043.jpg,Monarch,0,0.021523014
701456423.jpg,Monarch,0,0.039821506
701454601.jpg,Monarch,0,0.045923434
701452725.jpg,Monarch,1,0.6727101
701451318.jpg,Monarch,1,0.9900335
701448555.jpg,Monarch,1,0.99585694
701447273.jpg,Monarch,1,0.9986891
701446642.jpg,Monarch,1,0.4853958
701445635.jpg,Monarch,0,7.353908e-05
701437302.jpg,Monarch,1,0.45712587
701433026.jpg,Monarch,1,0.6571124
701427767.jpg,Monarch,1,0.16394308
701428734.jpg,Monarch,0,0.08619264
701427700.jpg,Monarch,1,0.9632573
701382907.jpg,Monarch,1,0.99999964
701378909.jpg,Monarch,1,0.99999964
701353618.jpg,Monarch,1,0.99959016
701352141.jpg,Monarch,1,1.0
701350061.jpg,Monarch,1,0.9878295
701340776.jpg,Monarch,0,0.004037801
701337947.jpg,Monarch,1,0.9998933
701323107.jpg,Monarch,1,0.98613316
701320661.jpg,Monarch,1,0.99040973
701321437.jpg,Monarch,1,0.9999776
701313616.jpg,Monarch,1,0.8462482
701316051.jpg,Monarch,1,1.0
701315498.jpg,Monarch,1,0.9999951
701310271.jpg,Monarch,1,0.9999968
701314060.jpg,Monarch,1,0.13813552
701312669.jpg,Monarch,1,0.9852432
701308380.jpg,Monarch,1,0.9999454
701306766.jpg,Monarch,1,1.0
701304204.jpg,Monarch,0,0.011543385
701302410.jpg,Monarch,1,0.99969107
701296563.jpg,Monarch,0,0.07339024
701300559.jpg,Monarch,1,0.98014957
701300278.jpg,Monarch,1,0.91469747
701299914.jpg,Monarch,0,0.00028841582
701296317.jpg,Monarch,1,0.108118564
701294826.jpg,Monarch,0,2.7616755e-07
701283804.jpg,Monarch,1,0.31376654
701292507.jpg,Monarch,1,0.99217355
701282166.jpg,Monarch,0,0.023670405
701285537.jpg,Monarch,1,0.5109111
701284067.jpg,Monarch,0,0.012391777
701282585.jpg,Monarch,1,0.75272995
701282445.jpg,Monarch,1,0.99999976
701281834.jpg,Monarch,1,1.0
701277544.jpg,Monarch,1,0.50948256
701280352.jpg,Monarch,0,0.016212095
701280605.jpg,Monarch,1,0.9843008
701279147.jpg,Monarch,1,0.9392288
701276514.jpg,Monarch,1,0.2332561
701275820.jpg,Monarch,0,4.4626442e-05
701274797.jpg,Monarch,0,0.0036894402
701274744.jpg,Monarch,1,1.0
701272367.jpg,Monarch,1,1.0
701267564.jpg,Monarch,0,0.001411252
701269933.jpg,Monarch,1,0.999936
701268415.jpg,Monarch,1,0.99864334
701267532.jpg,Monarch,1,0.7325467
701267722.jpg,Monarch,0,0.00090587884
701259976.jpg,Monarch,1,0.9999969
701259920.jpg,Monarch,1,0.99999976
701259902.jpg,Monarch,1,0.9999993
701259847.jpg,Monarch,1,0.8220093
701259546.jpg,Monarch,1,0.97188455
701259329.jpg,Monarch,1,0.24714904
701259320.jpg,Monarch,1,0.2384416
701263411.jpg,Monarch,1,0.8316144
701263369.jpg,Monarch,1,0.999915
701260940.jpg,Monarch,1,0.18095961
701260931.jpg,Monarch,1,0.78943366
701260924.jpg,Monarch,1,0.86772734
701260802.jpg,Monarch,1,0.30424032
701263095.jpg,Monarch,0,0.013722208
701260689.jpg,Monarch,0,0.0040140473
701260784.jpg,Monarch,0,0.010711297
701260607.jpg,Monarch,1,0.99324584
701260587.jpg,Monarch,1,0.66485906
701260406.jpg,Monarch,0,0.04640125
701260377.jpg,Monarch,1,0.9996999
701260825.jpg,Monarch,0,0.016337346
701260114.jpg,Monarch,1,0.99996805
701259108.jpg,Monarch,0,0.000697125
701259054.jpg,Monarch,1,0.99988246
701258002.jpg,Monarch,0,0.0001762833
701256240.jpg,Monarch,1,0.9987562
701255504.jpg,Monarch,1,0.9996134
701255484.jpg,Monarch,1,0.9039415
701254470.jpg,Monarch,0,0.00012439238
701253765.jpg,Monarch,0,0.00039172012
701245740.jpg,Monarch,1,0.86509484
701251768.jpg,Monarch,1,0.99998724
701251462.jpg,Monarch,0,0.0036481977
701251090.jpg,Monarch,1,0.75821006
701245957.jpg,Monarch,0,0.008772013
701250921.jpg,Monarch,1,0.9649626
701250699.jpg,Monarch,1,0.999448
701250644.jpg,Monarch,0,0.00032823172
701248632.jpg,Monarch,0,1.1371438e-10
703544602.jpg,Monarch,0,0.0003569868
701246799.jpg,Monarch,1,0.99724716
701241491.jpg,Monarch,1,0.10397255
701240215.jpg,Monarch,0,0.047394637
701239270.jpg,Monarch,1,1.0
701239119.jpg,Monarch,1,0.14748774
701237955.jpg,Monarch,1,0.9692489
701233388.jpg,Monarch,1,0.17873554
701236182.jpg,Monarch,1,0.9998822
701236088.jpg,Monarch,1,0.999948
701235994.jpg,Monarch,1,0.9996681
701235381.jpg,Monarch,1,0.9012692
701232613.jpg,Monarch,1,0.9939539
701231535.jpg,Monarch,1,0.9979651
701230875.jpg,Monarch,1,0.96655744
701230812.jpg,Monarch,1,0.18160461
701230211.jpg,Monarch,1,0.9786373
701228998.jpg,Monarch,1,0.4593094
701228878.jpg,Monarch,1,1.0
701228568.jpg,Monarch,1,0.99996805
701226994.jpg,Monarch,1,0.23657784
701222908.jpg,Monarch,0,0.0057775998
701223866.jpg,Monarch,1,0.9989556
701220693.jpg,Monarch,1,0.8453998
701220677.jpg,Monarch,1,0.99900794
701221131.jpg,Monarch,1,0.94751674
701212513.jpg,Monarch,0,0.012556278
701217663.jpg,Monarch,1,0.35305998
701218507.jpg,Monarch,1,0.9983796
701216618.jpg,Monarch,0,0.0140537545
701216354.jpg,Monarch,1,0.9999994
701216158.jpg,Monarch,0,0.0013363429
701213983.jpg,Monarch,0,0.08085369
701212491.jpg,Monarch,1,0.998635
701211414.jpg,Monarch,0,0.04825652
701210722.jpg,Monarch,0,0.00032209148
701210409.jpg,Monarch,1,0.9787926
701207179.jpg,Monarch,1,0.12366686
701204965.jpg,Monarch,0,0.05090813
701202804.jpg,Monarch,1,0.55937034
701202806.jpg,Monarch,1,1.0
701202367.jpg,Monarch,1,0.9906459
701201338.jpg,Monarch,1,1.0
701200763.jpg,Monarch,0,3.8567194e-08
701201281.jpg,Monarch,1,0.99999547
701199037.jpg,Monarch,0,0.043110475
701199722.jpg,Monarch,1,1.0
701198576.jpg,Monarch,0,0.006471643
701196486.jpg,Monarch,0,0.00020982066
701196056.jpg,Monarch,1,0.60228765
701193823.jpg,Monarch,0,0.005521834
701193722.jpg,Monarch,1,0.98543185
701193160.jpg,Monarch,1,0.2076088
701192236.jpg,Monarch,1,1.0
701187927.jpg,Monarch,0,0.002487636
701191724.jpg,Monarch,1,0.9177037
701190988.jpg,Monarch,0,0.0003361311
701190881.jpg,Monarch,0,0.003260481
701188352.jpg,Monarch,0,0.009464474
701188714.jpg,Monarch,1,1.0
701188660.jpg,Monarch,1,0.35852587
701188194.jpg,Monarch,0,0.00046272023
701186949.jpg,Monarch,1,0.99804914
701185950.jpg,Monarch,1,0.9697479
701184080.jpg,Monarch,1,0.99203146
701187009.jpg,Monarch,1,0.9945102
701180425.jpg,Monarch,1,0.9670717
701178337.jpg,Monarch,1,1.0
701176809.jpg,Monarch,1,0.99999833
701174239.jpg,Monarch,1,0.9999999
701173539.jpg,Monarch,0,0.010322832
701173234.jpg,Monarch,1,0.9997584
701173083.jpg,Monarch,0,8.463144e-05
701173015.jpg,Monarch,1,1.0
701171830.jpg,Monarch,1,0.999887
701170504.jpg,Monarch,1,0.99999714
701169974.jpg,Monarch,1,1.0
701159108.jpg,Monarch,1,0.14047228
701168827.jpg,Monarch,1,0.39247167
701167296.jpg,Monarch,0,0.08795992
701166626.jpg,Monarch,1,0.9788537
701164868.jpg,Monarch,1,0.76076007
701164344.jpg,Monarch,1,0.89224356
701162911.jpg,Monarch,1,0.9951618
701161741.jpg,Monarch,0,0.0053221313
701161215.jpg,Monarch,1,0.2476115
701161155.jpg,Monarch,0,3.0892777e-05
701159206.jpg,Monarch,0,0.008082857
701160611.jpg,Monarch,1,0.9999999
701159427.jpg,Monarch,1,0.9962834
701154783.jpg,Monarch,1,0.117127396
701159253.jpg,Monarch,0,0.0038747077
701158999.jpg,Monarch,1,0.5830874
701158130.jpg,Monarch,1,0.999997
701157390.jpg,Monarch,1,1.0
701150102.jpg,Monarch,1,0.9999981
701156880.jpg,Monarch,1,1.0
701135781.jpg,Monarch,1,0.89590216
701155177.jpg,Monarch,1,0.98533416
701154095.jpg,Monarch,1,0.9948878
701153635.jpg,Monarch,1,0.9629518
701151323.jpg,Monarch,1,0.99345344
701151084.jpg,Monarch,0,0.030697327
701150682.jpg,Monarch,1,0.560211
701150623.jpg,Monarch,1,0.9773102
701139483.jpg,Monarch,0,0.06022897
701138755.jpg,Monarch,1,0.7175924
701147958.jpg,Monarch,1,0.7649168
701148243.jpg,Monarch,1,0.991783
701145685.jpg,Monarch,1,0.9646134
701145269.jpg,Monarch,0,0.0013429475
701145187.jpg,Monarch,1,0.2875721
701144912.jpg,Monarch,1,0.35464248
701145101.jpg,Monarch,1,0.99999654
701143948.jpg,Monarch,1,0.95851564
701143971.jpg,Monarch,1,0.82576907
701143842.jpg,Monarch,1,0.99999964
701143575.jpg,Monarch,0,0.01755039
701143422.jpg,Monarch,0,0.08844646
701142340.jpg,Monarch,1,0.9999994
701142325.jpg,Monarch,1,0.15354432
701139364.jpg,Monarch,1,0.99999905
701138003.jpg,Monarch,1,0.8780282
701137575.jpg,Monarch,1,0.23720452
701137258.jpg,Monarch,1,0.9116019
701136791.jpg,Monarch,1,0.8545816
701130677.jpg,Monarch,1,0.9179117
701129842.jpg,Monarch,1,0.49063033
701134070.jpg,Monarch,0,0.00089295633
701129616.jpg,Monarch,0,0.0012852749
701133154.jpg,Monarch,0,0.000645533
701131432.jpg,Monarch,1,0.9857485
701130576.jpg,Monarch,1,1.0
701130091.jpg,Monarch,1,0.99965036
701128248.jpg,Monarch,1,0.9717594
701124629.jpg,Monarch,1,1.0
701122599.jpg,Monarch,0,0.004626261
701119002.jpg,Monarch,1,0.99969524
701118795.jpg,Monarch,1,0.9999918
